Subject,Occasion,FileName,FrameIndex,StartSample,EndSampleExclusive,FrameLengthSamples,IsFinalPartialFrame,FrameStatus,Alpha_Ratio_dB,CPPS_dB,H1_H2_dB,SFR_percent,SPR_dB,Spectral_Centroid_Hz,Y_Q_value,H1_H2_valid,SFR_valid,Y_Q_valid,Y_Q_status,Comment
E01,Z1,E01before_tanto-tanto_20141001_02_mono.wav,0,0,2048,2048,False,analyzed_full_frame,16.56500238,6.382858,22.107634,4.78104858958,-41.3880422626,3823.82881458,,True,True,False,no_valid_Q,
E01,Z1,E01before_tanto-tanto_20141001_02_mono.wav,1,2048,4096,2048,False,analyzed_full_frame,0.8259483057,7.864455,1.061255,3.80373076188,-32.8356664565,2439.11796813,,True,True,False,no_valid_Q,
E01,Z1,E01before_tanto-tanto_20141001_02_mono.wav,2,4096,6144,2048,False,analyzed_full_frame,2.010796589,8.747218,1.838131,3.69482560523,-30.9481895573,1813.07728285,,True,True,False,no_valid_Q,
E01,Z1,E01before_tanto-tanto_20141001_02_mono.wav,3,6144,8192,2048,False,analyzed_full_frame,3.326847889,9.520559,3.705472,4.20262161466,-32.852280492,1692.182587,,True,True,False,no_valid_Q,
E01,Z1,E01before_tanto-tanto_20141001_02_mono.wav,4,8192,10240,2048,False,analyzed_full_frame,2.765663623,9.117386,2.543197,4.41017348763,-25.4665109395,1719.6652321,,True,True,False,no_valid_Q,
E01,Z1,E01before_tanto-tanto_20141001_02_mono.wav,5,10240,12288,2048,False,analyzed_full_frame,-3.619793786,8.257938,-3.343807,5.64477336442,-28.5059466482,1661.10209698,,True,True,False,no_valid_Q,
E01,Z1,E01before_tanto-tanto_20141001_02_mono.wav,6,12288,14336,2048,False,analyzed_full_frame,-0.6001959764,10.709726,-0.061325,7.49527513396,-23.2056794404,1642.71960852,,True,True,False,no_valid_Q,
E01,Z1,E01before_tanto-tanto_20141001_02_mono.wav,7,14336,16384,2048,False,analyzed_full_frame,0.4479954712,12.70953,0.436005,14.9372243148,-16.4765899534,1956.73302511,,True,True,False,no_valid_Q,
E01,Z1,E01before_tanto-tanto_20141001_02_mono.wav,8,16384,18432,2048,False,analyzed_full_frame,-1.457507148,10.618911,-3.514982,12.9230256272,-16.459373599,1831.87960032,,True,True,False,no_valid_Q,
E01,Z1,E01before_tanto-tanto_20141001_02_mono.wav,9,18432,20480,2048,False,analyzed_full_frame,2.129044565,9.733807,2.354822,15.8393027148,-14.7196777741,1773.11425366,8.1496296846,True,True,True,valid,
E01,Z1,E01before_tanto-tanto_20141001_02_mono.wav,10,20480,22528,2048,False,analyzed_full_frame,-1.514299068,11.765228,-1.480564,10.4916367785,-21.2084519282,1930.51600881,,True,True,False,no_valid_Q,
E01,Z1,E01before_tanto-tanto_20141001_02_mono.wav,11,22528,24576,2048,False,analyzed_full_frame,-1.041171469,13.090905,0.247296,27.115709662,-6.20796774855,2617.00410706,16.011747154,True,True,True,valid,
E01,Z1,E01before_tanto-tanto_20141001_02_mono.wav,12,24576,26624,2048,False,analyzed_full_frame,6.636248863,11.637639,7.314229,15.3109159355,-22.4531579562,1932.25644723,4.68791248145,True,True,True,valid,
E01,Z1,E01before_tanto-tanto_20141001_02_mono.wav,13,26624,28672,2048,False,analyzed_full_frame,-3.627835689,13.454382,-3.352364,17.35897643,-17.0572003934,2125.00151922,,True,True,False,no_valid_Q,
E01,Z1,E01before_tanto-tanto_20141001_02_mono.wav,14,28672,30720,2048,False,analyzed_full_frame,-11.60232634,12.82843,-9.775091,26.498245468,-16.2738065805,2516.64833993,12.5816170361,True,True,True,valid,
E01,Z1,E01before_tanto-tanto_20141001_02_mono.wav,15,30720,32768,2048,False,analyzed_full_frame,2.868065651,12.202111,4.040693,25.3356054376,-10.7446300133,2362.90985394,9.63908160433,True,True,True,valid,
E01,Z1,E01before_tanto-tanto_20141001_02_mono.wav,16,32768,34816,2048,False,analyzed_full_frame,2.742447534,12.909916,5.007255,27.7553998659,-6.76775054537,2325.795121,23.0319791582,True,True,True,valid,
E01,Z1,E01before_tanto-tanto_20141001_02_mono.wav,17,34816,36864,2048,False,analyzed_full_frame,-7.005705185,13.474394,-8.789855,31.4938256018,-10.0175914922,2721.94724385,14.8780569547,True,True,True,valid,
E01,Z1,E01before_tanto-tanto_20141001_02_mono.wav,18,36864,38912,2048,False,analyzed_full_frame,1.402852174,11.525258,2.192782,22.3522401495,-11.8270566323,2214.89857314,7.24148391041,True,True,True,valid,
E01,Z1,E01before_tanto-tanto_20141001_02_mono.wav,19,38912,40960,2048,False,analyzed_full_frame,2.955065674,11.884109,3.803803,26.2688135291,-16.6756073515,2285.79526491,7.27333288421,True,True,True,valid,
E01,Z1,E01before_tanto-tanto_20141001_02_mono.wav,20,40960,43008,2048,False,analyzed_full_frame,1.682752371,11.588389,2.70468,23.7274927604,-11.5925110606,2389.63302255,6.19249765392,True,True,True,valid,
E01,Z1,E01before_tanto-tanto_20141001_02_mono.wav,21,43008,45056,2048,False,analyzed_full_frame,5.940555254,11.739921,6.543766,18.2249453598,-13.359634457,1997.65348968,10.7417515739,True,True,True,valid,
E01,Z1,E01before_tanto-tanto_20141001_02_mono.wav,22,45056,47104,2048,False,analyzed_full_frame,2.33489128,11.509987,2.907573,8.0700432945,-29.2162727264,1665.70470018,,True,True,False,no_valid_Q,
E01,Z1,E01before_tanto-tanto_20141001_02_mono.wav,23,47104,49152,2048,False,analyzed_full_frame,9.126815159,13.896952,13.295195,21.7366761163,-16.5736971591,2075.81140719,10.9106788465,True,True,True,valid,
E01,Z1,E01before_tanto-tanto_20141001_02_mono.wav,24,49152,51200,2048,False,analyzed_full_frame,6.438146677,12.140843,8.913605,20.788336346,-19.2385363175,2311.23361167,5.09168062316,True,True,True,valid,
E01,Z1,E01before_tanto-tanto_20141001_02_mono.wav,25,51200,53248,2048,False,analyzed_full_frame,7.465056285,10.515838,9.970101,24.38794212,-13.2474913341,2558.2886326,15.7871175726,True,True,True,valid,
E01,Z1,E01before_tanto-tanto_20141001_02_mono.wav,26,53248,55296,2048,False,analyzed_full_frame,8.062632183,10.068774,9.720945,17.8879952486,-16.8989965779,2953.41924439,8.4915302365,True,True,True,valid,
E01,Z1,E01before_tanto-tanto_20141001_02_mono.wav,27,55296,57344,2048,False,analyzed_full_frame,12.44906116,6.482977,16.24541,17.3002663855,-18.2686896211,4064.34197189,7.99372132424,True,True,True,valid,
E01,Z1,E01before_tanto-tanto_20141001_02_mono.wav,28,57344,59392,2048,False,analyzed_full_frame,15.54722951,5.14027,-37.205998,10.0145315759,-21.8759007392,3258.46395016,3.20545448458,True,True,True,valid,
E01,Z1,E01before_tanto-tanto_20141001_02_mono.wav,29,59392,61440,2048,False,analyzed_full_frame,25.34473683,7.366415,2.321436,6.13745126355,-26.9233333639,2350.63632321,,True,True,False,no_valid_Q,
E01,Z1,E01before_tanto-tanto_20141001_02_mono.wav,30,61440,63488,2048,False,analyzed_full_frame,30.58997221,6.386522,8.279563,3.55967530178,-39.5805734043,1856.16381136,,True,True,False,no_valid_Q,
E01,Z1,E01before_tanto-tanto_20141001_02_mono.wav,31,63488,65536,2048,False,analyzed_full_frame,25.51482108,7.969816,7.494032,7.46979102881,-27.4517349279,2195.96155674,,True,True,False,no_valid_Q,
E01,Z1,E01before_tanto-tanto_20141001_02_mono.wav,32,65536,67584,2048,False,analyzed_full_frame,26.47065661,7.782029,2.550778,6.3816584477,-29.1420688813,2259.20762966,,True,True,False,no_valid_Q,
E01,Z1,E01before_tanto-tanto_20141001_02_mono.wav,33,67584,69632,2048,False,analyzed_full_frame,26.95947359,9.127698,4.346581,5.23562346744,-28.392386625,1820.7546602,,True,True,False,no_valid_Q,
E01,Z1,E01before_tanto-tanto_20141001_02_mono.wav,34,69632,71680,2048,False,analyzed_full_frame,28.86124753,9.955946,0.844733,3.94334955662,-30.9454816093,1659.08806655,,True,True,False,no_valid_Q,
E01,Z1,E01before_tanto-tanto_20141001_02_mono.wav,35,71680,73728,2048,False,analyzed_full_frame,24.35203845,11.368784,1.160016,8.19272673373,-28.4136396425,1742.30158437,,True,True,False,no_valid_Q,
E01,Z1,E01before_tanto-tanto_20141001_02_mono.wav,36,73728,75776,2048,False,analyzed_full_frame,17.18827995,11.322388,11.394989,16.1883638465,-21.3950635306,2439.09448844,9.23338068179,True,True,True,valid,
E01,Z1,E01before_tanto-tanto_20141001_02_mono.wav,37,75776,77824,2048,False,analyzed_full_frame,18.75381777,10.031207,7.717316,14.2106804741,-24.3904306257,2211.75610378,5.64399688835,True,True,True,valid,
E01,Z1,E01before_tanto-tanto_20141001_02_mono.wav,38,77824,79872,2048,False,analyzed_full_frame,17.01772663,9.839234,9.194805,16.0708406039,-18.4274291075,2422.2190696,8.08756582807,True,True,True,valid,
E01,Z1,E01before_tanto-tanto_20141001_02_mono.wav,39,79872,80996,1124,True,skipped_not_analyzed,,,,,,,,False,False,False,not_analyzed_short_final_frame,"Final partial frame has 1124 samples (<2048); recorded only, not analyzed."
E01,Z2,E01after_tanto-tanto_20160401_caro-mio-ben_01_mono.wav,0,0,2048,2048,False,analyzed_full_frame,2.857238106,5.457871,4.717685,9.43504518434,-25.8939839191,4748.76636221,,True,True,False,no_valid_Q,
E01,Z2,E01after_tanto-tanto_20160401_caro-mio-ben_01_mono.wav,1,2048,4096,2048,False,analyzed_full_frame,1.347654576,9.850316,2.490538,6.54362027619,-29.3475720864,1951.80315291,,True,True,False,no_valid_Q,
E01,Z2,E01after_tanto-tanto_20160401_caro-mio-ben_01_mono.wav,2,4096,6144,2048,False,analyzed_full_frame,12.81475212,8.888068,14.41011,10.4491564718,-24.2357191724,1809.76136754,6.34508707155,True,True,True,valid,
E01,Z2,E01after_tanto-tanto_20160401_caro-mio-ben_01_mono.wav,3,6144,8192,2048,False,analyzed_full_frame,4.922761009,8.112623,4.288657,6.69288291952,-24.2703828199,1480.63678696,,True,True,False,no_valid_Q,
E01,Z2,E01after_tanto-tanto_20160401_caro-mio-ben_01_mono.wav,4,8192,10240,2048,False,analyzed_full_frame,0.267284252,8.522263,0.263165,6.31536857822,-22.8800100433,1475.73711834,,True,True,False,no_valid_Q,
E01,Z2,E01after_tanto-tanto_20160401_caro-mio-ben_01_mono.wav,5,10240,12288,2048,False,analyzed_full_frame,0.6655331685,10.29117,1.074763,10.3140994771,-25.9567758427,1716.23787473,,True,True,False,no_valid_Q,
E01,Z2,E01after_tanto-tanto_20160401_caro-mio-ben_01_mono.wav,6,12288,14336,2048,False,analyzed_full_frame,-3.3167126,11.149847,-3.17423,13.3465893725,-17.8228403084,2277.85017111,,True,True,False,no_valid_Q,
E01,Z2,E01after_tanto-tanto_20160401_caro-mio-ben_01_mono.wav,7,14336,16384,2048,False,analyzed_full_frame,1.156287019,11.070881,2.424506,13.9142946151,-23.449332914,2175.65210606,,True,True,False,no_valid_Q,
E01,Z2,E01after_tanto-tanto_20160401_caro-mio-ben_01_mono.wav,8,16384,18432,2048,False,analyzed_full_frame,0.8168218028,8.569036,1.325753,15.6785275618,-15.923990642,1734.62916721,5.01282478617,True,True,True,valid,
E01,Z2,E01after_tanto-tanto_20160401_caro-mio-ben_01_mono.wav,9,18432,20480,2048,False,analyzed_full_frame,2.359855216,11.513235,1.656367,16.4797669723,-18.9278488001,1830.92094438,,True,True,False,no_valid_Q,
E01,Z2,E01after_tanto-tanto_20160401_caro-mio-ben_01_mono.wav,10,20480,22528,2048,False,analyzed_full_frame,4.970851962,8.642899,16.151316,16.4560617761,-12.8422831379,1718.63861813,26.2169928201,True,True,True,valid,
E01,Z2,E01after_tanto-tanto_20160401_caro-mio-ben_01_mono.wav,11,22528,24576,2048,False,analyzed_full_frame,6.694793807,13.717427,11.500179,21.6550454766,-18.285904664,2044.32695214,8.6521691942,True,True,True,valid,
E01,Z2,E01after_tanto-tanto_20160401_caro-mio-ben_01_mono.wav,12,24576,26624,2048,False,analyzed_full_frame,3.00956011,11.113237,-0.243316,17.1201938999,-13.9848033652,1862.18979128,3.99316985725,True,True,True,valid,
E01,Z2,E01after_tanto-tanto_20160401_caro-mio-ben_01_mono.wav,13,26624,28672,2048,False,analyzed_full_frame,11.9636151,11.06983,12.525485,14.0976136952,-17.8520545029,1735.79630451,12.3076425952,True,True,True,valid,
E01,Z2,E01after_tanto-tanto_20160401_caro-mio-ben_01_mono.wav,14,28672,30720,2048,False,analyzed_full_frame,2.453741661,11.845958,4.652051,23.9544787654,-8.62943942454,2140.75732984,15.3269627625,True,True,True,valid,
E01,Z2,E01after_tanto-tanto_20160401_caro-mio-ben_01_mono.wav,15,30720,32768,2048,False,analyzed_full_frame,14.79344806,11.482319,21.216596,15.5587662916,-22.4268950453,1921.8344749,11.5620365331,True,True,True,valid,
E01,Z2,E01after_tanto-tanto_20160401_caro-mio-ben_01_mono.wav,16,32768,34816,2048,False,analyzed_full_frame,8.060179592,9.872051,7.79359,15.5579718344,-14.6951868302,1649.19900358,8.40508333464,True,True,True,valid,
E01,Z2,E01after_tanto-tanto_20160401_caro-mio-ben_01_mono.wav,17,34816,36864,2048,False,analyzed_full_frame,9.518563725,12.941703,11.545397,16.3170988036,-17.3814160564,1691.30379258,12.7290886467,True,True,True,valid,
E01,Z2,E01after_tanto-tanto_20160401_caro-mio-ben_01_mono.wav,18,36864,38912,2048,False,analyzed_full_frame,4.462888286,10.066457,13.221404,24.7668674657,-10.1102596815,1921.94289957,48.726493044,True,True,True,valid,
E01,Z2,E01after_tanto-tanto_20160401_caro-mio-ben_01_mono.wav,19,38912,40960,2048,False,analyzed_full_frame,7.761888041,14.911538,16.751461,30.2652300901,-12.1534936623,2079.62181232,63.7223169195,True,True,True,valid,
E01,Z2,E01after_tanto-tanto_20160401_caro-mio-ben_01_mono.wav,20,40960,43008,2048,False,analyzed_full_frame,4.488265584,12.277761,3.506567,18.0333038989,-15.0902254417,1767.24494053,4.96298957043,True,True,True,valid,
E01,Z2,E01after_tanto-tanto_20160401_caro-mio-ben_01_mono.wav,21,43008,45056,2048,False,analyzed_full_frame,4.664402201,12.408503,6.532883,19.4025819784,-18.0058706052,1906.5333265,8.15861656901,True,True,True,valid,
E01,Z2,E01after_tanto-tanto_20160401_caro-mio-ben_01_mono.wav,22,45056,47104,2048,False,analyzed_full_frame,-1.067077485,13.030284,8.289891,31.3848513648,-3.95043402792,2299.71088535,39.6104852191,True,True,True,valid,
E01,Z2,E01after_tanto-tanto_20160401_caro-mio-ben_01_mono.wav,23,47104,49152,2048,False,analyzed_full_frame,7.851407723,14.56846,15.10121,27.3339747919,-12.0097360719,2138.37812022,54.4731597161,True,True,True,valid,
E01,Z2,E01after_tanto-tanto_20160401_caro-mio-ben_01_mono.wav,24,49152,51200,2048,False,analyzed_full_frame,4.475523151,12.679059,6.91874,18.7644727921,-19.1568592396,2052.00625756,3.86791678988,True,True,True,valid,
E01,Z2,E01after_tanto-tanto_20160401_caro-mio-ben_01_mono.wav,25,51200,53248,2048,False,analyzed_full_frame,8.086404703,12.022916,8.029626,15.6134409377,-18.3357798218,1758.48264786,6.54781610567,True,True,True,valid,
E01,Z2,E01after_tanto-tanto_20160401_caro-mio-ben_01_mono.wav,26,53248,55296,2048,False,analyzed_full_frame,4.527923447,13.536542,5.155673,20.7969271772,-10.356622415,2023.827459,11.5044570325,True,True,True,valid,
E01,Z2,E01after_tanto-tanto_20160401_caro-mio-ben_01_mono.wav,27,55296,57344,2048,False,analyzed_full_frame,-0.7419799003,14.067253,-0.271492,24.1038620263,-10.2343303157,2535.52796732,6.33274033753,True,True,True,valid,
E01,Z2,E01after_tanto-tanto_20160401_caro-mio-ben_01_mono.wav,28,57344,59392,2048,False,analyzed_full_frame,8.019828305,12.156337,9.34007,14.2135701491,-21.1174946095,1760.10141197,4.39606067401,True,True,True,valid,
E01,Z2,E01after_tanto-tanto_20160401_caro-mio-ben_01_mono.wav,29,59392,61440,2048,False,analyzed_full_frame,0.919054282,12.677827,2.218975,15.4265014022,-20.3431987856,1862.40178507,,True,True,False,no_valid_Q,
E01,Z2,E01after_tanto-tanto_20160401_caro-mio-ben_01_mono.wav,30,61440,63488,2048,False,analyzed_full_frame,-0.7915145379,12.547538,-0.153929,24.1360037055,-7.30771048873,2177.87318773,6.75277249275,True,True,True,valid,
E01,Z2,E01after_tanto-tanto_20160401_caro-mio-ben_01_mono.wav,31,63488,65536,2048,False,analyzed_full_frame,3.144175824,10.651689,4.473603,22.1196257152,-9.44070571103,2044.81770713,19.1661288963,True,True,True,valid,
E01,Z2,E01after_tanto-tanto_20160401_caro-mio-ben_01_mono.wav,32,65536,67584,2048,False,analyzed_full_frame,4.72277454,12.086614,5.011168,19.988315369,-14.5375842156,1809.38437271,8.20817590314,True,True,True,valid,
E01,Z2,E01after_tanto-tanto_20160401_caro-mio-ben_01_mono.wav,33,67584,69632,2048,False,analyzed_full_frame,9.553822432,12.008569,12.852199,18.1689120168,-20.8267387812,1945.68900457,7.4446596012,True,True,True,valid,
E01,Z2,E01after_tanto-tanto_20160401_caro-mio-ben_01_mono.wav,34,69632,71680,2048,False,analyzed_full_frame,7.093260777,10.409039,6.357251,11.7275218821,-22.8081763067,1732.06751205,,True,True,False,no_valid_Q,
E01,Z2,E01after_tanto-tanto_20160401_caro-mio-ben_01_mono.wav,35,71680,73728,2048,False,analyzed_full_frame,5.993653646,9.586142,7.781829,12.4628620138,-17.6403084583,1822.38602876,,True,True,False,no_valid_Q,
E01,Z2,E01after_tanto-tanto_20160401_caro-mio-ben_01_mono.wav,36,73728,75776,2048,False,analyzed_full_frame,15.55582055,7.483206,21.443045,6.41994131576,-27.7337883064,1388.79050754,,True,True,False,no_valid_Q,
E01,Z2,E01after_tanto-tanto_20160401_caro-mio-ben_01_mono.wav,37,75776,77824,2048,False,analyzed_full_frame,8.855295369,6.692328,11.639343,6.37183540969,-27.8323723159,1940.73332962,,True,True,False,no_valid_Q,
E01,Z2,E01after_tanto-tanto_20160401_caro-mio-ben_01_mono.wav,38,77824,79872,2048,False,analyzed_full_frame,12.84622885,3.095346,31.9033,6.76342429078,-23.4128437397,2749.71992452,,True,True,False,no_valid_Q,
E01,Z2,E01after_tanto-tanto_20160401_caro-mio-ben_01_mono.wav,39,79872,81920,2048,False,analyzed_full_frame,22.68463445,5.282643,16.151044,5.68396604901,-31.974990433,2456.21479898,,True,True,False,no_valid_Q,
E01,Z2,E01after_tanto-tanto_20160401_caro-mio-ben_01_mono.wav,40,81920,83968,2048,False,analyzed_full_frame,23.5510948,3.928804,13.82264,4.14284444156,-42.8439558175,2949.83047942,,True,True,False,no_valid_Q,
E01,Z2,E01after_tanto-tanto_20160401_caro-mio-ben_01_mono.wav,41,83968,86016,2048,False,analyzed_full_frame,34.62372603,5.453329,5.822608,2.44623995917,-43.7050260523,1937.76752592,,True,True,False,no_valid_Q,
E01,Z2,E01after_tanto-tanto_20160401_caro-mio-ben_01_mono.wav,42,86016,88064,2048,False,analyzed_full_frame,34.7387606,5.792306,10.112251,2.91665788626,-45.0722737887,1992.13353883,,True,True,False,no_valid_Q,
E01,Z2,E01after_tanto-tanto_20160401_caro-mio-ben_01_mono.wav,43,88064,90112,2048,False,analyzed_full_frame,27.7727767,5.891616,3.208659,5.43192101399,-28.4872397753,2267.85767106,,True,True,False,no_valid_Q,
E01,Z2,E01after_tanto-tanto_20160401_caro-mio-ben_01_mono.wav,44,90112,92160,2048,False,analyzed_full_frame,32.98281211,8.094546,10.195629,4.49790982559,-38.6768241766,1906.13748686,,True,True,False,no_valid_Q,
E01,Z2,E01after_tanto-tanto_20160401_caro-mio-ben_01_mono.wav,45,92160,94208,2048,False,analyzed_full_frame,26.39362071,7.558993,3.033883,6.79885488038,-27.6500163732,2200.72134737,,True,True,False,no_valid_Q,
E01,Z2,E01after_tanto-tanto_20160401_caro-mio-ben_01_mono.wav,46,94208,96256,2048,False,analyzed_full_frame,19.93986771,8.773503,7.909942,11.3071152889,-21.0882595618,2632.01383334,5.70224518447,True,True,True,valid,
E01,Z2,E01after_tanto-tanto_20160401_caro-mio-ben_01_mono.wav,47,96256,98304,2048,False,analyzed_full_frame,18.75643154,9.281736,2.377627,12.3861483752,-17.835296589,2369.16918687,4.91644992897,True,True,True,valid,
E01,Z2,E01after_tanto-tanto_20160401_caro-mio-ben_01_mono.wav,48,98304,100352,2048,False,analyzed_full_frame,17.42708045,10.930858,10.961467,17.4863342035,-20.5728668125,2287.06051267,12.9271682339,True,True,True,valid,
E01,Z2,E01after_tanto-tanto_20160401_caro-mio-ben_01_mono.wav,49,100352,102400,2048,False,analyzed_full_frame,11.71277635,10.680885,8.352524,26.1070681651,-13.5550409419,2090.66982479,33.8485557667,True,True,True,valid,
E01,Z2,E01after_tanto-tanto_20160401_caro-mio-ben_01_mono.wav,50,102400,104448,2048,False,analyzed_full_frame,15.17931078,9.98072,6.435687,22.2578709001,-18.4631760203,2118.84359754,17.2269741357,True,True,True,valid,
E01,Z2,E01after_tanto-tanto_20160401_caro-mio-ben_01_mono.wav,51,104448,106496,2048,False,analyzed_full_frame,17.0981615,8.738349,10.994408,14.7841677531,-22.9417821639,2069.59989401,9.54080994244,True,True,True,valid,
E01,Z2,E01after_tanto-tanto_20160401_caro-mio-ben_01_mono.wav,52,106496,108544,2048,False,analyzed_full_frame,14.61850207,10.679668,-6.43319,22.7699895614,-20.1705004563,2365.33818897,12.6617268995,True,True,True,valid,
E01,Z2,E01after_tanto-tanto_20160401_caro-mio-ben_01_mono.wav,53,108544,110592,2048,False,analyzed_full_frame,9.895769617,10.41243,12.136473,31.2410737369,-11.8022740692,2141.93130794,34.2536676757,True,True,True,valid,
E01,Z2,E01after_tanto-tanto_20160401_caro-mio-ben_01_mono.wav,54,110592,112640,2048,False,analyzed_full_frame,16.18944108,9.555456,4.270639,19.2566074282,-18.3781176609,2156.79624725,10.5197522933,True,True,True,valid,
E01,Z2,E01after_tanto-tanto_20160401_caro-mio-ben_01_mono.wav,55,112640,114688,2048,False,analyzed_full_frame,6.829444267,8.847327,5.861385,29.4516562162,-5.73724773704,3204.90555568,20.1170873011,True,True,True,valid,
E01,Z2,E01after_tanto-tanto_20160401_caro-mio-ben_01_mono.wav,56,114688,116736,2048,False,analyzed_full_frame,18.74921174,8.652855,12.712919,10.0669663998,-31.9598274831,2414.71734103,,True,True,False,no_valid_Q,
E01,Z2,E01after_tanto-tanto_20160401_caro-mio-ben_01_mono.wav,57,116736,118784,2048,False,analyzed_full_frame,24.24334445,5.708303,8.886881,7.33069756502,-32.395009176,1680.19544025,,True,True,False,no_valid_Q,
E01,Z2,E01after_tanto-tanto_20160401_caro-mio-ben_01_mono.wav,58,118784,118815,31,True,skipped_not_analyzed,,,,,,,,False,False,False,not_analyzed_short_final_frame,"Final partial frame has 31 samples (<2048); recorded only, not analyzed."
E02,Z1,E02before_20141001_tanto-tanto_01_44100_mono.wav,0,0,2048,2048,False,analyzed_full_frame,4.087146738,9.242052,4.645778,10.270778447,-19.8732860532,3409.9279065,,True,True,False,no_valid_Q,
E02,Z1,E02before_20141001_tanto-tanto_01_44100_mono.wav,1,2048,4096,2048,False,analyzed_full_frame,9.815996789,7.07142,10.953336,5.34400746909,-35.5723202385,2358.97381531,,True,True,False,no_valid_Q,
E02,Z1,E02before_20141001_tanto-tanto_01_44100_mono.wav,2,4096,6144,2048,False,analyzed_full_frame,12.97035405,8.053656,13.869421,5.86961851175,-35.4271373835,2392.60754605,,True,True,False,no_valid_Q,
E02,Z1,E02before_20141001_tanto-tanto_01_44100_mono.wav,3,6144,8192,2048,False,analyzed_full_frame,6.941560878,9.041112,6.99591,6.4809385991,-29.1549783845,2077.52805312,,True,True,False,no_valid_Q,
E02,Z1,E02before_20141001_tanto-tanto_01_44100_mono.wav,4,8192,10240,2048,False,analyzed_full_frame,3.330880288,8.420179,1.731875,8.45126245713,-23.5436256398,2244.43176329,,True,True,False,no_valid_Q,
E02,Z1,E02before_20141001_tanto-tanto_01_44100_mono.wav,5,10240,12288,2048,False,analyzed_full_frame,0.6121359926,8.351152,1.169608,11.8855948036,-18.7312336613,2097.887279,,True,True,False,no_valid_Q,
E02,Z1,E02before_20141001_tanto-tanto_01_44100_mono.wav,6,12288,14336,2048,False,analyzed_full_frame,1.056808947,9.607903,1.029786,7.94647810155,-23.0786383899,1854.97665536,,True,True,False,no_valid_Q,
E02,Z1,E02before_20141001_tanto-tanto_01_44100_mono.wav,7,14336,16384,2048,False,analyzed_full_frame,0.1984530063,7.615304,0.216106,5.26327865098,-28.0387154545,1703.24849635,,True,True,False,no_valid_Q,
E02,Z1,E02before_20141001_tanto-tanto_01_44100_mono.wav,8,16384,18432,2048,False,analyzed_full_frame,4.183038439,11.951981,2.57398,13.1432549068,-19.375825881,1920.16920014,9.38647962662,True,True,True,valid,
E02,Z1,E02before_20141001_tanto-tanto_01_44100_mono.wav,9,18432,20480,2048,False,analyzed_full_frame,9.713971696,10.153849,10.537046,11.8585182496,-23.7427433854,1552.98643973,6.90852060537,True,True,True,valid,
E02,Z1,E02before_20141001_tanto-tanto_01_44100_mono.wav,10,20480,22528,2048,False,analyzed_full_frame,10.88949466,11.801158,12.399167,12.1964673544,-23.0707580159,1547.1373743,7.05561117893,True,True,True,valid,
E02,Z1,E02before_20141001_tanto-tanto_01_44100_mono.wav,11,22528,24576,2048,False,analyzed_full_frame,8.877853596,13.179571,9.786526,14.2581325152,-21.4341992646,1577.54927141,8.84977026606,True,True,True,valid,
E02,Z1,E02before_20141001_tanto-tanto_01_44100_mono.wav,12,24576,26624,2048,False,analyzed_full_frame,7.796559055,13.476386,8.698507,12.7725773968,-21.497798093,1546.40838818,9.44447029064,True,True,True,valid,
E02,Z1,E02before_20141001_tanto-tanto_01_44100_mono.wav,13,26624,28672,2048,False,analyzed_full_frame,6.844041669,10.475905,7.400324,12.9282046298,-21.0024890305,1453.9111504,14.8207097543,True,True,True,valid,
E02,Z1,E02before_20141001_tanto-tanto_01_44100_mono.wav,14,28672,30720,2048,False,analyzed_full_frame,7.001284141,11.673375,8.194996,12.689143525,-19.7221158844,1579.51992231,14.4934663772,True,True,True,valid,
E02,Z1,E02before_20141001_tanto-tanto_01_44100_mono.wav,15,30720,32768,2048,False,analyzed_full_frame,14.25269357,11.690777,16.726321,13.3120873694,-20.3643791012,1402.35977901,25.7568756157,True,True,True,valid,
E02,Z1,E02before_20141001_tanto-tanto_01_44100_mono.wav,16,32768,34816,2048,False,analyzed_full_frame,3.874839012,11.680772,4.39522,11.6569618552,-18.9810388084,1519.00598746,12.4374484219,True,True,True,valid,
E02,Z1,E02before_20141001_tanto-tanto_01_44100_mono.wav,17,34816,36864,2048,False,analyzed_full_frame,7.000898854,10.496637,7.450464,14.824344417,-19.1213790342,1575.34695442,19.7257190512,True,True,True,valid,
E02,Z1,E02before_20141001_tanto-tanto_01_44100_mono.wav,18,36864,38912,2048,False,analyzed_full_frame,2.807790104,11.089363,3.423789,15.7905576441,-15.6455586442,1651.46950011,18.3932273518,True,True,True,valid,
E02,Z1,E02before_20141001_tanto-tanto_01_44100_mono.wav,19,38912,40960,2048,False,analyzed_full_frame,11.272945,10.093786,13.038176,16.3384081107,-19.1421440256,1553.26400531,27.3854499494,True,True,True,valid,
E02,Z1,E02before_20141001_tanto-tanto_01_44100_mono.wav,20,40960,43008,2048,False,analyzed_full_frame,11.00617552,9.738524,13.290497,17.869403652,-17.9252289456,1569.90574495,33.612076301,True,True,True,valid,
E02,Z1,E02before_20141001_tanto-tanto_01_44100_mono.wav,21,43008,45056,2048,False,analyzed_full_frame,11.78624869,10.09937,13.883167,15.6955114282,-20.4356375469,1561.07702869,21.1430905238,True,True,True,valid,
E02,Z1,E02before_20141001_tanto-tanto_01_44100_mono.wav,22,45056,47104,2048,False,analyzed_full_frame,14.39272092,10.57179,17.182926,12.7215362072,-18.409089345,1419.10807847,24.683387081,True,True,True,valid,
E02,Z1,E02before_20141001_tanto-tanto_01_44100_mono.wav,23,47104,49152,2048,False,analyzed_full_frame,13.13925792,9.985501,17.709171,18.4880783485,-17.0364694769,1642.5867463,24.7723817243,True,True,True,valid,
E02,Z1,E02before_20141001_tanto-tanto_01_44100_mono.wav,24,49152,51200,2048,False,analyzed_full_frame,10.49731697,11.366598,11.308586,14.5738461609,-18.7415999872,1658.82706073,6.57948066953,True,True,True,valid,
E02,Z1,E02before_20141001_tanto-tanto_01_44100_mono.wav,25,51200,53248,2048,False,analyzed_full_frame,2.024663825,10.007533,1.617963,10.9940915456,-26.7732901854,1624.62019458,,True,True,False,no_valid_Q,
E02,Z1,E02before_20141001_tanto-tanto_01_44100_mono.wav,26,53248,55296,2048,False,analyzed_full_frame,-6.202069882,11.006135,-7.187633,10.6232457352,-26.8953990731,2367.36694694,,True,True,False,no_valid_Q,
E02,Z1,E02before_20141001_tanto-tanto_01_44100_mono.wav,27,55296,57344,2048,False,analyzed_full_frame,-1.01090329,9.64384,-5.094199,14.1842486601,-20.7359463939,2477.75065117,,True,True,False,no_valid_Q,
E02,Z1,E02before_20141001_tanto-tanto_01_44100_mono.wav,28,57344,59392,2048,False,analyzed_full_frame,0.1411514425,7.755551,-1.132333,16.7589307604,-15.8598921858,3961.45210126,,True,True,False,no_valid_Q,
E02,Z1,E02before_20141001_tanto-tanto_01_44100_mono.wav,29,59392,61440,2048,False,analyzed_full_frame,1.76752442,4.463723,3.398451,12.5932137363,-18.758216847,4624.95596413,,True,True,False,no_valid_Q,
E02,Z1,E02before_20141001_tanto-tanto_01_44100_mono.wav,30,61440,63488,2048,False,analyzed_full_frame,26.81689417,7.082598,29.369435,7.03324595957,-29.6137641352,1745.72927251,8.32579164307,True,True,True,valid,
E02,Z1,E02before_20141001_tanto-tanto_01_44100_mono.wav,31,63488,65536,2048,False,analyzed_full_frame,27.78367181,10.461964,14.836416,6.15202595625,-32.7787371442,1235.93113625,6.22771150057,True,True,True,valid,
E02,Z1,E02before_20141001_tanto-tanto_01_44100_mono.wav,32,65536,67584,2048,False,analyzed_full_frame,26.36632206,12.04047,10.160763,6.86368614501,-30.4423667765,1222.95381527,,True,True,False,no_valid_Q,
E02,Z1,E02before_20141001_tanto-tanto_01_44100_mono.wav,33,67584,69632,2048,False,analyzed_full_frame,25.11646313,11.489301,2.335195,4.99662706628,-25.2630815876,1128.20307144,,True,True,False,no_valid_Q,
E02,Z1,E02before_20141001_tanto-tanto_01_44100_mono.wav,34,69632,71680,2048,False,analyzed_full_frame,18.56412887,11.366092,-4.766865,9.59233098988,-19.9231788311,1616.50310001,6.14014713399,True,True,True,valid,
E02,Z1,E02before_20141001_tanto-tanto_01_44100_mono.wav,35,71680,73728,2048,False,analyzed_full_frame,23.41464202,11.550746,0.261238,5.4722382286,-25.0983451318,1337.05288043,,True,True,False,no_valid_Q,
E02,Z1,E02before_20141001_tanto-tanto_01_44100_mono.wav,36,73728,75776,2048,False,analyzed_full_frame,26.51407267,11.045261,1.19886,4.78190035094,-28.4433797248,1157.36401072,4.93373368241,True,True,True,valid,
E02,Z1,E02before_20141001_tanto-tanto_01_44100_mono.wav,37,75776,77824,2048,False,analyzed_full_frame,26.38170436,12.399111,2.160662,5.38957878988,-27.720858805,1160.97390124,5.55300464657,True,True,True,valid,
E02,Z1,E02before_20141001_tanto-tanto_01_44100_mono.wav,38,77824,79872,2048,False,analyzed_full_frame,19.66123388,13.163319,-0.339313,11.1758550118,-18.4918551255,1500.97615579,7.76548356948,True,True,True,valid,
E02,Z1,E02before_20141001_tanto-tanto_01_44100_mono.wav,39,79872,81920,2048,False,analyzed_full_frame,15.82457524,12.635539,-4.219383,17.7942651574,-18.7072505207,1969.65845324,7.39892995182,True,True,True,valid,
E02,Z1,E02before_20141001_tanto-tanto_01_44100_mono.wav,40,81920,83968,2048,False,analyzed_full_frame,22.87197742,14.130035,-1.26764,8.48483050127,-23.6648808542,1343.2738472,6.6245686402,True,True,True,valid,
E02,Z1,E02before_20141001_tanto-tanto_01_44100_mono.wav,41,83968,86016,2048,False,analyzed_full_frame,22.00953558,13.496915,-5.886375,11.719432222,-28.093032766,1533.1590757,9.0961120787,True,True,True,valid,
E02,Z1,E02before_20141001_tanto-tanto_01_44100_mono.wav,42,86016,88064,2048,False,analyzed_full_frame,20.43899634,13.120963,1.511563,13.3671300213,-22.3572321653,1592.88143942,10.8564783296,True,True,True,valid,
E02,Z1,E02before_20141001_tanto-tanto_01_44100_mono.wav,43,88064,90112,2048,False,analyzed_full_frame,22.90822272,11.177474,1.161071,8.58489916747,-23.441237755,1486.46345184,,True,True,False,no_valid_Q,
E02,Z1,E02before_20141001_tanto-tanto_01_44100_mono.wav,44,90112,92023,1911,True,skipped_not_analyzed,,,,,,,,False,False,False,not_analyzed_short_final_frame,"Final partial frame has 1911 samples (<2048); recorded only, not analyzed."
E02,Z2,E02after_20160401_tanto-tanto_01_44100_mono.wav,0,0,2048,2048,False,analyzed_full_frame,-2.290379772,6.243425,-1.963019,9.17631346981,-21.2724997284,1715.54083174,,True,True,False,no_valid_Q,
E02,Z2,E02after_20160401_tanto-tanto_01_44100_mono.wav,1,2048,4096,2048,False,analyzed_full_frame,-9.436677513,6.262118,-8.733887,3.99784657795,-38.021367527,1462.78622589,,True,True,False,no_valid_Q,
E02,Z2,E02after_20160401_tanto-tanto_01_44100_mono.wav,2,4096,6144,2048,False,analyzed_full_frame,-7.656884655,8.573243,-8.050681,3.40084350148,-42.7876294702,1476.94839083,,True,True,False,no_valid_Q,
E02,Z2,E02after_20160401_tanto-tanto_01_44100_mono.wav,3,6144,8192,2048,False,analyzed_full_frame,-8.117287284,9.121989,-8.137646,5.53253428683,-31.549861219,1423.60252825,,True,True,False,no_valid_Q,
E02,Z2,E02after_20160401_tanto-tanto_01_44100_mono.wav,4,8192,10240,2048,False,analyzed_full_frame,-6.475921136,8.883596,-6.110699,6.05517691418,-28.9428941009,1489.16732411,,True,True,False,no_valid_Q,
E02,Z2,E02after_20160401_tanto-tanto_01_44100_mono.wav,5,10240,12288,2048,False,analyzed_full_frame,-10.00650607,8.590666,-9.744436,6.69165569433,-27.6902401803,1511.7980366,,True,True,False,no_valid_Q,
E02,Z2,E02after_20160401_tanto-tanto_01_44100_mono.wav,6,12288,14336,2048,False,analyzed_full_frame,-8.911279328,10.020174,-9.061958,3.46558303143,-37.0866865366,1374.52601425,,True,True,False,no_valid_Q,
E02,Z2,E02after_20160401_tanto-tanto_01_44100_mono.wav,7,14336,16384,2048,False,analyzed_full_frame,-20.9906983,10.277597,-21.313261,6.34309540592,-27.1971816887,1527.36359681,4.34278892896,True,True,True,valid,
E02,Z2,E02after_20160401_tanto-tanto_01_44100_mono.wav,8,16384,18432,2048,False,analyzed_full_frame,-15.28234379,10.785313,-14.472408,12.6902999763,-19.9339329183,1680.68373388,7.69018107121,True,True,True,valid,
E02,Z2,E02after_20160401_tanto-tanto_01_44100_mono.wav,9,18432,20480,2048,False,analyzed_full_frame,-10.59459838,9.949372,-10.345543,7.44908739263,-22.7996816899,1454.36411869,6.43059938301,True,True,True,valid,
E02,Z2,E02after_20160401_tanto-tanto_01_44100_mono.wav,10,20480,22528,2048,False,analyzed_full_frame,-4.031445054,8.552048,-3.891603,10.0739392548,-17.8248653743,1413.4961364,11.6493520525,True,True,True,valid,
E02,Z2,E02after_20160401_tanto-tanto_01_44100_mono.wav,11,22528,24576,2048,False,analyzed_full_frame,-4.607994761,9.381219,-4.369366,8.46410735098,-22.6860068057,1442.6750464,,True,True,False,no_valid_Q,
E02,Z2,E02after_20160401_tanto-tanto_01_44100_mono.wav,12,24576,26624,2048,False,analyzed_full_frame,-2.381682306,9.143493,-2.205554,12.7290053655,-14.8143989632,1505.79242226,16.5232540467,True,True,True,valid,
E02,Z2,E02after_20160401_tanto-tanto_01_44100_mono.wav,13,26624,28672,2048,False,analyzed_full_frame,-2.873909677,9.754023,-3.432207,11.9870148098,-16.0105495098,1453.7370287,9.50789333004,True,True,True,valid,
E02,Z2,E02after_20160401_tanto-tanto_01_44100_mono.wav,14,28672,30720,2048,False,analyzed_full_frame,-6.835206393,10.464489,-6.830699,9.28705477292,-21.2799686667,1417.665736,11.5718499441,True,True,True,valid,
E02,Z2,E02after_20160401_tanto-tanto_01_44100_mono.wav,15,30720,32768,2048,False,analyzed_full_frame,-2.477427038,8.973524,-2.230509,10.9505011912,-18.7094326611,1504.70106112,7.79061171748,True,True,True,valid,
E02,Z2,E02after_20160401_tanto-tanto_01_44100_mono.wav,16,32768,34816,2048,False,analyzed_full_frame,-9.171369989,10.176993,-9.174918,9.04079962491,-23.4122104624,1514.14905323,8.33602208787,True,True,True,valid,
E02,Z2,E02after_20160401_tanto-tanto_01_44100_mono.wav,17,34816,36864,2048,False,analyzed_full_frame,-10.80191021,9.108262,-10.426247,7.82832528869,-25.1083297594,1468.11146657,7.71151015273,True,True,True,valid,
E02,Z2,E02after_20160401_tanto-tanto_01_44100_mono.wav,18,36864,38912,2048,False,analyzed_full_frame,-2.835594973,9.251655,-3.06637,9.98522563,-19.685833441,1427.98950453,6.98831620567,True,True,True,valid,
E02,Z2,E02after_20160401_tanto-tanto_01_44100_mono.wav,19,38912,40960,2048,False,analyzed_full_frame,-4.77827755,9.542404,-4.804609,7.42151907661,-24.6409487009,1404.66974977,,True,True,False,no_valid_Q,
E02,Z2,E02after_20160401_tanto-tanto_01_44100_mono.wav,20,40960,43008,2048,False,analyzed_full_frame,-10.55614878,10.279248,-10.546797,9.02096014334,-24.6063083733,1508.70304232,11.5199471446,True,True,True,valid,
E02,Z2,E02after_20160401_tanto-tanto_01_44100_mono.wav,21,43008,45056,2048,False,analyzed_full_frame,-18.92447169,10.258987,-18.695537,7.15614652414,-27.7242172943,1519.96335666,9.23155431851,True,True,True,valid,
E02,Z2,E02after_20160401_tanto-tanto_01_44100_mono.wav,22,45056,47104,2048,False,analyzed_full_frame,-13.96031585,10.203183,-14.296488,5.92013425024,-28.7260640596,1463.0919765,,True,True,False,no_valid_Q,
E02,Z2,E02after_20160401_tanto-tanto_01_44100_mono.wav,23,47104,49152,2048,False,analyzed_full_frame,-33.84708763,9.881724,-35.152018,8.14244946745,-27.4908031185,1620.02096481,13.7489812294,True,True,True,valid,
E02,Z2,E02after_20160401_tanto-tanto_01_44100_mono.wav,24,49152,51200,2048,False,analyzed_full_frame,-19.05564732,11.310553,-19.085969,7.75816918867,-27.3978199488,1590.77197133,,True,True,False,no_valid_Q,
E02,Z2,E02after_20160401_tanto-tanto_01_44100_mono.wav,25,51200,53248,2048,False,analyzed_full_frame,-11.21167336,9.237128,-10.706042,12.8051009594,-18.1941150791,1673.23500672,7.14420483479,True,True,True,valid,
E02,Z2,E02after_20160401_tanto-tanto_01_44100_mono.wav,26,53248,55296,2048,False,analyzed_full_frame,-5.193827011,11.329826,-5.2691,11.653490902,-18.52712536,1503.5156596,11.4152176285,True,True,True,valid,
E02,Z2,E02after_20160401_tanto-tanto_01_44100_mono.wav,27,55296,57344,2048,False,analyzed_full_frame,-8.454525674,14.040361,-8.372288,10.3961666818,-23.7595089774,1519.42718121,11.0657468972,True,True,True,valid,
E02,Z2,E02after_20160401_tanto-tanto_01_44100_mono.wav,28,57344,59392,2048,False,analyzed_full_frame,-18.16368634,12.063494,-17.887691,9.04229295951,-25.1756839225,1576.97864847,8.12237692818,True,True,True,valid,
E02,Z2,E02after_20160401_tanto-tanto_01_44100_mono.wav,29,59392,61440,2048,False,analyzed_full_frame,-7.207587019,10.613802,-6.480335,7.57304997522,-25.0509401094,1446.98508792,,True,True,False,no_valid_Q,
E02,Z2,E02after_20160401_tanto-tanto_01_44100_mono.wav,30,61440,63488,2048,False,analyzed_full_frame,5.395009628,9.070087,7.930439,6.77111072066,-26.743147848,1264.62354095,,True,True,False,no_valid_Q,
E02,Z2,E02after_20160401_tanto-tanto_01_44100_mono.wav,31,63488,65536,2048,False,analyzed_full_frame,-1.044514177,8.302162,0.477808,6.432085326,-27.2267547236,1443.62894372,,True,True,False,no_valid_Q,
E02,Z2,E02after_20160401_tanto-tanto_01_44100_mono.wav,32,65536,67584,2048,False,analyzed_full_frame,4.551391608,8.058051,6.300785,8.49207920023,-21.2657843284,1920.79862215,,True,True,False,no_valid_Q,
E02,Z2,E02after_20160401_tanto-tanto_01_44100_mono.wav,33,67584,69632,2048,False,analyzed_full_frame,16.00505322,3.861278,29.827089,11.1040607556,-24.8321149525,1836.20935561,7.65019497548,True,True,True,valid,
E02,Z2,E02after_20160401_tanto-tanto_01_44100_mono.wav,34,69632,71680,2048,False,analyzed_full_frame,23.06671385,6.906394,17.281545,8.74638037885,-28.0434692005,1099.47261115,15.0498844096,True,True,True,valid,
E02,Z2,E02after_20160401_tanto-tanto_01_44100_mono.wav,35,71680,73728,2048,False,analyzed_full_frame,25.52380273,6.476282,13.928482,6.75140079356,-28.0620511402,1089.16608003,11.6849323474,True,True,True,valid,
E02,Z2,E02after_20160401_tanto-tanto_01_44100_mono.wav,36,73728,75776,2048,False,analyzed_full_frame,22.96365799,9.017881,10.412802,8.9823945455,-25.1139873523,1142.55866563,14.3452843193,True,True,True,valid,
E02,Z2,E02after_20160401_tanto-tanto_01_44100_mono.wav,37,75776,77824,2048,False,analyzed_full_frame,18.90008573,10.582121,8.838695,14.295606116,-22.708981751,1295.96002007,31.8992942204,True,True,True,valid,
E02,Z2,E02after_20160401_tanto-tanto_01_44100_mono.wav,38,77824,79872,2048,False,analyzed_full_frame,21.08768964,8.884268,11.809798,12.223703323,-22.9039769796,1134.43722086,25.8647851217,True,True,True,valid,
E02,Z2,E02after_20160401_tanto-tanto_01_44100_mono.wav,39,79872,81920,2048,False,analyzed_full_frame,17.6810822,9.116083,8.213308,16.046425744,-19.5014457421,1322.01018341,31.145611087,True,True,True,valid,
E02,Z2,E02after_20160401_tanto-tanto_01_44100_mono.wav,40,81920,83968,2048,False,analyzed_full_frame,9.586285258,8.969197,4.901402,25.3040670335,-9.64457581276,1686.73144385,72.7258775879,True,True,True,valid,
E02,Z2,E02after_20160401_tanto-tanto_01_44100_mono.wav,41,83968,86016,2048,False,analyzed_full_frame,15.76211492,8.051458,2.754035,13.0979700893,-15.2054815015,1266.6269905,47.4787544226,True,True,True,valid,
E02,Z2,E02after_20160401_tanto-tanto_01_44100_mono.wav,42,86016,88064,2048,False,analyzed_full_frame,17.53497719,7.997882,4.675295,11.6496022133,-17.3026359037,1197.28020535,43.5945752432,True,True,True,valid,
E02,Z2,E02after_20160401_tanto-tanto_01_44100_mono.wav,43,88064,89811,1747,True,skipped_not_analyzed,,,,,,,,False,False,False,not_analyzed_short_final_frame,"Final partial frame has 1747 samples (<2048); recorded only, not analyzed."
E03,Z1,E03before_tanto-tanto_20220607_caro-mio-ben_02_1__mono.wav,0,0,2048,2048,False,analyzed_full_frame,18.77088347,3.29989,,4.2339978496,-39.6554883705,1543.09392991,,False,True,False,no_valid_Q,
E03,Z1,E03before_tanto-tanto_20220607_caro-mio-ben_02_1__mono.wav,1,2048,4096,2048,False,analyzed_full_frame,23.13147079,2.039754,,4.14933452093,-41.077055903,1566.35388981,,False,True,False,no_valid_Q,
E03,Z1,E03before_tanto-tanto_20220607_caro-mio-ben_02_1__mono.wav,2,4096,6144,2048,False,analyzed_full_frame,19.27366852,3.41832,,2.84856885423,-46.3733633604,1209.54416042,,False,True,False,no_valid_Q,
E03,Z1,E03before_tanto-tanto_20220607_caro-mio-ben_02_1__mono.wav,3,6144,8192,2048,False,analyzed_full_frame,21.29563731,4.396479,,2.09555019855,-45.8914607027,1305.40783365,,False,True,False,no_valid_Q,
E03,Z1,E03before_tanto-tanto_20220607_caro-mio-ben_02_1__mono.wav,4,8192,10240,2048,False,analyzed_full_frame,21.06432867,2.158864,,2.63370494682,-43.6862874808,1224.40424004,,False,True,False,no_valid_Q,
E03,Z1,E03before_tanto-tanto_20220607_caro-mio-ben_02_1__mono.wav,5,10240,12288,2048,False,analyzed_full_frame,24.58714574,4.405632,,2.49193862547,-44.2788609104,1239.82820727,,False,True,False,no_valid_Q,
E03,Z1,E03before_tanto-tanto_20220607_caro-mio-ben_02_1__mono.wav,6,12288,14336,2048,False,analyzed_full_frame,3.233650824,7.260804,3.032787,4.00015194866,-31.6691861536,1723.31825417,,True,True,False,no_valid_Q,
E03,Z1,E03before_tanto-tanto_20220607_caro-mio-ben_02_1__mono.wav,7,14336,16384,2048,False,analyzed_full_frame,-4.42583941,7.715531,-4.764959,4.26370438185,-35.0622937231,1782.12941426,,True,True,False,no_valid_Q,
E03,Z1,E03before_tanto-tanto_20220607_caro-mio-ben_02_1__mono.wav,8,16384,18432,2048,False,analyzed_full_frame,-6.968451276,7.694964,-7.833214,6.07813137239,-28.0045395995,1901.14465481,,True,True,False,no_valid_Q,
E03,Z1,E03before_tanto-tanto_20220607_caro-mio-ben_02_1__mono.wav,9,18432,20480,2048,False,analyzed_full_frame,-1.090635807,8.655691,-0.150561,5.67468994879,-27.8110139878,2119.35339079,,True,True,False,no_valid_Q,
E03,Z1,E03before_tanto-tanto_20220607_caro-mio-ben_02_1__mono.wav,10,20480,22528,2048,False,analyzed_full_frame,-8.631623234,8.106091,-8.022804,3.26083490222,-42.062991455,1925.15735271,,True,True,False,no_valid_Q,
E03,Z1,E03before_tanto-tanto_20220607_caro-mio-ben_02_1__mono.wav,11,22528,24576,2048,False,analyzed_full_frame,-6.618174463,8.314309,-6.810471,5.41103476933,-30.2969105658,2108.99994814,,True,True,False,no_valid_Q,
E03,Z1,E03before_tanto-tanto_20220607_caro-mio-ben_02_1__mono.wav,12,24576,26624,2048,False,analyzed_full_frame,-4.016573036,9.18794,-3.826951,4.96330213275,-30.6618468209,2078.79435499,,True,True,False,no_valid_Q,
E03,Z1,E03before_tanto-tanto_20220607_caro-mio-ben_02_1__mono.wav,13,26624,28672,2048,False,analyzed_full_frame,0.9029282966,8.175424,1.484208,4.53008729723,-30.9777506773,1976.84969839,,True,True,False,no_valid_Q,
E03,Z1,E03before_tanto-tanto_20220607_caro-mio-ben_02_1__mono.wav,14,28672,30720,2048,False,analyzed_full_frame,5.574309423,10.185723,5.624806,7.12107091391,-26.9478726378,1966.00769853,,True,True,False,no_valid_Q,
E03,Z1,E03before_tanto-tanto_20220607_caro-mio-ben_02_1__mono.wav,15,30720,32768,2048,False,analyzed_full_frame,-2.172360314,8.07507,-2.257712,5.7766636098,-31.6522668568,2249.78511277,,True,True,False,no_valid_Q,
E03,Z1,E03before_tanto-tanto_20220607_caro-mio-ben_02_1__mono.wav,16,32768,34816,2048,False,analyzed_full_frame,7.569228571,8.244064,8.94155,8.00883974354,-21.3196080437,2202.07120227,,True,True,False,no_valid_Q,
E03,Z1,E03before_tanto-tanto_20220607_caro-mio-ben_02_1__mono.wav,17,34816,36864,2048,False,analyzed_full_frame,-5.267354346,8.130624,-6.2625,6.1196508737,-32.1577110893,2129.35652452,,True,True,False,no_valid_Q,
E03,Z1,E03before_tanto-tanto_20220607_caro-mio-ben_02_1__mono.wav,18,36864,38912,2048,False,analyzed_full_frame,-3.430246161,7.927172,-3.512913,10.135668451,-19.7238248385,2319.68405888,,True,True,False,no_valid_Q,
E03,Z1,E03before_tanto-tanto_20220607_caro-mio-ben_02_1__mono.wav,19,38912,40960,2048,False,analyzed_full_frame,3.504002368,8.881382,4.285417,7.68386890428,-21.0161722348,1915.75826548,,True,True,False,no_valid_Q,
E03,Z1,E03before_tanto-tanto_20220607_caro-mio-ben_02_1__mono.wav,20,40960,43008,2048,False,analyzed_full_frame,-8.211074161,8.039853,-8.5,7.04525663098,-30.5255629512,1935.25534605,,True,True,False,no_valid_Q,
E03,Z1,E03before_tanto-tanto_20220607_caro-mio-ben_02_1__mono.wav,21,43008,45056,2048,False,analyzed_full_frame,-5.408401108,9.012936,-4.685217,5.69596881006,-27.2131519553,1896.24180444,,True,True,False,no_valid_Q,
E03,Z1,E03before_tanto-tanto_20220607_caro-mio-ben_02_1__mono.wav,22,45056,47104,2048,False,analyzed_full_frame,1.910815133,5.871586,1.548062,6.68523415677,-29.2125686692,2099.96222485,,True,True,False,no_valid_Q,
E03,Z1,E03before_tanto-tanto_20220607_caro-mio-ben_02_1__mono.wav,23,47104,49152,2048,False,analyzed_full_frame,-12.36802379,8.851927,-13.650969,7.84168072269,-26.6727260333,2183.46542334,,True,True,False,no_valid_Q,
E03,Z1,E03before_tanto-tanto_20220607_caro-mio-ben_02_1__mono.wav,24,49152,51200,2048,False,analyzed_full_frame,-2.9755325,7.857198,-3.426103,4.4570648379,-28.4995363494,1828.54268576,,True,True,False,no_valid_Q,
E03,Z1,E03before_tanto-tanto_20220607_caro-mio-ben_02_1__mono.wav,25,51200,53248,2048,False,analyzed_full_frame,-1.150927255,6.486482,-1.126056,6.37054628227,-27.5653339434,1975.89045549,,True,True,False,no_valid_Q,
E03,Z1,E03before_tanto-tanto_20220607_caro-mio-ben_02_1__mono.wav,26,53248,55296,2048,False,analyzed_full_frame,8.149335838,8.42531,8.423662,5.2712627657,-28.1593815863,1889.4713031,,True,True,False,no_valid_Q,
E03,Z1,E03before_tanto-tanto_20220607_caro-mio-ben_02_1__mono.wav,27,55296,57344,2048,False,analyzed_full_frame,18.34758238,9.511136,22.125014,5.46104775996,-27.1190398553,2139.00801642,,True,True,False,no_valid_Q,
E03,Z1,E03before_tanto-tanto_20220607_caro-mio-ben_02_1__mono.wav,28,57344,59392,2048,False,analyzed_full_frame,10.7313785,7.74644,10.873073,3.64501943583,-31.8763883277,1313.29340712,,True,True,False,no_valid_Q,
E03,Z1,E03before_tanto-tanto_20220607_caro-mio-ben_02_1__mono.wav,29,59392,61440,2048,False,analyzed_full_frame,13.01588613,7.273029,14.450715,3.50734207424,-33.7830022726,1370.23831896,,True,True,False,no_valid_Q,
E03,Z1,E03before_tanto-tanto_20220607_caro-mio-ben_02_1__mono.wav,30,61440,63488,2048,False,analyzed_full_frame,18.17726197,7.187233,16.817515,1.77465377617,-41.8206746136,1158.13311217,,True,True,False,no_valid_Q,
E03,Z1,E03before_tanto-tanto_20220607_caro-mio-ben_02_1__mono.wav,31,63488,65536,2048,False,analyzed_full_frame,17.41845316,7.061999,16.856611,3.94323148627,-32.9788924377,2013.85863026,,True,True,False,no_valid_Q,
E03,Z1,E03before_tanto-tanto_20220607_caro-mio-ben_02_1__mono.wav,32,65536,67584,2048,False,analyzed_full_frame,7.140130209,6.748292,3.049664,6.45755100305,-28.8161208026,1513.20138703,,True,True,False,no_valid_Q,
E03,Z1,E03before_tanto-tanto_20220607_caro-mio-ben_02_1__mono.wav,33,67584,69632,2048,False,analyzed_full_frame,4.713106755,7.184472,-12.537652,4.92880058896,-30.4703223955,1768.44684167,,True,True,False,no_valid_Q,
E03,Z1,E03before_tanto-tanto_20220607_caro-mio-ben_02_1__mono.wav,34,69632,71680,2048,False,analyzed_full_frame,11.89745883,7.370075,-1.969763,5.36162870762,-29.2972051052,1806.24171583,,True,True,False,no_valid_Q,
E03,Z1,E03before_tanto-tanto_20220607_caro-mio-ben_02_1__mono.wav,35,71680,73728,2048,False,analyzed_full_frame,10.22047928,7.497076,0.460708,4.05319140415,-32.6894900209,1860.39876188,,True,True,False,no_valid_Q,
E03,Z1,E03before_tanto-tanto_20220607_caro-mio-ben_02_1__mono.wav,36,73728,75776,2048,False,analyzed_full_frame,7.379012986,7.948821,-8.143888,4.23340427095,-34.6384958814,1709.83099476,,True,True,False,no_valid_Q,
E03,Z1,E03before_tanto-tanto_20220607_caro-mio-ben_02_1__mono.wav,37,75776,77824,2048,False,analyzed_full_frame,7.387089973,7.073302,-12.714701,4.3659800757,-32.4237876056,1376.81732775,,True,True,False,no_valid_Q,
E03,Z1,E03before_tanto-tanto_20220607_caro-mio-ben_02_1__mono.wav,38,77824,79872,2048,False,analyzed_full_frame,3.303012419,8.379904,-3.794156,5.56558768898,-29.2813854768,1820.06631233,,True,True,False,no_valid_Q,
E03,Z1,E03before_tanto-tanto_20220607_caro-mio-ben_02_1__mono.wav,39,79872,81920,2048,False,analyzed_full_frame,2.2756068,7.138408,-0.489591,5.42201797507,-26.1780202645,1865.56751974,,True,True,False,no_valid_Q,
E03,Z1,E03before_tanto-tanto_20220607_caro-mio-ben_02_1__mono.wav,40,81920,83968,2048,False,analyzed_full_frame,0.5720547347,7.441869,-6.713935,4.5980765987,-24.1225697218,1832.31749008,,True,True,False,no_valid_Q,
E03,Z1,E03before_tanto-tanto_20220607_caro-mio-ben_02_1__mono.wav,41,83968,86016,2048,False,analyzed_full_frame,10.08505259,8.091581,36.51092,4.83208557904,-27.0743828875,1311.24703975,,True,True,False,no_valid_Q,
E03,Z1,E03before_tanto-tanto_20220607_caro-mio-ben_02_1__mono.wav,42,86016,88064,2048,False,analyzed_full_frame,16.28046884,5.921222,30.177704,3.9019375407,-38.3058981042,1200.66139517,,True,True,False,no_valid_Q,
E03,Z1,E03before_tanto-tanto_20220607_caro-mio-ben_02_1__mono.wav,43,88064,90112,2048,False,analyzed_full_frame,11.32875664,4.187336,27.959603,6.66636569685,-36.3981288394,1872.67652696,,True,True,False,no_valid_Q,
E03,Z1,E03before_tanto-tanto_20220607_caro-mio-ben_02_1__mono.wav,44,90112,91819,1707,True,skipped_not_analyzed,,,,,,,,False,False,False,not_analyzed_short_final_frame,"Final partial frame has 1707 samples (<2048); recorded only, not analyzed."
E03,Z2,E03after_tanto-tanto_20240223_caro-mio-ben_02_mono.wav,0,0,2048,2048,False,analyzed_full_frame,0.7964318937,1.908675,-8.909206,13.5460305466,-33.4883951519,4433.60978301,,True,True,False,no_valid_Q,
E03,Z2,E03after_tanto-tanto_20240223_caro-mio-ben_02_mono.wav,1,2048,4096,2048,False,analyzed_full_frame,5.502828901,3.055949,,13.3808488561,-31.591569733,5302.19546881,,False,True,False,no_valid_Q,
E03,Z2,E03after_tanto-tanto_20240223_caro-mio-ben_02_mono.wav,2,4096,6144,2048,False,analyzed_full_frame,15.1712226,2.252842,,10.5463785622,-29.0333070123,5173.14528823,,False,True,False,no_valid_Q,
E03,Z2,E03after_tanto-tanto_20240223_caro-mio-ben_02_mono.wav,3,6144,8192,2048,False,analyzed_full_frame,9.456570299,3.087378,,7.13154022889,-39.5530490804,4378.67652744,,False,True,False,no_valid_Q,
E03,Z2,E03after_tanto-tanto_20240223_caro-mio-ben_02_mono.wav,4,8192,10240,2048,False,analyzed_full_frame,13.96282193,1.376772,,8.73179474771,-35.7253986971,5508.60072317,,False,True,False,no_valid_Q,
E03,Z2,E03after_tanto-tanto_20240223_caro-mio-ben_02_mono.wav,5,10240,12288,2048,False,analyzed_full_frame,-1.143023266,5.169588,-9.485768,16.738435219,-19.6782949058,4292.52152792,,True,True,False,no_valid_Q,
E03,Z2,E03after_tanto-tanto_20240223_caro-mio-ben_02_mono.wav,6,12288,14336,2048,False,analyzed_full_frame,4.735495046,6.896824,5.561326,10.4095351903,-20.4227701009,3296.81537,,True,True,False,no_valid_Q,
E03,Z2,E03after_tanto-tanto_20240223_caro-mio-ben_02_mono.wav,7,14336,16384,2048,False,analyzed_full_frame,-3.552015277,6.672271,-3.922569,13.3918093297,-20.9242930165,2915.32736663,,True,True,False,no_valid_Q,
E03,Z2,E03after_tanto-tanto_20240223_caro-mio-ben_02_mono.wav,8,16384,18432,2048,False,analyzed_full_frame,7.029274108,8.969805,8.105344,6.8775129958,-32.0817759965,2018.30093628,,True,True,False,no_valid_Q,
E03,Z2,E03after_tanto-tanto_20240223_caro-mio-ben_02_mono.wav,9,18432,20480,2048,False,analyzed_full_frame,4.716981796,8.585929,5.976263,10.0875446869,-24.7169823048,2213.45482398,,True,True,False,no_valid_Q,
E03,Z2,E03after_tanto-tanto_20240223_caro-mio-ben_02_mono.wav,10,20480,22528,2048,False,analyzed_full_frame,9.897633494,7.973521,12.362832,6.33701169596,-35.0836380491,1916.40039445,,True,True,False,no_valid_Q,
E03,Z2,E03after_tanto-tanto_20240223_caro-mio-ben_02_mono.wav,11,22528,24576,2048,False,analyzed_full_frame,-4.559976406,8.149592,-4.116932,4.64156175911,-39.5897991133,1847.2264565,,True,True,False,no_valid_Q,
E03,Z2,E03after_tanto-tanto_20240223_caro-mio-ben_02_mono.wav,12,24576,26624,2048,False,analyzed_full_frame,-3.831370463,8.096007,-3.654363,6.11866759954,-31.8089097178,1887.71094592,,True,True,False,no_valid_Q,
E03,Z2,E03after_tanto-tanto_20240223_caro-mio-ben_02_mono.wav,13,26624,28672,2048,False,analyzed_full_frame,-1.675769333,9.012018,-1.688592,3.70027116748,-37.9682559987,1710.68869311,,True,True,False,no_valid_Q,
E03,Z2,E03after_tanto-tanto_20240223_caro-mio-ben_02_mono.wav,14,28672,30720,2048,False,analyzed_full_frame,-4.100753197,8.080545,-3.746013,7.27947332234,-32.173109902,2102.61656687,,True,True,False,no_valid_Q,
E03,Z2,E03after_tanto-tanto_20240223_caro-mio-ben_02_mono.wav,15,30720,32768,2048,False,analyzed_full_frame,7.840599851,8.706997,10.769194,11.1730931825,-26.4751396267,2246.12910783,,True,True,False,no_valid_Q,
E03,Z2,E03after_tanto-tanto_20240223_caro-mio-ben_02_mono.wav,16,32768,34816,2048,False,analyzed_full_frame,2.410615489,11.140668,3.287767,10.5325553523,-24.3501969094,2088.9275994,,True,True,False,no_valid_Q,
E03,Z2,E03after_tanto-tanto_20240223_caro-mio-ben_02_mono.wav,17,34816,36864,2048,False,analyzed_full_frame,-4.836795956,10.111467,-4.605507,7.5919379244,-24.1841126611,1855.34219789,,True,True,False,no_valid_Q,
E03,Z2,E03after_tanto-tanto_20240223_caro-mio-ben_02_mono.wav,18,36864,38912,2048,False,analyzed_full_frame,-4.083566555,10.284633,-3.970865,7.80616241431,-28.1226177505,2120.94229216,,True,True,False,no_valid_Q,
E03,Z2,E03after_tanto-tanto_20240223_caro-mio-ben_02_mono.wav,19,38912,40960,2048,False,analyzed_full_frame,-5.312640779,11.525262,-4.777651,14.5508755594,-15.8558091634,2121.93042069,5.47841343919,True,True,True,valid,
E03,Z2,E03after_tanto-tanto_20240223_caro-mio-ben_02_mono.wav,20,40960,43008,2048,False,analyzed_full_frame,-16.15611095,12.782147,-16.001527,12.9831821272,-22.1811618777,2319.05524007,,True,True,False,no_valid_Q,
E03,Z2,E03after_tanto-tanto_20240223_caro-mio-ben_02_mono.wav,21,43008,45056,2048,False,analyzed_full_frame,-0.6470537418,11.686208,0.657924,9.6208519175,-23.8582780036,1913.90354354,,True,True,False,no_valid_Q,
E03,Z2,E03after_tanto-tanto_20240223_caro-mio-ben_02_mono.wav,22,45056,47104,2048,False,analyzed_full_frame,-6.030866825,13.517911,-5.652015,9.92394463529,-22.7471052937,1999.10990331,,True,True,False,no_valid_Q,
E03,Z2,E03after_tanto-tanto_20240223_caro-mio-ben_02_mono.wav,23,47104,49152,2048,False,analyzed_full_frame,-4.340427039,11.221781,-3.342121,16.3575974532,-14.3171060478,2268.83063386,,True,True,False,no_valid_Q,
E03,Z2,E03after_tanto-tanto_20240223_caro-mio-ben_02_mono.wav,24,49152,51200,2048,False,analyzed_full_frame,1.560256611,12.599989,3.930634,13.6357801129,-19.2344251662,2205.44107772,,True,True,False,no_valid_Q,
E03,Z2,E03after_tanto-tanto_20240223_caro-mio-ben_02_mono.wav,25,51200,53248,2048,False,analyzed_full_frame,-7.552856049,11.434767,-5.798374,9.78457537676,-24.390758237,2029.81145846,,True,True,False,no_valid_Q,
E03,Z2,E03after_tanto-tanto_20240223_caro-mio-ben_02_mono.wav,26,53248,55296,2048,False,analyzed_full_frame,3.285317371,11.194962,4.94187,14.345877806,-18.9479428498,2362.29098372,,True,True,False,no_valid_Q,
E03,Z2,E03after_tanto-tanto_20240223_caro-mio-ben_02_mono.wav,27,55296,57344,2048,False,analyzed_full_frame,2.319555766,10.423159,3.028853,12.7266419468,-19.0789830038,2168.85842094,,True,True,False,no_valid_Q,
E03,Z2,E03after_tanto-tanto_20240223_caro-mio-ben_02_mono.wav,28,57344,59392,2048,False,analyzed_full_frame,2.968233414,9.906489,3.708702,12.3926513677,-15.4181060377,2034.06858276,,True,True,False,no_valid_Q,
E03,Z2,E03after_tanto-tanto_20240223_caro-mio-ben_02_mono.wav,29,59392,61440,2048,False,analyzed_full_frame,-4.849655179,11.196769,-4.344392,15.9094521976,-16.1861557235,2210.02187281,4.21314081743,True,True,True,valid,
E03,Z2,E03after_tanto-tanto_20240223_caro-mio-ben_02_mono.wav,30,61440,63488,2048,False,analyzed_full_frame,-5.842235361,11.337607,-5.560119,20.393772419,-11.502957772,2554.32362674,3.87947398995,True,True,True,valid,
E03,Z2,E03after_tanto-tanto_20240223_caro-mio-ben_02_mono.wav,31,63488,65536,2048,False,analyzed_full_frame,-1.060723851,11.743717,-1.741437,8.06226956589,-22.9455447895,1915.71936996,,True,True,False,no_valid_Q,
E03,Z2,E03after_tanto-tanto_20240223_caro-mio-ben_02_mono.wav,32,65536,67584,2048,False,analyzed_full_frame,3.155298201,11.034636,4.496029,9.18151610552,-24.6489676434,1822.79287808,,True,True,False,no_valid_Q,
E03,Z2,E03after_tanto-tanto_20240223_caro-mio-ben_02_mono.wav,33,67584,69632,2048,False,analyzed_full_frame,0.09943067161,10.290716,-0.234068,8.01767237337,-24.0406081275,2005.06114772,,True,True,False,no_valid_Q,
E03,Z2,E03after_tanto-tanto_20240223_caro-mio-ben_02_mono.wav,34,69632,71680,2048,False,analyzed_full_frame,4.618987349,9.406425,4.787944,9.60943597602,-20.9324971108,2638.01254401,,True,True,False,no_valid_Q,
E03,Z2,E03after_tanto-tanto_20240223_caro-mio-ben_02_mono.wav,35,71680,73728,2048,False,analyzed_full_frame,12.41641226,3.358889,-33.644997,6.66671848956,-28.2605003681,2657.57540697,,True,True,False,no_valid_Q,
E03,Z2,E03after_tanto-tanto_20240223_caro-mio-ben_02_mono.wav,36,73728,75776,2048,False,analyzed_full_frame,13.0934207,5.12195,12.919826,6.8188541474,-30.4733355961,2488.41739412,,True,True,False,no_valid_Q,
E03,Z2,E03after_tanto-tanto_20240223_caro-mio-ben_02_mono.wav,37,75776,77824,2048,False,analyzed_full_frame,14.33277418,7.075197,0.353099,5.70602424348,-32.9293325256,2309.81762332,,True,True,False,no_valid_Q,
E03,Z2,E03after_tanto-tanto_20240223_caro-mio-ben_02_mono.wav,38,77824,79872,2048,False,analyzed_full_frame,22.57906405,5.480125,3.159425,5.54814327414,-33.2777265887,2153.77183681,,True,True,False,no_valid_Q,
E03,Z2,E03after_tanto-tanto_20240223_caro-mio-ben_02_mono.wav,39,79872,81920,2048,False,analyzed_full_frame,19.32350508,7.998568,1.041277,8.77226119177,-21.2140467932,2829.06029477,,True,True,False,no_valid_Q,
E03,Z2,E03after_tanto-tanto_20240223_caro-mio-ben_02_mono.wav,40,81920,83968,2048,False,analyzed_full_frame,11.71176827,7.623857,9.197724,19.6752915954,-13.2375817506,3440.5028509,8.02570130995,True,True,True,valid,
E03,Z2,E03after_tanto-tanto_20240223_caro-mio-ben_02_mono.wav,41,83968,86016,2048,False,analyzed_full_frame,15.5779295,8.523621,-2.557436,15.2927343446,-20.001236707,2506.60664389,6.38042904391,True,True,True,valid,
E03,Z2,E03after_tanto-tanto_20240223_caro-mio-ben_02_mono.wav,42,86016,88064,2048,False,analyzed_full_frame,21.89954061,7.80224,-8.697112,6.53998738452,-29.6787952553,1958.51484504,,True,True,False,no_valid_Q,
E03,Z2,E03after_tanto-tanto_20240223_caro-mio-ben_02_mono.wav,43,88064,90112,2048,False,analyzed_full_frame,13.50582868,8.36616,-6.240528,13.5714169222,-20.1030804553,2582.4539412,7.34054706285,True,True,True,valid,
E03,Z2,E03after_tanto-tanto_20240223_caro-mio-ben_02_mono.wav,44,90112,92160,2048,False,analyzed_full_frame,21.74735328,8.266135,35.123007,9.23522917769,-30.2053019809,2273.35696264,2.93511948283,True,True,True,valid,
E03,Z2,E03after_tanto-tanto_20240223_caro-mio-ben_02_mono.wav,45,92160,94208,2048,False,analyzed_full_frame,16.34204479,7.865558,-7.927722,9.64422729345,-22.1098647837,2443.79579693,4.69285333086,True,True,True,valid,
E03,Z2,E03after_tanto-tanto_20240223_caro-mio-ben_02_mono.wav,46,94208,96256,2048,False,analyzed_full_frame,13.75848401,3.852505,32.804869,14.0520466725,-21.5642722313,2903.21126894,5.06634596559,True,True,True,valid,
E03,Z2,E03after_tanto-tanto_20240223_caro-mio-ben_02_mono.wav,47,96256,97772,1516,True,skipped_not_analyzed,,,,,,,,False,False,False,not_analyzed_short_final_frame,"Final partial frame has 1516 samples (<2048); recorded only, not analyzed."
E04,Z1,E04before_20220607_tanto-tanto_02_mono.wav,0,0,2048,2048,False,analyzed_full_frame,22.26952148,3.198376,,2.98574538327,-41.1446854888,1223.89831351,,False,True,False,no_valid_Q,
E04,Z1,E04before_20220607_tanto-tanto_02_mono.wav,1,2048,4096,2048,False,analyzed_full_frame,20.17879291,2.607604,,2.33639605222,-46.9973253201,1066.22743788,,False,True,False,no_valid_Q,
E04,Z1,E04before_20220607_tanto-tanto_02_mono.wav,2,4096,6144,2048,False,analyzed_full_frame,19.84687016,3.110952,,2.69859125,-43.5743627199,1359.92416034,,False,True,False,no_valid_Q,
E04,Z1,E04before_20220607_tanto-tanto_02_mono.wav,3,6144,8192,2048,False,analyzed_full_frame,14.63049195,2.830722,18.022056,3.06190910059,-40.3258718727,1823.41559774,,True,True,False,no_valid_Q,
E04,Z1,E04before_20220607_tanto-tanto_02_mono.wav,4,8192,10240,2048,False,analyzed_full_frame,17.81607978,3.369673,,2.26003286124,-47.7517706001,1360.18643335,,False,True,False,no_valid_Q,
E04,Z1,E04before_20220607_tanto-tanto_02_mono.wav,5,10240,12288,2048,False,analyzed_full_frame,18.74873346,3.619371,,4.1926209573,-42.1563054945,2429.44030658,,False,True,False,no_valid_Q,
E04,Z1,E04before_20220607_tanto-tanto_02_mono.wav,6,12288,14336,2048,False,analyzed_full_frame,12.87246516,4.677328,14.847066,11.0550278374,-29.2212753073,2986.78408611,,True,True,False,no_valid_Q,
E04,Z1,E04before_20220607_tanto-tanto_02_mono.wav,7,14336,16384,2048,False,analyzed_full_frame,-1.914821054,6.932514,-2.347171,8.32485406613,-32.0703796526,2218.56393438,,True,True,False,no_valid_Q,
E04,Z1,E04before_20220607_tanto-tanto_02_mono.wav,8,16384,18432,2048,False,analyzed_full_frame,-12.55215256,7.400527,38.589997,10.220581908,-22.1044550125,2260.20451807,,True,True,False,no_valid_Q,
E04,Z1,E04before_20220607_tanto-tanto_02_mono.wav,9,18432,20480,2048,False,analyzed_full_frame,-3.919417657,10.114421,-1.615864,4.56035891075,-30.0207389155,1698.74590709,,True,True,False,no_valid_Q,
E04,Z1,E04before_20220607_tanto-tanto_02_mono.wav,10,20480,22528,2048,False,analyzed_full_frame,-9.749602273,9.529405,-10.080108,6.26455978375,-31.3720111141,1776.24264077,,True,True,False,no_valid_Q,
E04,Z1,E04before_20220607_tanto-tanto_02_mono.wav,11,22528,24576,2048,False,analyzed_full_frame,-9.202844025,7.535723,-9.417312,3.09510578572,-35.4142294172,1515.25441877,,True,True,False,no_valid_Q,
E04,Z1,E04before_20220607_tanto-tanto_02_mono.wav,12,24576,26624,2048,False,analyzed_full_frame,-10.25989747,10.112729,-10.200752,3.96779248217,-34.3777897128,1519.86322759,,True,True,False,no_valid_Q,
E04,Z1,E04before_20220607_tanto-tanto_02_mono.wav,13,26624,28672,2048,False,analyzed_full_frame,-7.394280642,10.286774,-7.454077,2.97981695888,-36.5807261863,1368.15256911,,True,True,False,no_valid_Q,
E04,Z1,E04before_20220607_tanto-tanto_02_mono.wav,14,28672,30720,2048,False,analyzed_full_frame,-7.160211317,11.485553,-7.429596,6.10627229665,-24.548358996,1575.9190814,8.83563277375,True,True,True,valid,
E04,Z1,E04before_20220607_tanto-tanto_02_mono.wav,15,30720,32768,2048,False,analyzed_full_frame,-8.193724643,10.04114,-8.327978,5.34553086705,-31.5536253745,1633.88878304,,True,True,False,no_valid_Q,
E04,Z1,E04before_20220607_tanto-tanto_02_mono.wav,16,32768,34816,2048,False,analyzed_full_frame,-12.33456908,11.822632,-12.076055,11.0889759654,-22.3543515421,1922.92035068,10.8026348551,True,True,True,valid,
E04,Z1,E04before_20220607_tanto-tanto_02_mono.wav,17,34816,36864,2048,False,analyzed_full_frame,-4.870868347,11.198457,-5.403705,6.61183490016,-29.5976030263,1691.06524739,,True,True,False,no_valid_Q,
E04,Z1,E04before_20220607_tanto-tanto_02_mono.wav,18,36864,38912,2048,False,analyzed_full_frame,-2.980648118,11.985486,-2.74535,6.4089894556,-30.0262220408,1630.58187949,,True,True,False,no_valid_Q,
E04,Z1,E04before_20220607_tanto-tanto_02_mono.wav,19,38912,40960,2048,False,analyzed_full_frame,0.7447067794,12.453325,1.99407,7.23006717474,-22.6331997713,1543.12345765,,True,True,False,no_valid_Q,
E04,Z1,E04before_20220607_tanto-tanto_02_mono.wav,20,40960,43008,2048,False,analyzed_full_frame,6.634522624,12.087967,6.888725,4.18001764321,-33.6105031293,1302.88323926,,True,True,False,no_valid_Q,
E04,Z1,E04before_20220607_tanto-tanto_02_mono.wav,21,43008,45056,2048,False,analyzed_full_frame,2.373007061,12.286733,2.085451,7.41719199044,-25.4149266485,1545.51736182,4.50820792124,True,True,True,valid,
E04,Z1,E04before_20220607_tanto-tanto_02_mono.wav,22,45056,47104,2048,False,analyzed_full_frame,0.1095463375,12.045942,0.576486,8.86673420693,-25.2236969775,1785.42152721,,True,True,False,no_valid_Q,
E04,Z1,E04before_20220607_tanto-tanto_02_mono.wav,23,47104,49152,2048,False,analyzed_full_frame,5.069216332,10.162798,5.036716,5.09486104332,-30.1174679171,1322.80695999,,True,True,False,no_valid_Q,
E04,Z1,E04before_20220607_tanto-tanto_02_mono.wav,24,49152,51200,2048,False,analyzed_full_frame,6.208872699,13.072645,6.418486,4.18072274826,-34.2709255313,1343.61852016,,True,True,False,no_valid_Q,
E04,Z1,E04before_20220607_tanto-tanto_02_mono.wav,25,51200,53248,2048,False,analyzed_full_frame,0.3173836838,12.611265,-0.169807,9.35147171256,-25.426733889,1633.03731788,,True,True,False,no_valid_Q,
E04,Z1,E04before_20220607_tanto-tanto_02_mono.wav,26,53248,55296,2048,False,analyzed_full_frame,4.241402282,12.318026,4.08729,8.27441721171,-26.4109413337,1607.07682987,4.467066447,True,True,True,valid,
E04,Z1,E04before_20220607_tanto-tanto_02_mono.wav,27,55296,57344,2048,False,analyzed_full_frame,0.7152089171,12.48577,0.713863,8.53373989591,-25.7916513994,1567.26133118,,True,True,False,no_valid_Q,
E04,Z1,E04before_20220607_tanto-tanto_02_mono.wav,28,57344,59392,2048,False,analyzed_full_frame,2.524835892,10.714259,3.306363,6.23795563138,-30.69827808,1397.0936886,,True,True,False,no_valid_Q,
E04,Z1,E04before_20220607_tanto-tanto_02_mono.wav,29,59392,61440,2048,False,analyzed_full_frame,3.14693186,12.5294,1.98804,8.47776244733,-30.7134134806,1544.84575766,,True,True,False,no_valid_Q,
E04,Z1,E04before_20220607_tanto-tanto_02_mono.wav,30,61440,63488,2048,False,analyzed_full_frame,10.53530562,12.069874,11.344978,12.0446493761,-19.9906296599,1756.26897222,7.97564851129,True,True,True,valid,
E04,Z1,E04before_20220607_tanto-tanto_02_mono.wav,31,63488,65536,2048,False,analyzed_full_frame,-3.29764349,11.957525,-2.212089,7.19965010324,-28.7244838576,1575.37202884,,True,True,False,no_valid_Q,
E04,Z1,E04before_20220607_tanto-tanto_02_mono.wav,32,65536,67584,2048,False,analyzed_full_frame,2.037446701,11.669423,3.139653,8.39940060862,-25.7829064578,1613.93777236,,True,True,False,no_valid_Q,
E04,Z1,E04before_20220607_tanto-tanto_02_mono.wav,33,67584,69632,2048,False,analyzed_full_frame,6.919190736,12.200052,7.556807,8.33796601186,-29.1564059709,1736.80126258,,True,True,False,no_valid_Q,
E04,Z1,E04before_20220607_tanto-tanto_02_mono.wav,34,69632,71680,2048,False,analyzed_full_frame,13.45536551,10.649618,15.94961,10.8704793389,-29.9822142813,1543.58665335,5.60545338419,True,True,True,valid,
E04,Z1,E04before_20220607_tanto-tanto_02_mono.wav,35,71680,73728,2048,False,analyzed_full_frame,5.372338837,10.121259,3.420454,10.2798498323,-22.0710201551,1701.31609912,,True,True,False,no_valid_Q,
E04,Z1,E04before_20220607_tanto-tanto_02_mono.wav,36,73728,75776,2048,False,analyzed_full_frame,12.34400138,9.016907,12.624211,6.7310042452,-30.7493862789,1402.52872312,,True,True,False,no_valid_Q,
E04,Z1,E04before_20220607_tanto-tanto_02_mono.wav,37,75776,77824,2048,False,analyzed_full_frame,7.001805288,7.799975,6.948966,5.99126188115,-25.320602947,1266.12632433,,True,True,False,no_valid_Q,
E04,Z1,E04before_20220607_tanto-tanto_02_mono.wav,38,77824,79872,2048,False,analyzed_full_frame,10.12046648,6.327717,7.776533,5.58015946902,-28.5981733318,1297.23846676,,True,True,False,no_valid_Q,
E04,Z1,E04before_20220607_tanto-tanto_02_mono.wav,39,79872,81920,2048,False,analyzed_full_frame,12.04067662,3.874504,8.351631,6.19381517037,-27.8370618716,2211.56220631,,True,True,False,no_valid_Q,
E04,Z1,E04before_20220607_tanto-tanto_02_mono.wav,40,81920,83968,2048,False,analyzed_full_frame,14.9141661,2.847751,11.255909,6.31283512597,-30.3154821202,2417.38168745,,True,True,False,no_valid_Q,
E04,Z1,E04before_20220607_tanto-tanto_02_mono.wav,41,83968,86016,2048,False,analyzed_full_frame,14.61345967,2.176238,6.973899,5.50225854654,-32.9961656766,2006.38206251,,True,True,False,no_valid_Q,
E04,Z1,E04before_20220607_tanto-tanto_02_mono.wav,42,86016,88064,2048,False,analyzed_full_frame,20.94493459,3.944917,2.92643,3.39186420945,-30.7930511923,1589.77290485,,True,True,False,no_valid_Q,
E04,Z1,E04before_20220607_tanto-tanto_02_mono.wav,43,88064,90112,2048,False,analyzed_full_frame,22.44027746,4.776105,4.974457,5.03275811579,-28.1165332586,1959.33401146,,True,True,False,no_valid_Q,
E04,Z1,E04before_20220607_tanto-tanto_02_mono.wav,44,90112,92160,2048,False,analyzed_full_frame,22.51428983,6.747405,-0.610673,5.69956586721,-21.9716604587,1977.89901782,,True,True,False,no_valid_Q,
E04,Z1,E04before_20220607_tanto-tanto_02_mono.wav,45,92160,94208,2048,False,analyzed_full_frame,19.24121084,9.664085,-4.33203,10.1844835462,-22.370182289,1974.84659193,,True,True,False,no_valid_Q,
E04,Z1,E04before_20220607_tanto-tanto_02_mono.wav,46,94208,96256,2048,False,analyzed_full_frame,11.94721148,9.607576,-9.397461,18.0044657318,-13.9924850018,2355.48786246,13.6036934379,True,True,True,valid,
E04,Z1,E04before_20220607_tanto-tanto_02_mono.wav,47,96256,98304,2048,False,analyzed_full_frame,13.9906952,10.455266,26.644698,16.1591191148,-17.5412637211,2197.03287789,7.94045074957,True,True,True,valid,
E04,Z1,E04before_20220607_tanto-tanto_02_mono.wav,48,98304,100352,2048,False,analyzed_full_frame,15.64580804,9.756919,-9.622052,12.3083867645,-19.6258455331,2057.26134277,5.10600866273,True,True,True,valid,
E04,Z1,E04before_20220607_tanto-tanto_02_mono.wav,49,100352,102400,2048,False,analyzed_full_frame,12.41242184,10.159376,-9.848151,22.2143207871,-14.9833420795,2314.52042439,10.4959443446,True,True,True,valid,
E04,Z1,E04before_20220607_tanto-tanto_02_mono.wav,50,102400,104448,2048,False,analyzed_full_frame,8.611734989,9.59323,-12.640996,20.2277098282,-18.4254696653,2272.32233617,8.93828789728,True,True,True,valid,
E04,Z1,E04before_20220607_tanto-tanto_02_mono.wav,51,104448,106496,2048,False,analyzed_full_frame,6.966219426,10.421875,34.979972,22.2685689545,-15.1599198688,2193.27590027,11.0864264766,True,True,True,valid,
E04,Z1,E04before_20220607_tanto-tanto_02_mono.wav,52,106496,108544,2048,False,analyzed_full_frame,17.8776096,7.291484,36.109605,13.580066249,-21.9512487698,1684.34437557,3.66217053307,True,True,True,valid,
E04,Z1,E04before_20220607_tanto-tanto_02_mono.wav,53,108544,110592,2048,False,analyzed_full_frame,16.58552519,6.114676,31.012948,11.0175308966,-19.5009284608,1374.17864496,,True,True,False,no_valid_Q,
E04,Z1,E04before_20220607_tanto-tanto_02_mono.wav,54,110592,112640,2048,False,analyzed_full_frame,12.58264436,3.12041,21.569529,13.2304395625,-27.4679762308,2676.30642614,,True,True,False,no_valid_Q,
E04,Z1,E04before_20220607_tanto-tanto_02_mono.wav,55,112640,114688,2048,False,analyzed_full_frame,8.771837882,3.347395,11.878006,14.1391015147,-18.1580565902,3219.58324673,,True,True,False,no_valid_Q,
E04,Z1,E04before_20220607_tanto-tanto_02_mono.wav,56,114688,115518,830,True,skipped_not_analyzed,,,,,,,,False,False,False,not_analyzed_short_final_frame,"Final partial frame has 830 samples (<2048); recorded only, not analyzed."
E04,Z2,E04after_20240223_tanto-tanto_02_mono.wav,0,0,2048,2048,False,analyzed_full_frame,15.4432561,2.481604,,13.8827823158,-28.6168179685,5787.66275395,,False,True,False,no_valid_Q,
E04,Z2,E04after_20240223_tanto-tanto_02_mono.wav,1,2048,4096,2048,False,analyzed_full_frame,13.66037351,2.307841,,9.68301749736,-34.0938418041,5369.76677213,,False,True,False,no_valid_Q,
E04,Z2,E04after_20240223_tanto-tanto_02_mono.wav,2,4096,6144,2048,False,analyzed_full_frame,16.61919156,1.40707,,8.80923785667,-37.9963220084,4918.42209602,,False,True,False,no_valid_Q,
E04,Z2,E04after_20240223_tanto-tanto_02_mono.wav,3,6144,8192,2048,False,analyzed_full_frame,-1.906314632,3.273504,-1.897022,13.3445556064,-20.5904770835,5178.6538092,,True,True,False,no_valid_Q,
E04,Z2,E04after_20240223_tanto-tanto_02_mono.wav,4,8192,10240,2048,False,analyzed_full_frame,4.274650084,4.12525,13.580263,17.8290911863,-20.5176082145,4117.52151136,,True,True,False,no_valid_Q,
E04,Z2,E04after_20240223_tanto-tanto_02_mono.wav,5,10240,12288,2048,False,analyzed_full_frame,7.285430377,7.213106,7.928209,7.91879430942,-31.3145727011,3009.315787,,True,True,False,no_valid_Q,
E04,Z2,E04after_20240223_tanto-tanto_02_mono.wav,6,12288,14336,2048,False,analyzed_full_frame,8.352165218,5.502496,8.584177,8.31398700826,-36.5084682144,3350.86998704,,True,True,False,no_valid_Q,
E04,Z2,E04after_20240223_tanto-tanto_02_mono.wav,7,14336,16384,2048,False,analyzed_full_frame,2.42563204,7.024481,3.184779,3.74787661327,-40.0692688081,2272.76608389,,True,True,False,no_valid_Q,
E04,Z2,E04after_20240223_tanto-tanto_02_mono.wav,8,16384,18432,2048,False,analyzed_full_frame,9.666694271,7.719519,9.643615,5.01810262843,-32.9231902475,2185.45027391,,True,True,False,no_valid_Q,
E04,Z2,E04after_20240223_tanto-tanto_02_mono.wav,9,18432,20480,2048,False,analyzed_full_frame,1.225057707,10.64431,1.689764,6.19284100901,-25.4657753666,1961.5047694,,True,True,False,no_valid_Q,
E04,Z2,E04after_20240223_tanto-tanto_02_mono.wav,10,20480,22528,2048,False,analyzed_full_frame,3.329429991,7.275418,3.51722,7.15381360001,-24.725310037,1651.97313485,,True,True,False,no_valid_Q,
E04,Z2,E04after_20240223_tanto-tanto_02_mono.wav,11,22528,24576,2048,False,analyzed_full_frame,13.51282085,9.246177,13.657006,12.5139605103,-22.9281353044,1776.68044846,8.54687016283,True,True,True,valid,
E04,Z2,E04after_20240223_tanto-tanto_02_mono.wav,12,24576,26624,2048,False,analyzed_full_frame,0.5128595729,10.119197,1.457582,12.0439528267,-15.7645337975,1883.12893822,,True,True,False,no_valid_Q,
E04,Z2,E04after_20240223_tanto-tanto_02_mono.wav,13,26624,28672,2048,False,analyzed_full_frame,8.072527236,9.960128,10.786134,11.5920064873,-20.5277108635,1729.18620415,3.89410851673,True,True,True,valid,
E04,Z2,E04after_20240223_tanto-tanto_02_mono.wav,14,28672,30720,2048,False,analyzed_full_frame,12.45888085,11.154163,13.142254,12.3204375868,-19.0301057136,1738.03077291,14.5173964168,True,True,True,valid,
E04,Z2,E04after_20240223_tanto-tanto_02_mono.wav,15,30720,32768,2048,False,analyzed_full_frame,1.311809688,9.543094,1.73263,10.1032110599,-17.4978047916,1698.78781164,,True,True,False,no_valid_Q,
E04,Z2,E04after_20240223_tanto-tanto_02_mono.wav,16,32768,34816,2048,False,analyzed_full_frame,5.373655858,10.574741,6.311798,10.7702888279,-19.8957814016,1743.14391842,,True,True,False,no_valid_Q,
E04,Z2,E04after_20240223_tanto-tanto_02_mono.wav,17,34816,36864,2048,False,analyzed_full_frame,2.469383649,9.905122,2.663882,9.71831248094,-20.2814878323,1781.06949069,,True,True,False,no_valid_Q,
E04,Z2,E04after_20240223_tanto-tanto_02_mono.wav,18,36864,38912,2048,False,analyzed_full_frame,8.6764922,10.778883,9.134001,7.87792672345,-28.320152123,1609.9743412,,True,True,False,no_valid_Q,
E04,Z2,E04after_20240223_tanto-tanto_02_mono.wav,19,38912,40960,2048,False,analyzed_full_frame,5.510790745,10.452445,5.587306,13.3956382093,-19.4291746658,1914.96767178,,True,True,False,no_valid_Q,
E04,Z2,E04after_20240223_tanto-tanto_02_mono.wav,20,40960,43008,2048,False,analyzed_full_frame,-2.903109913,12.273424,-0.728332,20.6775197073,-13.021768926,2123.80926219,9.54457399597,True,True,True,valid,
E04,Z2,E04after_20240223_tanto-tanto_02_mono.wav,21,43008,45056,2048,False,analyzed_full_frame,3.159152224,12.711959,3.781052,14.652347167,-20.7226724083,1822.98126877,4.90078649046,True,True,True,valid,
E04,Z2,E04after_20240223_tanto-tanto_02_mono.wav,22,45056,47104,2048,False,analyzed_full_frame,3.248555782,11.985032,4.397933,8.83270637016,-26.1892260214,1558.45550451,,True,True,False,no_valid_Q,
E04,Z2,E04after_20240223_tanto-tanto_02_mono.wav,23,47104,49152,2048,False,analyzed_full_frame,0.0150325901,13.487681,-0.184205,4.9046286088,-37.4834038073,1464.2819574,,True,True,False,no_valid_Q,
E04,Z2,E04after_20240223_tanto-tanto_02_mono.wav,24,49152,51200,2048,False,analyzed_full_frame,-2.210505132,13.746269,-1.670657,11.1400193834,-23.6130721663,1711.7153681,,True,True,False,no_valid_Q,
E04,Z2,E04after_20240223_tanto-tanto_02_mono.wav,25,51200,53248,2048,False,analyzed_full_frame,1.476821669,12.462026,2.849564,12.2098953644,-16.9937617542,1761.97104246,,True,True,False,no_valid_Q,
E04,Z2,E04after_20240223_tanto-tanto_02_mono.wav,26,53248,55296,2048,False,analyzed_full_frame,-5.587305801,12.253014,-5.842158,13.7254371979,-20.4777237056,2190.78954637,,True,True,False,no_valid_Q,
E04,Z2,E04after_20240223_tanto-tanto_02_mono.wav,27,55296,57344,2048,False,analyzed_full_frame,3.129397256,12.211687,4.023729,8.71447505443,-28.5973212129,1706.81161672,,True,True,False,no_valid_Q,
E04,Z2,E04after_20240223_tanto-tanto_02_mono.wav,28,57344,59392,2048,False,analyzed_full_frame,1.25283956,11.475976,4.661802,14.9996070922,-21.4929832498,2227.13387866,,True,True,False,no_valid_Q,
E04,Z2,E04after_20240223_tanto-tanto_02_mono.wav,29,59392,61440,2048,False,analyzed_full_frame,3.041564655,11.167804,5.267497,15.4710046227,-18.5362325967,1909.26208354,,True,True,False,no_valid_Q,
E04,Z2,E04after_20240223_tanto-tanto_02_mono.wav,30,61440,63488,2048,False,analyzed_full_frame,-0.5707431517,12.862557,2.200571,17.3017533531,-16.294021065,2255.92064752,,True,True,False,no_valid_Q,
E04,Z2,E04after_20240223_tanto-tanto_02_mono.wav,31,63488,65536,2048,False,analyzed_full_frame,1.651622506,11.318146,2.018331,11.1996280673,-23.7533606095,2000.37683928,,True,True,False,no_valid_Q,
E04,Z2,E04after_20240223_tanto-tanto_02_mono.wav,32,65536,67584,2048,False,analyzed_full_frame,-1.237103378,9.754859,-0.246706,10.9516133359,-22.6218950106,2236.78035199,,True,True,False,no_valid_Q,
E04,Z2,E04after_20240223_tanto-tanto_02_mono.wav,33,67584,69632,2048,False,analyzed_full_frame,-6.168215825,9.121992,-6.432517,12.430346571,-21.5384407526,2223.77213099,,True,True,False,no_valid_Q,
E04,Z2,E04after_20240223_tanto-tanto_02_mono.wav,34,69632,71680,2048,False,analyzed_full_frame,-1.711297834,10.867629,-0.940933,13.8077548419,-17.8459904254,1916.15449728,,True,True,False,no_valid_Q,
E04,Z2,E04after_20240223_tanto-tanto_02_mono.wav,35,71680,73728,2048,False,analyzed_full_frame,-3.866161025,10.476118,-3.352844,12.649556062,-20.7981856822,1811.47644824,5.68635173965,True,True,True,valid,
E04,Z2,E04after_20240223_tanto-tanto_02_mono.wav,36,73728,75776,2048,False,analyzed_full_frame,-3.725496011,11.508862,-7.033456,14.0460874574,-21.9174624087,2050.82267792,,True,True,False,no_valid_Q,
E04,Z2,E04after_20240223_tanto-tanto_02_mono.wav,37,75776,77824,2048,False,analyzed_full_frame,-10.27420928,7.713674,-9.533796,12.7724650734,-18.9092310281,2238.35200506,,True,True,False,no_valid_Q,
E04,Z2,E04after_20240223_tanto-tanto_02_mono.wav,38,77824,79872,2048,False,analyzed_full_frame,1.413411304,7.387594,1.234152,10.8528883623,-22.7781684417,2707.75894278,,True,True,False,no_valid_Q,
E04,Z2,E04after_20240223_tanto-tanto_02_mono.wav,39,79872,81920,2048,False,analyzed_full_frame,-2.471267317,6.611097,-6.504939,12.8933446064,-21.3723535371,3442.32028343,,True,True,False,no_valid_Q,
E04,Z2,E04after_20240223_tanto-tanto_02_mono.wav,40,81920,83968,2048,False,analyzed_full_frame,2.034123829,3.45388,0.693125,12.6989694524,-25.7172662408,3778.68409565,,True,True,False,no_valid_Q,
E04,Z2,E04after_20240223_tanto-tanto_02_mono.wav,41,83968,86016,2048,False,analyzed_full_frame,16.51699455,5.091964,3.46973,8.05702819711,-31.1231587526,2932.95640338,,True,True,False,no_valid_Q,
E04,Z2,E04after_20240223_tanto-tanto_02_mono.wav,42,86016,88064,2048,False,analyzed_full_frame,21.15683743,7.779656,41.337792,7.27055560228,-25.7764152766,2191.00617794,,True,True,False,no_valid_Q,
E04,Z2,E04after_20240223_tanto-tanto_02_mono.wav,43,88064,90112,2048,False,analyzed_full_frame,25.48468063,8.37189,44.448858,7.13309152232,-29.914727909,1761.60582955,5.04672010976,True,True,True,valid,
E04,Z2,E04after_20240223_tanto-tanto_02_mono.wav,44,90112,92160,2048,False,analyzed_full_frame,22.69098453,8.797327,38.024581,11.138275066,-28.769567098,2076.38939465,10.1577661674,True,True,True,valid,
E04,Z2,E04after_20240223_tanto-tanto_02_mono.wav,45,92160,94208,2048,False,analyzed_full_frame,22.01437714,9.395231,40.472705,10.9418477819,-25.530187935,1927.87580613,8.73287287714,True,True,True,valid,
E04,Z2,E04after_20240223_tanto-tanto_02_mono.wav,46,94208,96256,2048,False,analyzed_full_frame,22.81164563,10.352237,40.943913,11.0712774954,-28.6881355767,1809.38884939,15.8929756012,True,True,True,valid,
E04,Z2,E04after_20240223_tanto-tanto_02_mono.wav,47,96256,98304,2048,False,analyzed_full_frame,19.00663729,10.876182,37.817339,12.9168953898,-22.4961496477,2002.05847756,22.4944539026,True,True,True,valid,
E04,Z2,E04after_20240223_tanto-tanto_02_mono.wav,48,98304,100352,2048,False,analyzed_full_frame,17.66784131,12.076157,35.084761,19.6312543418,-22.3028390731,2359.51914366,16.2870175239,True,True,True,valid,
E04,Z2,E04after_20240223_tanto-tanto_02_mono.wav,49,100352,102400,2048,False,analyzed_full_frame,17.96413643,11.253948,36.057395,17.1823716881,-19.7070136283,1975.63052917,15.079785163,True,True,True,valid,
E04,Z2,E04after_20240223_tanto-tanto_02_mono.wav,50,102400,104448,2048,False,analyzed_full_frame,14.64257868,12.424767,35.415865,24.9811850997,-19.7155562348,2240.01043352,35.790015178,True,True,True,valid,
E04,Z2,E04after_20240223_tanto-tanto_02_mono.wav,51,104448,106496,2048,False,analyzed_full_frame,20.60072321,11.076845,46.109097,13.1939805059,-22.8855175457,1661.50476454,26.330540026,True,True,True,valid,
E04,Z2,E04after_20240223_tanto-tanto_02_mono.wav,52,106496,108544,2048,False,analyzed_full_frame,12.24097212,9.408341,-1.612923,18.0770220045,-11.4673672787,2592.25325357,11.8004863724,True,True,True,valid,
E04,Z2,E04after_20240223_tanto-tanto_02_mono.wav,53,108544,110592,2048,False,analyzed_full_frame,18.26554065,7.650367,-6.813921,15.2955565306,-24.7049713494,2317.70398104,3.5711019009,True,True,True,valid,
E04,Z2,E04after_20240223_tanto-tanto_02_mono.wav,54,110592,112640,2048,False,analyzed_full_frame,9.920234086,4.850321,23.790822,23.7109512156,-18.7982973081,4328.7166441,,True,True,False,no_valid_Q,
E04,Z2,E04after_20240223_tanto-tanto_02_mono.wav,55,112640,114514,1874,True,skipped_not_analyzed,,,,,,,,False,False,False,not_analyzed_short_final_frame,"Final partial frame has 1874 samples (<2048); recorded only, not analyzed."
E05,Z1,E05before_tanto-tanto_20220531_caro-mio-ben_02_mono.wav,0,0,2048,2048,False,analyzed_full_frame,16.23120183,4.279591,,7.63468692479,-32.0234263961,1855.29116675,,False,True,False,no_valid_Q,
E05,Z1,E05before_tanto-tanto_20220531_caro-mio-ben_02_mono.wav,1,2048,4096,2048,False,analyzed_full_frame,14.39186713,4.356484,,6.08684225925,-37.8601089399,1724.0208362,,False,True,False,no_valid_Q,
E05,Z1,E05before_tanto-tanto_20220531_caro-mio-ben_02_mono.wav,2,4096,6144,2048,False,analyzed_full_frame,22.39733392,4.006375,,3.3868647766,-40.8374815357,1108.5111746,,False,True,False,no_valid_Q,
E05,Z1,E05before_tanto-tanto_20220531_caro-mio-ben_02_mono.wav,3,6144,8192,2048,False,analyzed_full_frame,18.13057271,4.163835,,3.74645248617,-41.3407281547,1513.3664144,,False,True,False,no_valid_Q,
E05,Z1,E05before_tanto-tanto_20220531_caro-mio-ben_02_mono.wav,4,8192,10240,2048,False,analyzed_full_frame,11.94613471,4.151827,9.666265,3.10981544876,-38.5579823126,1285.92009319,,True,True,False,no_valid_Q,
E05,Z1,E05before_tanto-tanto_20220531_caro-mio-ben_02_mono.wav,5,10240,12288,2048,False,analyzed_full_frame,-7.826673765,8.819714,-7.728646,4.26752589796,-32.757724795,1397.59764357,,True,True,False,no_valid_Q,
E05,Z1,E05before_tanto-tanto_20220531_caro-mio-ben_02_mono.wav,6,12288,14336,2048,False,analyzed_full_frame,-6.224340361,8.440871,-5.170135,5.77103703841,-22.576787138,1462.47752374,6.10858255477,True,True,True,valid,
E05,Z1,E05before_tanto-tanto_20220531_caro-mio-ben_02_mono.wav,7,14336,16384,2048,False,analyzed_full_frame,-8.661318407,8.391331,-9.747889,5.38892976451,-24.7604363759,1219.03350372,20.2355223874,True,True,True,valid,
E05,Z1,E05before_tanto-tanto_20220531_caro-mio-ben_02_mono.wav,8,16384,18432,2048,False,analyzed_full_frame,-11.56580414,9.773589,-10.886421,4.82034904872,-26.6214317665,1322.78473685,12.1047120296,True,True,True,valid,
E05,Z1,E05before_tanto-tanto_20220531_caro-mio-ben_02_mono.wav,9,18432,20480,2048,False,analyzed_full_frame,-12.23009196,10.287502,-11.29198,7.89985836037,-24.9454523773,1557.92643694,17.4759565205,True,True,True,valid,
E05,Z1,E05before_tanto-tanto_20220531_caro-mio-ben_02_mono.wav,10,20480,22528,2048,False,analyzed_full_frame,-10.86906449,9.613277,-11.463791,9.85322352783,-21.3076192376,1372.65746658,59.7516546072,True,True,True,valid,
E05,Z1,E05before_tanto-tanto_20220531_caro-mio-ben_02_mono.wav,11,22528,24576,2048,False,analyzed_full_frame,-4.351737108,9.185219,-3.479729,11.465120298,-17.4986239895,1518.61948119,31.7774950554,True,True,True,valid,
E05,Z1,E05before_tanto-tanto_20220531_caro-mio-ben_02_mono.wav,12,24576,26624,2048,False,analyzed_full_frame,-8.030994922,10.915203,-7.771498,11.4505851533,-20.7745392388,1521.45592738,31.7267186944,True,True,True,valid,
E05,Z1,E05before_tanto-tanto_20220531_caro-mio-ben_02_mono.wav,13,26624,28672,2048,False,analyzed_full_frame,-13.18150703,10.445982,-13.266662,14.502801324,-19.57335263,1714.09903056,29.6450861353,True,True,True,valid,
E05,Z1,E05before_tanto-tanto_20220531_caro-mio-ben_02_mono.wav,14,28672,30720,2048,False,analyzed_full_frame,-21.94558532,10.997291,-24.906432,11.8337549367,-26.0027364707,1606.7092061,37.8477970673,True,True,True,valid,
E05,Z1,E05before_tanto-tanto_20220531_caro-mio-ben_02_mono.wav,15,30720,32768,2048,False,analyzed_full_frame,-10.56186555,10.576877,-10.660343,12.6946083154,-20.8411378492,1539.48573933,94.1579408303,True,True,True,valid,
E05,Z1,E05before_tanto-tanto_20220531_caro-mio-ben_02_mono.wav,16,32768,34816,2048,False,analyzed_full_frame,-16.43055005,10.463417,-17.866922,20.8326276128,-12.370114074,1797.90765905,95.857820143,True,True,True,valid,
E05,Z1,E05before_tanto-tanto_20220531_caro-mio-ben_02_mono.wav,17,34816,36864,2048,False,analyzed_full_frame,-15.30569581,12.656384,-13.933291,15.0211371852,-22.0114584788,1732.80713956,45.1697544153,True,True,True,valid,
E05,Z1,E05before_tanto-tanto_20220531_caro-mio-ben_02_mono.wav,18,36864,38912,2048,False,analyzed_full_frame,-13.91047972,11.401202,-14.244024,13.4957305728,-24.2247166759,1648.85684487,39.8959082028,True,True,True,valid,
E05,Z1,E05before_tanto-tanto_20220531_caro-mio-ben_02_mono.wav,19,38912,40960,2048,False,analyzed_full_frame,-15.37405415,10.843176,-17.065251,23.3066370796,-17.3314883795,1994.86229652,26.7340408975,True,True,True,valid,
E05,Z1,E05before_tanto-tanto_20220531_caro-mio-ben_02_mono.wav,20,40960,43008,2048,False,analyzed_full_frame,-8.660974618,11.102219,-9.387694,18.8266710385,-15.5759855023,1764.58667404,21.2738139067,True,True,True,valid,
E05,Z1,E05before_tanto-tanto_20220531_caro-mio-ben_02_mono.wav,21,43008,45056,2048,False,analyzed_full_frame,-11.93292531,11.098986,-13.182045,10.4757480079,-26.4199990164,1513.51674111,21.2544593485,True,True,True,valid,
E05,Z1,E05before_tanto-tanto_20220531_caro-mio-ben_02_mono.wav,22,45056,47104,2048,False,analyzed_full_frame,-12.89396557,11.789368,-13.223732,9.50202126477,-27.5941306185,1461.8335861,19.3462310629,True,True,True,valid,
E05,Z1,E05before_tanto-tanto_20220531_caro-mio-ben_02_mono.wav,23,47104,49152,2048,False,analyzed_full_frame,-9.892038883,11.349894,-10.246176,13.4120148939,-21.06270738,1574.98334412,34.4021834773,True,True,True,valid,
E05,Z1,E05before_tanto-tanto_20220531_caro-mio-ben_02_mono.wav,24,49152,51200,2048,False,analyzed_full_frame,-25.85969209,10.519245,-27.692944,7.67068860561,-31.6474911929,1558.80675429,16.7119482446,True,True,True,valid,
E05,Z1,E05before_tanto-tanto_20220531_caro-mio-ben_02_mono.wav,25,51200,53248,2048,False,analyzed_full_frame,-14.23499667,10.795561,-14.230163,8.14355183191,-27.7024241551,1511.68961545,18.7613662047,True,True,True,valid,
E05,Z1,E05before_tanto-tanto_20220531_caro-mio-ben_02_mono.wav,26,53248,55296,2048,False,analyzed_full_frame,-17.38222752,10.290196,-17.677804,9.6820525965,-28.5228922091,1693.75608962,10.2915430528,True,True,True,valid,
E05,Z1,E05before_tanto-tanto_20220531_caro-mio-ben_02_mono.wav,27,55296,57344,2048,False,analyzed_full_frame,-21.00802763,11.081865,-21.846301,6.9112142606,-32.8496665116,1547.54714956,11.6362772664,True,True,True,valid,
E05,Z1,E05before_tanto-tanto_20220531_caro-mio-ben_02_mono.wav,28,57344,59392,2048,False,analyzed_full_frame,-6.746823961,10.879304,-7.184424,10.6917795434,-24.062633598,1542.85389038,8.45306163723,True,True,True,valid,
E05,Z1,E05before_tanto-tanto_20220531_caro-mio-ben_02_mono.wav,29,59392,61440,2048,False,analyzed_full_frame,-9.679254318,9.890805,-12.314375,5.49752809071,-32.3901459353,1379.54261805,,True,True,False,no_valid_Q,
E05,Z1,E05before_tanto-tanto_20220531_caro-mio-ben_02_mono.wav,30,61440,63488,2048,False,analyzed_full_frame,2.283800498,9.114107,2.166145,7.35791676069,-21.879620714,1290.31404082,,True,True,False,no_valid_Q,
E05,Z1,E05before_tanto-tanto_20220531_caro-mio-ben_02_mono.wav,31,63488,65536,2048,False,analyzed_full_frame,1.392592088,9.0968,-1.609395,11.7054360889,-16.6961889561,1663.40823215,7.80152091933,True,True,True,valid,
E05,Z1,E05before_tanto-tanto_20220531_caro-mio-ben_02_mono.wav,32,65536,67584,2048,False,analyzed_full_frame,9.463858206,3.936807,-0.1494,8.12141612426,-26.263705984,3028.76428239,,True,True,False,no_valid_Q,
E05,Z1,E05before_tanto-tanto_20220531_caro-mio-ben_02_mono.wav,33,67584,69632,2048,False,analyzed_full_frame,9.57218306,4.516581,-0.134422,6.52424316079,-31.4407360635,1838.31126539,,True,True,False,no_valid_Q,
E05,Z1,E05before_tanto-tanto_20220531_caro-mio-ben_02_mono.wav,34,69632,71680,2048,False,analyzed_full_frame,14.86963536,3.063472,,4.12511328712,-37.5714678046,1444.07462792,,False,True,False,no_valid_Q,
E05,Z1,E05before_tanto-tanto_20220531_caro-mio-ben_02_mono.wav,35,71680,73728,2048,False,analyzed_full_frame,24.91086079,4.790506,25.383201,1.42380274371,-47.0243694576,736.475809259,,True,True,False,no_valid_Q,
E05,Z1,E05before_tanto-tanto_20220531_caro-mio-ben_02_mono.wav,36,73728,75776,2048,False,analyzed_full_frame,23.75177245,6.323932,-5.166352,3.36946723,-28.2412859724,1218.85206202,,True,True,False,no_valid_Q,
E05,Z1,E05before_tanto-tanto_20220531_caro-mio-ben_02_mono.wav,37,75776,77824,2048,False,analyzed_full_frame,23.68733272,7.233153,1.024527,4.03315826714,-29.6036389581,1122.9360498,,True,True,False,no_valid_Q,
E05,Z1,E05before_tanto-tanto_20220531_caro-mio-ben_02_mono.wav,38,77824,79872,2048,False,analyzed_full_frame,22.05644989,7.412914,46.673467,3.52563255718,-29.1631015466,1156.50560202,,True,True,False,no_valid_Q,
E05,Z1,E05before_tanto-tanto_20220531_caro-mio-ben_02_mono.wav,39,79872,81920,2048,False,analyzed_full_frame,24.7343098,8.120315,44.191431,3.17941200021,-31.0931917924,1095.18710545,,True,True,False,no_valid_Q,
E05,Z1,E05before_tanto-tanto_20220531_caro-mio-ben_02_mono.wav,40,81920,83968,2048,False,analyzed_full_frame,24.97417441,9.99052,38.293578,5.02400015785,-29.8741319011,1167.07545644,,True,True,False,no_valid_Q,
E05,Z1,E05before_tanto-tanto_20220531_caro-mio-ben_02_mono.wav,41,83968,86016,2048,False,analyzed_full_frame,30.69331131,8.099186,41.354075,3.68336900291,-37.5964320912,924.933305013,,True,True,False,no_valid_Q,
E05,Z1,E05before_tanto-tanto_20220531_caro-mio-ben_02_mono.wav,42,86016,88064,2048,False,analyzed_full_frame,22.19471403,8.849941,46.5181,7.49180441845,-28.7518914063,1317.02585255,,True,True,False,no_valid_Q,
E05,Z1,E05before_tanto-tanto_20220531_caro-mio-ben_02_mono.wav,43,88064,90112,2048,False,analyzed_full_frame,27.36674859,8.670367,-8.451427,6.30949621823,-33.7994539706,1211.17123726,11.5180180954,True,True,True,valid,
E05,Z1,E05before_tanto-tanto_20220531_caro-mio-ben_02_mono.wav,44,90112,92160,2048,False,analyzed_full_frame,21.54976721,8.109664,-6.553349,9.33255996288,-23.1015923716,1257.05596301,5.96027737498,True,True,True,valid,
E05,Z1,E05before_tanto-tanto_20220531_caro-mio-ben_02_mono.wav,45,92160,94208,2048,False,analyzed_full_frame,20.59371211,8.634911,-1.587511,9.56075803852,-27.4103095784,1299.75578152,,True,True,False,no_valid_Q,
E05,Z1,E05before_tanto-tanto_20220531_caro-mio-ben_02_mono.wav,46,94208,96256,2048,False,analyzed_full_frame,12.94119924,10.858455,27.731175,16.5388184293,-15.4273825869,1672.73971659,7.69117682455,True,True,True,valid,
E05,Z1,E05before_tanto-tanto_20220531_caro-mio-ben_02_mono.wav,47,96256,96674,418,True,skipped_not_analyzed,,,,,,,,False,False,False,not_analyzed_short_final_frame,"Final partial frame has 418 samples (<2048); recorded only, not analyzed."
E05,Z2,E05after_tanto-tanto240206_0629caro-2_mono.wav,0,0,2048,2048,False,analyzed_full_frame,7.73416156,2.087883,,5.61915727824,-38.4532519848,2486.49629051,,False,True,False,no_valid_Q,
E05,Z2,E05after_tanto-tanto240206_0629caro-2_mono.wav,1,2048,4096,2048,False,analyzed_full_frame,10.17359391,5.909295,15.491546,10.1423062335,-29.2068655805,4110.2988339,,True,True,False,no_valid_Q,
E05,Z2,E05after_tanto-tanto240206_0629caro-2_mono.wav,2,4096,6144,2048,False,analyzed_full_frame,-15.12537177,8.666395,39.800779,4.44243600834,-32.0649572159,2033.20424686,,True,True,False,no_valid_Q,
E05,Z2,E05after_tanto-tanto240206_0629caro-2_mono.wav,3,6144,8192,2048,False,analyzed_full_frame,-8.365461409,8.45369,-8.359582,6.7176648769,-24.4378857962,1812.16284115,,True,True,False,no_valid_Q,
E05,Z2,E05after_tanto-tanto240206_0629caro-2_mono.wav,4,8192,10240,2048,False,analyzed_full_frame,-4.424938966,11.399984,-4.915731,10.8627731625,-18.1064133991,1883.99214513,8.84626278493,True,True,True,valid,
E05,Z2,E05after_tanto-tanto240206_0629caro-2_mono.wav,5,10240,12288,2048,False,analyzed_full_frame,-3.150256337,9.822727,-3.176426,16.7896685309,-15.7889117946,1951.48509354,22.924041432,True,True,True,valid,
E05,Z2,E05after_tanto-tanto240206_0629caro-2_mono.wav,6,12288,14336,2048,False,analyzed_full_frame,-26.47017527,10.957994,48.900077,11.4682284023,-29.1589235746,1731.79701793,10.9497778057,True,True,True,valid,
E05,Z2,E05after_tanto-tanto240206_0629caro-2_mono.wav,7,14336,16384,2048,False,analyzed_full_frame,-10.63500096,12.561122,-9.645171,18.9249096003,-17.1616833349,1777.31801935,43.3277402218,True,True,True,valid,
E05,Z2,E05after_tanto-tanto240206_0629caro-2_mono.wav,8,16384,18432,2048,False,analyzed_full_frame,0.06336190204,10.22462,1.552268,27.9735553969,-9.8238686228,1997.85048384,22.3462605948,True,True,True,valid,
E05,Z2,E05after_tanto-tanto240206_0629caro-2_mono.wav,9,18432,20480,2048,False,analyzed_full_frame,-20.50454463,10.212875,,19.545157346,-22.9533871452,1841.01875616,21.5610115755,False,True,True,valid,
E05,Z2,E05after_tanto-tanto240206_0629caro-2_mono.wav,10,20480,22528,2048,False,analyzed_full_frame,-20.53281849,10.112119,43.213243,14.381190888,-25.9939034645,1679.49446062,22.5010931828,True,True,True,valid,
E05,Z2,E05after_tanto-tanto240206_0629caro-2_mono.wav,11,22528,24576,2048,False,analyzed_full_frame,-5.658817866,13.06192,-3.453116,24.0689800115,-10.3276105312,1811.47952851,31.4841334427,True,True,True,valid,
E05,Z2,E05after_tanto-tanto240206_0629caro-2_mono.wav,12,24576,26624,2048,False,analyzed_full_frame,-10.4459728,10.258379,-9.011363,31.1243915459,-15.0128569088,2110.68030178,19.5103851213,True,True,True,valid,
E05,Z2,E05after_tanto-tanto240206_0629caro-2_mono.wav,13,26624,28672,2048,False,analyzed_full_frame,-25.62536065,9.069813,,19.4043475924,-20.9282414243,1910.7752365,20.7073130068,False,True,True,valid,
E05,Z2,E05after_tanto-tanto240206_0629caro-2_mono.wav,14,28672,30720,2048,False,analyzed_full_frame,-16.8757063,10.586714,,19.1548141245,-21.242997844,1907.57733526,18.7577100339,False,True,True,valid,
E05,Z2,E05after_tanto-tanto240206_0629caro-2_mono.wav,15,30720,32768,2048,False,analyzed_full_frame,-4.08682542,13.190656,-3.67298,33.9170688969,-4.97258838752,2383.95856031,25.2545427992,True,True,True,valid,
E05,Z2,E05after_tanto-tanto240206_0629caro-2_mono.wav,16,32768,34816,2048,False,analyzed_full_frame,-6.854264306,11.22351,-6.331532,32.8613877553,-9.05006230486,2106.73293179,15.7458445159,True,True,True,valid,
E05,Z2,E05after_tanto-tanto240206_0629caro-2_mono.wav,17,34816,36864,2048,False,analyzed_full_frame,-20.36452155,10.902417,-20.454751,22.9592435947,-14.9206133425,1966.43417816,28.3205102995,True,True,True,valid,
E05,Z2,E05after_tanto-tanto240206_0629caro-2_mono.wav,18,36864,38912,2048,False,analyzed_full_frame,-16.24260964,14.102325,-14.885362,29.3807585989,-12.3866645482,2233.25107281,21.4287657483,True,True,True,valid,
E05,Z2,E05after_tanto-tanto240206_0629caro-2_mono.wav,19,38912,40960,2048,False,analyzed_full_frame,-9.039636917,11.740831,-9.211296,29.658578467,-13.7809614807,2223.46080675,12.9103330962,True,True,True,valid,
E05,Z2,E05after_tanto-tanto240206_0629caro-2_mono.wav,20,40960,43008,2048,False,analyzed_full_frame,-13.29499397,12.302852,-13.025225,33.0699325546,-13.2018611533,2241.70404979,19.1081644295,True,True,True,valid,
E05,Z2,E05after_tanto-tanto240206_0629caro-2_mono.wav,21,43008,45056,2048,False,analyzed_full_frame,-13.44211745,11.839461,-13.700237,22.6573222386,-20.2168059011,1931.0731638,15.5377610391,True,True,True,valid,
E05,Z2,E05after_tanto-tanto240206_0629caro-2_mono.wav,22,45056,47104,2048,False,analyzed_full_frame,-26.7025354,12.907742,39.632047,22.1483618721,-18.1269426967,1864.34350839,37.5452185768,True,True,True,valid,
E05,Z2,E05after_tanto-tanto240206_0629caro-2_mono.wav,23,47104,49152,2048,False,analyzed_full_frame,-7.177511042,10.87106,-6.493343,20.0970780483,-17.4763841892,1732.48770575,11.1157969639,True,True,True,valid,
E05,Z2,E05after_tanto-tanto240206_0629caro-2_mono.wav,24,49152,51200,2048,False,analyzed_full_frame,-7.579656874,8.415153,46.85289,14.4227894786,-11.468790405,1574.66047456,18.3546500754,True,True,True,valid,
E05,Z2,E05after_tanto-tanto240206_0629caro-2_mono.wav,25,51200,53248,2048,False,analyzed_full_frame,-4.744079184,8.087967,-6.152287,16.6122181342,-15.0940622278,1625.45500486,12.9697752597,True,True,True,valid,
E05,Z2,E05after_tanto-tanto240206_0629caro-2_mono.wav,26,53248,55296,2048,False,analyzed_full_frame,-3.626797725,7.111466,43.55156,9.07962630133,-27.4783299469,1404.66580361,,True,True,False,no_valid_Q,
E05,Z2,E05after_tanto-tanto240206_0629caro-2_mono.wav,27,55296,57344,2048,False,analyzed_full_frame,-1.480455121,6.490095,-6.875368,8.80536312269,-24.429417142,1826.73151807,,True,True,False,no_valid_Q,
E05,Z2,E05after_tanto-tanto240206_0629caro-2_mono.wav,28,57344,59392,2048,False,analyzed_full_frame,-0.2029492719,6.344088,34.012504,6.29617261742,-34.1853389221,1915.32230476,,True,True,False,no_valid_Q,
E05,Z2,E05after_tanto-tanto240206_0629caro-2_mono.wav,29,59392,61440,2048,False,analyzed_full_frame,2.276521854,4.757098,8.563596,15.9983390118,-27.0002577862,3814.33326855,,True,True,False,no_valid_Q,
E05,Z2,E05after_tanto-tanto240206_0629caro-2_mono.wav,30,61440,63488,2048,False,analyzed_full_frame,17.7898342,5.860112,12.543677,6.95858930391,-31.2129947939,2523.76307997,,True,True,False,no_valid_Q,
E05,Z2,E05after_tanto-tanto240206_0629caro-2_mono.wav,31,63488,65536,2048,False,analyzed_full_frame,23.07674595,7.11582,4.141014,3.17823720703,-40.8012095892,1657.28053873,,True,True,False,no_valid_Q,
E05,Z2,E05after_tanto-tanto240206_0629caro-2_mono.wav,32,65536,67584,2048,False,analyzed_full_frame,17.75728103,11.001424,7.339422,9.05114508933,-24.2354963795,1632.17792495,6.6743361442,True,True,True,valid,
E05,Z2,E05after_tanto-tanto240206_0629caro-2_mono.wav,33,67584,69632,2048,False,analyzed_full_frame,9.403129644,10.963108,2.866748,28.7821764146,-16.3577684377,2395.13713706,19.0851063851,True,True,True,valid,
E05,Z2,E05after_tanto-tanto240206_0629caro-2_mono.wav,34,69632,71680,2048,False,analyzed_full_frame,9.937944349,11.531723,6.034068,23.1290112053,-15.5966637225,1984.35768241,22.270062515,True,True,True,valid,
E05,Z2,E05after_tanto-tanto240206_0629caro-2_mono.wav,35,71680,73728,2048,False,analyzed_full_frame,18.64253256,11.352099,-6.675752,14.9640451602,-21.7949528068,1466.90008444,21.7469443495,True,True,True,valid,
E05,Z2,E05after_tanto-tanto240206_0629caro-2_mono.wav,36,73728,75776,2048,False,analyzed_full_frame,15.70676132,10.950308,-6.862064,19.4205639346,-22.9789816326,1623.26840885,19.9112009512,True,True,True,valid,
E05,Z2,E05after_tanto-tanto240206_0629caro-2_mono.wav,37,75776,77824,2048,False,analyzed_full_frame,9.570434235,8.54077,45.655172,17.0174600906,-20.3249278317,1858.57308704,9.53204715909,True,True,True,valid,
E05,Z2,E05after_tanto-tanto240206_0629caro-2_mono.wav,38,77824,79872,2048,False,analyzed_full_frame,15.35631428,12.000259,-4.670777,22.0248686168,-22.1054523329,1805.18825016,18.2417439787,True,True,True,valid,
E05,Z2,E05after_tanto-tanto240206_0629caro-2_mono.wav,39,79872,81223,1351,True,skipped_not_analyzed,,,,,,,,False,False,False,not_analyzed_short_final_frame,"Final partial frame has 1351 samples (<2048); recorded only, not analyzed."
E06,Z1,E06before_tanto-tanto_20220607_caro-mio-ben_02_mono.wav,0,0,2048,2048,False,analyzed_full_frame,14.97747445,3.193989,28.57798,10.5597553018,-28.5474212629,2202.05494545,,True,True,False,no_valid_Q,
E06,Z1,E06before_tanto-tanto_20220607_caro-mio-ben_02_mono.wav,1,2048,4096,2048,False,analyzed_full_frame,19.61841108,3.008285,34.425071,4.84335617393,-34.6006582638,1680.07253946,,True,True,False,no_valid_Q,
E06,Z1,E06before_tanto-tanto_20220607_caro-mio-ben_02_mono.wav,2,4096,6144,2048,False,analyzed_full_frame,21.79490174,3.633619,,3.32351679923,-42.92474149,1373.77994865,,False,True,False,no_valid_Q,
E06,Z1,E06before_tanto-tanto_20220607_caro-mio-ben_02_mono.wav,3,6144,8192,2048,False,analyzed_full_frame,23.6114447,4.281216,,2.48595309765,-46.0182112813,1002.43380781,,False,True,False,no_valid_Q,
E06,Z1,E06before_tanto-tanto_20220607_caro-mio-ben_02_mono.wav,4,8192,10240,2048,False,analyzed_full_frame,16.18683659,4.388981,20.622526,4.62537458809,-30.0432044836,1996.3783191,,True,True,False,no_valid_Q,
E06,Z1,E06before_tanto-tanto_20220607_caro-mio-ben_02_mono.wav,5,10240,12288,2048,False,analyzed_full_frame,11.44311615,9.394316,12.821355,5.80512345753,-35.0384788976,1441.57454853,,True,True,False,no_valid_Q,
E06,Z1,E06before_tanto-tanto_20220607_caro-mio-ben_02_mono.wav,6,12288,14336,2048,False,analyzed_full_frame,-0.6754782049,8.248666,-0.544967,4.71926794183,-24.6895395838,1402.27998489,,True,True,False,no_valid_Q,
E06,Z1,E06before_tanto-tanto_20220607_caro-mio-ben_02_mono.wav,7,14336,16384,2048,False,analyzed_full_frame,-5.076949981,8.214033,-4.407784,3.44736800475,-34.221885689,1521.03939884,,True,True,False,no_valid_Q,
E06,Z1,E06before_tanto-tanto_20220607_caro-mio-ben_02_mono.wav,8,16384,18432,2048,False,analyzed_full_frame,-7.024931509,9.025146,-3.401279,5.08483493455,-21.8495308053,1452.87151187,,True,True,False,no_valid_Q,
E06,Z1,E06before_tanto-tanto_20220607_caro-mio-ben_02_mono.wav,9,18432,20480,2048,False,analyzed_full_frame,-13.69573834,8.272404,-15.499774,2.97590906321,-35.9785760831,1474.33494088,,True,True,False,no_valid_Q,
E06,Z1,E06before_tanto-tanto_20220607_caro-mio-ben_02_mono.wav,10,20480,22528,2048,False,analyzed_full_frame,3.547182511,8.752169,4.324381,3.27222259704,-36.2092197505,1430.59669035,,True,True,False,no_valid_Q,
E06,Z1,E06before_tanto-tanto_20220607_caro-mio-ben_02_mono.wav,11,22528,24576,2048,False,analyzed_full_frame,-0.02248039106,9.456724,0.231339,2.0207653362,-39.9387078667,1210.83653202,,True,True,False,no_valid_Q,
E06,Z1,E06before_tanto-tanto_20220607_caro-mio-ben_02_mono.wav,12,24576,26624,2048,False,analyzed_full_frame,-11.68068699,7.346633,-11.51437,1.63723427816,-41.9868457382,1314.45283615,,True,True,False,no_valid_Q,
E06,Z1,E06before_tanto-tanto_20220607_caro-mio-ben_02_mono.wav,13,26624,28672,2048,False,analyzed_full_frame,-11.96179511,8.427045,-11.977385,1.7290018396,-39.8017775648,1270.40240256,,True,True,False,no_valid_Q,
E06,Z1,E06before_tanto-tanto_20220607_caro-mio-ben_02_mono.wav,14,28672,30720,2048,False,analyzed_full_frame,6.132983924,9.140227,5.790422,2.78304235962,-33.7064685447,1153.58422265,,True,True,False,no_valid_Q,
E06,Z1,E06before_tanto-tanto_20220607_caro-mio-ben_02_mono.wav,15,30720,32768,2048,False,analyzed_full_frame,5.700158205,8.656552,8.029072,2.45388145576,-36.6917485094,1163.51193439,,True,True,False,no_valid_Q,
E06,Z1,E06before_tanto-tanto_20220607_caro-mio-ben_02_mono.wav,16,32768,34816,2048,False,analyzed_full_frame,2.0711124,9.898395,2.548018,2.18669215267,-43.4354326765,1156.72844351,,True,True,False,no_valid_Q,
E06,Z1,E06before_tanto-tanto_20220607_caro-mio-ben_02_mono.wav,17,34816,36864,2048,False,analyzed_full_frame,-3.659772721,9.130191,-3.284556,2.71229664216,-33.2124407796,1262.6905999,,True,True,False,no_valid_Q,
E06,Z1,E06before_tanto-tanto_20220607_caro-mio-ben_02_mono.wav,18,36864,38912,2048,False,analyzed_full_frame,-1.69763742,6.687817,-1.52744,1.17709300374,-46.3345876458,1117.47658252,,True,True,False,no_valid_Q,
E06,Z1,E06before_tanto-tanto_20220607_caro-mio-ben_02_mono.wav,19,38912,40960,2048,False,analyzed_full_frame,-3.124987871,9.526792,-2.798331,1.36730683258,-47.7648024344,1120.93313114,,True,True,False,no_valid_Q,
E06,Z1,E06before_tanto-tanto_20220607_caro-mio-ben_02_mono.wav,20,40960,43008,2048,False,analyzed_full_frame,-4.358551292,9.692429,-4.14872,1.59423145862,-43.0838116169,1150.8927759,,True,True,False,no_valid_Q,
E06,Z1,E06before_tanto-tanto_20220607_caro-mio-ben_02_mono.wav,21,43008,45056,2048,False,analyzed_full_frame,-5.638986847,8.753932,-2.458931,3.44324512818,-31.8000295473,1382.53544005,,True,True,False,no_valid_Q,
E06,Z1,E06before_tanto-tanto_20220607_caro-mio-ben_02_mono.wav,22,45056,47104,2048,False,analyzed_full_frame,2.657431186,7.668668,2.193157,1.98708343692,-40.276893241,1128.30909131,,True,True,False,no_valid_Q,
E06,Z1,E06before_tanto-tanto_20220607_caro-mio-ben_02_mono.wav,23,47104,49152,2048,False,analyzed_full_frame,0.910410197,8.861236,0.933986,2.52498906217,-39.1283057472,1149.24109848,,True,True,False,no_valid_Q,
E06,Z1,E06before_tanto-tanto_20220607_caro-mio-ben_02_mono.wav,24,49152,51200,2048,False,analyzed_full_frame,0.1694972042,7.689984,0.297682,3.25075853592,-27.62128623,1162.11188535,,True,True,False,no_valid_Q,
E06,Z1,E06before_tanto-tanto_20220607_caro-mio-ben_02_mono.wav,25,51200,53248,2048,False,analyzed_full_frame,-2.362119529,7.71981,-2.29059,3.86203125017,-25.6873407285,1242.83882025,,True,True,False,no_valid_Q,
E06,Z1,E06before_tanto-tanto_20220607_caro-mio-ben_02_mono.wav,26,53248,55296,2048,False,analyzed_full_frame,-0.5108411993,6.568115,-0.526756,5.00267082494,-24.8538556759,1319.77154638,,True,True,False,no_valid_Q,
E06,Z1,E06before_tanto-tanto_20220607_caro-mio-ben_02_mono.wav,27,55296,57344,2048,False,analyzed_full_frame,8.366070585,8.772342,8.355448,6.12747220516,-30.296245527,1267.28404873,,True,True,False,no_valid_Q,
E06,Z1,E06before_tanto-tanto_20220607_caro-mio-ben_02_mono.wav,28,57344,59392,2048,False,analyzed_full_frame,-4.31921075,7.939915,-3.030643,8.15367271085,-20.8395806945,1449.00378612,8.19124539759,True,True,True,valid,
E06,Z1,E06before_tanto-tanto_20220607_caro-mio-ben_02_mono.wav,29,59392,61440,2048,False,analyzed_full_frame,5.140290361,6.684038,6.916445,8.27190915342,-20.173575146,1346.9179045,4.83090773979,True,True,True,valid,
E06,Z1,E06before_tanto-tanto_20220607_caro-mio-ben_02_mono.wav,30,61440,63488,2048,False,analyzed_full_frame,9.585101911,6.621332,10.692248,9.07621994094,-22.0010665363,1444.31016928,,True,True,False,no_valid_Q,
E06,Z1,E06before_tanto-tanto_20220607_caro-mio-ben_02_mono.wav,31,63488,65536,2048,False,analyzed_full_frame,7.134997597,7.044885,6.847955,5.16926212848,-31.1701968001,1344.57006201,,True,True,False,no_valid_Q,
E06,Z1,E06before_tanto-tanto_20220607_caro-mio-ben_02_mono.wav,32,65536,67584,2048,False,analyzed_full_frame,6.37205016,9.413169,4.746908,5.32612606313,-24.5269495302,1203.43270053,,True,True,False,no_valid_Q,
E06,Z1,E06before_tanto-tanto_20220607_caro-mio-ben_02_mono.wav,33,67584,69632,2048,False,analyzed_full_frame,10.6576917,6.913027,9.113928,5.61198945706,-24.9936590887,1332.06021046,,True,True,False,no_valid_Q,
E06,Z1,E06before_tanto-tanto_20220607_caro-mio-ben_02_mono.wav,34,69632,71680,2048,False,analyzed_full_frame,6.793457856,5.489928,3.072525,3.92166815797,-24.0458647811,1367.18182383,,True,True,False,no_valid_Q,
E06,Z1,E06before_tanto-tanto_20220607_caro-mio-ben_02_mono.wav,35,71680,73728,2048,False,analyzed_full_frame,13.34538168,2.830251,22.033203,3.37791115375,-41.0527072193,1681.1386257,,True,True,False,no_valid_Q,
E06,Z1,E06before_tanto-tanto_20220607_caro-mio-ben_02_mono.wav,36,73728,75776,2048,False,analyzed_full_frame,14.43752394,2.954539,7.751486,4.06292695714,-37.8146170294,1535.4789559,,True,True,False,no_valid_Q,
E06,Z1,E06before_tanto-tanto_20220607_caro-mio-ben_02_mono.wav,37,75776,77824,2048,False,analyzed_full_frame,0.2042190698,2.77253,-16.533937,2.83912978225,-37.3145597819,1293.80981792,,True,True,False,no_valid_Q,
E06,Z1,E06before_tanto-tanto_20220607_caro-mio-ben_02_mono.wav,38,77824,79872,2048,False,analyzed_full_frame,10.87833865,4.280887,12.368266,4.22537453785,-28.8766040091,1449.96517769,,True,True,False,no_valid_Q,
E06,Z1,E06before_tanto-tanto_20220607_caro-mio-ben_02_mono.wav,39,79872,81920,2048,False,analyzed_full_frame,18.57097704,4.606379,9.598167,2.24970034752,-41.7714659117,1045.25354819,,True,True,False,no_valid_Q,
E06,Z1,E06before_tanto-tanto_20220607_caro-mio-ben_02_mono.wav,40,81920,83968,2048,False,analyzed_full_frame,21.07029366,4.500488,2.660883,3.84786556746,-36.7377001606,1365.56944058,,True,True,False,no_valid_Q,
E06,Z1,E06before_tanto-tanto_20220607_caro-mio-ben_02_mono.wav,41,83968,86016,2048,False,analyzed_full_frame,21.90403012,4.379783,7.876413,3.51836209247,-37.4436113434,1141.95440796,,True,True,False,no_valid_Q,
E06,Z1,E06before_tanto-tanto_20220607_caro-mio-ben_02_mono.wav,42,86016,88064,2048,False,analyzed_full_frame,21.02032144,6.2197,11.849324,5.0232451405,-26.9650741317,1060.78712006,,True,True,False,no_valid_Q,
E06,Z1,E06before_tanto-tanto_20220607_caro-mio-ben_02_mono.wav,43,88064,90112,2048,False,analyzed_full_frame,15.95247725,6.579408,13.040161,6.39071368829,-23.1502440903,1283.61671882,4.06463289842,True,True,True,valid,
E06,Z1,E06before_tanto-tanto_20220607_caro-mio-ben_02_mono.wav,44,90112,92160,2048,False,analyzed_full_frame,13.69300181,4.653652,21.01043,8.2291406274,-26.7384275086,1434.7950604,,True,True,False,no_valid_Q,
E06,Z1,E06before_tanto-tanto_20220607_caro-mio-ben_02_mono.wav,45,92160,94208,2048,False,analyzed_full_frame,18.51221329,6.067045,6.714868,6.93641571403,-29.2978178611,1411.25375862,,True,True,False,no_valid_Q,
E06,Z1,E06before_tanto-tanto_20220607_caro-mio-ben_02_mono.wav,46,94208,96256,2048,False,analyzed_full_frame,14.4149207,6.274,11.471726,7.59242361129,-29.8269723087,1411.5872305,,True,True,False,no_valid_Q,
E06,Z1,E06before_tanto-tanto_20220607_caro-mio-ben_02_mono.wav,47,96256,97479,1223,True,skipped_not_analyzed,,,,,,,,False,False,False,not_analyzed_short_final_frame,"Final partial frame has 1223 samples (<2048); recorded only, not analyzed."
E06,Z2,E06after_tanto-tanto240206_caro-mio-ben_02_mono.wav,0,0,2048,2048,False,analyzed_full_frame,-2.163021747,4.74241,-12.737162,26.7611263132,-23.8072084599,3763.20847571,,True,True,False,no_valid_Q,
E06,Z2,E06after_tanto-tanto240206_caro-mio-ben_02_mono.wav,1,2048,4096,2048,False,analyzed_full_frame,8.65154643,4.433395,1.122253,14.3226793071,-31.3835018433,2979.62664288,,True,True,False,no_valid_Q,
E06,Z2,E06after_tanto-tanto240206_caro-mio-ben_02_mono.wav,2,4096,6144,2048,False,analyzed_full_frame,14.8525511,2.4221,,7.00656066601,-41.8964141613,2595.0311054,,False,True,False,no_valid_Q,
E06,Z2,E06after_tanto-tanto240206_caro-mio-ben_02_mono.wav,3,6144,8192,2048,False,analyzed_full_frame,19.11909031,3.269988,,6.8312136532,-41.2232232884,3649.02610799,,False,True,False,no_valid_Q,
E06,Z2,E06after_tanto-tanto240206_caro-mio-ben_02_mono.wav,4,8192,10240,2048,False,analyzed_full_frame,-1.118817321,3.784303,4.926214,23.118313114,-17.7445880689,5906.92333896,,True,True,False,no_valid_Q,
E06,Z2,E06after_tanto-tanto240206_caro-mio-ben_02_mono.wav,5,10240,12288,2048,False,analyzed_full_frame,-6.060808989,3.043387,16.211743,26.2542360709,-11.1561136197,3724.04182438,,True,True,False,no_valid_Q,
E06,Z2,E06after_tanto-tanto240206_caro-mio-ben_02_mono.wav,6,12288,14336,2048,False,analyzed_full_frame,-2.933285913,3.870746,14.052987,25.1392814582,-17.6189453886,3848.83302573,,True,True,False,no_valid_Q,
E06,Z2,E06after_tanto-tanto240206_caro-mio-ben_02_mono.wav,7,14336,16384,2048,False,analyzed_full_frame,-3.508049075,5.796163,-4.384528,14.6812869775,-25.0792055468,2986.47471357,,True,True,False,no_valid_Q,
E06,Z2,E06after_tanto-tanto240206_caro-mio-ben_02_mono.wav,8,16384,18432,2048,False,analyzed_full_frame,-8.633141401,10.680803,-8.013541,12.0005401891,-25.2977268348,2395.55138889,,True,True,False,no_valid_Q,
E06,Z2,E06after_tanto-tanto240206_caro-mio-ben_02_mono.wav,9,18432,20480,2048,False,analyzed_full_frame,-6.662292483,8.971819,-6.583317,3.62366064539,-38.1963303775,1505.13588527,,True,True,False,no_valid_Q,
E06,Z2,E06after_tanto-tanto240206_caro-mio-ben_02_mono.wav,10,20480,22528,2048,False,analyzed_full_frame,-11.12611251,7.827884,-10.394251,5.11983096194,-31.4841437768,1542.8543372,5.43899851186,True,True,True,valid,
E06,Z2,E06after_tanto-tanto240206_caro-mio-ben_02_mono.wav,11,22528,24576,2048,False,analyzed_full_frame,-14.87768193,9.876996,-15.403014,3.8391024031,-33.4695061783,1564.79582652,,True,True,False,no_valid_Q,
E06,Z2,E06after_tanto-tanto240206_caro-mio-ben_02_mono.wav,12,24576,26624,2048,False,analyzed_full_frame,-19.09420525,10.759124,-18.748401,7.34264006229,-30.4792611704,1650.1348039,7.55128717247,True,True,True,valid,
E06,Z2,E06after_tanto-tanto240206_caro-mio-ben_02_mono.wav,13,26624,28672,2048,False,analyzed_full_frame,-6.401974188,10.739241,-7.536435,12.0881571254,-17.98195205,1890.08887656,,True,True,False,no_valid_Q,
E06,Z2,E06after_tanto-tanto240206_caro-mio-ben_02_mono.wav,14,28672,30720,2048,False,analyzed_full_frame,-13.33675072,8.559008,-13.397492,9.00730041341,-26.2045015422,1690.20753115,8.03500790496,True,True,True,valid,
E06,Z2,E06after_tanto-tanto240206_caro-mio-ben_02_mono.wav,15,30720,32768,2048,False,analyzed_full_frame,-10.5227071,9.953228,-10.56171,8.04946677907,-27.329594226,1726.50890647,5.11808133602,True,True,True,valid,
E06,Z2,E06after_tanto-tanto240206_caro-mio-ben_02_mono.wav,16,32768,34816,2048,False,analyzed_full_frame,0.08024422898,10.640958,2.477331,12.498923416,-18.2410169631,1987.19426876,,True,True,False,no_valid_Q,
E06,Z2,E06after_tanto-tanto240206_caro-mio-ben_02_mono.wav,17,34816,36864,2048,False,analyzed_full_frame,-2.855501158,10.622304,-1.66479,9.66920994632,-20.0716908977,1652.23744122,8.54796044716,True,True,True,valid,
E06,Z2,E06after_tanto-tanto240206_caro-mio-ben_02_mono.wav,18,36864,38912,2048,False,analyzed_full_frame,9.455637526,10.712807,10.475239,11.4789815322,-21.8611432259,1602.50711307,5.84357928154,True,True,True,valid,
E06,Z2,E06after_tanto-tanto240206_caro-mio-ben_02_mono.wav,19,38912,40960,2048,False,analyzed_full_frame,-3.871086356,12.456491,-2.793703,8.55049227863,-25.0173663134,1747.34572495,,True,True,False,no_valid_Q,
E06,Z2,E06after_tanto-tanto240206_caro-mio-ben_02_mono.wav,20,40960,43008,2048,False,analyzed_full_frame,4.554290385,11.143053,4.971598,6.40593421684,-26.883134117,1551.17222813,,True,True,False,no_valid_Q,
E06,Z2,E06after_tanto-tanto240206_caro-mio-ben_02_mono.wav,21,43008,45056,2048,False,analyzed_full_frame,-2.151781944,11.042857,-1.148564,11.8808420907,-16.7107386445,1877.80058928,,True,True,False,no_valid_Q,
E06,Z2,E06after_tanto-tanto240206_caro-mio-ben_02_mono.wav,22,45056,47104,2048,False,analyzed_full_frame,-4.315331084,11.390024,-1.773191,26.6121192652,-5.81489080162,2248.91331631,19.8976168494,True,True,True,valid,
E06,Z2,E06after_tanto-tanto240206_caro-mio-ben_02_mono.wav,23,47104,49152,2048,False,analyzed_full_frame,-2.115032689,10.912049,-0.632006,24.6226049606,-10.4770285638,2076.33713223,7.39879966914,True,True,True,valid,
E06,Z2,E06after_tanto-tanto240206_caro-mio-ben_02_mono.wav,24,49152,51200,2048,False,analyzed_full_frame,1.303575086,11.668621,1.242549,12.9134837266,-14.8346332877,1623.06911054,9.59959033048,True,True,True,valid,
E06,Z2,E06after_tanto-tanto240206_caro-mio-ben_02_mono.wav,25,51200,53248,2048,False,analyzed_full_frame,0.9675395663,11.509176,1.014543,14.7224295315,-16.2192687226,1662.14077368,9.33092512995,True,True,True,valid,
E06,Z2,E06after_tanto-tanto240206_caro-mio-ben_02_mono.wav,26,53248,55296,2048,False,analyzed_full_frame,-0.4444711009,10.771862,0.212266,17.5079079299,-10.9018197656,1667.27209857,18.8541303871,True,True,True,valid,
E06,Z2,E06after_tanto-tanto240206_caro-mio-ben_02_mono.wav,27,55296,57344,2048,False,analyzed_full_frame,-11.94222639,11.003165,-11.229961,26.1316409423,-8.79503631746,2096.5431133,27.4280844399,True,True,True,valid,
E06,Z2,E06after_tanto-tanto240206_caro-mio-ben_02_mono.wav,28,57344,59392,2048,False,analyzed_full_frame,-8.105085596,13.796349,-7.840106,19.8499263116,-18.7753983761,1828.21849808,16.0216121053,True,True,True,valid,
E06,Z2,E06after_tanto-tanto240206_caro-mio-ben_02_mono.wav,29,59392,61440,2048,False,analyzed_full_frame,-4.996101032,10.056591,-5.114228,24.2438811971,-13.5808601516,2308.8423845,7.05990043385,True,True,True,valid,
E06,Z2,E06after_tanto-tanto240206_caro-mio-ben_02_mono.wav,30,61440,63488,2048,False,analyzed_full_frame,-3.810031084,10.317637,-3.404376,13.1398152976,-20.9549478128,1970.83063679,,True,True,False,no_valid_Q,
E06,Z2,E06after_tanto-tanto240206_caro-mio-ben_02_mono.wav,31,63488,65536,2048,False,analyzed_full_frame,2.846614534,11.508573,4.181794,15.71768062,-18.7055931826,1756.83859272,,True,True,False,no_valid_Q,
E06,Z2,E06after_tanto-tanto240206_caro-mio-ben_02_mono.wav,32,65536,67584,2048,False,analyzed_full_frame,7.349037131,10.123969,9.146641,18.6533522002,-21.2382672213,1862.26415758,,True,True,False,no_valid_Q,
E06,Z2,E06after_tanto-tanto240206_caro-mio-ben_02_mono.wav,33,67584,69632,2048,False,analyzed_full_frame,2.240783363,9.035295,5.351635,9.77494495496,-27.8936229331,1672.21610853,,True,True,False,no_valid_Q,
E06,Z2,E06after_tanto-tanto240206_caro-mio-ben_02_mono.wav,34,69632,71680,2048,False,analyzed_full_frame,4.599549207,10.8334,6.982541,10.3763045759,-27.3164679154,2199.66416982,,True,True,False,no_valid_Q,
E06,Z2,E06after_tanto-tanto240206_caro-mio-ben_02_mono.wav,35,71680,73728,2048,False,analyzed_full_frame,1.96664586,6.387218,-2.641923,7.93876867498,-35.4531388323,2352.16816123,,True,True,False,no_valid_Q,
E06,Z2,E06after_tanto-tanto240206_caro-mio-ben_02_mono.wav,36,73728,75776,2048,False,analyzed_full_frame,4.383824841,2.674164,1.207043,18.3960424367,-24.4909101523,5541.37509898,,True,True,False,no_valid_Q,
E06,Z2,E06after_tanto-tanto240206_caro-mio-ben_02_mono.wav,37,75776,77824,2048,False,analyzed_full_frame,9.450450065,3.764655,6.262967,8.22258905117,-34.7057214954,2558.80423331,,True,True,False,no_valid_Q,
E06,Z2,E06after_tanto-tanto240206_caro-mio-ben_02_mono.wav,38,77824,79872,2048,False,analyzed_full_frame,11.43329313,6.179195,15.505679,12.8902353288,-21.8694543257,2992.97227242,4.60526510127,True,True,True,valid,
E06,Z2,E06after_tanto-tanto240206_caro-mio-ben_02_mono.wav,39,79872,81920,2048,False,analyzed_full_frame,16.6199816,7.450662,13.390201,8.80978232339,-25.5175061843,2129.25880437,,True,True,False,no_valid_Q,
E06,Z2,E06after_tanto-tanto240206_caro-mio-ben_02_mono.wav,40,81920,83968,2048,False,analyzed_full_frame,12.63579249,9.249163,8.082699,11.2658309355,-18.790899653,2151.12023263,4.79547116795,True,True,True,valid,
E06,Z2,E06after_tanto-tanto240206_caro-mio-ben_02_mono.wav,41,83968,86016,2048,False,analyzed_full_frame,16.38259732,9.929062,3.197911,10.2875484869,-25.258165094,1942.24669458,,True,True,False,no_valid_Q,
E06,Z2,E06after_tanto-tanto240206_caro-mio-ben_02_mono.wav,42,86016,88064,2048,False,analyzed_full_frame,12.04143521,10.405566,-5.63308,10.4284608618,-20.6104908276,1865.86225663,5.21379681415,True,True,True,valid,
E06,Z2,E06after_tanto-tanto240206_caro-mio-ben_02_mono.wav,43,88064,90112,2048,False,analyzed_full_frame,10.69745211,9.327089,-8.811257,10.5146143548,-18.3021536753,1787.97951152,,True,True,False,no_valid_Q,
E06,Z2,E06after_tanto-tanto240206_caro-mio-ben_02_mono.wav,44,90112,92160,2048,False,analyzed_full_frame,9.328374683,8.575818,-9.443446,12.2951468766,-20.104991313,2215.76400243,,True,True,False,no_valid_Q,
E06,Z2,E06after_tanto-tanto240206_caro-mio-ben_02_mono.wav,45,92160,94208,2048,False,analyzed_full_frame,8.402755446,10.270936,4.903603,14.346051019,-14.174772674,2012.28793496,3.67420860657,True,True,True,valid,
E06,Z2,E06after_tanto-tanto240206_caro-mio-ben_02_mono.wav,46,94208,96256,2048,False,analyzed_full_frame,11.42150776,10.383767,3.46671,12.9523951816,-14.8897124523,1902.06165327,8.38942711745,True,True,True,valid,
E06,Z2,E06after_tanto-tanto240206_caro-mio-ben_02_mono.wav,47,96256,98304,2048,False,analyzed_full_frame,8.887999328,9.798486,4.388064,14.3965440711,-16.6640260702,2055.09604055,16.5389749884,True,True,True,valid,
E06,Z2,E06after_tanto-tanto240206_caro-mio-ben_02_mono.wav,48,98304,100352,2048,False,analyzed_full_frame,14.97904029,9.721641,0.685816,6.46094888125,-27.5103989571,1838.24299317,,True,True,False,no_valid_Q,
E06,Z2,E06after_tanto-tanto240206_caro-mio-ben_02_mono.wav,49,100352,102400,2048,False,analyzed_full_frame,18.94162989,9.015505,-7.561125,8.23717757799,-27.5726906106,2014.83344971,,True,True,False,no_valid_Q,
E06,Z2,E06after_tanto-tanto240206_caro-mio-ben_02_mono.wav,50,102400,104448,2048,False,analyzed_full_frame,11.18906005,7.562708,9.363004,8.24617608841,-22.6623101752,2211.95959901,,True,True,False,no_valid_Q,
E06,Z2,E06after_tanto-tanto240206_caro-mio-ben_02_mono.wav,51,104448,106496,2048,False,analyzed_full_frame,16.77206441,7.393056,-5.887752,6.33592240907,-30.3735229976,2796.02235827,,True,True,False,no_valid_Q,
E06,Z2,E06after_tanto-tanto240206_caro-mio-ben_02_mono.wav,52,106496,108544,2048,False,analyzed_full_frame,9.840168898,4.35653,11.304639,14.5713494078,-19.9900682441,3442.08126519,,True,True,False,no_valid_Q,
E06,Z2,E06after_tanto-tanto240206_caro-mio-ben_02_mono.wav,53,108544,110375,1831,True,skipped_not_analyzed,,,,,,,,False,False,False,not_analyzed_short_final_frame,"Final partial frame has 1831 samples (<2048); recorded only, not analyzed."
E07,Z1,E07before_tanto-tanto_20220531_caro-mio-ben_02_mono.wav,0,0,2048,2048,False,analyzed_full_frame,13.68836908,3.329431,,10.3284389768,-30.764013139,2593.6620614,,False,True,False,no_valid_Q,
E07,Z1,E07before_tanto-tanto_20220531_caro-mio-ben_02_mono.wav,1,2048,4096,2048,False,analyzed_full_frame,17.08740754,5.264144,,6.41710553415,-31.5402189255,1573.47347862,,False,True,False,no_valid_Q,
E07,Z1,E07before_tanto-tanto_20220531_caro-mio-ben_02_mono.wav,2,4096,6144,2048,False,analyzed_full_frame,16.32890004,3.046583,,5.34368793688,-38.0753770966,1343.78906015,,False,True,False,no_valid_Q,
E07,Z1,E07before_tanto-tanto_20220531_caro-mio-ben_02_mono.wav,3,6144,8192,2048,False,analyzed_full_frame,21.88026847,2.616446,,4.47201813856,-41.7948720959,1356.4264857,,False,True,False,no_valid_Q,
E07,Z1,E07before_tanto-tanto_20220531_caro-mio-ben_02_mono.wav,4,8192,10240,2048,False,analyzed_full_frame,11.83856975,5.766961,10.965637,7.55990563837,-19.5772063567,2680.54670475,,True,True,False,no_valid_Q,
E07,Z1,E07before_tanto-tanto_20220531_caro-mio-ben_02_mono.wav,5,10240,12288,2048,False,analyzed_full_frame,1.941390803,6.951614,4.102198,4.69440739448,-29.201213916,2114.26229481,,True,True,False,no_valid_Q,
E07,Z1,E07before_tanto-tanto_20220531_caro-mio-ben_02_mono.wav,6,12288,14336,2048,False,analyzed_full_frame,0.01228795482,8.536503,2.875223,7.36262753273,-17.7481334046,2381.08079585,,True,True,False,no_valid_Q,
E07,Z1,E07before_tanto-tanto_20220531_caro-mio-ben_02_mono.wav,7,14336,16384,2048,False,analyzed_full_frame,-10.61419607,7.763505,-11.04961,4.76266341216,-27.8926566441,2170.38717176,,True,True,False,no_valid_Q,
E07,Z1,E07before_tanto-tanto_20220531_caro-mio-ben_02_mono.wav,8,16384,18432,2048,False,analyzed_full_frame,-12.6094425,6.825675,-13.201284,6.61640243538,-25.1850070968,2211.39017288,,True,True,False,no_valid_Q,
E07,Z1,E07before_tanto-tanto_20220531_caro-mio-ben_02_mono.wav,9,18432,20480,2048,False,analyzed_full_frame,-10.63907959,6.524823,-11.237019,5.2884744311,-28.5314476425,2346.72000251,,True,True,False,no_valid_Q,
E07,Z1,E07before_tanto-tanto_20220531_caro-mio-ben_02_mono.wav,10,20480,22528,2048,False,analyzed_full_frame,-12.54945772,6.71259,-18.649428,8.05935271975,-26.3984837551,2671.72672307,,True,True,False,no_valid_Q,
E07,Z1,E07before_tanto-tanto_20220531_caro-mio-ben_02_mono.wav,11,22528,24576,2048,False,analyzed_full_frame,-6.035295928,8.011523,-6.555593,5.22049947709,-33.0242844463,2001.14363339,,True,True,False,no_valid_Q,
E07,Z1,E07before_tanto-tanto_20220531_caro-mio-ben_02_mono.wav,12,24576,26624,2048,False,analyzed_full_frame,-2.723168258,7.011489,-2.533575,6.80055635645,-27.8706197367,1861.94203088,,True,True,False,no_valid_Q,
E07,Z1,E07before_tanto-tanto_20220531_caro-mio-ben_02_mono.wav,13,26624,28672,2048,False,analyzed_full_frame,-6.313680065,8.950435,-6.478152,6.98149856288,-25.1767417361,1804.78307759,,True,True,False,no_valid_Q,
E07,Z1,E07before_tanto-tanto_20220531_caro-mio-ben_02_mono.wav,14,28672,30720,2048,False,analyzed_full_frame,-5.768472546,6.960635,-5.673985,13.1846754574,-17.9241309306,2405.14569459,,True,True,False,no_valid_Q,
E07,Z1,E07before_tanto-tanto_20220531_caro-mio-ben_02_mono.wav,15,30720,32768,2048,False,analyzed_full_frame,-12.70365551,6.171718,-13.624521,10.7760226186,-21.1681974121,2174.57653414,,True,True,False,no_valid_Q,
E07,Z1,E07before_tanto-tanto_20220531_caro-mio-ben_02_mono.wav,16,32768,34816,2048,False,analyzed_full_frame,-11.75293708,8.00238,-11.882505,8.81104346461,-21.8443219533,2068.54786781,,True,True,False,no_valid_Q,
E07,Z1,E07before_tanto-tanto_20220531_caro-mio-ben_02_mono.wav,17,34816,36864,2048,False,analyzed_full_frame,-7.508626189,9.537583,-7.681479,11.3715691979,-18.4738401411,2239.92317232,,True,True,False,no_valid_Q,
E07,Z1,E07before_tanto-tanto_20220531_caro-mio-ben_02_mono.wav,18,36864,38912,2048,False,analyzed_full_frame,-7.171473367,10.541774,-6.71822,25.0658420981,-11.4518282326,2493.9268816,6.76237564714,True,True,True,valid,
E07,Z1,E07before_tanto-tanto_20220531_caro-mio-ben_02_mono.wav,19,38912,40960,2048,False,analyzed_full_frame,-11.35542005,9.379349,-12.116811,14.2465301194,-17.9019090838,2262.9822025,,True,True,False,no_valid_Q,
E07,Z1,E07before_tanto-tanto_20220531_caro-mio-ben_02_mono.wav,20,40960,43008,2048,False,analyzed_full_frame,-3.463134916,10.43098,-6.738044,25.8833669167,-9.46282139096,2544.00066293,,True,True,False,no_valid_Q,
E07,Z1,E07before_tanto-tanto_20220531_caro-mio-ben_02_mono.wav,21,43008,45056,2048,False,analyzed_full_frame,-10.36310498,10.008582,-9.04322,25.0400746049,-9.39244515837,2508.94410554,3.82735965912,True,True,True,valid,
E07,Z1,E07before_tanto-tanto_20220531_caro-mio-ben_02_mono.wav,22,45056,47104,2048,False,analyzed_full_frame,-11.35235164,10.664492,-11.366818,10.3757408068,-22.4832907726,1885.54114733,,True,True,False,no_valid_Q,
E07,Z1,E07before_tanto-tanto_20220531_caro-mio-ben_02_mono.wav,23,47104,49152,2048,False,analyzed_full_frame,-11.79330613,9.800601,-12.450192,6.24553899644,-26.2657591138,1890.41842761,,True,True,False,no_valid_Q,
E07,Z1,E07before_tanto-tanto_20220531_caro-mio-ben_02_mono.wav,24,49152,51200,2048,False,analyzed_full_frame,0.06026198007,10.862991,0.286229,8.83020413028,-17.3679261973,1749.65367686,,True,True,False,no_valid_Q,
E07,Z1,E07before_tanto-tanto_20220531_caro-mio-ben_02_mono.wav,25,51200,53248,2048,False,analyzed_full_frame,-7.028216139,9.880903,-7.190115,8.82040334455,-19.3892471852,1856.10548834,,True,True,False,no_valid_Q,
E07,Z1,E07before_tanto-tanto_20220531_caro-mio-ben_02_mono.wav,26,53248,55296,2048,False,analyzed_full_frame,1.185552634,9.329863,-0.717233,6.62615572592,-24.1711373533,1430.54389219,,True,True,False,no_valid_Q,
E07,Z1,E07before_tanto-tanto_20220531_caro-mio-ben_02_mono.wav,27,55296,57344,2048,False,analyzed_full_frame,13.74915931,7.600976,,3.24653136237,-41.8787858032,1091.69633316,,False,True,False,no_valid_Q,
E07,Z1,E07before_tanto-tanto_20220531_caro-mio-ben_02_mono.wav,28,57344,59392,2048,False,analyzed_full_frame,9.212432869,2.954214,18.28162,4.05439278074,-30.9035882558,1509.69300602,,True,True,False,no_valid_Q,
E07,Z1,E07before_tanto-tanto_20220531_caro-mio-ben_02_mono.wav,29,59392,61440,2048,False,analyzed_full_frame,0.8207386315,4.459673,6.411665,4.19970158132,-32.4541937124,2321.29783609,,True,True,False,no_valid_Q,
E07,Z1,E07before_tanto-tanto_20220531_caro-mio-ben_02_mono.wav,30,61440,63488,2048,False,analyzed_full_frame,-1.384262702,7.987889,-7.466995,2.16238766441,-38.5106968538,1449.4595669,,True,True,False,no_valid_Q,
E07,Z1,E07before_tanto-tanto_20220531_caro-mio-ben_02_mono.wav,31,63488,65536,2048,False,analyzed_full_frame,-1.718137166,8.417224,-16.178887,3.97166733528,-32.0398677726,1602.36255277,,True,True,False,no_valid_Q,
E07,Z1,E07before_tanto-tanto_20220531_caro-mio-ben_02_mono.wav,32,65536,67584,2048,False,analyzed_full_frame,4.467955936,8.091808,-11.2576,5.62624778914,-29.0623821109,1903.00938314,,True,True,False,no_valid_Q,
E07,Z1,E07before_tanto-tanto_20220531_caro-mio-ben_02_mono.wav,33,67584,69632,2048,False,analyzed_full_frame,-4.439539349,8.863841,-11.353728,4.53338757217,-32.6183199117,1726.56504543,,True,True,False,no_valid_Q,
E07,Z1,E07before_tanto-tanto_20220531_caro-mio-ben_02_mono.wav,34,69632,71680,2048,False,analyzed_full_frame,-2.226324793,7.973257,-31.453037,3.86433243739,-35.4310497403,1382.87404608,,True,True,False,no_valid_Q,
E07,Z1,E07before_tanto-tanto_20220531_caro-mio-ben_02_mono.wav,35,71680,73728,2048,False,analyzed_full_frame,10.61374046,7.104537,38.239161,3.12707661867,-35.5267779221,1044.00550752,,True,True,False,no_valid_Q,
E07,Z1,E07before_tanto-tanto_20220531_caro-mio-ben_02_mono.wav,36,73728,75776,2048,False,analyzed_full_frame,9.092216601,3.050359,0.830549,6.12841131692,-36.6522814759,1697.36162624,,True,True,False,no_valid_Q,
E07,Z1,E07before_tanto-tanto_20220531_caro-mio-ben_02_mono.wav,37,75776,76817,1041,True,skipped_not_analyzed,,,,,,,,False,False,False,not_analyzed_short_final_frame,"Final partial frame has 1041 samples (<2048); recorded only, not analyzed."
E07,Z2,E07after_tanto-tanto_240206_caro-mio-ben_02_mono.wav,0,0,2048,2048,False,analyzed_full_frame,12.60612339,1.626771,11.978513,7.80932956473,-25.7113427689,1939.22295824,,True,True,False,no_valid_Q,
E07,Z2,E07after_tanto-tanto_240206_caro-mio-ben_02_mono.wav,1,2048,4096,2048,False,analyzed_full_frame,12.9224067,4.961063,14.642791,3.1486131788,-30.9166580056,1771.11942892,,True,True,False,no_valid_Q,
E07,Z2,E07after_tanto-tanto_240206_caro-mio-ben_02_mono.wav,2,4096,6144,2048,False,analyzed_full_frame,17.07062765,5.459214,19.102041,3.34041180562,-32.7088295409,2018.46440967,,True,True,False,no_valid_Q,
E07,Z2,E07after_tanto-tanto_240206_caro-mio-ben_02_mono.wav,3,6144,8192,2048,False,analyzed_full_frame,9.957583784,4.769888,20.575541,16.3638037362,-21.8105691867,3926.04026798,,True,True,False,no_valid_Q,
E07,Z2,E07after_tanto-tanto_240206_caro-mio-ben_02_mono.wav,4,8192,10240,2048,False,analyzed_full_frame,-2.188370455,2.979331,-2.770237,8.79170169149,-23.1911425569,2732.98887054,,True,True,False,no_valid_Q,
E07,Z2,E07after_tanto-tanto_240206_caro-mio-ben_02_mono.wav,5,10240,12288,2048,False,analyzed_full_frame,1.529596806,4.988838,3.958203,6.03129778614,-24.8922442964,2868.10659673,,True,True,False,no_valid_Q,
E07,Z2,E07after_tanto-tanto_240206_caro-mio-ben_02_mono.wav,6,12288,14336,2048,False,analyzed_full_frame,0.5838051966,4.863332,0.418581,4.23642876739,-34.0424322214,2722.23579739,,True,True,False,no_valid_Q,
E07,Z2,E07after_tanto-tanto_240206_caro-mio-ben_02_mono.wav,7,14336,16384,2048,False,analyzed_full_frame,-7.000627853,7.810625,-6.951783,4.27924345585,-34.010846458,2417.34877363,,True,True,False,no_valid_Q,
E07,Z2,E07after_tanto-tanto_240206_caro-mio-ben_02_mono.wav,8,16384,18432,2048,False,analyzed_full_frame,-16.58027535,7.257839,-16.384091,5.8203977485,-27.2673795195,2271.69054052,,True,True,False,no_valid_Q,
E07,Z2,E07after_tanto-tanto_240206_caro-mio-ben_02_mono.wav,9,18432,20480,2048,False,analyzed_full_frame,-18.43352901,7.17653,-18.45408,14.0781995897,-19.6103671459,2368.69152487,17.7983173902,True,True,True,valid,
E07,Z2,E07after_tanto-tanto_240206_caro-mio-ben_02_mono.wav,10,20480,22528,2048,False,analyzed_full_frame,-19.11457272,7.741104,-19.163465,9.99457128529,-24.9327520975,1909.60969458,13.5056184813,True,True,True,valid,
E07,Z2,E07after_tanto-tanto_240206_caro-mio-ben_02_mono.wav,11,22528,24576,2048,False,analyzed_full_frame,-22.08780599,6.821467,-22.127974,11.5103631294,-21.6060734834,1869.76510693,31.7807445168,True,True,True,valid,
E07,Z2,E07after_tanto-tanto_240206_caro-mio-ben_02_mono.wav,12,24576,26624,2048,False,analyzed_full_frame,-24.18307955,9.145075,-24.074964,12.8641675743,-22.2202787201,1942.85005202,22.2237144931,True,True,True,valid,
E07,Z2,E07after_tanto-tanto_240206_caro-mio-ben_02_mono.wav,13,26624,28672,2048,False,analyzed_full_frame,-20.96266925,7.32954,-20.934373,11.1660501494,-25.1633484459,1888.88161371,6.27084484753,True,True,True,valid,
E07,Z2,E07after_tanto-tanto_240206_caro-mio-ben_02_mono.wav,14,28672,30720,2048,False,analyzed_full_frame,-15.91926628,10.816569,-15.849148,27.5351122892,-12.1411063179,2386.63309298,16.128868587,True,True,True,valid,
E07,Z2,E07after_tanto-tanto_240206_caro-mio-ben_02_mono.wav,15,30720,32768,2048,False,analyzed_full_frame,-18.45836118,9.127424,-18.35677,16.4005694518,-22.4404751822,2115.32544174,7.3141616336,True,True,True,valid,
E07,Z2,E07after_tanto-tanto_240206_caro-mio-ben_02_mono.wav,16,32768,34816,2048,False,analyzed_full_frame,-21.35856704,9.130953,-21.290868,16.4173838536,-18.9653877357,1991.61357735,14.8543984309,True,True,True,valid,
E07,Z2,E07after_tanto-tanto_240206_caro-mio-ben_02_mono.wav,17,34816,36864,2048,False,analyzed_full_frame,-22.41669098,8.71739,-22.369359,12.967455147,-22.821131053,1936.24825209,10.1654368466,True,True,True,valid,
E07,Z2,E07after_tanto-tanto_240206_caro-mio-ben_02_mono.wav,18,36864,38912,2048,False,analyzed_full_frame,-22.01680033,9.002927,-22.014693,10.3077940026,-24.589466339,1936.31185206,5.25070487736,True,True,True,valid,
E07,Z2,E07after_tanto-tanto_240206_caro-mio-ben_02_mono.wav,19,38912,40960,2048,False,analyzed_full_frame,-22.22402629,9.722641,-22.282808,11.0707236764,-25.7529371523,1972.64814271,3.5362823625,True,True,True,valid,
E07,Z2,E07after_tanto-tanto_240206_caro-mio-ben_02_mono.wav,20,40960,43008,2048,False,analyzed_full_frame,-20.71489857,9.842097,-20.744858,10.8084383196,-27.1552163641,1915.6782582,,True,True,False,no_valid_Q,
E07,Z2,E07after_tanto-tanto_240206_caro-mio-ben_02_mono.wav,21,43008,45056,2048,False,analyzed_full_frame,-19.61861805,10.338617,-19.374048,14.8613213242,-20.738278904,2101.71726627,,True,True,False,no_valid_Q,
E07,Z2,E07after_tanto-tanto_240206_caro-mio-ben_02_mono.wav,22,45056,47104,2048,False,analyzed_full_frame,-14.45851098,9.411733,-14.604602,25.8878658884,-12.1987862414,2184.48420232,9.6323252142,True,True,True,valid,
E07,Z2,E07after_tanto-tanto_240206_caro-mio-ben_02_mono.wav,23,47104,49152,2048,False,analyzed_full_frame,-15.2229673,9.249956,-15.159399,15.9054199514,-21.6633528751,2009.38169394,,True,True,False,no_valid_Q,
E07,Z2,E07after_tanto-tanto_240206_caro-mio-ben_02_mono.wav,24,49152,51200,2048,False,analyzed_full_frame,-14.68782448,9.008358,-14.549063,14.9555537364,-22.1140546799,1940.40230012,,True,True,False,no_valid_Q,
E07,Z2,E07after_tanto-tanto_240206_caro-mio-ben_02_mono.wav,25,51200,53248,2048,False,analyzed_full_frame,-9.343533074,10.90844,-8.30771,25.1990082324,-12.8817120404,2364.0195948,5.71716434291,True,True,True,valid,
E07,Z2,E07after_tanto-tanto_240206_caro-mio-ben_02_mono.wav,26,53248,55296,2048,False,analyzed_full_frame,-17.76441317,11.247479,-18.513838,19.507930827,-17.5051922074,2140.56795106,1.00747155483,True,True,True,valid,
E07,Z2,E07after_tanto-tanto_240206_caro-mio-ben_02_mono.wav,27,55296,57344,2048,False,analyzed_full_frame,-8.336551665,11.085806,-7.501463,16.8959003273,-14.1970212668,2076.53017357,,True,True,False,no_valid_Q,
E07,Z2,E07after_tanto-tanto_240206_caro-mio-ben_02_mono.wav,28,57344,59392,2048,False,analyzed_full_frame,-2.051355655,10.837465,-1.892827,11.3048181276,-19.810707076,1922.63223203,,True,True,False,no_valid_Q,
E07,Z2,E07after_tanto-tanto_240206_caro-mio-ben_02_mono.wav,29,59392,61440,2048,False,analyzed_full_frame,7.346995116,9.077187,8.841407,8.33037250494,-23.4724486126,2021.82083245,,True,True,False,no_valid_Q,
E07,Z2,E07after_tanto-tanto_240206_caro-mio-ben_02_mono.wav,30,61440,63488,2048,False,analyzed_full_frame,11.65403047,6.222416,14.605676,12.003256496,-26.0991370657,2972.44023467,,True,True,False,no_valid_Q,
E07,Z2,E07after_tanto-tanto_240206_caro-mio-ben_02_mono.wav,31,63488,65536,2048,False,analyzed_full_frame,9.574266518,4.191215,-1.709638,7.47651151379,-22.6332306866,3042.6205363,,True,True,False,no_valid_Q,
E07,Z2,E07after_tanto-tanto_240206_caro-mio-ben_02_mono.wav,32,65536,67584,2048,False,analyzed_full_frame,1.779280448,7.885254,-13.52296,5.49014313507,-32.1420564034,2273.33898401,,True,True,False,no_valid_Q,
E07,Z2,E07after_tanto-tanto_240206_caro-mio-ben_02_mono.wav,33,67584,69632,2048,False,analyzed_full_frame,5.310890709,6.423956,-15.461239,3.84134276782,-33.9844399538,1805.59545679,,True,True,False,no_valid_Q,
E07,Z2,E07after_tanto-tanto_240206_caro-mio-ben_02_mono.wav,34,69632,71680,2048,False,analyzed_full_frame,8.819553408,7.617142,-12.836478,5.87122209563,-34.4615640645,1926.72762998,,True,True,False,no_valid_Q,
E07,Z2,E07after_tanto-tanto_240206_caro-mio-ben_02_mono.wav,35,71680,73728,2048,False,analyzed_full_frame,11.75829092,9.581178,38.284318,12.6004719179,-22.6734695356,1811.97776797,22.3106058249,True,True,True,valid,
E07,Z2,E07after_tanto-tanto_240206_caro-mio-ben_02_mono.wav,36,73728,75776,2048,False,analyzed_full_frame,10.45081233,11.385053,-17.09089,15.2210002367,-19.8614388686,1991.30596029,21.2426317909,True,True,True,valid,
E07,Z2,E07after_tanto-tanto_240206_caro-mio-ben_02_mono.wav,37,75776,77824,2048,False,analyzed_full_frame,10.07946191,10.069731,-15.267173,19.0565335695,-16.9557149871,2195.87917923,18.7728310478,True,True,True,valid,
E07,Z2,E07after_tanto-tanto_240206_caro-mio-ben_02_mono.wav,38,77824,79872,2048,False,analyzed_full_frame,13.22462583,12.589855,25.335563,15.9382876765,-22.30917734,1877.98158865,13.9223545623,True,True,True,valid,
E07,Z2,E07after_tanto-tanto_240206_caro-mio-ben_02_mono.wav,39,79872,81920,2048,False,analyzed_full_frame,6.542291496,11.00487,-16.528719,17.404095952,-18.6049397889,2012.39455167,28.1331541057,True,True,True,valid,
E07,Z2,E07after_tanto-tanto_240206_caro-mio-ben_02_mono.wav,40,81920,83968,2048,False,analyzed_full_frame,4.669403397,11.870823,-5.820208,15.5927415246,-15.1901036373,2062.11423702,6.93733062199,True,True,True,valid,
E07,Z2,E07after_tanto-tanto_240206_caro-mio-ben_02_mono.wav,41,83968,86016,2048,False,analyzed_full_frame,4.164831417,13.157752,-10.134141,15.6651875753,-17.9387864637,2152.56189741,9.50898467642,True,True,True,valid,
E07,Z2,E07after_tanto-tanto_240206_caro-mio-ben_02_mono.wav,42,86016,88064,2048,False,analyzed_full_frame,7.39358491,10.635646,-9.477138,8.85888879113,-25.3544974433,1787.86667481,,True,True,False,no_valid_Q,
E07,Z2,E07after_tanto-tanto_240206_caro-mio-ben_02_mono.wav,43,88064,88541,477,True,skipped_not_analyzed,,,,,,,,False,False,False,not_analyzed_short_final_frame,"Final partial frame has 477 samples (<2048); recorded only, not analyzed."
M2025,REF,M2025_tanto_tanto_mono.wav,0,0,2048,2048,False,analyzed_full_frame,2.385932903,6.604424,3.994541,27.4473913545,-9.63022507152,5004.48000693,3.44793705427,True,True,True,valid,
M2025,REF,M2025_tanto_tanto_mono.wav,1,2048,4096,2048,False,analyzed_full_frame,10.12113918,6.390901,11.424045,6.10417638105,-37.2027204227,2375.67056725,,True,True,False,no_valid_Q,
M2025,REF,M2025_tanto_tanto_mono.wav,2,4096,6144,2048,False,analyzed_full_frame,-5.634997023,9.678595,-7.735005,7.25766802928,-27.3931880869,1944.84740615,,True,True,False,no_valid_Q,
M2025,REF,M2025_tanto_tanto_mono.wav,3,6144,8192,2048,False,analyzed_full_frame,9.612321135,8.586622,11.099344,7.71722239777,-24.1366519695,1759.52696376,,True,True,False,no_valid_Q,
M2025,REF,M2025_tanto_tanto_mono.wav,4,8192,10240,2048,False,analyzed_full_frame,-0.2805605613,10.358968,-0.646665,5.0883928404,-30.2154637918,1573.36841304,,True,True,False,no_valid_Q,
M2025,REF,M2025_tanto_tanto_mono.wav,5,10240,12288,2048,False,analyzed_full_frame,-5.178317444,11.368764,-3.611354,9.08983681658,-18.8168315271,1571.26564831,7.45558534862,True,True,True,valid,
M2025,REF,M2025_tanto_tanto_mono.wav,6,12288,14336,2048,False,analyzed_full_frame,4.183549131,9.531297,4.185913,12.5038424719,-16.7826569162,1411.73227495,16.9922551481,True,True,True,valid,
M2025,REF,M2025_tanto_tanto_mono.wav,7,14336,16384,2048,False,analyzed_full_frame,1.559691848,12.095733,1.617278,15.1719994062,-18.6758042799,1565.93429747,19.8013598366,True,True,True,valid,
M2025,REF,M2025_tanto_tanto_mono.wav,8,16384,18432,2048,False,analyzed_full_frame,-0.377306669,11.767911,-0.29669,18.2016374233,-15.5919532685,1692.71201168,27.0153768839,True,True,True,valid,
M2025,REF,M2025_tanto_tanto_mono.wav,9,18432,20480,2048,False,analyzed_full_frame,0.2766355282,11.040982,0.151997,7.09040097705,-23.9547305184,1361.64726438,,True,True,False,no_valid_Q,
M2025,REF,M2025_tanto_tanto_mono.wav,10,20480,22528,2048,False,analyzed_full_frame,-12.18021531,13.524208,46.835509,15.3159256497,-21.3219021306,1671.08458637,21.6031048819,True,True,True,valid,
M2025,REF,M2025_tanto_tanto_mono.wav,11,22528,24576,2048,False,analyzed_full_frame,-0.8880844912,12.340127,-0.839627,19.8644823429,-9.19986016916,1583.70314412,86.322322079,True,True,True,valid,
M2025,REF,M2025_tanto_tanto_mono.wav,12,24576,26624,2048,False,analyzed_full_frame,-0.5542317742,12.038586,0.436387,25.3760523447,-8.79198083907,1742.78621456,81.656393484,True,True,True,valid,
M2025,REF,M2025_tanto_tanto_mono.wav,13,26624,28672,2048,False,analyzed_full_frame,-1.082562316,13.543176,0.141618,18.8654160226,-19.2632305099,1594.43651288,23.7096883131,True,True,True,valid,
M2025,REF,M2025_tanto_tanto_mono.wav,14,28672,30720,2048,False,analyzed_full_frame,-0.08466344659,13.166316,-1.43888,13.4268318829,-17.690050924,1434.79290483,21.9574043673,True,True,True,valid,
M2025,REF,M2025_tanto_tanto_mono.wav,15,30720,32768,2048,False,analyzed_full_frame,-4.74590438,13.847043,-1.951735,19.9219667018,-13.8398912944,1620.70944135,38.6898140085,True,True,True,valid,
M2025,REF,M2025_tanto_tanto_mono.wav,16,32768,34816,2048,False,analyzed_full_frame,0.05605041451,11.671472,0.541178,17.5054531481,-8.94018407173,1527.11430508,62.1032875771,True,True,True,valid,
M2025,REF,M2025_tanto_tanto_mono.wav,17,34816,36864,2048,False,analyzed_full_frame,-5.458546941,13.190942,-3.354007,21.2567136706,-11.2453336525,1701.28870427,61.2100067034,True,True,True,valid,
M2025,REF,M2025_tanto_tanto_mono.wav,18,36864,38912,2048,False,analyzed_full_frame,-0.8584286021,13.296188,2.841348,17.1403651115,-19.5812114058,1570.41239192,16.8428212725,True,True,True,valid,
M2025,REF,M2025_tanto_tanto_mono.wav,19,38912,40960,2048,False,analyzed_full_frame,-2.512631751,13.082594,-0.470099,23.2733127037,-10.4032117046,1802.35866395,27.9011296702,True,True,True,valid,
M2025,REF,M2025_tanto_tanto_mono.wav,20,40960,43008,2048,False,analyzed_full_frame,-2.474885929,13.151447,-1.205187,20.0423121802,-12.8857599459,1627.30796353,25.5874946838,True,True,True,valid,
M2025,REF,M2025_tanto_tanto_mono.wav,21,43008,45056,2048,False,analyzed_full_frame,-1.342540428,10.133356,-0.103251,15.1812469304,-10.266174541,1477.95542919,39.6230762022,True,True,True,valid,
M2025,REF,M2025_tanto_tanto_mono.wav,22,45056,47104,2048,False,analyzed_full_frame,1.930488317,11.327221,2.802327,21.9489103664,-13.3934201151,1672.92150067,40.5015180961,True,True,True,valid,
M2025,REF,M2025_tanto_tanto_mono.wav,23,47104,49152,2048,False,analyzed_full_frame,3.674463851,12.57075,5.499722,16.9903506519,-16.8146452952,1524.99251245,15.409386217,True,True,True,valid,
M2025,REF,M2025_tanto_tanto_mono.wav,24,49152,51200,2048,False,analyzed_full_frame,-0.5983998005,13.831406,-0.853127,13.1368509966,-17.0720972267,1467.26090375,11.7164053233,True,True,True,valid,
M2025,REF,M2025_tanto_tanto_mono.wav,25,51200,53248,2048,False,analyzed_full_frame,-5.636367345,12.652187,-3.689897,25.40276156,-11.9287005333,1843.62568371,22.3843333471,True,True,True,valid,
M2025,REF,M2025_tanto_tanto_mono.wav,26,53248,55296,2048,False,analyzed_full_frame,-1.370334713,10.770578,0.351707,17.8845830648,-7.29584977889,1538.51042106,76.2468714032,True,True,True,valid,
M2025,REF,M2025_tanto_tanto_mono.wav,27,55296,57344,2048,False,analyzed_full_frame,-5.719658916,12.613287,-4.620676,15.812707181,-15.3721463307,1619.76654609,15.1993373843,True,True,True,valid,
M2025,REF,M2025_tanto_tanto_mono.wav,28,57344,59392,2048,False,analyzed_full_frame,-0.1023892026,11.849594,5.571385,16.5843924723,-18.8765963585,1562.8449002,10.4502557065,True,True,True,valid,
M2025,REF,M2025_tanto_tanto_mono.wav,29,59392,61440,2048,False,analyzed_full_frame,1.787677305,13.103995,4.442859,24.0835746322,-14.7155034501,1823.58645956,13.0555402238,True,True,True,valid,
M2025,REF,M2025_tanto_tanto_mono.wav,30,61440,63488,2048,False,analyzed_full_frame,-2.99879754,13.636348,-0.750511,21.5586523443,-11.4630740268,1693.66451448,22.3660994724,True,True,True,valid,
M2025,REF,M2025_tanto_tanto_mono.wav,31,63488,65536,2048,False,analyzed_full_frame,-4.476307727,8.802096,-4.01975,15.9019963174,-12.6886311918,1534.47854411,64.0013702862,True,True,True,valid,
M2025,REF,M2025_tanto_tanto_mono.wav,32,65536,67584,2048,False,analyzed_full_frame,-1.85750828,13.958281,-1.50328,22.099005446,-13.9882231705,1752.45903961,12.5714131872,True,True,True,valid,
M2025,REF,M2025_tanto_tanto_mono.wav,33,67584,69632,2048,False,analyzed_full_frame,3.324136891,11.327174,7.114235,20.5186620093,-9.81674686301,1540.23805173,33.0747994237,True,True,True,valid,
M2025,REF,M2025_tanto_tanto_mono.wav,34,69632,71680,2048,False,analyzed_full_frame,8.296432957,12.291377,14.996229,23.7683668756,-19.9489965783,1597.22065262,11.225533668,True,True,True,valid,
M2025,REF,M2025_tanto_tanto_mono.wav,35,71680,73728,2048,False,analyzed_full_frame,-0.8230001994,11.342552,-0.462071,17.9947661008,-10.806806979,1532.35331333,36.1229725987,True,True,True,valid,
M2025,REF,M2025_tanto_tanto_mono.wav,36,73728,75776,2048,False,analyzed_full_frame,0.4774632623,12.342156,-2.832017,14.2728209433,-22.4138172701,1549.03843403,8.18983046083,True,True,True,valid,
M2025,REF,M2025_tanto_tanto_mono.wav,37,75776,77824,2048,False,analyzed_full_frame,8.033277563,11.005633,7.413551,10.1515408817,-22.2138899593,1339.39642707,5.69188323063,True,True,True,valid,
M2025,REF,M2025_tanto_tanto_mono.wav,38,77824,79872,2048,False,analyzed_full_frame,16.46682284,9.609023,42.565957,7.49686361774,-28.0319025973,1152.02172163,4.60278926138,True,True,True,valid,
M2025,REF,M2025_tanto_tanto_mono.wav,39,79872,81920,2048,False,analyzed_full_frame,14.39850255,8.963833,32.434947,8.87768558574,-25.7703531369,1490.44460561,,True,True,False,no_valid_Q,
M2025,REF,M2025_tanto_tanto_mono.wav,40,81920,83968,2048,False,analyzed_full_frame,16.47617868,8.757342,26.164893,9.13067879813,-30.4053317644,1767.46316359,,True,True,False,no_valid_Q,
M2025,REF,M2025_tanto_tanto_mono.wav,41,83968,86016,2048,False,analyzed_full_frame,19.78244069,6.583375,28.921696,9.95893670617,-28.6855986389,1408.18967246,6.97396974428,True,True,True,valid,
M2025,REF,M2025_tanto_tanto_mono.wav,42,86016,88064,2048,False,analyzed_full_frame,26.14928439,8.036877,29.515526,6.2344938656,-35.1982613772,1151.37740635,7.41533866018,True,True,True,valid,
M2025,REF,M2025_tanto_tanto_mono.wav,43,88064,90112,2048,False,analyzed_full_frame,31.34933893,7.677092,36.051682,2.66273245365,-38.5708618933,1037.94284924,,True,True,False,no_valid_Q,
M2025,REF,M2025_tanto_tanto_mono.wav,44,90112,92160,2048,False,analyzed_full_frame,34.20204295,6.234131,32.941026,2.15314090304,-38.654758597,1202.41862894,,True,True,False,no_valid_Q,
M2025,REF,M2025_tanto_tanto_mono.wav,45,92160,94208,2048,False,analyzed_full_frame,15.14680818,5.683345,31.84706,21.8552210012,-23.5417292615,3679.74176543,,True,True,False,no_valid_Q,
M2025,REF,M2025_tanto_tanto_mono.wav,46,94208,96256,2048,False,analyzed_full_frame,10.46629547,7.668443,2.288756,8.12395509949,-28.3367826075,1818.47853539,,True,True,False,no_valid_Q,
M2025,REF,M2025_tanto_tanto_mono.wav,47,96256,98304,2048,False,analyzed_full_frame,14.54305603,5.790819,-2.896974,7.29086884244,-22.5150128644,1651.77891752,,True,True,False,no_valid_Q,
M2025,REF,M2025_tanto_tanto_mono.wav,48,98304,100352,2048,False,analyzed_full_frame,18.163335,9.788014,3.704225,10.9750099815,-20.4819824277,1617.1559299,4.74027786416,True,True,True,valid,
M2025,REF,M2025_tanto_tanto_mono.wav,49,100352,102400,2048,False,analyzed_full_frame,13.61683269,10.725419,-9.681522,18.7298631804,-19.4752564202,1771.92912715,31.2378025911,True,True,True,valid,
M2025,REF,M2025_tanto_tanto_mono.wav,50,102400,104448,2048,False,analyzed_full_frame,12.51862096,10.678104,-8.365939,19.7511156005,-17.1635756515,1673.51290284,26.5845415684,True,True,True,valid,
M2025,REF,M2025_tanto_tanto_mono.wav,51,104448,106496,2048,False,analyzed_full_frame,12.2500848,9.902362,4.605279,18.0612790208,-12.0332728549,1460.68074301,73.1299589784,True,True,True,valid,
M2025,REF,M2025_tanto_tanto_mono.wav,52,106496,108544,2048,False,analyzed_full_frame,13.94858712,11.538826,2.555027,18.0089895148,-17.0133303249,1487.49899516,46.3030709603,True,True,True,valid,
M2025,REF,M2025_tanto_tanto_mono.wav,53,108544,110592,2048,False,analyzed_full_frame,6.003903653,10.154796,-3.525418,28.6968340852,-2.30567702669,1750.81773176,91.0210824115,True,True,True,valid,
M2025,REF,M2025_tanto_tanto_mono.wav,54,110592,112640,2048,False,analyzed_full_frame,14.79778986,10.284989,37.17406,21.2165494522,-20.9675806851,1630.05141799,36.0676433761,True,True,True,valid,
M2025,REF,M2025_tanto_tanto_mono.wav,55,112640,114688,2048,False,analyzed_full_frame,11.92034757,9.715199,-1.582513,19.4316462813,-13.5360124462,1463.29762766,78.6972996265,True,True,True,valid,
M2025,REF,M2025_tanto_tanto_mono.wav,56,114688,116736,2048,False,analyzed_full_frame,12.36915521,10.897748,4.34598,17.0999688323,-16.6191455807,1387.29591871,70.7379453221,True,True,True,valid,
M2025,REF,M2025_tanto_tanto_mono.wav,57,116736,118784,2048,False,analyzed_full_frame,15.13083207,9.350931,2.057197,15.6840690861,-18.2056741878,1517.01141201,15.6173975337,True,True,True,valid,
M2025,REF,M2025_tanto_tanto_mono.wav,58,118784,120832,2048,False,analyzed_full_frame,18.55432748,9.076609,1.326802,13.4039212763,-25.3589872192,1319.64462862,9.09917159242,True,True,True,valid,
M2025,REF,M2025_tanto_tanto_mono.wav,59,120832,122880,2048,False,analyzed_full_frame,16.52864429,6.962872,5.294221,9.30913287797,-27.7201659967,1397.88117714,,True,True,False,no_valid_Q,
M2025,REF,M2025_tanto_tanto_mono.wav,60,122880,124928,2048,False,analyzed_full_frame,16.54414921,7.350251,12.809649,7.05477346434,-31.2755403489,1507.91092694,,True,True,False,no_valid_Q,
M2025,REF,M2025_tanto_tanto_mono.wav,61,124928,125891,963,True,skipped_not_analyzed,,,,,,,,False,False,False,not_analyzed_short_final_frame,"Final partial frame has 963 samples (<2048); recorded only, not analyzed."
V01,Z1,V01before_20170508_tanto_tanto_02_mono.wav,0,0,2048,2048,False,analyzed_full_frame,-1.583787211,4.334852,-2.092624,5.78917823217,-28.3991881393,2030.01427474,,True,True,False,no_valid_Q,
V01,Z1,V01before_20170508_tanto_tanto_02_mono.wav,1,2048,4096,2048,False,analyzed_full_frame,-5.714289229,3.389876,-11.036327,7.87903862503,-30.3431700313,2331.18398319,,True,True,False,no_valid_Q,
V01,Z1,V01before_20170508_tanto_tanto_02_mono.wav,2,4096,6144,2048,False,analyzed_full_frame,-1.787935575,7.944141,0.566961,2.2838690692,-38.9121148147,1340.91558035,,True,True,False,no_valid_Q,
V01,Z1,V01before_20170508_tanto_tanto_02_mono.wav,3,6144,8192,2048,False,analyzed_full_frame,-9.868693194,8.276271,-9.625112,2.17834326391,-37.7371893349,1371.00792962,,True,True,False,no_valid_Q,
V01,Z1,V01before_20170508_tanto_tanto_02_mono.wav,4,8192,10240,2048,False,analyzed_full_frame,-5.831268919,8.992441,-5.003577,3.37464968885,-32.7134336759,1392.1220414,,True,True,False,no_valid_Q,
V01,Z1,V01before_20170508_tanto_tanto_02_mono.wav,5,10240,12288,2048,False,analyzed_full_frame,-2.077031795,8.245099,-1.620714,7.74532171035,-19.3657616868,1493.12585453,,True,True,False,no_valid_Q,
V01,Z1,V01before_20170508_tanto_tanto_02_mono.wav,6,12288,14336,2048,False,analyzed_full_frame,3.335094943,8.379589,3.721785,9.16572779385,-19.023810162,1544.4481406,,True,True,False,no_valid_Q,
V01,Z1,V01before_20170508_tanto_tanto_02_mono.wav,7,14336,16384,2048,False,analyzed_full_frame,-2.493223689,7.387982,-2.20832,10.8011426309,-20.1872673152,1794.93246243,,True,True,False,no_valid_Q,
V01,Z1,V01before_20170508_tanto_tanto_02_mono.wav,8,16384,18432,2048,False,analyzed_full_frame,-5.366335065,10.483545,-4.976367,8.16737155032,-26.8773856028,1561.03499168,,True,True,False,no_valid_Q,
V01,Z1,V01before_20170508_tanto_tanto_02_mono.wav,9,18432,20480,2048,False,analyzed_full_frame,0.2576061552,9.326151,1.349117,4.76121783354,-32.2288340677,1413.22838393,,True,True,False,no_valid_Q,
V01,Z1,V01before_20170508_tanto_tanto_02_mono.wav,10,20480,22528,2048,False,analyzed_full_frame,-3.14204928,8.888474,-1.832489,4.8717033767,-27.0451096019,1450.20111891,,True,True,False,no_valid_Q,
V01,Z1,V01before_20170508_tanto_tanto_02_mono.wav,11,22528,24576,2048,False,analyzed_full_frame,-3.305246783,9.854554,-0.330339,6.4784240091,-27.9106570048,1596.35423442,,True,True,False,no_valid_Q,
V01,Z1,V01before_20170508_tanto_tanto_02_mono.wav,12,24576,26624,2048,False,analyzed_full_frame,-2.025869268,9.92975,-1.525917,3.84677141111,-30.4798336159,1381.16683988,,True,True,False,no_valid_Q,
V01,Z1,V01before_20170508_tanto_tanto_02_mono.wav,13,26624,28672,2048,False,analyzed_full_frame,-4.943370223,8.970333,-6.321863,5.92446151058,-35.0751438948,1623.65916173,,True,True,False,no_valid_Q,
V01,Z1,V01before_20170508_tanto_tanto_02_mono.wav,14,28672,30720,2048,False,analyzed_full_frame,4.296869899,10.410265,6.313357,6.37208213485,-30.7572645071,1609.15448221,,True,True,False,no_valid_Q,
V01,Z1,V01before_20170508_tanto_tanto_02_mono.wav,15,30720,32768,2048,False,analyzed_full_frame,1.629175498,10.836695,0.411533,5.69227709047,-28.7898261475,1487.00270686,,True,True,False,no_valid_Q,
V01,Z1,V01before_20170508_tanto_tanto_02_mono.wav,16,32768,34816,2048,False,analyzed_full_frame,-1.926015686,10.910951,0.234093,4.24496951723,-30.3507177389,1432.96462683,,True,True,False,no_valid_Q,
V01,Z1,V01before_20170508_tanto_tanto_02_mono.wav,17,34816,36864,2048,False,analyzed_full_frame,2.60498777,9.788365,0.973682,6.29302531185,-31.6919560812,1522.46426994,,True,True,False,no_valid_Q,
V01,Z1,V01before_20170508_tanto_tanto_02_mono.wav,18,36864,38912,2048,False,analyzed_full_frame,2.282501044,9.627117,0.513145,10.5614101737,-19.9004020425,1688.67738091,,True,True,False,no_valid_Q,
V01,Z1,V01before_20170508_tanto_tanto_02_mono.wav,19,38912,40960,2048,False,analyzed_full_frame,0.9326452874,11.238628,1.688041,12.6224564945,-15.0030600026,1744.77623055,4.36345655912,True,True,True,valid,
V01,Z1,V01before_20170508_tanto_tanto_02_mono.wav,20,40960,43008,2048,False,analyzed_full_frame,-2.232224433,9.909289,-2.497019,6.86354313758,-31.3218307514,1474.16934374,,True,True,False,no_valid_Q,
V01,Z1,V01before_20170508_tanto_tanto_02_mono.wav,21,43008,45056,2048,False,analyzed_full_frame,-7.45708778,11.11381,-6.722227,10.973135085,-29.9459136835,1716.33546987,,True,True,False,no_valid_Q,
V01,Z1,V01before_20170508_tanto_tanto_02_mono.wav,22,45056,47104,2048,False,analyzed_full_frame,4.076860976,10.611191,1.629825,9.24914935064,-25.1606533435,1441.67887455,,True,True,False,no_valid_Q,
V01,Z1,V01before_20170508_tanto_tanto_02_mono.wav,23,47104,49152,2048,False,analyzed_full_frame,-3.734227766,10.448053,-2.507856,10.5677014148,-23.8831410092,1573.5348355,5.98051478401,True,True,True,valid,
V01,Z1,V01before_20170508_tanto_tanto_02_mono.wav,24,49152,51200,2048,False,analyzed_full_frame,-5.139028747,7.917409,-4.016773,13.1692303473,-26.5094490545,1725.71595825,6.20433169471,True,True,True,valid,
V01,Z1,V01before_20170508_tanto_tanto_02_mono.wav,25,51200,53248,2048,False,analyzed_full_frame,5.488273312,8.510307,4.996081,9.20824175213,-25.6499895209,1385.04696608,6.33041791799,True,True,True,valid,
V01,Z1,V01before_20170508_tanto_tanto_02_mono.wav,26,53248,55296,2048,False,analyzed_full_frame,0.4649669917,9.721214,3.536489,8.90306417146,-22.3812729148,1589.37966612,,True,True,False,no_valid_Q,
V01,Z1,V01before_20170508_tanto_tanto_02_mono.wav,27,55296,57344,2048,False,analyzed_full_frame,-5.362917504,9.339068,-7.675102,6.57079340355,-25.1535880429,1475.22914872,,True,True,False,no_valid_Q,
V01,Z1,V01before_20170508_tanto_tanto_02_mono.wav,28,57344,59392,2048,False,analyzed_full_frame,2.595580688,10.175872,3.487054,6.51975859954,-27.7966349588,1415.6058818,,True,True,False,no_valid_Q,
V01,Z1,V01before_20170508_tanto_tanto_02_mono.wav,29,59392,61440,2048,False,analyzed_full_frame,6.640074137,8.61174,7.341456,5.92240608435,-28.0716522365,1458.58996288,,True,True,False,no_valid_Q,
V01,Z1,V01before_20170508_tanto_tanto_02_mono.wav,30,61440,63488,2048,False,analyzed_full_frame,4.593751876,7.491098,4.858008,6.94278620805,-25.602833398,1560.86882519,,True,True,False,no_valid_Q,
V01,Z1,V01before_20170508_tanto_tanto_02_mono.wav,31,63488,65536,2048,False,analyzed_full_frame,3.808993337,6.022452,0.852922,5.28023479229,-27.8632521349,1537.82872318,,True,True,False,no_valid_Q,
V01,Z1,V01before_20170508_tanto_tanto_02_mono.wav,32,65536,67584,2048,False,analyzed_full_frame,11.89203028,3.075689,18.096898,6.60632223609,-36.0629982711,2569.94677717,,True,True,False,no_valid_Q,
V01,Z1,V01before_20170508_tanto_tanto_02_mono.wav,33,67584,69632,2048,False,analyzed_full_frame,19.61169635,4.898422,8.250116,4.84825148647,-38.391622838,1778.50731978,,True,True,False,no_valid_Q,
V01,Z1,V01before_20170508_tanto_tanto_02_mono.wav,34,69632,71680,2048,False,analyzed_full_frame,27.03727202,6.399056,12.565754,2.6073975674,-43.5362872995,1303.22386621,,True,True,False,no_valid_Q,
V01,Z1,V01before_20170508_tanto_tanto_02_mono.wav,35,71680,73728,2048,False,analyzed_full_frame,28.9135638,8.286187,7.304985,3.54521517196,-36.9917147488,1191.56890238,,True,True,False,no_valid_Q,
V01,Z1,V01before_20170508_tanto_tanto_02_mono.wav,36,73728,75776,2048,False,analyzed_full_frame,23.49489448,8.694047,4.070514,5.64759538368,-27.8892341013,1095.92710289,11.8606985433,True,True,True,valid,
V01,Z1,V01before_20170508_tanto_tanto_02_mono.wav,37,75776,77824,2048,False,analyzed_full_frame,22.12939399,11.333657,4.564973,8.54746513329,-26.4514835223,1196.67115932,4.57529979882,True,True,True,valid,
V01,Z1,V01before_20170508_tanto_tanto_02_mono.wav,38,77824,79872,2048,False,analyzed_full_frame,20.27881716,12.379584,0.691401,12.181971348,-20.4636488845,1264.14043788,35.4158910948,True,True,True,valid,
V01,Z1,V01before_20170508_tanto_tanto_02_mono.wav,39,79872,81920,2048,False,analyzed_full_frame,18.61325771,11.843548,37.260745,17.4418480287,-22.5975901802,1549.59387828,17.8748935465,True,True,True,valid,
V01,Z1,V01before_20170508_tanto_tanto_02_mono.wav,40,81920,83968,2048,False,analyzed_full_frame,17.71382779,9.729602,3.40781,15.9979588479,-21.2784212371,1453.70025694,13.6150317325,True,True,True,valid,
V01,Z1,V01before_20170508_tanto_tanto_02_mono.wav,41,83968,86016,2048,False,analyzed_full_frame,22.56806564,9.164034,49.596409,8.91616094408,-27.3906180678,1227.76264955,17.6923610135,True,True,True,valid,
V01,Z1,V01before_20170508_tanto_tanto_02_mono.wav,42,86016,88064,2048,False,analyzed_full_frame,19.33302431,8.875461,41.819987,16.918469915,-25.04810018,1587.45136074,27.4165882378,True,True,True,valid,
V01,Z1,V01before_20170508_tanto_tanto_02_mono.wav,43,88064,90112,2048,False,analyzed_full_frame,19.35817335,8.629372,40.295156,15.0737228564,-22.4211372963,1467.99760508,29.5056248171,True,True,True,valid,
V01,Z1,V01before_20170508_tanto_tanto_02_mono.wav,44,90112,92160,2048,False,analyzed_full_frame,17.31188516,9.240949,5.275619,19.8849437846,-23.5405827563,1631.51118585,11.636629726,True,True,True,valid,
V01,Z1,V01before_20170508_tanto_tanto_02_mono.wav,45,92160,94208,2048,False,analyzed_full_frame,28.1806539,8.857502,44.644444,6.92915686354,-36.6999343081,1211.28673925,7.35659989559,True,True,True,valid,
V01,Z1,V01before_20170508_tanto_tanto_02_mono.wav,46,94208,96227,2019,True,skipped_not_analyzed,,,,,,,,False,False,False,not_analyzed_short_final_frame,"Final partial frame has 2019 samples (<2048); recorded only, not analyzed."
V01,Z2,V01after_20190408tanto_tanto_02_mono.wav,0,0,2048,2048,False,analyzed_full_frame,-17.84284486,9.576429,-17.407962,3.70236662518,-40.2323813848,1460.96034732,,True,True,False,no_valid_Q,
V01,Z2,V01after_20190408tanto_tanto_02_mono.wav,1,2048,4096,2048,False,analyzed_full_frame,-18.69506062,8.264801,-19.633563,5.27046638491,-34.6806612364,1570.9203788,,True,True,False,no_valid_Q,
V01,Z2,V01after_20190408tanto_tanto_02_mono.wav,2,4096,6144,2048,False,analyzed_full_frame,-18.60484094,7.692806,-19.494247,5.88462783592,-30.1263418337,1702.81740477,,True,True,False,no_valid_Q,
V01,Z2,V01after_20190408tanto_tanto_02_mono.wav,3,6144,8192,2048,False,analyzed_full_frame,-8.741667275,9.23133,-8.891347,6.94215822038,-28.5586035152,1559.27090461,10.6891321938,True,True,True,valid,
V01,Z2,V01after_20190408tanto_tanto_02_mono.wav,4,8192,10240,2048,False,analyzed_full_frame,4.559401435,8.452058,3.904229,6.93471484255,-26.9513467821,1463.49820006,,True,True,False,no_valid_Q,
V01,Z2,V01after_20190408tanto_tanto_02_mono.wav,5,10240,12288,2048,False,analyzed_full_frame,5.579505213,10.717932,5.164312,6.77669292365,-26.6374963589,1447.00854867,,True,True,False,no_valid_Q,
V01,Z2,V01after_20190408tanto_tanto_02_mono.wav,6,12288,14336,2048,False,analyzed_full_frame,-6.00677486,10.162539,-11.459482,7.99723536253,-26.8488421042,1606.08275388,9.38640999758,True,True,True,valid,
V01,Z2,V01after_20190408tanto_tanto_02_mono.wav,7,14336,16384,2048,False,analyzed_full_frame,-5.541101705,9.643538,-4.43875,11.1271901982,-20.7106445753,1794.93909214,23.895169377,True,True,True,valid,
V01,Z2,V01after_20190408tanto_tanto_02_mono.wav,8,16384,18432,2048,False,analyzed_full_frame,3.322762441,9.373482,2.364267,7.94575926034,-26.761402414,1507.73790237,8.77174782951,True,True,True,valid,
V01,Z2,V01after_20190408tanto_tanto_02_mono.wav,9,18432,20480,2048,False,analyzed_full_frame,-6.482785465,11.335527,-4.012167,9.47674425063,-25.6378842823,1695.85903337,14.6136838532,True,True,True,valid,
V01,Z2,V01after_20190408tanto_tanto_02_mono.wav,10,20480,22528,2048,False,analyzed_full_frame,-6.958226874,9.032271,-6.918294,9.28176063549,-21.2815982259,1694.09760615,,True,True,False,no_valid_Q,
V01,Z2,V01after_20190408tanto_tanto_02_mono.wav,11,22528,24576,2048,False,analyzed_full_frame,-12.1404795,10.295219,55.646736,11.280794766,-25.9794636877,1790.84784722,21.2974494177,True,True,True,valid,
V01,Z2,V01after_20190408tanto_tanto_02_mono.wav,12,24576,26624,2048,False,analyzed_full_frame,-0.6859188488,9.562015,-4.034768,7.25686671175,-26.7558363178,1530.36362873,5.99027089936,True,True,True,valid,
V01,Z2,V01after_20190408tanto_tanto_02_mono.wav,13,26624,28672,2048,False,analyzed_full_frame,-1.539365496,11.204023,0.759451,11.5956822408,-23.0302270326,1705.12759093,,True,True,False,no_valid_Q,
V01,Z2,V01after_20190408tanto_tanto_02_mono.wav,14,28672,30720,2048,False,analyzed_full_frame,-3.389996317,9.234444,-2.595166,8.8954077211,-22.1465861038,1584.10777153,,True,True,False,no_valid_Q,
V01,Z2,V01after_20190408tanto_tanto_02_mono.wav,15,30720,32768,2048,False,analyzed_full_frame,-7.930683723,9.010811,51.503232,11.1789317256,-24.5151145346,1769.94242014,,True,True,False,no_valid_Q,
V01,Z2,V01after_20190408tanto_tanto_02_mono.wav,16,32768,34816,2048,False,analyzed_full_frame,-2.449419685,8.174243,-7.451228,11.1328802481,-17.0209023485,1598.40643029,11.142681402,True,True,True,valid,
V01,Z2,V01after_20190408tanto_tanto_02_mono.wav,17,34816,36864,2048,False,analyzed_full_frame,-3.624993918,9.669525,-5.157797,17.8385268852,-20.5122655669,1942.45309198,,True,True,False,no_valid_Q,
V01,Z2,V01after_20190408tanto_tanto_02_mono.wav,18,36864,38912,2048,False,analyzed_full_frame,-11.36630821,10.807681,54.981963,11.4911491666,-22.9236886173,1657.62045442,18.7919046544,True,True,True,valid,
V01,Z2,V01after_20190408tanto_tanto_02_mono.wav,19,38912,40960,2048,False,analyzed_full_frame,-5.512975459,10.907373,-4.99431,15.5014260466,-18.2080002318,1859.77737329,17.3775070049,True,True,True,valid,
V01,Z2,V01after_20190408tanto_tanto_02_mono.wav,20,40960,43008,2048,False,analyzed_full_frame,0.7212626645,10.608502,5.58325,8.37770933849,-27.6070042596,1487.42670471,5.89800745748,True,True,True,valid,
V01,Z2,V01after_20190408tanto_tanto_02_mono.wav,21,43008,45056,2048,False,analyzed_full_frame,-5.480766412,9.971765,-5.861871,9.43397710372,-25.6500302232,1548.46317402,,True,True,False,no_valid_Q,
V01,Z2,V01after_20190408tanto_tanto_02_mono.wav,22,45056,47104,2048,False,analyzed_full_frame,-6.481443198,9.995463,-8.221022,12.8597724445,-24.5628594188,1773.46920677,,True,True,False,no_valid_Q,
V01,Z2,V01after_20190408tanto_tanto_02_mono.wav,23,47104,49152,2048,False,analyzed_full_frame,4.618386746,7.878257,9.37228,8.73263108908,-25.0545946248,1466.2570048,8.17018846799,True,True,True,valid,
V01,Z2,V01after_20190408tanto_tanto_02_mono.wav,24,49152,51200,2048,False,analyzed_full_frame,-0.07697484963,11.468647,1.602316,7.56466438161,-25.7221434593,1420.58019279,7.26119739178,True,True,True,valid,
V01,Z2,V01after_20190408tanto_tanto_02_mono.wav,25,51200,53248,2048,False,analyzed_full_frame,-8.20519231,10.024331,-7.973622,7.28534276867,-29.1346403775,1568.73968608,11.9280943054,True,True,True,valid,
V01,Z2,V01after_20190408tanto_tanto_02_mono.wav,26,53248,55296,2048,False,analyzed_full_frame,-3.288023513,11.248046,-3.876994,9.95083873068,-24.5215950387,1670.06640481,4.64587159141,True,True,True,valid,
V01,Z2,V01after_20190408tanto_tanto_02_mono.wav,27,55296,57344,2048,False,analyzed_full_frame,-3.736608427,10.324936,-1.593993,14.3269493578,-25.0686534573,1855.30471902,4.55106553005,True,True,True,valid,
V01,Z2,V01after_20190408tanto_tanto_02_mono.wav,28,57344,59392,2048,False,analyzed_full_frame,6.732200982,9.770515,6.639098,13.4268108263,-23.8642388569,1873.81459622,,True,True,False,no_valid_Q,
V01,Z2,V01after_20190408tanto_tanto_02_mono.wav,29,59392,61440,2048,False,analyzed_full_frame,4.4517909,9.55571,9.24839,12.0577168715,-20.6124498649,1855.5600647,,True,True,False,no_valid_Q,
V01,Z2,V01after_20190408tanto_tanto_02_mono.wav,30,61440,63488,2048,False,analyzed_full_frame,6.031246937,1.617489,-1.27906,8.8898627695,-16.6745697467,2127.96006142,,True,True,False,no_valid_Q,
V01,Z2,V01after_20190408tanto_tanto_02_mono.wav,31,63488,65536,2048,False,analyzed_full_frame,16.67554397,7.174081,-8.874499,7.86945768716,-24.1463328763,1601.91293829,,True,True,False,no_valid_Q,
V01,Z2,V01after_20190408tanto_tanto_02_mono.wav,32,65536,67584,2048,False,analyzed_full_frame,18.0309424,9.752583,-4.719021,12.390820808,-24.2586944101,1599.4989213,4.21346438764,True,True,True,valid,
V01,Z2,V01after_20190408tanto_tanto_02_mono.wav,33,67584,69632,2048,False,analyzed_full_frame,23.41039992,8.934841,-9.059318,9.04356444122,-27.7367756056,1405.58755493,,True,True,False,no_valid_Q,
V01,Z2,V01after_20190408tanto_tanto_02_mono.wav,34,69632,71680,2048,False,analyzed_full_frame,21.21883748,11.564926,32.281247,11.5132389336,-25.9707789688,1447.94611702,13.3591963716,True,True,True,valid,
V01,Z2,V01after_20190408tanto_tanto_02_mono.wav,35,71680,73728,2048,False,analyzed_full_frame,20.21110861,11.435057,40.471268,12.8536070129,-28.4493662945,1506.08802618,13.3623277603,True,True,True,valid,
V01,Z2,V01after_20190408tanto_tanto_02_mono.wav,36,73728,75776,2048,False,analyzed_full_frame,20.86407897,10.961382,-6.955591,11.7511321425,-28.2649572066,1443.42325453,7.81576231684,True,True,True,valid,
V01,Z2,V01after_20190408tanto_tanto_02_mono.wav,37,75776,77824,2048,False,analyzed_full_frame,21.89810659,8.358409,-5.937856,8.77963432645,-22.6785669332,1284.50352173,6.58281138134,True,True,True,valid,
V01,Z2,V01after_20190408tanto_tanto_02_mono.wav,38,77824,79872,2048,False,analyzed_full_frame,22.57081993,10.359165,43.732015,10.633182371,-30.5094738439,1421.05142121,10.4449499338,True,True,True,valid,
V01,Z2,V01after_20190408tanto_tanto_02_mono.wav,39,79872,81920,2048,False,analyzed_full_frame,19.72961216,8.458663,43.104094,10.8862302668,-25.5241361499,1557.75982525,16.6458199137,True,True,True,valid,
V01,Z2,V01after_20190408tanto_tanto_02_mono.wav,40,81920,83968,2048,False,analyzed_full_frame,22.08980232,9.561227,41.342034,9.60265767694,-32.7849439934,1405.78369974,17.040491058,True,True,True,valid,
V01,Z2,V01after_20190408tanto_tanto_02_mono.wav,41,83968,86016,2048,False,analyzed_full_frame,21.09252102,8.439047,35.167391,10.6126286819,-26.0372847198,1347.5733829,10.3956895628,True,True,True,valid,
V01,Z2,V01after_20190408tanto_tanto_02_mono.wav,42,86016,88064,2048,False,analyzed_full_frame,18.72125613,7.796227,43.999898,14.4059432942,-26.8939228137,1611.89696761,15.3659902524,True,True,True,valid,
V01,Z2,V01after_20190408tanto_tanto_02_mono.wav,43,88064,89893,1829,True,skipped_not_analyzed,,,,,,,,False,False,False,not_analyzed_short_final_frame,"Final partial frame has 1829 samples (<2048); recorded only, not analyzed."
V02,Z1,V02before_20220531_tanto_tanto_02_mono.wav,0,0,2048,2048,False,analyzed_full_frame,17.78621495,5.371503,21.364526,6.11633157583,-38.2192283644,1591.31752049,,True,True,False,no_valid_Q,
V02,Z1,V02before_20220531_tanto_tanto_02_mono.wav,1,2048,4096,2048,False,analyzed_full_frame,2.848196647,8.522901,4.290687,4.94213738935,-32.1811664766,1368.0074271,,True,True,False,no_valid_Q,
V02,Z1,V02before_20220531_tanto_tanto_02_mono.wav,2,4096,6144,2048,False,analyzed_full_frame,4.09835613,8.834985,4.676994,4.69636274094,-32.3454580928,1239.11826511,,True,True,False,no_valid_Q,
V02,Z1,V02before_20220531_tanto_tanto_02_mono.wav,3,6144,8192,2048,False,analyzed_full_frame,-4.025605377,7.577833,-5.588665,11.3950463735,-15.9001957897,1644.00215308,12.1063390597,True,True,True,valid,
V02,Z1,V02before_20220531_tanto_tanto_02_mono.wav,4,8192,10240,2048,False,analyzed_full_frame,4.181492428,7.81146,4.360158,10.034066867,-21.269788663,1365.48686228,7.65061625192,True,True,True,valid,
V02,Z1,V02before_20220531_tanto_tanto_02_mono.wav,5,10240,12288,2048,False,analyzed_full_frame,5.620252092,8.234069,5.492701,9.69049148252,-22.4618550627,1415.24931534,5.52450466136,True,True,True,valid,
V02,Z1,V02before_20220531_tanto_tanto_02_mono.wav,6,12288,14336,2048,False,analyzed_full_frame,9.324433534,7.706509,11.180268,6.13872159964,-31.707407623,1243.70766731,,True,True,False,no_valid_Q,
V02,Z1,V02before_20220531_tanto_tanto_02_mono.wav,7,14336,16384,2048,False,analyzed_full_frame,8.474094449,7.198349,9.95696,13.2428933833,-17.3807816334,1446.53480864,14.1808818194,True,True,True,valid,
V02,Z1,V02before_20220531_tanto_tanto_02_mono.wav,8,16384,18432,2048,False,analyzed_full_frame,10.62423018,8.239783,11.510641,7.41232629756,-29.1151007945,1190.82888569,,True,True,False,no_valid_Q,
V02,Z1,V02before_20220531_tanto_tanto_02_mono.wav,9,18432,20480,2048,False,analyzed_full_frame,12.15205004,8.970948,14.583406,9.67817136497,-23.4821839456,1282.88373254,7.17467601455,True,True,True,valid,
V02,Z1,V02before_20220531_tanto_tanto_02_mono.wav,10,20480,22528,2048,False,analyzed_full_frame,4.386183929,8.011165,4.34022,10.6141395355,-25.9464010934,1316.88065373,6.34225108938,True,True,True,valid,
V02,Z1,V02before_20220531_tanto_tanto_02_mono.wav,11,22528,24576,2048,False,analyzed_full_frame,-15.1398491,7.576218,-17.206903,15.267065602,-18.4176951845,1810.31395361,14.7552427459,True,True,True,valid,
V02,Z1,V02before_20220531_tanto_tanto_02_mono.wav,12,24576,26624,2048,False,analyzed_full_frame,3.343424103,6.968295,4.202362,13.9213659853,-19.7764876286,1650.71619213,4.82817973976,True,True,True,valid,
V02,Z1,V02before_20220531_tanto_tanto_02_mono.wav,13,26624,28672,2048,False,analyzed_full_frame,2.934880657,6.551524,4.385126,9.73564009327,-25.272294998,1487.53259182,,True,True,False,no_valid_Q,
V02,Z1,V02before_20220531_tanto_tanto_02_mono.wav,14,28672,30720,2048,False,analyzed_full_frame,12.34725791,6.541883,15.171905,9.88810792203,-22.800717087,1296.82945676,8.89819014344,True,True,True,valid,
V02,Z1,V02before_20220531_tanto_tanto_02_mono.wav,15,30720,32768,2048,False,analyzed_full_frame,8.354438389,7.489242,9.653567,10.3081071342,-20.71339719,1326.44308205,8.89629042177,True,True,True,valid,
V02,Z1,V02before_20220531_tanto_tanto_02_mono.wav,16,32768,34816,2048,False,analyzed_full_frame,10.38584297,8.452266,12.040237,8.41913989192,-25.5594984681,1280.43180756,,True,True,False,no_valid_Q,
V02,Z1,V02before_20220531_tanto_tanto_02_mono.wav,17,34816,36864,2048,False,analyzed_full_frame,8.639032729,7.902164,10.8455,21.0563321661,-13.0024517089,1481.44518408,66.4787678372,True,True,True,valid,
V02,Z1,V02before_20220531_tanto_tanto_02_mono.wav,18,36864,38912,2048,False,analyzed_full_frame,8.250077005,7.984774,9.219244,15.5932543871,-16.7761420458,1418.40277772,35.4415941059,True,True,True,valid,
V02,Z1,V02before_20220531_tanto_tanto_02_mono.wav,19,38912,40960,2048,False,analyzed_full_frame,7.740919314,9.099061,8.066248,9.35464422644,-27.3373469475,1278.42068085,,True,True,False,no_valid_Q,
V02,Z1,V02before_20220531_tanto_tanto_02_mono.wav,20,40960,43008,2048,False,analyzed_full_frame,2.941238226,8.392571,3.244972,14.4815339966,-19.1544190999,1395.71158688,11.8992772076,True,True,True,valid,
V02,Z1,V02before_20220531_tanto_tanto_02_mono.wav,21,43008,45056,2048,False,analyzed_full_frame,6.463453196,8.819142,6.7863,9.39982751246,-27.5774766162,1385.88388928,,True,True,False,no_valid_Q,
V02,Z1,V02before_20220531_tanto_tanto_02_mono.wav,22,45056,47104,2048,False,analyzed_full_frame,3.784502977,9.186212,5.309343,12.7099188415,-17.7197025982,1511.5350223,9.19179355679,True,True,True,valid,
V02,Z1,V02before_20220531_tanto_tanto_02_mono.wav,23,47104,49152,2048,False,analyzed_full_frame,7.677928772,8.71364,9.172274,10.8792288419,-20.1371174211,1367.43510472,12.2122380727,True,True,True,valid,
V02,Z1,V02before_20220531_tanto_tanto_02_mono.wav,24,49152,51200,2048,False,analyzed_full_frame,7.900925098,7.70271,9.225471,9.39320527476,-24.3090082858,1317.95693224,,True,True,False,no_valid_Q,
V02,Z1,V02before_20220531_tanto_tanto_02_mono.wav,25,51200,53248,2048,False,analyzed_full_frame,5.008409445,8.189446,5.5983,8.21041016087,-23.0654029522,1296.68698967,,True,True,False,no_valid_Q,
V02,Z1,V02before_20220531_tanto_tanto_02_mono.wav,26,53248,55296,2048,False,analyzed_full_frame,3.214372271,7.626653,4.206203,19.5294994612,-12.8284674304,1638.24060353,25.2725541796,True,True,True,valid,
V02,Z1,V02before_20220531_tanto_tanto_02_mono.wav,27,55296,57344,2048,False,analyzed_full_frame,4.977594083,7.823582,6.604027,18.2172760932,-14.2914958091,1551.63828699,27.4672284755,True,True,True,valid,
V02,Z1,V02before_20220531_tanto_tanto_02_mono.wav,28,57344,59392,2048,False,analyzed_full_frame,4.921903372,8.317101,5.494841,9.54102043816,-25.8543684834,1343.13441124,,True,True,False,no_valid_Q,
V02,Z1,V02before_20220531_tanto_tanto_02_mono.wav,29,59392,61440,2048,False,analyzed_full_frame,6.042410255,8.534591,7.912653,14.6362152413,-17.8995593886,1509.49427945,10.2547937676,True,True,True,valid,
V02,Z1,V02before_20220531_tanto_tanto_02_mono.wav,30,61440,63488,2048,False,analyzed_full_frame,8.688153247,7.959167,11.662987,20.3156762393,-12.65093911,1483.81103072,51.5035715228,True,True,True,valid,
V02,Z1,V02before_20220531_tanto_tanto_02_mono.wav,31,63488,65536,2048,False,analyzed_full_frame,9.292389384,6.972962,11.124097,16.7392217965,-14.8969675588,1404.96820042,49.6903385014,True,True,True,valid,
V02,Z1,V02before_20220531_tanto_tanto_02_mono.wav,32,65536,67584,2048,False,analyzed_full_frame,8.131865585,7.517362,9.014545,9.85719381988,-22.8720700266,1272.27672832,7.3679555884,True,True,True,valid,
V02,Z1,V02before_20220531_tanto_tanto_02_mono.wav,33,67584,69632,2048,False,analyzed_full_frame,11.49532644,9.110896,13.988264,15.7153887494,-17.2218587716,1332.20687211,40.2607764732,True,True,True,valid,
V02,Z1,V02before_20220531_tanto_tanto_02_mono.wav,34,69632,71680,2048,False,analyzed_full_frame,10.01911379,7.667639,10.567443,6.47874849956,-27.0863111604,1154.28065617,,True,True,False,no_valid_Q,
V02,Z1,V02before_20220531_tanto_tanto_02_mono.wav,35,71680,73728,2048,False,analyzed_full_frame,7.331696896,8.482206,7.717814,6.72060175407,-25.2130944327,1183.70638738,5.82492430665,True,True,True,valid,
V02,Z1,V02before_20220531_tanto_tanto_02_mono.wav,36,73728,75776,2048,False,analyzed_full_frame,6.166754972,9.218383,6.319746,7.88872719426,-26.8229215077,1276.10241056,,True,True,False,no_valid_Q,
V02,Z1,V02before_20220531_tanto_tanto_02_mono.wav,37,75776,77824,2048,False,analyzed_full_frame,4.601695386,7.360509,4.763645,10.6572440261,-21.336170171,1394.00118585,5.77471256836,True,True,True,valid,
V02,Z1,V02before_20220531_tanto_tanto_02_mono.wav,38,77824,79872,2048,False,analyzed_full_frame,5.619139101,6.692293,5.890123,9.03426651694,-23.8028419982,1455.9234772,,True,True,False,no_valid_Q,
V02,Z1,V02before_20220531_tanto_tanto_02_mono.wav,39,79872,81920,2048,False,analyzed_full_frame,7.303748963,7.668071,8.938238,9.27973698944,-25.5035926981,1699.3688938,,True,True,False,no_valid_Q,
V02,Z1,V02before_20220531_tanto_tanto_02_mono.wav,40,81920,83968,2048,False,analyzed_full_frame,10.30421145,9.464952,14.435451,10.9296835999,-26.019168954,1681.18000293,,True,True,False,no_valid_Q,
V02,Z1,V02before_20220531_tanto_tanto_02_mono.wav,41,83968,86016,2048,False,analyzed_full_frame,14.20149565,8.558391,18.03477,8.19192332785,-31.8556200094,1458.27424122,,True,True,False,no_valid_Q,
V02,Z1,V02before_20220531_tanto_tanto_02_mono.wav,42,86016,88064,2048,False,analyzed_full_frame,17.72300699,9.06192,22.376229,8.55254256624,-27.7027866072,1505.56342496,,True,True,False,no_valid_Q,
V02,Z1,V02before_20220531_tanto_tanto_02_mono.wav,43,88064,90112,2048,False,analyzed_full_frame,10.56066426,8.843473,16.342332,9.0951087867,-24.0182195817,1996.88735005,,True,True,False,no_valid_Q,
V02,Z1,V02before_20220531_tanto_tanto_02_mono.wav,44,90112,92160,2048,False,analyzed_full_frame,17.99321269,3.047218,33.055386,9.91350769982,-31.5249707438,2024.00408039,,True,True,False,no_valid_Q,
V02,Z1,V02before_20220531_tanto_tanto_02_mono.wav,45,92160,94208,2048,False,analyzed_full_frame,19.55354669,4.022599,20.154607,7.47380431486,-34.2702749912,1709.9725908,,True,True,False,no_valid_Q,
V02,Z1,V02before_20220531_tanto_tanto_02_mono.wav,46,94208,96256,2048,False,analyzed_full_frame,17.55701399,4.714885,18.959061,4.75634557311,-41.1864731966,1475.43138161,,True,True,False,no_valid_Q,
V02,Z1,V02before_20220531_tanto_tanto_02_mono.wav,47,96256,98304,2048,False,analyzed_full_frame,26.52092813,6.065981,8.536286,3.34637919338,-37.0417553391,1122.22205608,,True,True,False,no_valid_Q,
V02,Z1,V02before_20220531_tanto_tanto_02_mono.wav,48,98304,100352,2048,False,analyzed_full_frame,33.53275419,8.849006,7.498386,2.08970667345,-47.5557910455,948.432878271,,True,True,False,no_valid_Q,
V02,Z1,V02before_20220531_tanto_tanto_02_mono.wav,49,100352,102400,2048,False,analyzed_full_frame,33.32916022,8.499183,4.741443,2.84010799016,-36.1052811428,930.822140675,,True,True,False,no_valid_Q,
V02,Z1,V02before_20220531_tanto_tanto_02_mono.wav,50,102400,104448,2048,False,analyzed_full_frame,34.94927637,8.501398,3.324447,2.31763230811,-38.4725810247,943.398446086,,True,True,False,no_valid_Q,
V02,Z1,V02before_20220531_tanto_tanto_02_mono.wav,51,104448,106496,2048,False,analyzed_full_frame,31.38942999,8.420071,4.396356,3.09978711014,-35.8972212667,924.610816569,4.31421134303,True,True,True,valid,
V02,Z1,V02before_20220531_tanto_tanto_02_mono.wav,52,106496,108544,2048,False,analyzed_full_frame,31.64202556,9.455553,0.510128,2.41592753894,-37.6786472047,916.084922547,,True,True,False,no_valid_Q,
V02,Z1,V02before_20220531_tanto_tanto_02_mono.wav,53,108544,110592,2048,False,analyzed_full_frame,28.34203388,9.451214,0.031402,2.5220350795,-39.7351981662,959.366471599,,True,True,False,no_valid_Q,
V02,Z1,V02before_20220531_tanto_tanto_02_mono.wav,54,110592,112640,2048,False,analyzed_full_frame,29.49446725,9.497444,-0.322014,2.54632934885,-40.5575390713,940.523697672,,True,True,False,no_valid_Q,
V02,Z1,V02before_20220531_tanto_tanto_02_mono.wav,55,112640,114688,2048,False,analyzed_full_frame,29.76147579,9.711184,-1.840791,3.58165988895,-28.9263969128,975.993502483,9.21330530833,True,True,True,valid,
V02,Z1,V02before_20220531_tanto_tanto_02_mono.wav,56,114688,116736,2048,False,analyzed_full_frame,29.28610667,9.192672,-3.510056,3.38834104436,-30.9270068757,970.069898616,8.6305566764,True,True,True,valid,
V02,Z1,V02before_20220531_tanto_tanto_02_mono.wav,57,116736,118784,2048,False,analyzed_full_frame,23.08767734,9.561154,-3.604171,3.64487848995,-32.635958384,986.058669429,5.05806588991,True,True,True,valid,
V02,Z1,V02before_20220531_tanto_tanto_02_mono.wav,58,118784,120832,2048,False,analyzed_full_frame,27.7081159,9.368509,-3.291095,3.931631091,-30.0109561548,1012.77512699,5.18328493027,True,True,True,valid,
V02,Z1,V02before_20220531_tanto_tanto_02_mono.wav,59,120832,122880,2048,False,analyzed_full_frame,25.63532023,9.338065,-5.500887,4.55467430435,-25.1832615136,1023.72254535,21.8756493412,True,True,True,valid,
V02,Z1,V02before_20220531_tanto_tanto_02_mono.wav,60,122880,124928,2048,False,analyzed_full_frame,23.48994374,10.334361,-4.230304,6.08939488024,-23.522721606,1088.03020413,14.9688341283,True,True,True,valid,
V02,Z1,V02before_20220531_tanto_tanto_02_mono.wav,61,124928,126976,2048,False,analyzed_full_frame,24.04153363,9.024225,-6.658705,5.28904615502,-24.2833019883,1081.23416326,18.5208885099,True,True,True,valid,
V02,Z1,V02before_20220531_tanto_tanto_02_mono.wav,62,126976,129024,2048,False,analyzed_full_frame,24.04469353,9.482645,-6.334654,4.53913744433,-28.3354156388,1086.43846871,7.81785979886,True,True,True,valid,
V02,Z1,V02before_20220531_tanto_tanto_02_mono.wav,63,129024,131072,2048,False,analyzed_full_frame,21.68039384,10.034716,-5.169038,7.71678015277,-21.6195135388,1170.01950849,22.2284915592,True,True,True,valid,
V02,Z1,V02before_20220531_tanto_tanto_02_mono.wav,64,131072,133120,2048,False,analyzed_full_frame,22.58562152,9.669374,-4.185116,5.16410463764,-29.4039513423,1120.88820786,,True,True,False,no_valid_Q,
V02,Z1,V02before_20220531_tanto_tanto_02_mono.wav,65,133120,135168,2048,False,analyzed_full_frame,23.85907169,9.046891,-3.071199,6.8927243105,-23.6916283374,1124.83724654,12.7709618691,True,True,True,valid,
V02,Z1,V02before_20220531_tanto_tanto_02_mono.wav,66,135168,137216,2048,False,analyzed_full_frame,19.42974763,11.542346,-0.817689,5.80431553269,-25.5111610328,1129.49650749,,True,True,False,no_valid_Q,
V02,Z1,V02before_20220531_tanto_tanto_02_mono.wav,67,137216,137621,405,True,skipped_not_analyzed,,,,,,,,False,False,False,not_analyzed_short_final_frame,"Final partial frame has 405 samples (<2048); recorded only, not analyzed."
V02,Z2,V02after_20240524_tanto_tanto_02_mono.wav,0,0,2048,2048,False,analyzed_full_frame,6.471010028,4.144306,9.870638,10.5906028374,-23.2787535733,3060.88904513,,True,True,False,no_valid_Q,
V02,Z2,V02after_20240524_tanto_tanto_02_mono.wav,1,2048,4096,2048,False,analyzed_full_frame,-1.058732119,7.379012,-0.150346,11.4398488408,-18.8727377496,2604.91804707,,True,True,False,no_valid_Q,
V02,Z2,V02after_20240524_tanto_tanto_02_mono.wav,2,4096,6144,2048,False,analyzed_full_frame,6.488219771,6.330532,6.858895,4.41668795014,-34.7703477375,1554.16909779,,True,True,False,no_valid_Q,
V02,Z2,V02after_20240524_tanto_tanto_02_mono.wav,3,6144,8192,2048,False,analyzed_full_frame,6.657917189,7.844678,7.146034,5.43243242269,-32.7739940766,1498.30907141,,True,True,False,no_valid_Q,
V02,Z2,V02after_20240524_tanto_tanto_02_mono.wav,4,8192,10240,2048,False,analyzed_full_frame,-3.203186239,8.020869,-3.060376,5.91330305467,-26.4205026066,1494.64278797,,True,True,False,no_valid_Q,
V02,Z2,V02after_20240524_tanto_tanto_02_mono.wav,5,10240,12288,2048,False,analyzed_full_frame,-4.085747527,10.469307,-3.779405,9.29652711981,-24.1237456521,1541.05062983,,True,True,False,no_valid_Q,
V02,Z2,V02after_20240524_tanto_tanto_02_mono.wav,6,12288,14336,2048,False,analyzed_full_frame,7.118440715,9.453347,8.238278,7.9022974253,-27.7267838323,1308.72160532,,True,True,False,no_valid_Q,
V02,Z2,V02after_20240524_tanto_tanto_02_mono.wav,7,14336,16384,2048,False,analyzed_full_frame,6.91443113,10.207324,7.235424,10.3317132459,-24.136260758,1439.22811104,4.71296187846,True,True,True,valid,
V02,Z2,V02after_20240524_tanto_tanto_02_mono.wav,8,16384,18432,2048,False,analyzed_full_frame,10.84916149,9.352676,12.258172,14.5239125597,-18.7430777179,1556.52402832,10.6824737196,True,True,True,valid,
V02,Z2,V02after_20240524_tanto_tanto_02_mono.wav,9,18432,20480,2048,False,analyzed_full_frame,4.59424383,10.63426,5.462288,12.3682418071,-18.357333323,1522.10946649,6.72332663806,True,True,True,valid,
V02,Z2,V02after_20240524_tanto_tanto_02_mono.wav,10,20480,22528,2048,False,analyzed_full_frame,3.871040381,9.727721,4.099693,12.5580461764,-15.824679896,1509.58179868,9.14886727389,True,True,True,valid,
V02,Z2,V02after_20240524_tanto_tanto_02_mono.wav,11,22528,24576,2048,False,analyzed_full_frame,-1.093130553,11.540378,-0.88979,14.2760077022,-17.8195187661,1591.2835525,10.5966038072,True,True,True,valid,
V02,Z2,V02after_20240524_tanto_tanto_02_mono.wav,12,24576,26624,2048,False,analyzed_full_frame,-8.348742136,11.935829,-7.972361,15.7770255681,-16.7167363568,1761.37565018,11.7207403922,True,True,True,valid,
V02,Z2,V02after_20240524_tanto_tanto_02_mono.wav,13,26624,28672,2048,False,analyzed_full_frame,-1.520246275,12.576803,-0.977923,13.2989527176,-16.0263766069,1590.41822895,10.6634784288,True,True,True,valid,
V02,Z2,V02after_20240524_tanto_tanto_02_mono.wav,14,28672,30720,2048,False,analyzed_full_frame,8.899443255,10.478865,9.357572,11.1621596604,-24.6548479771,1396.64417094,,True,True,False,no_valid_Q,
V02,Z2,V02after_20240524_tanto_tanto_02_mono.wav,15,30720,32768,2048,False,analyzed_full_frame,2.626127403,9.495154,2.878531,14.1775932331,-13.7950071494,1518.79697027,16.8330920144,True,True,True,valid,
V02,Z2,V02after_20240524_tanto_tanto_02_mono.wav,16,32768,34816,2048,False,analyzed_full_frame,-0.6573944526,11.307113,-0.403862,15.6763132641,-9.37363221061,1563.2577338,36.5658210373,True,True,True,valid,
V02,Z2,V02after_20240524_tanto_tanto_02_mono.wav,17,34816,36864,2048,False,analyzed_full_frame,-2.447857385,11.490341,-2.493997,16.830523777,-14.8669242555,1644.10112818,19.0259954882,True,True,True,valid,
V02,Z2,V02after_20240524_tanto_tanto_02_mono.wav,18,36864,38912,2048,False,analyzed_full_frame,-7.342746602,11.744786,-6.833955,18.1391269006,-15.868692642,1730.10731395,24.9684266955,True,True,True,valid,
V02,Z2,V02after_20240524_tanto_tanto_02_mono.wav,19,38912,40960,2048,False,analyzed_full_frame,8.653305567,12.724574,10.307523,13.6917710707,-20.9078944708,1471.53208295,9.84069555951,True,True,True,valid,
V02,Z2,V02after_20240524_tanto_tanto_02_mono.wav,20,40960,43008,2048,False,analyzed_full_frame,3.803207766,12.282082,4.68253,18.5741017624,-12.9576957467,1576.46522084,27.9393072166,True,True,True,valid,
V02,Z2,V02after_20240524_tanto_tanto_02_mono.wav,21,43008,45056,2048,False,analyzed_full_frame,-0.3772983575,11.390193,-0.10065,13.8856779762,-12.6993841767,1490.91410663,22.716309814,True,True,True,valid,
V02,Z2,V02after_20240524_tanto_tanto_02_mono.wav,22,45056,47104,2048,False,analyzed_full_frame,4.120550877,10.445855,4.52285,13.8737303846,-16.393517638,1467.50029998,14.0132726049,True,True,True,valid,
V02,Z2,V02after_20240524_tanto_tanto_02_mono.wav,23,47104,49152,2048,False,analyzed_full_frame,0.7118812124,11.20555,1.128291,16.4384612179,-11.6636364473,1528.32569189,32.6456288049,True,True,True,valid,
V02,Z2,V02after_20240524_tanto_tanto_02_mono.wav,24,49152,51200,2048,False,analyzed_full_frame,-3.759939326,11.110355,-4.101772,23.9659916519,-11.4792126559,1806.5713678,22.1522995643,True,True,True,valid,
V02,Z2,V02after_20240524_tanto_tanto_02_mono.wav,25,51200,53248,2048,False,analyzed_full_frame,-4.929179402,11.147765,-4.649541,20.0043280638,-12.6522628593,1719.00377213,29.5565570286,True,True,True,valid,
V02,Z2,V02after_20240524_tanto_tanto_02_mono.wav,26,53248,55296,2048,False,analyzed_full_frame,5.306065024,11.910584,6.348094,15.2328358957,-17.8331432347,1498.77029231,16.0991420833,True,True,True,valid,
V02,Z2,V02after_20240524_tanto_tanto_02_mono.wav,27,55296,57344,2048,False,analyzed_full_frame,7.141184241,12.344397,7.685312,10.6450155309,-24.624246961,1363.31208266,10.5795912686,True,True,True,valid,
V02,Z2,V02after_20240524_tanto_tanto_02_mono.wav,28,57344,59392,2048,False,analyzed_full_frame,-3.598049033,10.274845,-3.234256,13.6333486995,-15.8498633634,1507.18661643,22.2395131423,True,True,True,valid,
V02,Z2,V02after_20240524_tanto_tanto_02_mono.wav,29,59392,61440,2048,False,analyzed_full_frame,-5.095914503,10.890976,-5.001886,19.6901763276,-13.6572167492,1699.78995674,23.875333704,True,True,True,valid,
V02,Z2,V02after_20240524_tanto_tanto_02_mono.wav,30,61440,63488,2048,False,analyzed_full_frame,1.937597412,12.033825,2.516994,20.2045982618,-16.5357740424,1760.47257854,12.2305961762,True,True,True,valid,
V02,Z2,V02after_20240524_tanto_tanto_02_mono.wav,31,63488,65536,2048,False,analyzed_full_frame,9.00043434,12.480363,9.376225,13.8005699492,-21.1008279778,1417.02528082,14.0613379673,True,True,True,valid,
V02,Z2,V02after_20240524_tanto_tanto_02_mono.wav,32,65536,67584,2048,False,analyzed_full_frame,2.228949826,12.147181,2.576127,17.9722764546,-14.5512439748,1541.08905495,29.8276526471,True,True,True,valid,
V02,Z2,V02after_20240524_tanto_tanto_02_mono.wav,33,67584,69632,2048,False,analyzed_full_frame,-6.357663178,13.375512,-5.94933,18.2034789302,-18.2490081842,1727.17696132,17.4415774843,True,True,True,valid,
V02,Z2,V02after_20240524_tanto_tanto_02_mono.wav,34,69632,71680,2048,False,analyzed_full_frame,7.235594285,11.932114,9.526775,18.9247376491,-14.4336372387,1613.73262447,17.2727776986,True,True,True,valid,
V02,Z2,V02after_20240524_tanto_tanto_02_mono.wav,35,71680,73728,2048,False,analyzed_full_frame,7.750581737,14.320403,9.75771,23.1944798847,-16.3901045954,1639.62869392,27.0217022258,True,True,True,valid,
V02,Z2,V02after_20240524_tanto_tanto_02_mono.wav,36,73728,75776,2048,False,analyzed_full_frame,10.23033068,12.73219,13.444176,16.4491389846,-18.7874287387,1585.70669356,10.8127233532,True,True,True,valid,
V02,Z2,V02after_20240524_tanto_tanto_02_mono.wav,37,75776,77824,2048,False,analyzed_full_frame,3.372995167,12.493067,5.34902,18.3702754605,-14.1707891899,1763.55764821,,True,True,False,no_valid_Q,
V02,Z2,V02after_20240524_tanto_tanto_02_mono.wav,38,77824,79872,2048,False,analyzed_full_frame,6.001985501,11.326551,6.796423,13.1487423423,-22.6035420131,1495.56793525,,True,True,False,no_valid_Q,
V02,Z2,V02after_20240524_tanto_tanto_02_mono.wav,39,79872,81920,2048,False,analyzed_full_frame,5.272593694,11.573126,4.617057,14.9890736855,-16.069632223,1529.89016414,9.52057240495,True,True,True,valid,
V02,Z2,V02after_20240524_tanto_tanto_02_mono.wav,40,81920,83968,2048,False,analyzed_full_frame,2.434056525,11.254232,5.958935,18.6460515348,-15.6100821528,1810.42896869,11.2836987771,True,True,True,valid,
V02,Z2,V02after_20240524_tanto_tanto_02_mono.wav,41,83968,86016,2048,False,analyzed_full_frame,2.151121277,4.447653,3.766795,30.3875140879,-10.5603106656,4928.30615124,,True,True,False,no_valid_Q,
V02,Z2,V02after_20240524_tanto_tanto_02_mono.wav,42,86016,88064,2048,False,analyzed_full_frame,6.094077201,6.197926,13.522569,7.25309200681,-27.1485633022,2101.53016677,,True,True,False,no_valid_Q,
V02,Z2,V02after_20240524_tanto_tanto_02_mono.wav,43,88064,90112,2048,False,analyzed_full_frame,12.9967097,6.453642,4.203035,6.7267171557,-33.2443544421,1958.57416615,,True,True,False,no_valid_Q,
V02,Z2,V02after_20240524_tanto_tanto_02_mono.wav,44,90112,92160,2048,False,analyzed_full_frame,15.04520761,6.598214,0.152763,7.09182009563,-27.0926296215,2299.17397833,,True,True,False,no_valid_Q,
V02,Z2,V02after_20240524_tanto_tanto_02_mono.wav,45,92160,94208,2048,False,analyzed_full_frame,7.27463476,9.374766,4.225056,19.0870290412,-16.5490194291,2565.47398289,5.15453712125,True,True,True,valid,
V02,Z2,V02after_20240524_tanto_tanto_02_mono.wav,46,94208,96256,2048,False,analyzed_full_frame,8.163036359,9.392808,-1.196634,19.1754753675,-12.5698605269,2345.04649852,8.90711352177,True,True,True,valid,
V02,Z2,V02after_20240524_tanto_tanto_02_mono.wav,47,96256,98304,2048,False,analyzed_full_frame,5.976332349,10.148819,-7.25197,22.6957917535,-10.1439115523,2318.13927208,12.5900462071,True,True,True,valid,
V02,Z2,V02after_20240524_tanto_tanto_02_mono.wav,48,98304,100352,2048,False,analyzed_full_frame,0.9602959168,10.068585,-10.308692,30.5914208773,-6.23785256736,2722.75420574,14.3819647126,True,True,True,valid,
V02,Z2,V02after_20240524_tanto_tanto_02_mono.wav,49,100352,102400,2048,False,analyzed_full_frame,3.088209605,10.076405,4.374388,31.3000100121,-6.51256768048,2323.34597067,15.7437831882,True,True,True,valid,
V02,Z2,V02after_20240524_tanto_tanto_02_mono.wav,50,102400,104448,2048,False,analyzed_full_frame,2.909172363,11.647228,3.898017,30.3690579285,-10.7615075527,2403.79900702,13.5760818427,True,True,True,valid,
V02,Z2,V02after_20240524_tanto_tanto_02_mono.wav,51,104448,106496,2048,False,analyzed_full_frame,-7.422110761,11.109306,-0.460257,25.9388943691,-13.2108883575,2112.13313105,10.4836989287,True,True,True,valid,
V02,Z2,V02after_20240524_tanto_tanto_02_mono.wav,52,106496,107959,1463,True,skipped_not_analyzed,,,,,,,,False,False,False,not_analyzed_short_final_frame,"Final partial frame has 1463 samples (<2048); recorded only, not analyzed."
V03,Z1,V03before_20170508_tanto_tanto_02_mono.wav,0,0,2048,2048,False,analyzed_full_frame,2.74690317,2.200702,,27.2242285014,-8.43754462114,3162.0763758,,False,True,False,no_valid_Q,
V03,Z1,V03before_20170508_tanto_tanto_02_mono.wav,1,2048,4096,2048,False,analyzed_full_frame,6.353522855,2.602491,0.140823,23.3257372022,-15.8991679655,2937.28439874,,True,True,False,no_valid_Q,
V03,Z1,V03before_20170508_tanto_tanto_02_mono.wav,2,4096,6144,2048,False,analyzed_full_frame,0.7970009247,2.726195,8.720183,23.7405564368,-14.6860580917,5117.24316282,,True,True,False,no_valid_Q,
V03,Z1,V03before_20170508_tanto_tanto_02_mono.wav,3,6144,8192,2048,False,analyzed_full_frame,0.247673979,3.072371,,15.1337206513,-15.2044956248,3750.01152885,,False,True,False,no_valid_Q,
V03,Z1,V03before_20170508_tanto_tanto_02_mono.wav,4,8192,10240,2048,False,analyzed_full_frame,3.079108852,3.232481,4.618208,9.0534790644,-26.5355272747,3543.84285339,,True,True,False,no_valid_Q,
V03,Z1,V03before_20170508_tanto_tanto_02_mono.wav,5,10240,12288,2048,False,analyzed_full_frame,-2.274517833,5.573953,-1.87355,4.53118814194,-29.8009980597,2709.3700113,,True,True,False,no_valid_Q,
V03,Z1,V03before_20170508_tanto_tanto_02_mono.wav,6,12288,14336,2048,False,analyzed_full_frame,-2.332106136,8.219608,-2.59474,3.61046029818,-37.5591357447,2307.13161519,,True,True,False,no_valid_Q,
V03,Z1,V03before_20170508_tanto_tanto_02_mono.wav,7,14336,16384,2048,False,analyzed_full_frame,-2.111044887,8.518157,-1.972982,6.99077589966,-27.735227106,2105.95923356,,True,True,False,no_valid_Q,
V03,Z1,V03before_20170508_tanto_tanto_02_mono.wav,8,16384,18432,2048,False,analyzed_full_frame,-1.670825431,10.038818,-0.744091,9.20421092834,-21.4675754699,2365.47287099,,True,True,False,no_valid_Q,
V03,Z1,V03before_20170508_tanto_tanto_02_mono.wav,9,18432,20480,2048,False,analyzed_full_frame,1.003848515,10.418535,2.125974,18.3141615911,-12.4423815556,2437.04622479,11.1241071648,True,True,True,valid,
V03,Z1,V03before_20170508_tanto_tanto_02_mono.wav,10,20480,22528,2048,False,analyzed_full_frame,-8.931551507,10.829834,-8.557751,15.2098725628,-18.3319803407,1882.63860196,25.2197233403,True,True,True,valid,
V03,Z1,V03before_20170508_tanto_tanto_02_mono.wav,11,22528,24576,2048,False,analyzed_full_frame,-4.387863366,13.974617,-3.778418,17.9894045807,-17.0478252957,1986.13117955,23.9506358791,True,True,True,valid,
V03,Z1,V03before_20170508_tanto_tanto_02_mono.wav,12,24576,26624,2048,False,analyzed_full_frame,-16.62911484,11.165509,-14.842516,23.2400003482,-12.9928069015,2308.47697738,20.7214139951,True,True,True,valid,
V03,Z1,V03before_20170508_tanto_tanto_02_mono.wav,13,26624,28672,2048,False,analyzed_full_frame,-9.145572884,11.884596,-8.007876,19.5990448197,-16.534344747,2001.35678053,36.4687368742,True,True,True,valid,
V03,Z1,V03before_20170508_tanto_tanto_02_mono.wav,14,28672,30720,2048,False,analyzed_full_frame,-8.433128718,12.784963,-9.679969,20.3563672662,-17.4352723073,1962.38455271,18.27984583,True,True,True,valid,
V03,Z1,V03before_20170508_tanto_tanto_02_mono.wav,15,30720,32768,2048,False,analyzed_full_frame,-0.8568760135,13.021775,1.326703,29.2823305302,-10.1232124853,2164.18510656,14.2788874412,True,True,True,valid,
V03,Z1,V03before_20170508_tanto_tanto_02_mono.wav,16,32768,34816,2048,False,analyzed_full_frame,-10.21127379,14.237672,-10.229643,26.1023254517,-16.3166681114,2346.10200674,6.01280861632,True,True,True,valid,
V03,Z1,V03before_20170508_tanto_tanto_02_mono.wav,17,34816,36864,2048,False,analyzed_full_frame,-13.38781834,12.807326,-12.425262,13.6352643909,-26.135321934,1858.56660458,7.75660816569,True,True,True,valid,
V03,Z1,V03before_20170508_tanto_tanto_02_mono.wav,18,36864,38912,2048,False,analyzed_full_frame,-10.51731468,11.121782,-9.697143,20.8849212176,-15.5070067914,1937.18067487,8.96833810825,True,True,True,valid,
V03,Z1,V03before_20170508_tanto_tanto_02_mono.wav,19,38912,40960,2048,False,analyzed_full_frame,-0.9466286007,13.204771,0.839993,22.9025808996,-11.8284518535,1996.0557272,5.12790101907,True,True,True,valid,
V03,Z1,V03before_20170508_tanto_tanto_02_mono.wav,20,40960,43008,2048,False,analyzed_full_frame,-7.353544704,12.86846,-7.342699,23.9949956647,-15.84472461,2157.66484027,7.20090548516,True,True,True,valid,
V03,Z1,V03before_20170508_tanto_tanto_02_mono.wav,21,43008,45056,2048,False,analyzed_full_frame,-4.654473984,12.268976,-4.242664,24.3066933434,-14.0127557059,2214.30067012,3.98767155616,True,True,True,valid,
V03,Z1,V03before_20170508_tanto_tanto_02_mono.wav,22,45056,47104,2048,False,analyzed_full_frame,-4.654981913,12.608289,-4.26005,18.0152213275,-20.4329290807,1858.10376872,4.96890934524,True,True,True,valid,
V03,Z1,V03before_20170508_tanto_tanto_02_mono.wav,23,47104,49152,2048,False,analyzed_full_frame,-7.284165645,12.978752,-4.992666,24.0945116515,-13.299873335,2220.46179192,8.33404320213,True,True,True,valid,
V03,Z1,V03before_20170508_tanto_tanto_02_mono.wav,24,49152,51200,2048,False,analyzed_full_frame,-1.086727574,12.748157,2.194881,28.8472926401,-13.4530043325,2384.72991096,7.40613453054,True,True,True,valid,
V03,Z1,V03before_20170508_tanto_tanto_02_mono.wav,25,51200,53248,2048,False,analyzed_full_frame,-9.785626566,13.076718,-9.023971,13.3458414118,-19.600573199,1767.50852163,6.25085199528,True,True,True,valid,
V03,Z1,V03before_20170508_tanto_tanto_02_mono.wav,26,53248,55296,2048,False,analyzed_full_frame,1.592097232,14.020911,2.650367,25.1007840489,-13.4211301875,2084.92639163,7.24687406407,True,True,True,valid,
V03,Z1,V03before_20170508_tanto_tanto_02_mono.wav,27,55296,57344,2048,False,analyzed_full_frame,-16.43340069,12.917054,-17.073836,20.275128706,-16.9601709772,2084.03920175,12.5445255199,True,True,True,valid,
V03,Z1,V03before_20170508_tanto_tanto_02_mono.wav,28,57344,59392,2048,False,analyzed_full_frame,-5.588763328,14.101935,-6.79555,24.6541743403,-18.0042929072,2169.91707232,5.85705564627,True,True,True,valid,
V03,Z1,V03before_20170508_tanto_tanto_02_mono.wav,29,59392,61440,2048,False,analyzed_full_frame,-7.790444609,12.047343,-7.419555,10.6637843477,-29.2132795094,1614.24359404,11.1183243572,True,True,True,valid,
V03,Z1,V03before_20170508_tanto_tanto_02_mono.wav,30,61440,63488,2048,False,analyzed_full_frame,-1.317170991,12.565032,0.66214,18.6294253104,-16.4457316956,1832.98430903,10.0157410007,True,True,True,valid,
V03,Z1,V03before_20170508_tanto_tanto_02_mono.wav,31,63488,65536,2048,False,analyzed_full_frame,-14.62124766,13.668002,-13.890699,15.9823411186,-18.9695246473,1851.15199822,15.9165839353,True,True,True,valid,
V03,Z1,V03before_20170508_tanto_tanto_02_mono.wav,32,65536,67584,2048,False,analyzed_full_frame,-6.605225426,13.886499,-6.747481,18.6024405622,-18.9352514885,1991.47198023,5.44188607756,True,True,True,valid,
V03,Z1,V03before_20170508_tanto_tanto_02_mono.wav,33,67584,69632,2048,False,analyzed_full_frame,-12.43187848,13.175456,-11.481966,15.6411761113,-23.0574829408,1765.66840286,13.8347870381,True,True,True,valid,
V03,Z1,V03before_20170508_tanto_tanto_02_mono.wav,34,69632,71680,2048,False,analyzed_full_frame,-14.9157754,13.946435,-14.02007,16.3960712435,-22.3850341502,1877.68442586,11.9991944454,True,True,True,valid,
V03,Z1,V03before_20170508_tanto_tanto_02_mono.wav,35,71680,73728,2048,False,analyzed_full_frame,-6.475741988,13.772091,-6.523902,18.7300960055,-16.3738556589,1949.03095128,22.891584485,True,True,True,valid,
V03,Z1,V03before_20170508_tanto_tanto_02_mono.wav,36,73728,75776,2048,False,analyzed_full_frame,-9.287175581,14.193035,-7.558617,16.8254276017,-18.6514756662,1911.36562139,7.02634536197,True,True,True,valid,
V03,Z1,V03before_20170508_tanto_tanto_02_mono.wav,37,75776,77824,2048,False,analyzed_full_frame,-5.199765563,13.556659,-4.461072,21.689395724,-12.0969817306,1946.54158738,10.1756391988,True,True,True,valid,
V03,Z1,V03before_20170508_tanto_tanto_02_mono.wav,38,77824,79872,2048,False,analyzed_full_frame,-6.685847543,13.067447,-5.093824,20.1813998692,-16.3208827668,1914.23010112,20.2391193518,True,True,True,valid,
V03,Z1,V03before_20170508_tanto_tanto_02_mono.wav,39,79872,81920,2048,False,analyzed_full_frame,-8.942733886,13.818871,-7.152701,24.4387254081,-12.1497613404,2173.8245386,14.9923859408,True,True,True,valid,
V03,Z1,V03before_20170508_tanto_tanto_02_mono.wav,40,81920,83968,2048,False,analyzed_full_frame,-7.969292851,14.318532,-7.899928,25.06327279,-19.1429417986,2145.8170204,15.5414270787,True,True,True,valid,
V03,Z1,V03before_20170508_tanto_tanto_02_mono.wav,41,83968,86016,2048,False,analyzed_full_frame,-1.941585162,15.168182,-2.057097,18.0503661601,-17.9661621128,1846.07910232,14.3100572288,True,True,True,valid,
V03,Z1,V03before_20170508_tanto_tanto_02_mono.wav,42,86016,88064,2048,False,analyzed_full_frame,-10.9380509,13.066701,-8.612111,31.3366254825,-6.96427095033,2308.44336211,20.7228402234,True,True,True,valid,
V03,Z1,V03before_20170508_tanto_tanto_02_mono.wav,43,88064,90112,2048,False,analyzed_full_frame,-5.642917718,14.367162,-3.248756,27.0847244649,-11.2725771669,2242.06491182,13.0109931243,True,True,True,valid,
V03,Z1,V03before_20170508_tanto_tanto_02_mono.wav,44,90112,92160,2048,False,analyzed_full_frame,6.283253177,12.41969,9.670016,22.8186694507,-17.1264117954,1982.545292,10.2013888491,True,True,True,valid,
V03,Z1,V03before_20170508_tanto_tanto_02_mono.wav,45,92160,94208,2048,False,analyzed_full_frame,6.81357605,12.556171,7.739392,25.674759734,-17.1360531274,1998.55855999,13.0307810713,True,True,True,valid,
V03,Z1,V03before_20170508_tanto_tanto_02_mono.wav,46,94208,96256,2048,False,analyzed_full_frame,-0.7185874341,11.535446,-1.794143,23.4850903636,-9.94671278235,1975.6870124,13.3441153728,True,True,True,valid,
V03,Z1,V03before_20170508_tanto_tanto_02_mono.wav,47,96256,98304,2048,False,analyzed_full_frame,1.015521814,11.558349,7.276276,19.9441456685,-17.3079421543,2208.95276542,,True,True,False,no_valid_Q,
V03,Z1,V03before_20170508_tanto_tanto_02_mono.wav,48,98304,100352,2048,False,analyzed_full_frame,7.322022795,5.784359,-38.802312,22.1283596739,-14.1752754839,3614.90674285,,True,True,False,no_valid_Q,
V03,Z1,V03before_20170508_tanto_tanto_02_mono.wav,49,100352,102400,2048,False,analyzed_full_frame,9.522021781,5.401474,13.001335,13.3552523072,-21.309745096,2135.59008485,,True,True,False,no_valid_Q,
V03,Z1,V03before_20170508_tanto_tanto_02_mono.wav,50,102400,104448,2048,False,analyzed_full_frame,12.49530773,5.10714,11.723974,8.31179389688,-27.6510660727,1943.82976577,,True,True,False,no_valid_Q,
V03,Z1,V03before_20170508_tanto_tanto_02_mono.wav,51,104448,106496,2048,False,analyzed_full_frame,17.77378893,6.646969,5.618967,10.0702370214,-26.5695683142,1729.70701072,,True,True,False,no_valid_Q,
V03,Z1,V03before_20170508_tanto_tanto_02_mono.wav,52,106496,108544,2048,False,analyzed_full_frame,19.27049606,8.558299,1.495484,8.7509594913,-25.7372481844,1566.06432473,,True,True,False,no_valid_Q,
V03,Z1,V03before_20170508_tanto_tanto_02_mono.wav,53,108544,110592,2048,False,analyzed_full_frame,16.41261944,10.617547,2.897114,11.5536165813,-24.2166537322,1643.23641764,,True,True,False,no_valid_Q,
V03,Z1,V03before_20170508_tanto_tanto_02_mono.wav,54,110592,112640,2048,False,analyzed_full_frame,16.06013921,10.138984,-2.490283,6.03530192321,-32.205382604,1419.12247158,,True,True,False,no_valid_Q,
V03,Z1,V03before_20170508_tanto_tanto_02_mono.wav,55,112640,114688,2048,False,analyzed_full_frame,19.32621258,9.857773,6.339974,9.34956225992,-26.967613982,1366.08915095,,True,True,False,no_valid_Q,
V03,Z1,V03before_20170508_tanto_tanto_02_mono.wav,56,114688,116736,2048,False,analyzed_full_frame,21.93432786,11.519235,3.461849,7.33642872073,-32.3436312262,1394.24562135,,True,True,False,no_valid_Q,
V03,Z1,V03before_20170508_tanto_tanto_02_mono.wav,57,116736,118784,2048,False,analyzed_full_frame,7.880008235,11.920209,-5.651234,7.61818626517,-26.2089942967,1521.19082805,,True,True,False,no_valid_Q,
V03,Z1,V03before_20170508_tanto_tanto_02_mono.wav,58,118784,120832,2048,False,analyzed_full_frame,16.46617002,11.485656,-1.656297,13.8085564579,-22.0877832927,1640.27644978,4.95639243847,True,True,True,valid,
V03,Z1,V03before_20170508_tanto_tanto_02_mono.wav,59,120832,122880,2048,False,analyzed_full_frame,3.732788878,10.899954,-2.567567,17.0391589845,-13.2443281271,1921.1586566,4.32152390031,True,True,True,valid,
V03,Z1,V03before_20170508_tanto_tanto_02_mono.wav,60,122880,124928,2048,False,analyzed_full_frame,10.16702463,10.009583,-1.060545,17.4524426702,-18.4093873075,2041.7892906,,True,True,False,no_valid_Q,
V03,Z1,V03before_20170508_tanto_tanto_02_mono.wav,61,124928,126838,1910,True,skipped_not_analyzed,,,,,,,,False,False,False,not_analyzed_short_final_frame,"Final partial frame has 1910 samples (<2048); recorded only, not analyzed."
V03,Z2,V03after_20190407_tanto_tanto_02_mono.wav,0,0,2048,2048,False,analyzed_full_frame,-6.300032835,2.439807,-12.222147,13.3559869273,-18.689303065,4272.94384424,,True,True,False,no_valid_Q,
V03,Z2,V03after_20190407_tanto_tanto_02_mono.wav,1,2048,4096,2048,False,analyzed_full_frame,4.127640586,4.721239,6.511853,9.30326834055,-25.2047540248,2788.27499909,,True,True,False,no_valid_Q,
V03,Z2,V03after_20190407_tanto_tanto_02_mono.wav,2,4096,6144,2048,False,analyzed_full_frame,-5.292015942,9.250172,-5.115113,4.47110940675,-37.1941471805,1908.91276909,,True,True,False,no_valid_Q,
V03,Z2,V03after_20190407_tanto_tanto_02_mono.wav,3,6144,8192,2048,False,analyzed_full_frame,-6.762340141,10.20959,-6.59693,6.82893543928,-27.2469002275,1957.67210108,,True,True,False,no_valid_Q,
V03,Z2,V03after_20190407_tanto_tanto_02_mono.wav,4,8192,10240,2048,False,analyzed_full_frame,-3.614726053,12.683169,-2.792008,11.8821666257,-23.2136011072,1817.22380775,12.1857675007,True,True,True,valid,
V03,Z2,V03after_20190407_tanto_tanto_02_mono.wav,5,10240,12288,2048,False,analyzed_full_frame,-8.736482688,14.183814,-9.008735,11.2907827428,-22.769557654,1751.34582408,9.22423450625,True,True,True,valid,
V03,Z2,V03after_20190407_tanto_tanto_02_mono.wav,6,12288,14336,2048,False,analyzed_full_frame,3.766031058,14.799028,6.990287,30.6679168756,-11.9923492398,2146.41395032,20.1086436785,True,True,True,valid,
V03,Z2,V03after_20190407_tanto_tanto_02_mono.wav,7,14336,16384,2048,False,analyzed_full_frame,-0.870388913,14.762466,0.804608,16.6929173842,-16.4094906924,1797.77796577,12.1541946261,True,True,True,valid,
V03,Z2,V03after_20190407_tanto_tanto_02_mono.wav,8,16384,18432,2048,False,analyzed_full_frame,-3.627540455,16.168876,-3.683805,14.2150720289,-21.7294090283,1668.52713649,8.2514165951,True,True,True,valid,
V03,Z2,V03after_20190407_tanto_tanto_02_mono.wav,9,18432,20480,2048,False,analyzed_full_frame,-0.5317908383,14.554666,-0.606214,26.6649677028,-12.2819067868,2038.51793863,14.2233833418,True,True,True,valid,
V03,Z2,V03after_20190407_tanto_tanto_02_mono.wav,10,20480,22528,2048,False,analyzed_full_frame,-6.273179557,14.615953,-3.969045,19.2091192451,-17.9427600478,1851.78924901,10.0952696334,True,True,True,valid,
V03,Z2,V03after_20190407_tanto_tanto_02_mono.wav,11,22528,24576,2048,False,analyzed_full_frame,-7.439521084,15.188958,-6.269534,14.4194060775,-22.0911565617,1778.80886881,,True,True,False,no_valid_Q,
V03,Z2,V03after_20190407_tanto_tanto_02_mono.wav,12,24576,26624,2048,False,analyzed_full_frame,-6.606178732,13.271452,-5.226573,18.4815588793,-19.7085172725,1861.0980695,11.9157671153,True,True,True,valid,
V03,Z2,V03after_20190407_tanto_tanto_02_mono.wav,13,26624,28672,2048,False,analyzed_full_frame,-7.40962928,13.123415,-6.707742,18.7529461135,-22.2209192899,1871.30286379,6.79806954384,True,True,True,valid,
V03,Z2,V03after_20190407_tanto_tanto_02_mono.wav,14,28672,30720,2048,False,analyzed_full_frame,-4.867313596,13.802771,-3.974261,13.2243809888,-25.1645281644,1735.52106591,,True,True,False,no_valid_Q,
V03,Z2,V03after_20190407_tanto_tanto_02_mono.wav,15,30720,32768,2048,False,analyzed_full_frame,-1.150028805,13.281811,0.100442,18.4717662653,-19.6784877585,1813.99608747,9.74662007235,True,True,True,valid,
V03,Z2,V03after_20190407_tanto_tanto_02_mono.wav,16,32768,34816,2048,False,analyzed_full_frame,-1.074922211,13.233139,0.435833,17.6720603359,-20.7358885328,1783.88630465,,True,True,False,no_valid_Q,
V03,Z2,V03after_20190407_tanto_tanto_02_mono.wav,17,34816,36864,2048,False,analyzed_full_frame,-4.245257144,14.844603,-4.135191,15.1456611957,-22.1956313793,1771.25210006,,True,True,False,no_valid_Q,
V03,Z2,V03after_20190407_tanto_tanto_02_mono.wav,18,36864,38912,2048,False,analyzed_full_frame,-2.603791881,14.008554,-1.866903,15.4960636479,-22.4823081473,1726.62887862,,True,True,False,no_valid_Q,
V03,Z2,V03after_20190407_tanto_tanto_02_mono.wav,19,38912,40960,2048,False,analyzed_full_frame,-1.503593593,14.081718,0.215669,17.0211714072,-19.252423454,1810.92749859,,True,True,False,no_valid_Q,
V03,Z2,V03after_20190407_tanto_tanto_02_mono.wav,20,40960,43008,2048,False,analyzed_full_frame,1.882060335,12.17332,2.69581,20.7205778835,-17.8687711806,1852.62799283,,True,True,False,no_valid_Q,
V03,Z2,V03after_20190407_tanto_tanto_02_mono.wav,21,43008,45056,2048,False,analyzed_full_frame,-3.490048446,14.006371,-2.296009,13.3283826441,-22.9280587169,1735.55158474,,True,True,False,no_valid_Q,
V03,Z2,V03after_20190407_tanto_tanto_02_mono.wav,22,45056,47104,2048,False,analyzed_full_frame,-2.549935996,14.848416,-2.056024,21.4558650305,-15.3515967282,1945.6484689,7.73640799471,True,True,True,valid,
V03,Z2,V03after_20190407_tanto_tanto_02_mono.wav,23,47104,49152,2048,False,analyzed_full_frame,-2.422003212,15.354299,-3.737295,16.1344970241,-17.1553204471,1761.9271843,,True,True,False,no_valid_Q,
V03,Z2,V03after_20190407_tanto_tanto_02_mono.wav,24,49152,51200,2048,False,analyzed_full_frame,0.4055532819,15.770081,2.004751,14.7049654306,-18.3244575317,1744.96907058,,True,True,False,no_valid_Q,
V03,Z2,V03after_20190407_tanto_tanto_02_mono.wav,25,51200,53248,2048,False,analyzed_full_frame,-4.358607828,14.871558,-2.28846,14.8767351836,-17.5538621429,1719.28325241,6.31185419778,True,True,True,valid,
V03,Z2,V03after_20190407_tanto_tanto_02_mono.wav,26,53248,55296,2048,False,analyzed_full_frame,-2.649265489,16.927561,0.10595,15.8822955316,-20.3345701199,1928.55224293,6.79205085826,True,True,True,valid,
V03,Z2,V03after_20190407_tanto_tanto_02_mono.wav,27,55296,57344,2048,False,analyzed_full_frame,-0.2599569212,16.062855,2.943599,15.0829715318,-18.171676805,1979.0588316,,True,True,False,no_valid_Q,
V03,Z2,V03after_20190407_tanto_tanto_02_mono.wav,28,57344,59392,2048,False,analyzed_full_frame,-2.870635501,14.480673,0.484239,24.9578295903,-12.9516434732,2178.10225496,,True,True,False,no_valid_Q,
V03,Z2,V03after_20190407_tanto_tanto_02_mono.wav,29,59392,61440,2048,False,analyzed_full_frame,-4.258553681,13.00662,-3.926083,24.0373180163,-19.1460172437,2205.07837617,,True,True,False,no_valid_Q,
V03,Z2,V03after_20190407_tanto_tanto_02_mono.wav,30,61440,63488,2048,False,analyzed_full_frame,2.428070417,11.366837,4.341873,20.3150575713,-19.3226521003,1960.01038938,,True,True,False,no_valid_Q,
V03,Z2,V03after_20190407_tanto_tanto_02_mono.wav,31,63488,65536,2048,False,analyzed_full_frame,4.202606623,11.826862,4.561656,21.1435170077,-19.1968091608,1812.83933375,6.38304035549,True,True,True,valid,
V03,Z2,V03after_20190407_tanto_tanto_02_mono.wav,32,65536,67584,2048,False,analyzed_full_frame,5.015545921,6.322142,6.529076,15.8375349779,-18.1430624473,3713.46123466,,True,True,False,no_valid_Q,
V03,Z2,V03after_20190407_tanto_tanto_02_mono.wav,33,67584,69632,2048,False,analyzed_full_frame,4.971899271,7.567667,-0.892802,19.5787759396,-16.8731236354,2858.56944384,,True,True,False,no_valid_Q,
V03,Z2,V03after_20190407_tanto_tanto_02_mono.wav,34,69632,71680,2048,False,analyzed_full_frame,5.664407231,3.813319,1.103982,12.0918727885,-23.4024638821,2310.65383634,,True,True,False,no_valid_Q,
V03,Z2,V03after_20190407_tanto_tanto_02_mono.wav,35,71680,73728,2048,False,analyzed_full_frame,15.67253412,5.752983,0.179164,10.7579764328,-25.8451626016,2039.71893933,,True,True,False,no_valid_Q,
V03,Z2,V03after_20190407_tanto_tanto_02_mono.wav,36,73728,75776,2048,False,analyzed_full_frame,19.85738889,8.823462,-9.560982,10.648711225,-25.2124262236,1824.28454085,4.56438916186,True,True,True,valid,
V03,Z2,V03after_20190407_tanto_tanto_02_mono.wav,37,75776,77824,2048,False,analyzed_full_frame,20.14621169,10.899287,38.571121,9.89225231009,-29.5183026197,1940.33376228,,True,True,False,no_valid_Q,
V03,Z2,V03after_20190407_tanto_tanto_02_mono.wav,38,77824,79872,2048,False,analyzed_full_frame,12.52040637,11.51984,1.353534,20.8761340263,-18.19646351,2028.35684782,9.15985855415,True,True,True,valid,
V03,Z2,V03after_20190407_tanto_tanto_02_mono.wav,39,79872,81920,2048,False,analyzed_full_frame,13.16809792,10.275198,-4.284633,24.1088337089,-17.3622562504,2011.54701713,9.1654859507,True,True,True,valid,
V03,Z2,V03after_20190407_tanto_tanto_02_mono.wav,40,81920,83968,2048,False,analyzed_full_frame,6.305495769,13.385398,-6.157184,38.3117289293,-11.9548612255,2604.63013694,18.909135312,True,True,True,valid,
V03,Z2,V03after_20190407_tanto_tanto_02_mono.wav,41,83968,86016,2048,False,analyzed_full_frame,6.475434789,13.208989,0.413436,37.6961708275,-9.52916682893,2493.62061949,8.54286859713,True,True,True,valid,
V03,Z2,V03after_20190407_tanto_tanto_02_mono.wav,42,86016,88064,2048,False,analyzed_full_frame,12.14997999,9.908114,0.327375,29.3013658848,-14.7977110005,2058.85666831,11.1237040129,True,True,True,valid,
V03,Z2,V03after_20190407_tanto_tanto_02_mono.wav,43,88064,90112,2048,False,analyzed_full_frame,21.3406018,9.730432,-5.251358,13.6930120289,-26.1158090718,1588.25077231,,True,True,False,no_valid_Q,
V03,Z2,V03after_20190407_tanto_tanto_02_mono.wav,44,90112,92160,2048,False,analyzed_full_frame,13.81564538,11.733813,-3.579674,21.1727456302,-18.8255054096,1962.24669177,8.45130018756,True,True,True,valid,
V03,Z2,V03after_20190407_tanto_tanto_02_mono.wav,45,92160,94208,2048,False,analyzed_full_frame,16.715694,10.123506,-0.704143,19.975072213,-20.5544514381,1853.40674498,5.12083700311,True,True,True,valid,
V03,Z2,V03after_20190407_tanto_tanto_02_mono.wav,46,94208,96256,2048,False,analyzed_full_frame,12.46774231,9.59453,-0.26515,21.0944258466,-18.3597397078,2008.97207682,5.0371561009,True,True,True,valid,
V03,Z2,V03after_20190407_tanto_tanto_02_mono.wav,47,96256,98304,2048,False,analyzed_full_frame,14.84683493,6.361604,-3.829537,18.2819586975,-21.3836340027,1813.36641862,5.19007141501,True,True,True,valid,
V03,Z2,V03after_20190407_tanto_tanto_02_mono.wav,48,98304,100352,2048,False,analyzed_full_frame,12.95744859,6.332183,-8.093078,22.0463702276,-19.4356732834,2146.99513822,9.57204006873,True,True,True,valid,
V03,Z2,V03after_20190407_tanto_tanto_02_mono.wav,49,100352,102400,2048,False,analyzed_full_frame,11.68349019,3.588234,5.284422,23.8107563619,-21.3810688189,2841.48906976,4.34609345333,True,True,True,valid,
V03,Z2,V03after_20190407_tanto_tanto_02_mono.wav,50,102400,104143,1743,True,skipped_not_analyzed,,,,,,,,False,False,False,not_analyzed_short_final_frame,"Final partial frame has 1743 samples (<2048); recorded only, not analyzed."
V04,Z1,V04before_20180730_tanto_tanto_02_mono.wav,0,0,2048,2048,False,analyzed_full_frame,12.63763284,9.351567,15.665443,9.43334661505,-28.5958792607,1664.06702765,,True,True,False,no_valid_Q,
V04,Z1,V04before_20180730_tanto_tanto_02_mono.wav,1,2048,4096,2048,False,analyzed_full_frame,9.650647442,11.047175,11.264045,11.0039172178,-28.4846535721,1771.05439559,,True,True,False,no_valid_Q,
V04,Z1,V04before_20180730_tanto_tanto_02_mono.wav,2,4096,6144,2048,False,analyzed_full_frame,13.0129873,10.817103,15.068989,12.069768713,-27.7177272712,1764.71192238,,True,True,False,no_valid_Q,
V04,Z1,V04before_20180730_tanto_tanto_02_mono.wav,3,6144,8192,2048,False,analyzed_full_frame,-0.05646233591,11.67686,0.619003,8.89690673238,-23.7023168456,1509.73412667,,True,True,False,no_valid_Q,
V04,Z1,V04before_20180730_tanto_tanto_02_mono.wav,4,8192,10240,2048,False,analyzed_full_frame,3.697562408,12.476164,6.457088,24.2361601869,-13.6146609469,2082.20375478,11.2876994686,True,True,True,valid,
V04,Z1,V04before_20180730_tanto_tanto_02_mono.wav,5,10240,12288,2048,False,analyzed_full_frame,12.30226283,13.521447,19.308693,22.157204411,-19.4702334744,1847.37397213,17.8790693577,True,True,True,valid,
V04,Z1,V04before_20180730_tanto_tanto_02_mono.wav,6,12288,14336,2048,False,analyzed_full_frame,3.057700367,13.462884,5.702111,20.5659478056,-21.0682130603,1830.08991235,4.68866359485,True,True,True,valid,
V04,Z1,V04before_20180730_tanto_tanto_02_mono.wav,7,14336,16384,2048,False,analyzed_full_frame,0.9041661047,14.954374,2.360628,26.2212165055,-15.4644016641,1969.7764571,23.6205741313,True,True,True,valid,
V04,Z1,V04before_20180730_tanto_tanto_02_mono.wav,8,16384,18432,2048,False,analyzed_full_frame,-1.620147674,13.517753,0.37379,35.3582259016,-7.95993647922,2293.03986241,32.0565050859,True,True,True,valid,
V04,Z1,V04before_20180730_tanto_tanto_02_mono.wav,9,18432,20480,2048,False,analyzed_full_frame,1.537025847,13.338659,5.393902,28.4217526719,-17.4490017584,1967.15444168,18.4947842555,True,True,True,valid,
V04,Z1,V04before_20180730_tanto_tanto_02_mono.wav,10,20480,22528,2048,False,analyzed_full_frame,5.486733233,13.423395,9.863416,30.0612697047,-16.6188301338,1931.93377897,16.6952508451,True,True,True,valid,
V04,Z1,V04before_20180730_tanto_tanto_02_mono.wav,11,22528,24576,2048,False,analyzed_full_frame,3.609009136,13.520904,3.10667,25.152946721,-16.6547508354,1804.66991845,17.9328927404,True,True,True,valid,
V04,Z1,V04before_20180730_tanto_tanto_02_mono.wav,12,24576,26624,2048,False,analyzed_full_frame,2.358671741,14.665964,4.351221,34.1597312625,-14.1837873778,2021.11389289,33.6685836879,True,True,True,valid,
V04,Z1,V04before_20180730_tanto_tanto_02_mono.wav,13,26624,28672,2048,False,analyzed_full_frame,5.200791862,14.61712,6.674746,25.1048019908,-15.8696818291,1747.9400636,15.7841967364,True,True,True,valid,
V04,Z1,V04before_20180730_tanto_tanto_02_mono.wav,14,28672,30720,2048,False,analyzed_full_frame,-0.002587817471,14.46802,5.968062,48.5868929703,-7.10112701783,2547.26720089,22.0309276622,True,True,True,valid,
V04,Z1,V04before_20180730_tanto_tanto_02_mono.wav,15,30720,32768,2048,False,analyzed_full_frame,5.02347688,15.05667,10.166267,32.7655494401,-13.4357761921,2038.54728405,25.3362084169,True,True,True,valid,
V04,Z1,V04before_20180730_tanto_tanto_02_mono.wav,16,32768,34816,2048,False,analyzed_full_frame,2.60431766,14.510888,4.246475,29.5304574132,-13.9950668072,1933.33502871,20.7371416488,True,True,True,valid,
V04,Z1,V04before_20180730_tanto_tanto_02_mono.wav,17,34816,36864,2048,False,analyzed_full_frame,0.9305833617,14.541736,2.742688,27.5885455849,-13.4639385542,1900.03334528,25.9662094102,True,True,True,valid,
V04,Z1,V04before_20180730_tanto_tanto_02_mono.wav,18,36864,38912,2048,False,analyzed_full_frame,8.481234801,14.006904,9.988313,26.4181319239,-17.8975343857,1821.70127136,25.8400312255,True,True,True,valid,
V04,Z1,V04before_20180730_tanto_tanto_02_mono.wav,19,38912,40960,2048,False,analyzed_full_frame,1.060991723,13.796815,4.660595,23.905832634,-14.6879479607,1741.39504446,21.0937200361,True,True,True,valid,
V04,Z1,V04before_20180730_tanto_tanto_02_mono.wav,20,40960,43008,2048,False,analyzed_full_frame,-5.876292017,16.182447,-6.703438,32.9453348077,-13.7828859068,2059.53742952,23.1934585462,True,True,True,valid,
V04,Z1,V04before_20180730_tanto_tanto_02_mono.wav,21,43008,45056,2048,False,analyzed_full_frame,0.01828420367,13.65402,2.364517,30.4436416945,-12.6881637213,1991.50770981,27.3389775221,True,True,True,valid,
V04,Z1,V04before_20180730_tanto_tanto_02_mono.wav,22,45056,47104,2048,False,analyzed_full_frame,-3.37746317,14.577055,-5.016063,34.2076956579,-9.17747391536,2117.69365041,16.4361586221,True,True,True,valid,
V04,Z1,V04before_20180730_tanto_tanto_02_mono.wav,23,47104,49152,2048,False,analyzed_full_frame,3.084924036,14.71449,3.154646,15.7535436383,-17.5041015813,1469.9164249,11.9529456549,True,True,True,valid,
V04,Z1,V04before_20180730_tanto_tanto_02_mono.wav,24,49152,51200,2048,False,analyzed_full_frame,1.68845657,14.680194,4.282615,29.5465021773,-9.3814161636,1981.40581071,32.3544882006,True,True,True,valid,
V04,Z1,V04before_20180730_tanto_tanto_02_mono.wav,25,51200,53248,2048,False,analyzed_full_frame,1.094387626,14.705475,2.337175,24.8408498621,-9.82481238136,1834.06383684,68.3231296277,True,True,True,valid,
V04,Z1,V04before_20180730_tanto_tanto_02_mono.wav,26,53248,55296,2048,False,analyzed_full_frame,0.8633702218,13.039208,1.064481,24.3375751962,-10.2491410674,1694.00520969,16.2224157086,True,True,True,valid,
V04,Z1,V04before_20180730_tanto_tanto_02_mono.wav,27,55296,57344,2048,False,analyzed_full_frame,4.747125806,12.420663,5.284939,18.4542233615,-15.1070196396,1490.30852597,36.4115337391,True,True,True,valid,
V04,Z1,V04before_20180730_tanto_tanto_02_mono.wav,28,57344,59392,2048,False,analyzed_full_frame,7.500868452,12.996581,10.642083,26.8207500891,-12.5260564651,1874.7859938,38.8389112789,True,True,True,valid,
V04,Z1,V04before_20180730_tanto_tanto_02_mono.wav,29,59392,61440,2048,False,analyzed_full_frame,1.19082312,12.667062,8.976492,46.1753985381,-4.28214992212,2363.28712203,26.6398295745,True,True,True,valid,
V04,Z1,V04before_20180730_tanto_tanto_02_mono.wav,30,61440,63488,2048,False,analyzed_full_frame,11.7334024,12.826148,16.068253,23.6584648929,-19.2018605441,1723.97919576,12.7112514729,True,True,True,valid,
V04,Z1,V04before_20180730_tanto_tanto_02_mono.wav,31,63488,65536,2048,False,analyzed_full_frame,4.31544509,14.105552,5.308448,19.9891458576,-16.6276076797,1730.4385063,8.47423503963,True,True,True,valid,
V04,Z1,V04before_20180730_tanto_tanto_02_mono.wav,32,65536,67584,2048,False,analyzed_full_frame,7.989918123,11.985903,9.6026,20.8622148833,-15.4913333155,1774.93405347,32.3669678483,True,True,True,valid,
V04,Z1,V04before_20180730_tanto_tanto_02_mono.wav,33,67584,69632,2048,False,analyzed_full_frame,2.95691525,10.807978,14.314196,37.2926327448,-6.10673195679,2242.28460459,16.6133438194,True,True,True,valid,
V04,Z1,V04before_20180730_tanto_tanto_02_mono.wav,34,69632,71680,2048,False,analyzed_full_frame,3.932665382,6.16231,7.188783,26.9049983478,-6.45242077845,2667.77623399,25.4161814177,True,True,True,valid,
V04,Z1,V04before_20180730_tanto_tanto_02_mono.wav,35,71680,73728,2048,False,analyzed_full_frame,6.831209181,6.020495,6.442493,15.0437619845,-16.4379533124,1744.78191054,8.04348125536,True,True,True,valid,
V04,Z1,V04before_20180730_tanto_tanto_02_mono.wav,36,73728,75776,2048,False,analyzed_full_frame,10.08652969,5.573503,8.049898,9.6776034895,-27.2020685671,1647.6195332,,True,True,False,no_valid_Q,
V04,Z1,V04before_20180730_tanto_tanto_02_mono.wav,37,75776,77824,2048,False,analyzed_full_frame,13.66576343,7.850705,-3.31093,18.0346404563,-16.5258089929,1806.40057471,11.0919388303,True,True,True,valid,
V04,Z1,V04before_20180730_tanto_tanto_02_mono.wav,38,77824,79872,2048,False,analyzed_full_frame,12.77500513,8.144285,-0.557013,20.4260515778,-11.7687874644,1588.52208139,25.7166273954,True,True,True,valid,
V04,Z1,V04before_20180730_tanto_tanto_02_mono.wav,39,79872,81920,2048,False,analyzed_full_frame,13.54436101,8.276794,4.306602,20.4712423378,-13.855326684,1628.45831315,24.3785149707,True,True,True,valid,
V04,Z1,V04before_20180730_tanto_tanto_02_mono.wav,40,81920,83968,2048,False,analyzed_full_frame,5.630210054,10.352847,-4.012097,37.5031222167,-6.69966568543,2101.14679704,27.2164143077,True,True,True,valid,
V04,Z1,V04before_20180730_tanto_tanto_02_mono.wav,41,83968,86016,2048,False,analyzed_full_frame,7.847621198,9.373646,1.246027,38.8172432374,-10.7739097632,2064.24944815,34.7610644606,True,True,True,valid,
V04,Z1,V04before_20180730_tanto_tanto_02_mono.wav,42,86016,88064,2048,False,analyzed_full_frame,9.602803782,9.954243,0.270589,35.5958763867,-12.1908131769,1995.71084898,21.8209648564,True,True,True,valid,
V04,Z1,V04before_20180730_tanto_tanto_02_mono.wav,43,88064,90112,2048,False,analyzed_full_frame,14.30942987,10.566082,5.045914,28.1184126769,-19.4813704575,1777.63788319,21.5351033194,True,True,True,valid,
V04,Z1,V04before_20180730_tanto_tanto_02_mono.wav,44,90112,92160,2048,False,analyzed_full_frame,7.214464908,8.541744,-2.268847,32.2772996701,-7.4170471075,1898.89808713,33.258637032,True,True,True,valid,
V04,Z1,V04before_20180730_tanto_tanto_02_mono.wav,45,92160,94208,2048,False,analyzed_full_frame,9.870495844,7.614774,-2.094363,31.1071458136,-13.4007588684,1930.32351768,23.1530460554,True,True,True,valid,
V04,Z1,V04before_20180730_tanto_tanto_02_mono.wav,46,94208,96256,2048,False,analyzed_full_frame,8.800067951,7.985079,2.582758,35.3643456355,-9.06141396455,2041.11087157,22.5391255263,True,True,True,valid,
V04,Z1,V04before_20180730_tanto_tanto_02_mono.wav,47,96256,98304,2048,False,analyzed_full_frame,8.115899547,9.879822,2.593937,36.7625222188,-12.4384271467,2072.58452466,17.7754427724,True,True,True,valid,
V04,Z1,V04before_20180730_tanto_tanto_02_mono.wav,48,98304,100352,2048,False,analyzed_full_frame,8.742781859,10.310267,-1.77386,30.8717889992,-12.6098971248,1948.51304999,21.4105399596,True,True,True,valid,
V04,Z1,V04before_20180730_tanto_tanto_02_mono.wav,49,100352,102400,2048,False,analyzed_full_frame,10.53737771,10.272986,11.777702,28.451031262,-15.7120839582,1964.58512575,18.3842322072,True,True,True,valid,
V04,Z1,V04before_20180730_tanto_tanto_02_mono.wav,50,102400,103537,1137,True,skipped_not_analyzed,,,,,,,,False,False,False,not_analyzed_short_final_frame,"Final partial frame has 1137 samples (<2048); recorded only, not analyzed."
V04,Z2,V04after_20200706_tanto_tanto_02_mono.wav,0,0,2048,2048,False,analyzed_full_frame,-6.036116992,2.388231,-12.143519,33.0531629956,-11.5517123089,3446.74616596,,True,True,False,no_valid_Q,
V04,Z2,V04after_20200706_tanto_tanto_02_mono.wav,1,2048,4096,2048,False,analyzed_full_frame,-6.023271721,3.900808,21.556759,24.3390452161,-14.3133663632,3035.15419105,,True,True,False,no_valid_Q,
V04,Z2,V04after_20200706_tanto_tanto_02_mono.wav,2,4096,6144,2048,False,analyzed_full_frame,-3.37141418,3.692179,-3.067765,13.7296002833,-16.5166762165,2412.83687165,,True,True,False,no_valid_Q,
V04,Z2,V04after_20200706_tanto_tanto_02_mono.wav,3,6144,8192,2048,False,analyzed_full_frame,0.4132132965,5.561077,0.29268,13.9815214006,-19.3777053851,1937.68161897,8.39308215757,True,True,True,valid,
V04,Z2,V04after_20200706_tanto_tanto_02_mono.wav,4,8192,10240,2048,False,analyzed_full_frame,-1.196436454,7.357533,-0.546218,5.75139134045,-26.042814103,1399.1061927,,True,True,False,no_valid_Q,
V04,Z2,V04after_20200706_tanto_tanto_02_mono.wav,5,10240,12288,2048,False,analyzed_full_frame,-3.004675434,9.713654,-3.139171,7.30529265337,-31.5845884489,1420.79887523,,True,True,False,no_valid_Q,
V04,Z2,V04after_20200706_tanto_tanto_02_mono.wav,6,12288,14336,2048,False,analyzed_full_frame,0.9305407057,12.004514,1.676272,21.2779754573,-16.7438451497,2002.69939916,7.73289558673,True,True,True,valid,
V04,Z2,V04after_20200706_tanto_tanto_02_mono.wav,7,14336,16384,2048,False,analyzed_full_frame,-0.8870227793,11.387154,2.605284,14.1688902987,-19.4318509683,1639.74247694,6.09261263416,True,True,True,valid,
V04,Z2,V04after_20200706_tanto_tanto_02_mono.wav,8,16384,18432,2048,False,analyzed_full_frame,-6.984313347,12.726058,-6.44713,20.9743555126,-13.8824347588,1898.62525929,8.52791664116,True,True,True,valid,
V04,Z2,V04after_20200706_tanto_tanto_02_mono.wav,9,18432,20480,2048,False,analyzed_full_frame,-8.935084397,12.137831,-7.464932,21.3546373789,-14.6344002196,2022.34360635,10.2634945453,True,True,True,valid,
V04,Z2,V04after_20200706_tanto_tanto_02_mono.wav,10,20480,22528,2048,False,analyzed_full_frame,-0.8766708709,13.434955,0.397583,14.3378587225,-21.8307971329,1637.13872063,,True,True,False,no_valid_Q,
V04,Z2,V04after_20200706_tanto_tanto_02_mono.wav,11,22528,24576,2048,False,analyzed_full_frame,-1.03001576,13.571565,-1.916997,22.6940344281,-13.5436754649,1954.23530528,8.38367241449,True,True,True,valid,
V04,Z2,V04after_20200706_tanto_tanto_02_mono.wav,12,24576,26624,2048,False,analyzed_full_frame,2.076038131,11.759965,6.533617,29.1829711759,-9.2852590316,2093.31981176,19.5993271877,True,True,True,valid,
V04,Z2,V04after_20200706_tanto_tanto_02_mono.wav,13,26624,28672,2048,False,analyzed_full_frame,-1.011471862,14.416381,1.049126,29.2409961212,-14.1657212774,2208.18201972,9.19761142978,True,True,True,valid,
V04,Z2,V04after_20200706_tanto_tanto_02_mono.wav,14,28672,30720,2048,False,analyzed_full_frame,-3.875630004,11.953137,-2.358667,28.8213115417,-13.8731211315,2193.11642871,10.8105961838,True,True,True,valid,
V04,Z2,V04after_20200706_tanto_tanto_02_mono.wav,15,30720,32768,2048,False,analyzed_full_frame,1.360929857,13.455978,1.942467,28.4258199128,-16.4452180787,2088.75523159,7.76501225772,True,True,True,valid,
V04,Z2,V04after_20200706_tanto_tanto_02_mono.wav,16,32768,34816,2048,False,analyzed_full_frame,-1.907066649,11.820177,3.350975,29.1223546438,-8.16675954838,2175.17009544,26.4332790809,True,True,True,valid,
V04,Z2,V04after_20200706_tanto_tanto_02_mono.wav,17,34816,36864,2048,False,analyzed_full_frame,2.164238119,13.193639,2.855409,28.6519353414,-16.5754841046,2009.41882884,14.7867082927,True,True,True,valid,
V04,Z2,V04after_20200706_tanto_tanto_02_mono.wav,18,36864,38912,2048,False,analyzed_full_frame,-4.948201098,13.470402,-1.733569,24.1031615789,-15.9751956632,1975.40058542,12.4155098027,True,True,True,valid,
V04,Z2,V04after_20200706_tanto_tanto_02_mono.wav,19,38912,40960,2048,False,analyzed_full_frame,0.5159480285,12.471597,8.005258,36.2401795004,-7.60625454812,2251.72064143,26.7643789537,True,True,True,valid,
V04,Z2,V04after_20200706_tanto_tanto_02_mono.wav,20,40960,43008,2048,False,analyzed_full_frame,-0.9358278387,13.608583,3.525741,32.4928366038,-11.2938826878,2268.49967735,17.7143391508,True,True,True,valid,
V04,Z2,V04after_20200706_tanto_tanto_02_mono.wav,21,43008,45056,2048,False,analyzed_full_frame,-6.904133872,12.777321,-2.852175,28.938965017,-13.0502309004,2169.17941259,25.4551029749,True,True,True,valid,
V04,Z2,V04after_20200706_tanto_tanto_02_mono.wav,22,45056,47104,2048,False,analyzed_full_frame,5.243044244,12.617161,8.465459,25.3211275731,-18.770895658,1963.21362778,10.6871966493,True,True,True,valid,
V04,Z2,V04after_20200706_tanto_tanto_02_mono.wav,23,47104,49152,2048,False,analyzed_full_frame,1.919232759,12.87915,5.779705,36.7497809944,-10.4844248681,2288.13270427,33.2990295718,True,True,True,valid,
V04,Z2,V04after_20200706_tanto_tanto_02_mono.wav,24,49152,51200,2048,False,analyzed_full_frame,2.99459442,12.735932,3.662068,32.5641665236,-11.9327933591,2183.69650945,13.134227901,True,True,True,valid,
V04,Z2,V04after_20200706_tanto_tanto_02_mono.wav,25,51200,53248,2048,False,analyzed_full_frame,8.735342982,11.934143,14.146206,21.2330735553,-17.4398235097,1834.26477065,9.62034099832,True,True,True,valid,
V04,Z2,V04after_20200706_tanto_tanto_02_mono.wav,26,53248,55296,2048,False,analyzed_full_frame,5.933733453,13.489004,10.89523,26.5482970082,-15.1332846252,1975.1710673,15.6487958578,True,True,True,valid,
V04,Z2,V04after_20200706_tanto_tanto_02_mono.wav,27,55296,57344,2048,False,analyzed_full_frame,-2.15555718,12.711895,-0.524756,24.8790432692,-13.5898146989,1991.05559733,12.2302069622,True,True,True,valid,
V04,Z2,V04after_20200706_tanto_tanto_02_mono.wav,28,57344,59392,2048,False,analyzed_full_frame,1.830849193,11.899854,4.336454,19.1057389085,-20.4748318222,1732.23270309,8.24591580917,True,True,True,valid,
V04,Z2,V04after_20200706_tanto_tanto_02_mono.wav,29,59392,61440,2048,False,analyzed_full_frame,1.082227068,13.78554,2.427594,26.4928279476,-16.6482087653,1956.26609681,16.3453167259,True,True,True,valid,
V04,Z2,V04after_20200706_tanto_tanto_02_mono.wav,30,61440,63488,2048,False,analyzed_full_frame,0.8007317913,13.85713,4.518117,36.0639070077,-9.55441109642,2272.64426449,34.2205551416,True,True,True,valid,
V04,Z2,V04after_20200706_tanto_tanto_02_mono.wav,31,63488,65536,2048,False,analyzed_full_frame,4.221141969,12.085293,5.787942,23.8287601869,-19.2016476618,1858.41418739,15.2418217659,True,True,True,valid,
V04,Z2,V04after_20200706_tanto_tanto_02_mono.wav,32,65536,67584,2048,False,analyzed_full_frame,-0.8372132037,13.823679,0.626201,18.9852798238,-18.6975558697,1781.91322591,8.9438802039,True,True,True,valid,
V04,Z2,V04after_20200706_tanto_tanto_02_mono.wav,33,67584,69632,2048,False,analyzed_full_frame,1.268913784,12.941034,5.992558,35.6745668072,-7.56632070722,2168.41929814,25.1923276032,True,True,True,valid,
V04,Z2,V04after_20200706_tanto_tanto_02_mono.wav,34,69632,71680,2048,False,analyzed_full_frame,1.347035977,13.83007,4.998315,25.1168142994,-16.145602798,2006.61428647,8.87508947747,True,True,True,valid,
V04,Z2,V04after_20200706_tanto_tanto_02_mono.wav,35,71680,73728,2048,False,analyzed_full_frame,-1.33927936,13.073921,1.253523,24.5212965059,-16.5406514002,2000.12380895,11.2243329775,True,True,True,valid,
V04,Z2,V04after_20200706_tanto_tanto_02_mono.wav,36,73728,75776,2048,False,analyzed_full_frame,3.799948188,13.292379,4.598796,23.8031496125,-19.5488678448,1877.99178228,7.96453661106,True,True,True,valid,
V04,Z2,V04after_20200706_tanto_tanto_02_mono.wav,37,75776,77824,2048,False,analyzed_full_frame,3.724358788,13.230807,9.275842,34.7093158533,-12.6558963467,2240.13332882,23.6449418448,True,True,True,valid,
V04,Z2,V04after_20200706_tanto_tanto_02_mono.wav,38,77824,79872,2048,False,analyzed_full_frame,0.4490287533,12.722184,-0.164194,21.7822589217,-18.8520501535,1843.30775191,4.48256158871,True,True,True,valid,
V04,Z2,V04after_20200706_tanto_tanto_02_mono.wav,39,79872,81920,2048,False,analyzed_full_frame,-1.097659855,12.429819,-0.718677,20.6089665253,-18.7993401411,1851.53561543,5.35122876703,True,True,True,valid,
V04,Z2,V04after_20200706_tanto_tanto_02_mono.wav,40,81920,83968,2048,False,analyzed_full_frame,0.5234014387,11.670007,2.280317,27.8174654434,-14.6330555936,1972.44729928,16.340899273,True,True,True,valid,
V04,Z2,V04after_20200706_tanto_tanto_02_mono.wav,41,83968,86016,2048,False,analyzed_full_frame,-9.334557228,13.51643,-7.246805,33.8399252966,-13.28120231,2370.96736968,15.0681072864,True,True,True,valid,
V04,Z2,V04after_20200706_tanto_tanto_02_mono.wav,42,86016,88064,2048,False,analyzed_full_frame,-0.6433461022,11.431883,1.08899,19.3405504035,-17.4512407652,1834.50264737,5.19711718113,True,True,True,valid,
V04,Z2,V04after_20200706_tanto_tanto_02_mono.wav,43,88064,90112,2048,False,analyzed_full_frame,6.723310734,12.339304,10.106533,23.3952036423,-20.932970621,1779.77451268,12.0550545174,True,True,True,valid,
V04,Z2,V04after_20200706_tanto_tanto_02_mono.wav,44,90112,92160,2048,False,analyzed_full_frame,-8.599115466,12.345795,-9.034877,26.8179285711,-14.5279350481,2007.31364725,26.5458519793,True,True,True,valid,
V04,Z2,V04after_20200706_tanto_tanto_02_mono.wav,45,92160,94208,2048,False,analyzed_full_frame,-2.272817035,11.710458,-2.243455,22.1059058422,-16.5686681096,1825.80234633,14.0338314729,True,True,True,valid,
V04,Z2,V04after_20200706_tanto_tanto_02_mono.wav,46,94208,96256,2048,False,analyzed_full_frame,-3.275108448,11.584924,-0.623217,27.012664368,-9.67828549415,2092.89979739,14.4070126606,True,True,True,valid,
V04,Z2,V04after_20200706_tanto_tanto_02_mono.wav,47,96256,98304,2048,False,analyzed_full_frame,-0.6219641828,11.640682,1.226721,24.2103401569,-14.3097345001,1803.80685724,25.247391382,True,True,True,valid,
V04,Z2,V04after_20200706_tanto_tanto_02_mono.wav,48,98304,100352,2048,False,analyzed_full_frame,-13.08656527,13.278554,-12.592262,27.8836979686,-17.8835341343,2072.65715482,21.9294842309,True,True,True,valid,
V04,Z2,V04after_20200706_tanto_tanto_02_mono.wav,49,100352,102400,2048,False,analyzed_full_frame,1.204260576,10.560647,3.234731,22.4413184461,-18.0680925813,1877.09463117,10.1812505401,True,True,True,valid,
V04,Z2,V04after_20200706_tanto_tanto_02_mono.wav,50,102400,104448,2048,False,analyzed_full_frame,4.471767158,12.60725,5.815224,20.82998494,-21.6742776105,1643.97135988,19.4280390726,True,True,True,valid,
V04,Z2,V04after_20200706_tanto_tanto_02_mono.wav,51,104448,106496,2048,False,analyzed_full_frame,-4.763274665,11.824692,-4.823776,24.4910835898,-12.201928574,1872.79748995,39.2208449215,True,True,True,valid,
V04,Z2,V04after_20200706_tanto_tanto_02_mono.wav,52,106496,108544,2048,False,analyzed_full_frame,-3.865916527,12.072197,-1.079157,25.4799068639,-15.1762689685,1960.59024161,13.7356018778,True,True,True,valid,
V04,Z2,V04after_20200706_tanto_tanto_02_mono.wav,53,108544,110592,2048,False,analyzed_full_frame,0.03143592115,12.187313,2.294212,18.4094826138,-15.4967786179,1689.63590294,8.8721008014,True,True,True,valid,
V04,Z2,V04after_20200706_tanto_tanto_02_mono.wav,54,110592,112640,2048,False,analyzed_full_frame,-2.078891758,11.38728,-2.777004,22.4710161328,-16.7806538526,1841.99414471,14.48769569,True,True,True,valid,
V04,Z2,V04after_20200706_tanto_tanto_02_mono.wav,55,112640,114688,2048,False,analyzed_full_frame,-6.467826256,12.92594,-4.013731,26.6161769223,-17.9711518273,2014.04625767,14.6904400726,True,True,True,valid,
V04,Z2,V04after_20200706_tanto_tanto_02_mono.wav,56,114688,116736,2048,False,analyzed_full_frame,-4.728097918,11.188559,-2.673474,21.8843085432,-12.0648307304,1931.41998373,9.22833560033,True,True,True,valid,
V04,Z2,V04after_20200706_tanto_tanto_02_mono.wav,57,116736,118784,2048,False,analyzed_full_frame,6.173701057,12.914232,11.32032,22.2957387073,-20.3193703643,1681.95289688,20.9800893113,True,True,True,valid,
V04,Z2,V04after_20200706_tanto_tanto_02_mono.wav,58,118784,120832,2048,False,analyzed_full_frame,-11.2490165,12.036505,31.960232,29.1603523196,-14.1616398737,2072.11194522,34.563951111,True,True,True,valid,
V04,Z2,V04after_20200706_tanto_tanto_02_mono.wav,59,120832,122880,2048,False,analyzed_full_frame,-0.8303798155,11.558165,-1.726992,21.2383036413,-19.5972448532,1749.5445463,14.9326616541,True,True,True,valid,
V04,Z2,V04after_20200706_tanto_tanto_02_mono.wav,60,122880,124928,2048,False,analyzed_full_frame,0.09548466737,12.203656,0.182881,16.366474075,-18.6142575042,1587.33072349,11.2759833092,True,True,True,valid,
V04,Z2,V04after_20200706_tanto_tanto_02_mono.wav,61,124928,126976,2048,False,analyzed_full_frame,-3.86766531,11.694263,-3.023623,25.0709571638,-14.5255988536,1931.62788547,17.3012869535,True,True,True,valid,
V04,Z2,V04after_20200706_tanto_tanto_02_mono.wav,62,126976,129024,2048,False,analyzed_full_frame,-10.56907754,12.605847,-10.775546,20.712911215,-22.6857046146,1818.89614534,15.89681274,True,True,True,valid,
V04,Z2,V04after_20200706_tanto_tanto_02_mono.wav,63,129024,131072,2048,False,analyzed_full_frame,-1.382166329,12.40876,2.152563,20.5595155182,-10.3772574425,1742.97289715,15.200625905,True,True,True,valid,
V04,Z2,V04after_20200706_tanto_tanto_02_mono.wav,64,131072,133120,2048,False,analyzed_full_frame,1.839192888,12.977492,6.066321,26.4308987319,-15.439084588,1863.38275743,24.8930751731,True,True,True,valid,
V04,Z2,V04after_20200706_tanto_tanto_02_mono.wav,65,133120,135168,2048,False,analyzed_full_frame,-4.912101145,12.642396,-1.390927,24.7982484811,-14.1077350437,1888.16514392,20.7487460993,True,True,True,valid,
V04,Z2,V04after_20200706_tanto_tanto_02_mono.wav,66,135168,137216,2048,False,analyzed_full_frame,4.347121563,12.31355,6.562643,16.2356650975,-21.2478177207,1559.65317095,9.05667079756,True,True,True,valid,
V04,Z2,V04after_20200706_tanto_tanto_02_mono.wav,67,137216,139264,2048,False,analyzed_full_frame,-1.992190034,12.320074,-0.057511,17.2003223222,-20.0987986144,1735.40043073,8.72190095164,True,True,True,valid,
V04,Z2,V04after_20200706_tanto_tanto_02_mono.wav,68,139264,141312,2048,False,analyzed_full_frame,-0.6352388518,12.030273,3.301972,21.0894667324,-13.1710076032,1730.23716352,22.3220031261,True,True,True,valid,
V04,Z2,V04after_20200706_tanto_tanto_02_mono.wav,69,141312,143360,2048,False,analyzed_full_frame,-5.699760247,12.090788,-5.196753,17.4483163134,-19.7131705451,1676.86295239,15.5517499299,True,True,True,valid,
V04,Z2,V04after_20200706_tanto_tanto_02_mono.wav,70,143360,145408,2048,False,analyzed_full_frame,-2.295541592,11.469699,-1.961205,14.2638154904,-20.9377838192,1580.71682508,9.5805200168,True,True,True,valid,
V04,Z2,V04after_20200706_tanto_tanto_02_mono.wav,71,145408,147456,2048,False,analyzed_full_frame,0.5321989245,12.798482,2.268346,23.8122820782,-13.7159408382,1810.32621036,16.9879251028,True,True,True,valid,
V04,Z2,V04after_20200706_tanto_tanto_02_mono.wav,72,147456,149504,2048,False,analyzed_full_frame,5.132570371,12.554059,6.626709,20.8635781191,-19.7064473146,1817.7505106,13.8914338635,True,True,True,valid,
V04,Z2,V04after_20200706_tanto_tanto_02_mono.wav,73,149504,151552,2048,False,analyzed_full_frame,6.277148151,12.943627,6.884583,10.4155602207,-28.3900480857,1366.10034627,7.46222190842,True,True,True,valid,
V04,Z2,V04after_20200706_tanto_tanto_02_mono.wav,74,151552,153600,2048,False,analyzed_full_frame,-1.537309422,11.906944,-0.074654,13.7384847229,-19.6123588547,1595.62519038,9.94097789688,True,True,True,valid,
V04,Z2,V04after_20200706_tanto_tanto_02_mono.wav,75,153600,155648,2048,False,analyzed_full_frame,-4.416762771,11.061879,-3.065691,18.4146323761,-17.1989864183,1898.10760934,10.8312159817,True,True,True,valid,
V04,Z2,V04after_20200706_tanto_tanto_02_mono.wav,76,155648,155763,115,True,skipped_not_analyzed,,,,,,,,False,False,False,not_analyzed_short_final_frame,"Final partial frame has 115 samples (<2048); recorded only, not analyzed."
V05,Z1,V05before_20220420_tanto_tanto_02_mono.wav,0,0,2048,2048,False,analyzed_full_frame,-2.204916894,5.751457,-9.484834,20.8742461563,-13.5013467607,3819.20689954,,True,True,False,no_valid_Q,
V05,Z1,V05before_20220420_tanto_tanto_02_mono.wav,1,2048,4096,2048,False,analyzed_full_frame,-3.703497215,1.944606,-8.530047,31.0447226267,-5.75163127612,4444.88109744,2.83399400583,True,True,True,valid,
V05,Z1,V05before_20220420_tanto_tanto_02_mono.wav,2,4096,6144,2048,False,analyzed_full_frame,-17.18979441,8.109477,55.791826,5.33263304008,-38.4883261284,1625.04352927,,True,True,False,no_valid_Q,
V05,Z1,V05before_20220420_tanto_tanto_02_mono.wav,3,6144,8192,2048,False,analyzed_full_frame,-8.129552321,11.384978,-4.591493,18.5135979614,-10.646617496,1724.45215463,97.4149295547,True,True,True,valid,
V05,Z1,V05before_20220420_tanto_tanto_02_mono.wav,4,8192,10240,2048,False,analyzed_full_frame,-8.470839343,10.771255,-8.099085,18.9177235985,-19.6605452928,1779.75841826,30.0823531755,True,True,True,valid,
V05,Z1,V05before_20220420_tanto_tanto_02_mono.wav,5,10240,12288,2048,False,analyzed_full_frame,-9.870221209,11.176614,-8.711498,21.0199243702,-11.6946855688,1829.09039174,93.2467557937,True,True,True,valid,
V05,Z1,V05before_20220420_tanto_tanto_02_mono.wav,6,12288,14336,2048,False,analyzed_full_frame,-5.108043451,10.010335,-3.918811,29.8230210251,-9.33976096698,2080.79660015,77.2650747761,True,True,True,valid,
V05,Z1,V05before_20220420_tanto_tanto_02_mono.wav,7,14336,16384,2048,False,analyzed_full_frame,-8.576163159,12.323443,-6.421411,26.6037567212,-14.2723800372,2055.50989699,17.5208919018,True,True,True,valid,
V05,Z1,V05before_20220420_tanto_tanto_02_mono.wav,8,16384,18432,2048,False,analyzed_full_frame,-5.02538435,14.07638,-0.892012,47.6012739841,-4.61769431856,2565.99145023,27.2290956314,True,True,True,valid,
V05,Z1,V05before_20220420_tanto_tanto_02_mono.wav,9,18432,20480,2048,False,analyzed_full_frame,-16.84297722,9.905725,41.377474,28.2462768288,-11.4981597717,1948.06606917,136.216086136,True,True,True,valid,
V05,Z1,V05before_20220420_tanto_tanto_02_mono.wav,10,20480,22528,2048,False,analyzed_full_frame,-11.37023035,13.64628,-10.53152,29.9613871562,-15.3030175558,2043.67192481,69.6066467827,True,True,True,valid,
V05,Z1,V05before_20220420_tanto_tanto_02_mono.wav,11,22528,24576,2048,False,analyzed_full_frame,-7.477062531,12.545049,-4.865213,28.7142972972,-15.4414833035,2109.10753914,12.0073174172,True,True,True,valid,
V05,Z1,V05before_20220420_tanto_tanto_02_mono.wav,12,24576,26624,2048,False,analyzed_full_frame,-2.621561351,13.920203,1.009762,39.797514576,-7.63241551548,2321.01981226,31.1665109342,True,True,True,valid,
V05,Z1,V05before_20220420_tanto_tanto_02_mono.wav,13,26624,28672,2048,False,analyzed_full_frame,-7.607370993,12.452612,-5.827397,35.7174546426,-4.68088833687,2210.27743304,131.836025502,True,True,True,valid,
V05,Z1,V05before_20220420_tanto_tanto_02_mono.wav,14,28672,30720,2048,False,analyzed_full_frame,-11.74866174,13.984346,-11.277061,30.5913801542,-15.89555913,2146.83731021,27.7415218433,True,True,True,valid,
V05,Z1,V05before_20220420_tanto_tanto_02_mono.wav,15,30720,32768,2048,False,analyzed_full_frame,-5.189827163,12.786539,-3.878618,28.0015735827,-13.272041986,1976.40924668,16.8294306608,True,True,True,valid,
V05,Z1,V05before_20220420_tanto_tanto_02_mono.wav,16,32768,34816,2048,False,analyzed_full_frame,-5.977518092,13.108329,-4.111845,40.1346575461,-10.0788558416,2407.02496724,21.2769057664,True,True,True,valid,
V05,Z1,V05before_20220420_tanto_tanto_02_mono.wav,17,34816,36864,2048,False,analyzed_full_frame,-3.586731282,13.726991,-2.898354,28.5773223775,-13.6730889937,1963.65082351,24.943928986,True,True,True,valid,
V05,Z1,V05before_20220420_tanto_tanto_02_mono.wav,18,36864,38912,2048,False,analyzed_full_frame,-11.29605632,13.948617,-10.351257,24.7344287416,-19.0753661179,2002.90118857,22.8469057992,True,True,True,valid,
V05,Z1,V05before_20220420_tanto_tanto_02_mono.wav,19,38912,40960,2048,False,analyzed_full_frame,3.60614783,14.958885,6.911246,33.2707347487,-7.20762834689,2130.70787817,31.0605844617,True,True,True,valid,
V05,Z1,V05before_20220420_tanto_tanto_02_mono.wav,20,40960,43008,2048,False,analyzed_full_frame,-7.392577199,15.122596,-7.816073,31.6848353074,-14.2681774144,2185.00217885,17.5766575492,True,True,True,valid,
V05,Z1,V05before_20220420_tanto_tanto_02_mono.wav,21,43008,45056,2048,False,analyzed_full_frame,-2.661338854,13.160231,-0.533702,34.0989779431,-6.27402268558,2163.8432192,54.543412215,True,True,True,valid,
V05,Z1,V05before_20220420_tanto_tanto_02_mono.wav,22,45056,47104,2048,False,analyzed_full_frame,-6.125534064,12.725082,-6.634386,29.1460428017,-13.0960711052,2036.29852353,63.8061671171,True,True,True,valid,
V05,Z1,V05before_20220420_tanto_tanto_02_mono.wav,23,47104,49152,2048,False,analyzed_full_frame,-5.95593775,14.101215,-4.521283,36.7837065336,-10.7701699974,2320.74929771,34.3081036019,True,True,True,valid,
V05,Z1,V05before_20220420_tanto_tanto_02_mono.wav,24,49152,51200,2048,False,analyzed_full_frame,-7.586135937,10.453144,-5.008336,37.2039105321,-5.40390888922,2209.70007006,96.7727311318,True,True,True,valid,
V05,Z1,V05before_20220420_tanto_tanto_02_mono.wav,25,51200,53248,2048,False,analyzed_full_frame,-8.383067009,14.847361,-7.022256,27.4518869714,-14.7806783899,2111.56102539,31.793850123,True,True,True,valid,
V05,Z1,V05before_20220420_tanto_tanto_02_mono.wav,26,53248,55296,2048,False,analyzed_full_frame,3.319233181,13.39214,9.957969,32.0261494476,-11.2500150362,2109.37604856,72.117298693,True,True,True,valid,
V05,Z1,V05before_20220420_tanto_tanto_02_mono.wav,27,55296,57344,2048,False,analyzed_full_frame,-6.882376737,13.632442,-4.638642,37.1267276008,-10.1146022437,2339.74441732,28.7549953239,True,True,True,valid,
V05,Z1,V05before_20220420_tanto_tanto_02_mono.wav,28,57344,59392,2048,False,analyzed_full_frame,-6.607019042,13.377328,-5.226629,38.5226160687,-11.1067700052,2270.74178338,30.5708982881,True,True,True,valid,
V05,Z1,V05before_20220420_tanto_tanto_02_mono.wav,29,59392,61440,2048,False,analyzed_full_frame,-5.734384403,12.611441,-4.905023,26.8430206001,-14.8570304482,2139.30591962,20.7060604035,True,True,True,valid,
V05,Z1,V05before_20220420_tanto_tanto_02_mono.wav,30,61440,63488,2048,False,analyzed_full_frame,-0.834313034,12.641461,1.66628,28.0297810946,-10.5526108757,2406.02744927,6.8980330249,True,True,True,valid,
V05,Z1,V05before_20220420_tanto_tanto_02_mono.wav,31,63488,65536,2048,False,analyzed_full_frame,1.443388203,12.196396,2.302037,24.6630913084,-13.9071790667,2071.47445423,8.96201846125,True,True,True,valid,
V05,Z1,V05before_20220420_tanto_tanto_02_mono.wav,32,65536,67584,2048,False,analyzed_full_frame,6.505983758,13.334333,8.79661,26.435048795,-17.3358111949,1983.65378885,9.58962513331,True,True,True,valid,
V05,Z1,V05before_20220420_tanto_tanto_02_mono.wav,33,67584,69632,2048,False,analyzed_full_frame,3.24882655,11.821913,5.890114,31.698143587,-8.67908285575,2230.52635133,,True,True,False,no_valid_Q,
V05,Z1,V05before_20220420_tanto_tanto_02_mono.wav,34,69632,71680,2048,False,analyzed_full_frame,1.648089705,12.404821,5.75313,37.1899102941,-6.95285239448,2416.16752461,8.06755216362,True,True,True,valid,
V05,Z1,V05before_20220420_tanto_tanto_02_mono.wav,35,71680,73728,2048,False,analyzed_full_frame,4.003151231,6.071412,21.154051,13.2845605646,-23.6203218499,2207.43672635,,True,True,False,no_valid_Q,
V05,Z1,V05before_20220420_tanto_tanto_02_mono.wav,36,73728,75776,2048,False,analyzed_full_frame,9.139946211,5.340572,11.154043,7.80101344764,-25.8973693858,1767.54826771,,True,True,False,no_valid_Q,
V05,Z1,V05before_20220420_tanto_tanto_02_mono.wav,37,75776,77824,2048,False,analyzed_full_frame,12.96800694,8.867815,-3.847468,10.0295472048,-26.7535167017,1581.33819664,,True,True,False,no_valid_Q,
V05,Z1,V05before_20220420_tanto_tanto_02_mono.wav,38,77824,79872,2048,False,analyzed_full_frame,5.211066249,10.858111,0.953957,19.6297308294,-10.4670050514,1985.72111573,21.0325533085,True,True,True,valid,
V05,Z1,V05before_20220420_tanto_tanto_02_mono.wav,39,79872,81920,2048,False,analyzed_full_frame,5.042413733,11.405676,0.190757,32.0654243421,-13.8997253945,2237.59939864,25.6359193776,True,True,True,valid,
V05,Z1,V05before_20220420_tanto_tanto_02_mono.wav,40,81920,83968,2048,False,analyzed_full_frame,14.64588777,9.488503,32.036873,22.4713119874,-20.397330868,1856.67457111,27.8781340683,True,True,True,valid,
V05,Z1,V05before_20220420_tanto_tanto_02_mono.wav,41,83968,86016,2048,False,analyzed_full_frame,9.928271777,10.390342,-4.816849,32.7013234856,-15.3579960939,2183.9553249,36.8117812291,True,True,True,valid,
V05,Z1,V05before_20220420_tanto_tanto_02_mono.wav,42,86016,88064,2048,False,analyzed_full_frame,7.379594282,10.621235,-6.020367,32.5734580366,-11.7494077506,2141.01608962,43.0580744254,True,True,True,valid,
V05,Z1,V05before_20220420_tanto_tanto_02_mono.wav,43,88064,90112,2048,False,analyzed_full_frame,6.776986791,10.169256,-8.109254,41.5515902074,-11.1282836398,2363.66600036,61.8921866192,True,True,True,valid,
V05,Z1,V05before_20220420_tanto_tanto_02_mono.wav,44,90112,92160,2048,False,analyzed_full_frame,7.9889103,11.519061,30.358513,36.8277103137,-11.1587304698,2382.34021028,73.3666017186,True,True,True,valid,
V05,Z1,V05before_20220420_tanto_tanto_02_mono.wav,45,92160,94208,2048,False,analyzed_full_frame,8.088718865,10.845902,-3.949172,33.8364519059,-11.4031180025,2369.8000741,27.2856584042,True,True,True,valid,
V05,Z1,V05before_20220420_tanto_tanto_02_mono.wav,46,94208,96256,2048,False,analyzed_full_frame,3.622635794,11.5707,-0.004807,38.5118268019,-5.87732491535,2589.48342417,21.5224268768,True,True,True,valid,
V05,Z1,V05before_20220420_tanto_tanto_02_mono.wav,47,96256,97429,1173,True,skipped_not_analyzed,,,,,,,,False,False,False,not_analyzed_short_final_frame,"Final partial frame has 1173 samples (<2048); recorded only, not analyzed."
V05,Z2,V05after_20240502_tanto_tanto_02_mono.wav,0,0,2048,2048,False,analyzed_full_frame,8.241514509,2.781079,-6.244778,9.76553367185,-33.606880913,2845.15625574,,True,True,False,no_valid_Q,
V05,Z2,V05after_20240502_tanto_tanto_02_mono.wav,1,2048,4096,2048,False,analyzed_full_frame,2.968643157,2.329853,-2.24197,15.3815512277,-23.6201138925,3106.15506629,,True,True,False,no_valid_Q,
V05,Z2,V05after_20240502_tanto_tanto_02_mono.wav,2,4096,6144,2048,False,analyzed_full_frame,-6.566569179,8.927899,-4.769775,4.15917145202,-36.1534309256,1428.84700715,,True,True,False,no_valid_Q,
V05,Z2,V05after_20240502_tanto_tanto_02_mono.wav,3,6144,8192,2048,False,analyzed_full_frame,-8.090581998,11.384716,-5.740517,10.2351966934,-26.0994565925,1543.97392229,33.3016298802,True,True,True,valid,
V05,Z2,V05after_20240502_tanto_tanto_02_mono.wav,4,8192,10240,2048,False,analyzed_full_frame,-10.97066498,10.5502,-11.026129,17.4170110164,-14.3224907607,1766.9496054,99.1509462679,True,True,True,valid,
V05,Z2,V05after_20240502_tanto_tanto_02_mono.wav,5,10240,12288,2048,False,analyzed_full_frame,-6.977743371,13.870138,-4.155381,26.5978277755,-12.5816033193,1895.12251432,52.683179297,True,True,True,valid,
V05,Z2,V05after_20240502_tanto_tanto_02_mono.wav,6,12288,14336,2048,False,analyzed_full_frame,-5.418251784,12.264014,-3.319223,23.4036572602,-12.2691619656,1851.81823482,15.972191173,True,True,True,valid,
V05,Z2,V05after_20240502_tanto_tanto_02_mono.wav,7,14336,16384,2048,False,analyzed_full_frame,-2.815801123,12.999053,-0.176324,19.3164392267,-16.3017018785,1710.98754642,19.5575366258,True,True,True,valid,
V05,Z2,V05after_20240502_tanto_tanto_02_mono.wav,8,16384,18432,2048,False,analyzed_full_frame,-14.15045823,10.584678,-14.09205,18.695182804,-15.7536372413,1770.91293391,81.0570188897,True,True,True,valid,
V05,Z2,V05after_20240502_tanto_tanto_02_mono.wav,9,18432,20480,2048,False,analyzed_full_frame,-4.181388525,12.788137,-3.768654,25.9525908455,-16.5794505338,1882.38420413,23.808831547,True,True,True,valid,
V05,Z2,V05after_20240502_tanto_tanto_02_mono.wav,10,20480,22528,2048,False,analyzed_full_frame,-8.716270114,10.821414,-5.343475,22.3478941821,-15.5054848869,1885.34116688,11.6668475497,True,True,True,valid,
V05,Z2,V05after_20240502_tanto_tanto_02_mono.wav,11,22528,24576,2048,False,analyzed_full_frame,-7.238585845,11.301442,-6.44622,22.0138287628,-19.6433902538,1783.05429,25.2675345022,True,True,True,valid,
V05,Z2,V05after_20240502_tanto_tanto_02_mono.wav,12,24576,26624,2048,False,analyzed_full_frame,-6.920525653,11.605556,-4.931921,16.0286892883,-20.0012024583,1622.62207,26.4678396652,True,True,True,valid,
V05,Z2,V05after_20240502_tanto_tanto_02_mono.wav,13,26624,28672,2048,False,analyzed_full_frame,-6.243454092,13.177372,-5.538421,27.0541050733,-11.8370782262,1983.43972925,26.0716540983,True,True,True,valid,
V05,Z2,V05after_20240502_tanto_tanto_02_mono.wav,14,28672,30720,2048,False,analyzed_full_frame,-2.006405596,13.365987,-0.140108,23.5307961931,-11.9692653292,1964.2000363,13.2252887393,True,True,True,valid,
V05,Z2,V05after_20240502_tanto_tanto_02_mono.wav,15,30720,32768,2048,False,analyzed_full_frame,-10.88553112,10.749022,-13.432871,14.9963014566,-22.0813022562,1629.97089615,36.3206398848,True,True,True,valid,
V05,Z2,V05after_20240502_tanto_tanto_02_mono.wav,16,32768,34816,2048,False,analyzed_full_frame,-8.821163316,13.267664,-5.97534,20.7198538528,-15.7086136378,1756.2643797,20.2092655262,True,True,True,valid,
V05,Z2,V05after_20240502_tanto_tanto_02_mono.wav,17,34816,36864,2048,False,analyzed_full_frame,-2.192674807,12.883457,0.338691,31.8023923887,-10.1496468383,2084.69994931,18.3429156461,True,True,True,valid,
V05,Z2,V05after_20240502_tanto_tanto_02_mono.wav,18,36864,38912,2048,False,analyzed_full_frame,-9.357071747,12.236245,-6.485343,21.5672583074,-17.4062587802,1761.92835055,25.2204444493,True,True,True,valid,
V05,Z2,V05after_20240502_tanto_tanto_02_mono.wav,19,38912,40960,2048,False,analyzed_full_frame,-11.72477447,12.32137,-10.895576,22.1746303234,-19.4273683955,1799.15658073,35.3142797063,True,True,True,valid,
V05,Z2,V05after_20240502_tanto_tanto_02_mono.wav,20,40960,43008,2048,False,analyzed_full_frame,-9.414486793,13.596814,-9.210214,34.0228696206,-12.7768483056,2155.51459835,22.4094213906,True,True,True,valid,
V05,Z2,V05after_20240502_tanto_tanto_02_mono.wav,21,43008,45056,2048,False,analyzed_full_frame,-4.293016968,12.85383,-0.010166,38.3253974484,-4.47481919546,2290.40088417,23.2563313218,True,True,True,valid,
V05,Z2,V05after_20240502_tanto_tanto_02_mono.wav,22,45056,47104,2048,False,analyzed_full_frame,-6.133231054,9.686254,-5.560659,16.7842436335,-17.8759315641,1674.79498658,32.2591338897,True,True,True,valid,
V05,Z2,V05after_20240502_tanto_tanto_02_mono.wav,23,47104,49152,2048,False,analyzed_full_frame,-3.778211652,13.70354,-1.111734,27.5742694141,-11.770701611,1917.65902381,20.6167776599,True,True,True,valid,
V05,Z2,V05after_20240502_tanto_tanto_02_mono.wav,24,49152,51200,2048,False,analyzed_full_frame,-8.280958022,12.305894,-6.539305,26.5563693116,-9.14452053656,2048.4295156,11.3368926398,True,True,True,valid,
V05,Z2,V05after_20240502_tanto_tanto_02_mono.wav,25,51200,53248,2048,False,analyzed_full_frame,-0.9879370644,12.678348,1.170298,36.2078102731,-6.42603555461,2177.19900564,31.6534685149,True,True,True,valid,
V05,Z2,V05after_20240502_tanto_tanto_02_mono.wav,26,53248,55296,2048,False,analyzed_full_frame,-5.373422585,11.538184,-6.125684,21.9143513135,-16.7752128169,1791.83417859,36.615383152,True,True,True,valid,
V05,Z2,V05after_20240502_tanto_tanto_02_mono.wav,27,55296,57344,2048,False,analyzed_full_frame,-2.723275994,13.318687,-0.992477,25.1503077354,-13.7078757018,1879.36778871,20.8241096028,True,True,True,valid,
V05,Z2,V05after_20240502_tanto_tanto_02_mono.wav,28,57344,59392,2048,False,analyzed_full_frame,-0.6146362259,12.136261,0.520979,28.5543258357,-11.2409109585,2030.77685394,34.7554648874,True,True,True,valid,
V05,Z2,V05after_20240502_tanto_tanto_02_mono.wav,29,59392,61440,2048,False,analyzed_full_frame,-0.4063807514,12.943538,0.993342,22.926546359,-14.7092637547,1857.52712944,25.0450170996,True,True,True,valid,
V05,Z2,V05after_20240502_tanto_tanto_02_mono.wav,30,61440,63488,2048,False,analyzed_full_frame,1.341359756,13.279027,4.949647,25.2969258817,-18.3615516322,2110.5961862,10.0688977467,True,True,True,valid,
V05,Z2,V05after_20240502_tanto_tanto_02_mono.wav,31,63488,65536,2048,False,analyzed_full_frame,5.301468,12.994045,5.947462,21.4129815057,-20.3090973158,1796.97977911,8.03414438412,True,True,True,valid,
V05,Z2,V05after_20240502_tanto_tanto_02_mono.wav,32,65536,67584,2048,False,analyzed_full_frame,3.912886143,12.358237,8.591021,19.8079858571,-22.0209932076,1852.22305291,10.0041356079,True,True,True,valid,
V05,Z2,V05after_20240502_tanto_tanto_02_mono.wav,33,67584,69632,2048,False,analyzed_full_frame,3.790943635,11.670775,6.660465,27.833255447,-16.3327597527,2256.6914917,12.9231811795,True,True,True,valid,
V05,Z2,V05after_20240502_tanto_tanto_02_mono.wav,34,69632,71680,2048,False,analyzed_full_frame,-1.619243251,8.592653,1.48429,33.9800436257,-9.63657044291,3454.03281053,9.29769511548,True,True,True,valid,
V05,Z2,V05after_20240502_tanto_tanto_02_mono.wav,35,71680,73728,2048,False,analyzed_full_frame,4.529685827,5.00495,8.800792,16.2030482029,-20.5798455234,2266.43004699,,True,True,False,no_valid_Q,
V05,Z2,V05after_20240502_tanto_tanto_02_mono.wav,36,73728,75776,2048,False,analyzed_full_frame,8.320401303,5.075852,4.066027,10.3677179766,-26.8985082372,1683.40986817,4.08343670256,True,True,True,valid,
V05,Z2,V05after_20240502_tanto_tanto_02_mono.wav,37,75776,77824,2048,False,analyzed_full_frame,18.22107566,7.379276,-4.022057,7.39870690828,-33.5276474712,1443.15413197,7.42390284384,True,True,True,valid,
V05,Z2,V05after_20240502_tanto_tanto_02_mono.wav,38,77824,79872,2048,False,analyzed_full_frame,15.85827281,9.418094,-4.351479,9.69680866418,-23.5341504632,1434.54078663,15.8927267967,True,True,True,valid,
V05,Z2,V05after_20240502_tanto_tanto_02_mono.wav,39,79872,81920,2048,False,analyzed_full_frame,5.397458973,10.638373,1.579889,28.2207845602,-7.93893446329,2050.11360863,53.3091307081,True,True,True,valid,
V05,Z2,V05after_20240502_tanto_tanto_02_mono.wav,40,81920,83968,2048,False,analyzed_full_frame,11.99848332,10.320496,2.323217,22.5871784446,-12.7502691862,1731.1925813,48.902977723,True,True,True,valid,
V05,Z2,V05after_20240502_tanto_tanto_02_mono.wav,41,83968,86016,2048,False,analyzed_full_frame,7.378488663,10.027811,-5.459686,32.8585415006,-15.6459154475,2208.13682716,43.6388519947,True,True,True,valid,
V05,Z2,V05after_20240502_tanto_tanto_02_mono.wav,42,86016,88064,2048,False,analyzed_full_frame,8.017630981,10.925915,-3.451346,19.5038608912,-15.4456222437,1652.98433271,38.966041239,True,True,True,valid,
V05,Z2,V05after_20240502_tanto_tanto_02_mono.wav,43,88064,90112,2048,False,analyzed_full_frame,12.3324967,8.927588,-5.865169,26.1847092282,-13.2699621171,1716.65176436,21.9074223341,True,True,True,valid,
V05,Z2,V05after_20240502_tanto_tanto_02_mono.wav,44,90112,92160,2048,False,analyzed_full_frame,11.5642827,10.518221,-9.990318,26.4154319695,-14.2703687854,1828.8366721,35.3762687316,True,True,True,valid,
V05,Z2,V05after_20240502_tanto_tanto_02_mono.wav,45,92160,94208,2048,False,analyzed_full_frame,7.563426577,10.17078,-6.170388,33.041495509,-17.0425576777,2187.34928915,28.9787687351,True,True,True,valid,
V05,Z2,V05after_20240502_tanto_tanto_02_mono.wav,46,94208,96256,2048,False,analyzed_full_frame,9.936194341,10.767835,-2.12788,29.5567676431,-13.4158624565,2012.62659372,30.0968677988,True,True,True,valid,
V05,Z2,V05after_20240502_tanto_tanto_02_mono.wav,47,96256,96822,566,True,skipped_not_analyzed,,,,,,,,False,False,False,not_analyzed_short_final_frame,"Final partial frame has 566 samples (<2048); recorded only, not analyzed."
V06,Z1,V06before_20220530_tanto_tanto_02_mono.wav,0,0,2048,2048,False,analyzed_full_frame,9.072233872,3.323574,1.300335,11.4866026381,-22.1364984585,3371.96747405,,True,True,False,no_valid_Q,
V06,Z1,V06before_20220530_tanto_tanto_02_mono.wav,1,2048,4096,2048,False,analyzed_full_frame,14.08246208,7.069475,15.383983,4.69187104742,-34.3278732507,1482.83064624,,True,True,False,no_valid_Q,
V06,Z1,V06before_20220530_tanto_tanto_02_mono.wav,2,4096,6144,2048,False,analyzed_full_frame,16.66027858,7.483337,19.314302,6.55925933661,-29.2112069804,1530.3159905,4.28705725882,True,True,True,valid,
V06,Z1,V06before_20220530_tanto_tanto_02_mono.wav,3,6144,8192,2048,False,analyzed_full_frame,12.88736043,5.745784,13.077573,5.75163911796,-28.5835093939,1492.57480534,,True,True,False,no_valid_Q,
V06,Z1,V06before_20220530_tanto_tanto_02_mono.wav,4,8192,10240,2048,False,analyzed_full_frame,-4.64094215,6.788963,-8.387268,10.2259754448,-17.6991218745,1800.8294937,,True,True,False,no_valid_Q,
V06,Z1,V06before_20220530_tanto_tanto_02_mono.wav,5,10240,12288,2048,False,analyzed_full_frame,-3.454234303,8.061606,-3.591275,6.00486259919,-26.4423392863,1349.83148345,,True,True,False,no_valid_Q,
V06,Z1,V06before_20220530_tanto_tanto_02_mono.wav,6,12288,14336,2048,False,analyzed_full_frame,5.404168595,7.927986,4.276296,6.97720518245,-23.427707334,1358.61999086,9.54969399035,True,True,True,valid,
V06,Z1,V06before_20220530_tanto_tanto_02_mono.wav,7,14336,16384,2048,False,analyzed_full_frame,-4.840067134,8.205067,-4.215261,7.86694491204,-27.7257915986,1580.47509534,13.9672808498,True,True,True,valid,
V06,Z1,V06before_20220530_tanto_tanto_02_mono.wav,8,16384,18432,2048,False,analyzed_full_frame,3.291525342,8.659558,3.321132,5.24317331681,-30.5526807539,1236.36676168,,True,True,False,no_valid_Q,
V06,Z1,V06before_20220530_tanto_tanto_02_mono.wav,9,18432,20480,2048,False,analyzed_full_frame,2.02427925,10.095863,2.463189,3.90270910764,-31.6884683682,1163.56493575,,True,True,False,no_valid_Q,
V06,Z1,V06before_20220530_tanto_tanto_02_mono.wav,10,20480,22528,2048,False,analyzed_full_frame,8.041458104,9.552362,8.30527,7.73757051798,-30.302352039,1323.19634481,,True,True,False,no_valid_Q,
V06,Z1,V06before_20220530_tanto_tanto_02_mono.wav,11,22528,24576,2048,False,analyzed_full_frame,6.540265338,9.831207,5.958552,11.5421400969,-24.6497593997,1579.89039705,17.4163951057,True,True,True,valid,
V06,Z1,V06before_20220530_tanto_tanto_02_mono.wav,12,24576,26624,2048,False,analyzed_full_frame,2.7597776,8.482102,2.832769,6.04332757796,-29.0671095624,1248.79705546,4.06680187569,True,True,True,valid,
V06,Z1,V06before_20220530_tanto_tanto_02_mono.wav,13,26624,28672,2048,False,analyzed_full_frame,5.150877445,8.9843,4.796045,6.33460611003,-29.7597537745,1310.69070484,,True,True,False,no_valid_Q,
V06,Z1,V06before_20220530_tanto_tanto_02_mono.wav,14,28672,30720,2048,False,analyzed_full_frame,4.234541683,9.382354,4.421026,7.63560441812,-25.9197959874,1387.73476043,,True,True,False,no_valid_Q,
V06,Z1,V06before_20220530_tanto_tanto_02_mono.wav,15,30720,32768,2048,False,analyzed_full_frame,7.034463599,9.134861,7.464975,10.4641602969,-24.7933010409,1459.00068872,14.1315371089,True,True,True,valid,
V06,Z1,V06before_20220530_tanto_tanto_02_mono.wav,16,32768,34816,2048,False,analyzed_full_frame,2.25759987,8.943124,2.621759,15.0498987986,-17.9952917134,1627.22146317,27.0594218557,True,True,True,valid,
V06,Z1,V06before_20220530_tanto_tanto_02_mono.wav,17,34816,36864,2048,False,analyzed_full_frame,2.984510971,8.646091,3.011462,16.5913009533,-18.0167638136,1710.1176534,19.2842012007,True,True,True,valid,
V06,Z1,V06before_20220530_tanto_tanto_02_mono.wav,18,36864,38912,2048,False,analyzed_full_frame,1.678431145,8.644479,2.868099,10.5563491395,-20.5661279907,1478.19929348,25.1668216732,True,True,True,valid,
V06,Z1,V06before_20220530_tanto_tanto_02_mono.wav,19,38912,40960,2048,False,analyzed_full_frame,9.897601513,8.919723,9.34252,8.39905020723,-25.9701142011,1270.64706198,23.1257475484,True,True,True,valid,
V06,Z1,V06before_20220530_tanto_tanto_02_mono.wav,20,40960,43008,2048,False,analyzed_full_frame,0.9076524329,11.522435,0.953156,11.4927971619,-20.9863845136,1429.90261203,20.258182264,True,True,True,valid,
V06,Z1,V06before_20220530_tanto_tanto_02_mono.wav,21,43008,45056,2048,False,analyzed_full_frame,5.922521857,10.462612,7.345788,17.1960342043,-16.7280999871,1562.88829647,77.4237318243,True,True,True,valid,
V06,Z1,V06before_20220530_tanto_tanto_02_mono.wav,22,45056,47104,2048,False,analyzed_full_frame,3.842467307,10.056153,3.909083,10.2460140064,-24.363524359,1318.47310927,15.301673598,True,True,True,valid,
V06,Z1,V06before_20220530_tanto_tanto_02_mono.wav,23,47104,49152,2048,False,analyzed_full_frame,-18.04255985,10.850147,-17.876794,16.4296751517,-24.2906908545,1740.07249649,44.6119516213,True,True,True,valid,
V06,Z1,V06before_20220530_tanto_tanto_02_mono.wav,24,49152,51200,2048,False,analyzed_full_frame,1.756305087,10.54859,3.692532,17.2395576092,-17.4394187104,1616.24728902,50.4217784778,True,True,True,valid,
V06,Z1,V06before_20220530_tanto_tanto_02_mono.wav,25,51200,53248,2048,False,analyzed_full_frame,-2.774641,10.960527,-1.129716,12.4427541327,-18.199185605,1477.32106557,19.9687932281,True,True,True,valid,
V06,Z1,V06before_20220530_tanto_tanto_02_mono.wav,26,53248,55296,2048,False,analyzed_full_frame,-4.541743421,10.185384,-4.907773,17.4995551374,-13.8445636007,1645.10261255,36.4774654641,True,True,True,valid,
V06,Z1,V06before_20220530_tanto_tanto_02_mono.wav,27,55296,57344,2048,False,analyzed_full_frame,-5.582585377,11.581503,-3.717198,13.8549345654,-22.2066639617,1488.46414272,24.193881137,True,True,True,valid,
V06,Z1,V06before_20220530_tanto_tanto_02_mono.wav,28,57344,59392,2048,False,analyzed_full_frame,1.992854884,11.371762,1.469943,12.6389879862,-24.1419291634,1346.48011725,16.4086546795,True,True,True,valid,
V06,Z1,V06before_20220530_tanto_tanto_02_mono.wav,29,59392,61440,2048,False,analyzed_full_frame,-8.760546645,10.408476,-8.460296,16.7106223867,-20.0682328034,1616.01708193,31.0362675516,True,True,True,valid,
V06,Z1,V06before_20220530_tanto_tanto_02_mono.wav,30,61440,63488,2048,False,analyzed_full_frame,-5.329319949,10.281511,-4.669189,10.8845267329,-25.0599632419,1383.74340415,16.1483439334,True,True,True,valid,
V06,Z1,V06before_20220530_tanto_tanto_02_mono.wav,31,63488,65536,2048,False,analyzed_full_frame,2.627394665,10.427584,2.739052,12.9386927147,-19.2270885044,1375.69339974,23.1696095643,True,True,True,valid,
V06,Z1,V06before_20220530_tanto_tanto_02_mono.wav,32,65536,67584,2048,False,analyzed_full_frame,-12.69631746,11.925885,-12.237216,16.1703767811,-21.3158141235,1643.36306167,41.4210666,True,True,True,valid,
V06,Z1,V06before_20220530_tanto_tanto_02_mono.wav,33,67584,69632,2048,False,analyzed_full_frame,-2.665014315,9.53316,-1.718343,13.5515919039,-21.0534443931,1453.31408879,16.7954271059,True,True,True,valid,
V06,Z1,V06before_20220530_tanto_tanto_02_mono.wav,34,69632,71680,2048,False,analyzed_full_frame,0.8778890848,10.647035,3.425579,18.0547675085,-13.2390509206,1548.70263607,38.7725933754,True,True,True,valid,
V06,Z1,V06before_20220530_tanto_tanto_02_mono.wav,35,71680,73728,2048,False,analyzed_full_frame,-13.66032088,9.404379,-13.94611,16.1646742737,-16.4988616663,1615.22082588,98.1144651188,True,True,True,valid,
V06,Z1,V06before_20220530_tanto_tanto_02_mono.wav,36,73728,75776,2048,False,analyzed_full_frame,-4.265328109,9.130756,-3.833073,11.0460570243,-20.3242526286,1431.7005313,23.2722131412,True,True,True,valid,
V06,Z1,V06before_20220530_tanto_tanto_02_mono.wav,37,75776,77824,2048,False,analyzed_full_frame,11.478835,9.151411,15.656997,19.755097118,-18.5194553378,1676.16682628,28.745895452,True,True,True,valid,
V06,Z1,V06before_20220530_tanto_tanto_02_mono.wav,38,77824,79872,2048,False,analyzed_full_frame,-9.752581569,9.583165,-10.695021,17.0802188662,-16.4530198515,1670.57297381,40.7061991027,True,True,True,valid,
V06,Z1,V06before_20220530_tanto_tanto_02_mono.wav,39,79872,81920,2048,False,analyzed_full_frame,-4.520822051,9.676049,-4.038142,10.789713296,-21.4949201486,1481.07916287,17.0913572414,True,True,True,valid,
V06,Z1,V06before_20220530_tanto_tanto_02_mono.wav,40,81920,83968,2048,False,analyzed_full_frame,-10.04746519,11.708132,-11.182737,14.413297626,-16.7509298379,1603.26631243,46.6571516304,True,True,True,valid,
V06,Z1,V06before_20220530_tanto_tanto_02_mono.wav,41,83968,86016,2048,False,analyzed_full_frame,-10.49460321,10.782581,-10.309583,9.08343558532,-24.4817098447,1480.04223656,20.5335639896,True,True,True,valid,
V06,Z1,V06before_20220530_tanto_tanto_02_mono.wav,42,86016,88064,2048,False,analyzed_full_frame,1.123082211,10.622502,1.307601,7.45604094894,-27.3347624105,1276.92287298,,True,True,False,no_valid_Q,
V06,Z1,V06before_20220530_tanto_tanto_02_mono.wav,43,88064,90112,2048,False,analyzed_full_frame,-6.313432886,12.336578,-6.280627,7.02543492529,-29.488387691,1378.08480738,12.0165935903,True,True,True,valid,
V06,Z1,V06before_20220530_tanto_tanto_02_mono.wav,44,90112,92160,2048,False,analyzed_full_frame,-5.914437368,10.91749,-6.067908,6.04461926024,-30.9119101076,1324.91343285,12.0555152811,True,True,True,valid,
V06,Z1,V06before_20220530_tanto_tanto_02_mono.wav,45,92160,94208,2048,False,analyzed_full_frame,2.827271871,11.714882,4.588363,12.8577128558,-26.100213079,1475.32738983,15.2378095163,True,True,True,valid,
V06,Z1,V06before_20220530_tanto_tanto_02_mono.wav,46,94208,96256,2048,False,analyzed_full_frame,6.365588195,10.713019,6.453912,10.3957094688,-28.5642474919,1320.1540163,8.03198848652,True,True,True,valid,
V06,Z1,V06before_20220530_tanto_tanto_02_mono.wav,47,96256,98304,2048,False,analyzed_full_frame,2.137290778,11.069291,3.64115,7.67064220826,-28.4178978082,1297.62804791,,True,True,False,no_valid_Q,
V06,Z1,V06before_20220530_tanto_tanto_02_mono.wav,48,98304,100352,2048,False,analyzed_full_frame,5.536586364,10.507698,6.710753,8.12293952562,-30.785338926,1346.15213862,6.48577588659,True,True,True,valid,
V06,Z1,V06before_20220530_tanto_tanto_02_mono.wav,49,100352,102400,2048,False,analyzed_full_frame,0.7559538066,11.313559,0.77534,10.7977717267,-18.5175885844,1544.24981498,6.53104992484,True,True,True,valid,
V06,Z1,V06before_20220530_tanto_tanto_02_mono.wav,50,102400,104448,2048,False,analyzed_full_frame,4.395567216,10.213604,7.502522,9.35036022916,-23.4920769284,1654.77626354,,True,True,False,no_valid_Q,
V06,Z1,V06before_20220530_tanto_tanto_02_mono.wav,51,104448,106496,2048,False,analyzed_full_frame,6.606267755,9.47053,8.686462,8.62750499522,-24.4516401819,2041.69128874,,True,True,False,no_valid_Q,
V06,Z1,V06before_20220530_tanto_tanto_02_mono.wav,52,106496,108544,2048,False,analyzed_full_frame,9.085673173,5.156328,10.002057,13.2464103339,-21.3174663423,2495.95955543,,True,True,False,no_valid_Q,
V06,Z1,V06before_20220530_tanto_tanto_02_mono.wav,53,108544,110592,2048,False,analyzed_full_frame,2.45918515,2.210278,2.395983,13.1660572906,-17.0312335217,2680.02976403,,True,True,False,no_valid_Q,
V06,Z1,V06before_20220530_tanto_tanto_02_mono.wav,54,110592,112640,2048,False,analyzed_full_frame,3.655872587,2.886142,7.41097,22.7546077051,-10.2607697553,3394.77712706,3.62493238143,True,True,True,valid,
V06,Z1,V06before_20220530_tanto_tanto_02_mono.wav,55,112640,114688,2048,False,analyzed_full_frame,7.228001099,5.160565,-8.648727,23.213162746,-18.0433145549,3362.31147455,2.51245818427,True,True,True,valid,
V06,Z1,V06before_20220530_tanto_tanto_02_mono.wav,56,114688,116736,2048,False,analyzed_full_frame,10.46923687,2.541359,,14.989458509,-21.7150754918,3256.38023155,,False,True,False,no_valid_Q,
V06,Z1,V06before_20220530_tanto_tanto_02_mono.wav,57,116736,118784,2048,False,analyzed_full_frame,12.41712389,2.026182,,10.7403954737,-28.6001685365,3698.75356965,,False,True,False,no_valid_Q,
V06,Z1,V06before_20220530_tanto_tanto_02_mono.wav,58,118784,120832,2048,False,analyzed_full_frame,11.26999566,2.363122,1.05215,8.40268818083,-28.4182475864,4030.40883839,,True,True,False,no_valid_Q,
V06,Z1,V06before_20220530_tanto_tanto_02_mono.wav,59,120832,122880,2048,False,analyzed_full_frame,11.39149411,3.031375,,8.29907866903,-29.3996045159,3879.57392301,,False,True,False,no_valid_Q,
V06,Z1,V06before_20220530_tanto_tanto_02_mono.wav,60,122880,124928,2048,False,analyzed_full_frame,0.9074287961,3.370974,-2.186142,17.9976249906,-16.9252265881,3397.56047224,,True,True,False,no_valid_Q,
V06,Z1,V06before_20220530_tanto_tanto_02_mono.wav,61,124928,126976,2048,False,analyzed_full_frame,1.657552857,3.086157,2.739425,16.9700976695,-15.4488923726,4527.29982628,,True,True,False,no_valid_Q,
V06,Z1,V06before_20220530_tanto_tanto_02_mono.wav,62,126976,129024,2048,False,analyzed_full_frame,20.17491567,6.552941,-1.870216,5.99821019546,-25.3770526425,2258.15580534,,True,True,False,no_valid_Q,
V06,Z1,V06before_20220530_tanto_tanto_02_mono.wav,63,129024,131072,2048,False,analyzed_full_frame,25.1824707,7.31322,1.543276,5.3380711775,-30.612049146,1716.06107887,,True,True,False,no_valid_Q,
V06,Z1,V06before_20220530_tanto_tanto_02_mono.wav,64,131072,133120,2048,False,analyzed_full_frame,26.29370875,6.986615,-1.717412,5.62362671073,-31.1845239079,1624.94892385,,True,True,False,no_valid_Q,
V06,Z1,V06before_20220530_tanto_tanto_02_mono.wav,65,133120,135168,2048,False,analyzed_full_frame,24.74152197,6.350678,41.310636,7.54227137982,-33.7767974928,2025.49178272,,True,True,False,no_valid_Q,
V06,Z1,V06before_20220530_tanto_tanto_02_mono.wav,66,135168,137216,2048,False,analyzed_full_frame,22.59246048,5.634694,-7.746448,7.92107725427,-24.754204363,1787.63005246,9.66298949365,True,True,True,valid,
V06,Z1,V06before_20220530_tanto_tanto_02_mono.wav,67,137216,139264,2048,False,analyzed_full_frame,20.8777843,8.246693,-5.409305,8.07069828836,-25.3308510117,1797.99017781,8.04163379643,True,True,True,valid,
V06,Z1,V06before_20220530_tanto_tanto_02_mono.wav,68,139264,141312,2048,False,analyzed_full_frame,23.09160736,7.995675,-1.894662,7.49973744597,-30.8482909389,1624.98218301,7.1378605264,True,True,True,valid,
V06,Z1,V06before_20220530_tanto_tanto_02_mono.wav,69,141312,143360,2048,False,analyzed_full_frame,22.61223702,8.443469,-4.724046,5.76849618527,-35.6944603732,1608.86987423,,True,True,False,no_valid_Q,
V06,Z1,V06before_20220530_tanto_tanto_02_mono.wav,70,143360,145408,2048,False,analyzed_full_frame,24.05144235,8.439231,-1.099248,7.18485024537,-28.0220252048,1446.60217883,6.90934415431,True,True,True,valid,
V06,Z1,V06before_20220530_tanto_tanto_02_mono.wav,71,145408,147456,2048,False,analyzed_full_frame,20.1198232,8.28084,0.959697,10.1562577265,-23.5454364957,1639.00150748,3.53794890813,True,True,True,valid,
V06,Z1,V06before_20220530_tanto_tanto_02_mono.wav,72,147456,149504,2048,False,analyzed_full_frame,19.50893323,7.898392,0.540935,9.78204372943,-22.9051605373,1830.67758977,,True,True,False,no_valid_Q,
V06,Z1,V06before_20220530_tanto_tanto_02_mono.wav,73,149504,151552,2048,False,analyzed_full_frame,16.50405833,8.472559,-5.982751,7.97465480495,-27.5104838712,2133.11375186,,True,True,False,no_valid_Q,
V06,Z1,V06before_20220530_tanto_tanto_02_mono.wav,74,151552,153600,2048,False,analyzed_full_frame,14.67437473,10.000718,-1.157216,6.91964474056,-24.2096695332,1693.92446519,,True,True,False,no_valid_Q,
V06,Z1,V06before_20220530_tanto_tanto_02_mono.wav,75,153600,155648,2048,False,analyzed_full_frame,7.456474459,8.665912,1.935873,7.76000575666,-20.5026305479,1968.60461469,,True,True,False,no_valid_Q,
V06,Z1,V06before_20220530_tanto_tanto_02_mono.wav,76,155648,156039,391,True,skipped_not_analyzed,,,,,,,,False,False,False,not_analyzed_short_final_frame,"Final partial frame has 391 samples (<2048); recorded only, not analyzed."
V06,Z2,V06after_20240618_tanto_tanto_02_mono.wav,0,0,2048,2048,False,analyzed_full_frame,5.297444558,1.478681,12.66043,18.8175611775,-21.0693272709,3609.2630605,,True,True,False,no_valid_Q,
V06,Z2,V06after_20240618_tanto_tanto_02_mono.wav,1,2048,4096,2048,False,analyzed_full_frame,9.952161268,4.148771,14.62506,6.30300837445,-27.7472141595,2073.03793581,,True,True,False,no_valid_Q,
V06,Z2,V06after_20240618_tanto_tanto_02_mono.wav,2,4096,6144,2048,False,analyzed_full_frame,-1.600551728,7.990231,-1.37576,5.02614160618,-31.1216742724,1525.94965797,,True,True,False,no_valid_Q,
V06,Z2,V06after_20240618_tanto_tanto_02_mono.wav,3,6144,8192,2048,False,analyzed_full_frame,-0.9485166894,7.065145,-0.548663,6.72525356376,-25.3426685976,1565.9789593,,True,True,False,no_valid_Q,
V06,Z2,V06after_20240618_tanto_tanto_02_mono.wav,4,8192,10240,2048,False,analyzed_full_frame,7.070715467,8.992129,8.640832,8.8176781202,-26.6306535293,1459.57302414,8.5919222975,True,True,True,valid,
V06,Z2,V06after_20240618_tanto_tanto_02_mono.wav,5,10240,12288,2048,False,analyzed_full_frame,4.049805259,8.743472,4.194183,10.4550131785,-25.201502233,1543.93168566,10.4002199616,True,True,True,valid,
V06,Z2,V06after_20240618_tanto_tanto_02_mono.wav,6,12288,14336,2048,False,analyzed_full_frame,-1.151661795,8.758626,-0.818426,8.5548396043,-27.3113369619,1432.86379834,9.14776565833,True,True,True,valid,
V06,Z2,V06after_20240618_tanto_tanto_02_mono.wav,7,14336,16384,2048,False,analyzed_full_frame,-13.80024742,9.573477,-15.013304,12.4370143966,-25.8943013845,1809.63358956,14.2369659364,True,True,True,valid,
V06,Z2,V06after_20240618_tanto_tanto_02_mono.wav,8,16384,18432,2048,False,analyzed_full_frame,-0.2124496673,10.963158,0.267345,10.4920143391,-21.527006497,1472.95394589,15.5973714787,True,True,True,valid,
V06,Z2,V06after_20240618_tanto_tanto_02_mono.wav,9,18432,20480,2048,False,analyzed_full_frame,-5.824014164,10.29131,-5.759006,11.6778019524,-24.7982900915,1577.96560371,31.0985644303,True,True,True,valid,
V06,Z2,V06after_20240618_tanto_tanto_02_mono.wav,10,20480,22528,2048,False,analyzed_full_frame,-3.164322749,11.754378,-0.170526,19.198162252,-16.3413975516,1782.04418516,22.8923647842,True,True,True,valid,
V06,Z2,V06after_20240618_tanto_tanto_02_mono.wav,11,22528,24576,2048,False,analyzed_full_frame,-0.7155351566,10.4373,3.070481,11.1026439935,-19.855324085,1449.66667885,16.4839868466,True,True,True,valid,
V06,Z2,V06after_20240618_tanto_tanto_02_mono.wav,12,24576,26624,2048,False,analyzed_full_frame,-10.05608885,11.006243,-9.552426,13.4541317414,-23.6212990766,1607.02069695,25.440554599,True,True,True,valid,
V06,Z2,V06after_20240618_tanto_tanto_02_mono.wav,13,26624,28672,2048,False,analyzed_full_frame,-3.013253378,12.56307,-2.597334,16.2061251742,-18.4503423492,1590.26788969,25.2619247903,True,True,True,valid,
V06,Z2,V06after_20240618_tanto_tanto_02_mono.wav,14,28672,30720,2048,False,analyzed_full_frame,-2.097330618,11.416575,0.47111,12.7644315248,-17.5331263464,1475.704048,13.4591641777,True,True,True,valid,
V06,Z2,V06after_20240618_tanto_tanto_02_mono.wav,15,30720,32768,2048,False,analyzed_full_frame,-1.073560831,12.274962,-0.811207,19.0404171012,-14.5852629889,1614.5345422,43.4814861018,True,True,True,valid,
V06,Z2,V06after_20240618_tanto_tanto_02_mono.wav,16,32768,34816,2048,False,analyzed_full_frame,-4.97071606,14.078616,-4.021618,14.089660107,-21.5188620754,1562.31312538,17.9038962549,True,True,True,valid,
V06,Z2,V06after_20240618_tanto_tanto_02_mono.wav,17,34816,36864,2048,False,analyzed_full_frame,1.439022461,12.683607,5.199324,12.6626522491,-19.8305089329,1418.25718181,17.3370456767,True,True,True,valid,
V06,Z2,V06after_20240618_tanto_tanto_02_mono.wav,18,36864,38912,2048,False,analyzed_full_frame,-6.147249422,12.653935,-6.866774,25.3997330514,-13.3868711813,1826.05598557,47.949888671,True,True,True,valid,
V06,Z2,V06after_20240618_tanto_tanto_02_mono.wav,19,38912,40960,2048,False,analyzed_full_frame,-5.008747987,12.981657,-5.402658,14.4302801326,-18.3584216918,1555.56495906,19.3922782048,True,True,True,valid,
V06,Z2,V06after_20240618_tanto_tanto_02_mono.wav,20,40960,43008,2048,False,analyzed_full_frame,-2.832518861,14.093499,1.018001,10.5668359989,-23.7931470489,1430.69346333,10.2188439345,True,True,True,valid,
V06,Z2,V06after_20240618_tanto_tanto_02_mono.wav,21,43008,45056,2048,False,analyzed_full_frame,-4.209278646,12.305946,-2.889044,18.5452455666,-17.555351176,1648.75237504,29.3028842171,True,True,True,valid,
V06,Z2,V06after_20240618_tanto_tanto_02_mono.wav,22,45056,47104,2048,False,analyzed_full_frame,-15.9919554,12.484685,-17.204576,10.6679726403,-28.8913126933,1490.6677177,20.3223257537,True,True,True,valid,
V06,Z2,V06after_20240618_tanto_tanto_02_mono.wav,23,47104,49152,2048,False,analyzed_full_frame,-3.954246112,12.596328,-2.45493,10.8978613608,-23.9689650619,1413.19627215,12.2360694893,True,True,True,valid,
V06,Z2,V06after_20240618_tanto_tanto_02_mono.wav,24,49152,51200,2048,False,analyzed_full_frame,-3.379524951,12.856082,-3.181369,15.4709852187,-20.1454488948,1558.10014001,23.0419566674,True,True,True,valid,
V06,Z2,V06after_20240618_tanto_tanto_02_mono.wav,25,51200,53248,2048,False,analyzed_full_frame,-14.30198164,12.513538,-14.611517,13.1991096064,-25.5230465115,1545.47704926,23.6145665546,True,True,True,valid,
V06,Z2,V06after_20240618_tanto_tanto_02_mono.wav,26,53248,55296,2048,False,analyzed_full_frame,-3.266307028,12.158474,-1.666484,9.149657905,-24.6142280602,1372.06379096,9.30106006699,True,True,True,valid,
V06,Z2,V06after_20240618_tanto_tanto_02_mono.wav,27,55296,57344,2048,False,analyzed_full_frame,-4.120506438,11.953568,-3.471371,17.9797214071,-20.6510097969,1649.29369849,20.7703447463,True,True,True,valid,
V06,Z2,V06after_20240618_tanto_tanto_02_mono.wav,28,57344,59392,2048,False,analyzed_full_frame,-15.52564252,13.226768,-14.129185,9.15040638245,-29.5678967076,1465.7492603,15.2444520162,True,True,True,valid,
V06,Z2,V06after_20240618_tanto_tanto_02_mono.wav,29,59392,61440,2048,False,analyzed_full_frame,-4.836386264,13.664739,-3.324003,9.27116350126,-26.9423177809,1408.42112722,6.9365589149,True,True,True,valid,
V06,Z2,V06after_20240618_tanto_tanto_02_mono.wav,30,61440,63488,2048,False,analyzed_full_frame,-0.7571000669,13.958586,0.597066,20.0267986146,-14.6334597898,1675.65314054,13.363548389,True,True,True,valid,
V06,Z2,V06after_20240618_tanto_tanto_02_mono.wav,31,63488,65536,2048,False,analyzed_full_frame,0.04876307914,12.519347,1.439431,16.4311404744,-19.9958294558,1688.8096887,4.89641887875,True,True,True,valid,
V06,Z2,V06after_20240618_tanto_tanto_02_mono.wav,32,65536,67584,2048,False,analyzed_full_frame,0.1970825046,13.608577,2.606037,17.7706732708,-15.0749819623,1632.17950907,,True,True,False,no_valid_Q,
V06,Z2,V06after_20240618_tanto_tanto_02_mono.wav,33,67584,69632,2048,False,analyzed_full_frame,8.898588273,12.927763,11.786027,20.8215020077,-17.1502575239,1685.8540032,7.2658524859,True,True,True,valid,
V06,Z2,V06after_20240618_tanto_tanto_02_mono.wav,34,69632,71680,2048,False,analyzed_full_frame,8.272731138,11.005488,12.356573,14.8750690439,-21.5303083817,1620.30558275,,True,True,False,no_valid_Q,
V06,Z2,V06after_20240618_tanto_tanto_02_mono.wav,35,71680,73728,2048,False,analyzed_full_frame,3.8613645,4.818935,6.062536,20.5803240914,-18.5182406266,2799.47395684,,True,True,False,no_valid_Q,
V06,Z2,V06after_20240618_tanto_tanto_02_mono.wav,36,73728,75776,2048,False,analyzed_full_frame,2.856263355,4.612187,7.564192,23.1481988311,-10.0424335764,2803.28022642,,True,True,False,no_valid_Q,
V06,Z2,V06after_20240618_tanto_tanto_02_mono.wav,37,75776,77824,2048,False,analyzed_full_frame,15.31509903,4.520767,3.448567,9.04116263543,-27.7363612864,2099.51001109,,True,True,False,no_valid_Q,
V06,Z2,V06after_20240618_tanto_tanto_02_mono.wav,38,77824,79872,2048,False,analyzed_full_frame,25.17071761,6.472132,2.663078,4.73517684718,-35.8321257962,1671.59051107,,True,True,False,no_valid_Q,
V06,Z2,V06after_20240618_tanto_tanto_02_mono.wav,39,79872,81920,2048,False,analyzed_full_frame,29.48195666,7.049313,-1.275437,3.75685284486,-37.6188422713,1452.67446403,,True,True,False,no_valid_Q,
V06,Z2,V06after_20240618_tanto_tanto_02_mono.wav,40,81920,83968,2048,False,analyzed_full_frame,24.56131833,9.117289,-3.45581,7.06634757115,-28.9915225675,1433.95487427,,True,True,False,no_valid_Q,
V06,Z2,V06after_20240618_tanto_tanto_02_mono.wav,41,83968,86016,2048,False,analyzed_full_frame,18.77239037,9.6753,-0.244475,13.5572486986,-19.3088815131,1756.00652913,11.2467312176,True,True,True,valid,
V06,Z2,V06after_20240618_tanto_tanto_02_mono.wav,42,86016,88064,2048,False,analyzed_full_frame,22.09630773,11.155285,-3.173879,10.0550932912,-25.8934381293,1537.56711587,10.7099164235,True,True,True,valid,
V06,Z2,V06after_20240618_tanto_tanto_02_mono.wav,43,88064,90112,2048,False,analyzed_full_frame,21.1838263,10.539753,-5.854286,12.1269553139,-25.4745198248,1481.99490917,18.4638161767,True,True,True,valid,
V06,Z2,V06after_20240618_tanto_tanto_02_mono.wav,44,90112,92160,2048,False,analyzed_full_frame,8.30776393,10.975917,-0.895461,31.1263203716,-10.7272153764,2143.25622397,39.0315656133,True,True,True,valid,
V06,Z2,V06after_20240618_tanto_tanto_02_mono.wav,45,92160,94208,2048,False,analyzed_full_frame,13.51952953,10.672209,17.236685,20.118980847,-18.4783356335,1760.84860409,18.2819557028,True,True,True,valid,
V06,Z2,V06after_20240618_tanto_tanto_02_mono.wav,46,94208,96256,2048,False,analyzed_full_frame,15.50610641,9.46621,-4.687679,14.1517559207,-24.3014614907,1457.09014561,14.0405159381,True,True,True,valid,
V06,Z2,V06after_20240618_tanto_tanto_02_mono.wav,47,96256,98304,2048,False,analyzed_full_frame,16.07365025,8.132042,0.35211,13.5262511485,-21.650151047,1524.41422744,8.30255433528,True,True,True,valid,
V06,Z2,V06after_20240618_tanto_tanto_02_mono.wav,48,98304,100352,2048,False,analyzed_full_frame,12.4688441,6.308304,35.177437,14.1111025721,-23.3880651222,1639.59551873,8.21569656362,True,True,True,valid,
V06,Z2,V06after_20240618_tanto_tanto_02_mono.wav,49,100352,102338,1986,True,skipped_not_analyzed,,,,,,,,False,False,False,not_analyzed_short_final_frame,"Final partial frame has 1986 samples (<2048); recorded only, not analyzed."
V07,Z1,V07before_20180730_tanto_tanto_02_mono.wav,0,0,2048,2048,False,analyzed_full_frame,6.931169205,7.675907,8.970264,10.4558360323,-23.1272019979,2562.81291492,,True,True,False,no_valid_Q,
V07,Z1,V07before_20180730_tanto_tanto_02_mono.wav,1,2048,4096,2048,False,analyzed_full_frame,-2.016280884,11.231796,-1.229881,9.60847549936,-22.9441022728,1614.13900988,,True,True,False,no_valid_Q,
V07,Z1,V07before_20180730_tanto_tanto_02_mono.wav,2,4096,6144,2048,False,analyzed_full_frame,0.3859577299,10.466797,0.775649,11.0573062636,-18.5224678823,1488.74304401,17.8253903706,True,True,True,valid,
V07,Z1,V07before_20180730_tanto_tanto_02_mono.wav,3,6144,8192,2048,False,analyzed_full_frame,0.006136389485,11.280551,0.130523,14.5056230019,-17.2506124592,1570.21958821,12.7442986147,True,True,True,valid,
V07,Z1,V07before_20180730_tanto_tanto_02_mono.wav,4,8192,10240,2048,False,analyzed_full_frame,-3.110429733,9.548226,-0.7606,29.0896606241,-3.71905900814,1990.02024778,37.4065284543,True,True,True,valid,
V07,Z1,V07before_20180730_tanto_tanto_02_mono.wav,5,10240,12288,2048,False,analyzed_full_frame,-3.765089383,11.238383,-3.728957,27.8658737234,-9.45264616656,2040.13174698,27.0969063133,True,True,True,valid,
V07,Z1,V07before_20180730_tanto_tanto_02_mono.wav,6,12288,14336,2048,False,analyzed_full_frame,2.32350594,10.765814,3.601411,24.5461422317,-13.1613092234,1795.36105807,27.2555052963,True,True,True,valid,
V07,Z1,V07before_20180730_tanto_tanto_02_mono.wav,7,14336,16384,2048,False,analyzed_full_frame,-0.215292935,12.242282,2.400579,37.2189742378,-4.56996652134,2097.98490542,66.5268218999,True,True,True,valid,
V07,Z1,V07before_20180730_tanto_tanto_02_mono.wav,8,16384,18432,2048,False,analyzed_full_frame,-1.415966695,12.571077,1.431331,37.4811686727,-7.96332870137,2121.30750665,29.4413474896,True,True,True,valid,
V07,Z1,V07before_20180730_tanto_tanto_02_mono.wav,9,18432,20480,2048,False,analyzed_full_frame,5.098316917,13.260599,9.541458,37.2182893522,-9.02001836813,2119.83996647,46.3551041473,True,True,True,valid,
V07,Z1,V07before_20180730_tanto_tanto_02_mono.wav,10,20480,22528,2048,False,analyzed_full_frame,5.669178523,14.036652,8.198739,29.4362580477,-11.1312894469,1986.52511483,26.3321772662,True,True,True,valid,
V07,Z1,V07before_20180730_tanto_tanto_02_mono.wav,11,22528,24576,2048,False,analyzed_full_frame,2.117527403,12.766075,4.17864,26.8379325252,-13.1982348441,1829.71241344,28.0294385571,True,True,True,valid,
V07,Z1,V07before_20180730_tanto_tanto_02_mono.wav,12,24576,26624,2048,False,analyzed_full_frame,-2.286553143,11.107488,-1.277034,31.1623405963,-8.85830871727,2025.1322679,24.9202886076,True,True,True,valid,
V07,Z1,V07before_20180730_tanto_tanto_02_mono.wav,13,26624,28672,2048,False,analyzed_full_frame,0.3906336889,13.571028,0.420296,26.9311034392,-12.381339307,1900.49590392,19.4726864344,True,True,True,valid,
V07,Z1,V07before_20180730_tanto_tanto_02_mono.wav,14,28672,30720,2048,False,analyzed_full_frame,4.213031029,13.238877,9.159214,32.5285282622,-7.7827578574,1972.73540522,77.2964103308,True,True,True,valid,
V07,Z1,V07before_20180730_tanto_tanto_02_mono.wav,15,30720,32768,2048,False,analyzed_full_frame,-1.477756568,13.185429,5.023848,42.8694885539,-4.4764793589,2288.29991147,78.1082510307,True,True,True,valid,
V07,Z1,V07before_20180730_tanto_tanto_02_mono.wav,16,32768,34816,2048,False,analyzed_full_frame,5.455580323,13.303017,8.048784,31.4285594255,-14.2357302277,1895.9264726,29.9834217298,True,True,True,valid,
V07,Z1,V07before_20180730_tanto_tanto_02_mono.wav,17,34816,36864,2048,False,analyzed_full_frame,-2.643470694,11.813748,-2.70934,26.6206545158,-8.24746469171,1865.3466549,31.1996053203,True,True,True,valid,
V07,Z1,V07before_20180730_tanto_tanto_02_mono.wav,18,36864,38912,2048,False,analyzed_full_frame,0.2444970028,14.30754,0.175294,24.0402095764,-11.71106618,1836.28230763,20.2839808672,True,True,True,valid,
V07,Z1,V07before_20180730_tanto_tanto_02_mono.wav,19,38912,40960,2048,False,analyzed_full_frame,1.975805377,12.743503,6.046285,24.8494393853,-11.0543241622,1854.93863136,30.3337886536,True,True,True,valid,
V07,Z1,V07before_20180730_tanto_tanto_02_mono.wav,20,40960,43008,2048,False,analyzed_full_frame,-3.590753198,13.247525,-0.812158,36.143525103,-5.21095535635,2271.05501783,55.5474656758,True,True,True,valid,
V07,Z1,V07before_20180730_tanto_tanto_02_mono.wav,21,43008,45056,2048,False,analyzed_full_frame,0.07499544396,12.039669,0.696247,29.3651700415,-15.0984499283,1965.50260078,22.6186882878,True,True,True,valid,
V07,Z1,V07before_20180730_tanto_tanto_02_mono.wav,22,45056,47104,2048,False,analyzed_full_frame,-3.286669119,13.428167,-2.573479,27.9335439991,-12.8176324095,2047.73761988,16.0035006002,True,True,True,valid,
V07,Z1,V07before_20180730_tanto_tanto_02_mono.wav,23,47104,49152,2048,False,analyzed_full_frame,2.221707069,14.444025,4.770598,24.265320942,-14.793744472,1819.39701786,17.6259447433,True,True,True,valid,
V07,Z1,V07before_20180730_tanto_tanto_02_mono.wav,24,49152,51200,2048,False,analyzed_full_frame,6.213689428,12.419205,11.194634,27.6685090271,-12.4885668191,1773.99222623,78.6036804463,True,True,True,valid,
V07,Z1,V07before_20180730_tanto_tanto_02_mono.wav,25,51200,53248,2048,False,analyzed_full_frame,-1.251686323,14.303867,-0.383785,28.6908917929,-3.80632667087,1931.42858478,101.201656685,True,True,True,valid,
V07,Z1,V07before_20180730_tanto_tanto_02_mono.wav,26,53248,55296,2048,False,analyzed_full_frame,2.61924014,13.322197,2.484875,27.2983022861,-16.092912708,1865.018236,28.1581306661,True,True,True,valid,
V07,Z1,V07before_20180730_tanto_tanto_02_mono.wav,27,55296,57344,2048,False,analyzed_full_frame,-0.8893112034,13.419573,-0.529211,14.6079165949,-23.647680707,1595.99289681,8.51988147746,True,True,True,valid,
V07,Z1,V07before_20180730_tanto_tanto_02_mono.wav,28,57344,59392,2048,False,analyzed_full_frame,6.567926641,14.065003,6.759968,18.7049911647,-20.7999702606,1622.02887649,20.4804803833,True,True,True,valid,
V07,Z1,V07before_20180730_tanto_tanto_02_mono.wav,29,59392,61440,2048,False,analyzed_full_frame,5.200485243,12.856508,7.039557,22.0032687607,-13.9045055087,1696.88059202,37.5917509875,True,True,True,valid,
V07,Z1,V07before_20180730_tanto_tanto_02_mono.wav,30,61440,63488,2048,False,analyzed_full_frame,-4.379215999,12.911062,-2.72,27.3229719359,-6.83243885957,2015.94478548,83.7594950043,True,True,True,valid,
V07,Z1,V07before_20180730_tanto_tanto_02_mono.wav,31,63488,65536,2048,False,analyzed_full_frame,-5.071910703,13.64691,-5.612935,25.7246527749,-18.8505885322,1920.83677159,26.4499322157,True,True,True,valid,
V07,Z1,V07before_20180730_tanto_tanto_02_mono.wav,32,65536,67584,2048,False,analyzed_full_frame,-0.3568577993,12.476466,0.011156,16.7618754646,-19.4868305607,1553.79029304,18.0698109755,True,True,True,valid,
V07,Z1,V07before_20180730_tanto_tanto_02_mono.wav,33,67584,69632,2048,False,analyzed_full_frame,-2.380596156,12.262597,-2.668811,26.9334187808,-12.9474825232,1874.56364051,15.5482485515,True,True,True,valid,
V07,Z1,V07before_20180730_tanto_tanto_02_mono.wav,34,69632,71680,2048,False,analyzed_full_frame,-0.2388911534,13.752567,-1.053494,30.4048469822,-12.1433517773,1950.74835499,22.3734986516,True,True,True,valid,
V07,Z1,V07before_20180730_tanto_tanto_02_mono.wav,35,71680,73728,2048,False,analyzed_full_frame,3.101748452,10.701448,9.116928,28.2077734518,-9.34294361465,1891.70313481,34.6378890987,True,True,True,valid,
V07,Z1,V07before_20180730_tanto_tanto_02_mono.wav,36,73728,75776,2048,False,analyzed_full_frame,-0.1328394575,10.978702,1.207511,34.8426743122,-4.10815877336,2072.79687131,29.7983072183,True,True,True,valid,
V07,Z1,V07before_20180730_tanto_tanto_02_mono.wav,37,75776,77824,2048,False,analyzed_full_frame,2.789889828,10.713215,1.427733,22.9532179402,-16.7279173359,1714.0726364,11.2578008601,True,True,True,valid,
V07,Z1,V07before_20180730_tanto_tanto_02_mono.wav,38,77824,79872,2048,False,analyzed_full_frame,-0.610080603,10.716321,2.642902,34.3949712194,-8.95451299272,2154.4546549,26.2791982037,True,True,True,valid,
V07,Z1,V07before_20180730_tanto_tanto_02_mono.wav,39,79872,81920,2048,False,analyzed_full_frame,4.482387266,9.710359,7.055737,28.3328881645,-17.50270468,2069.84019568,10.4571128052,True,True,True,valid,
V07,Z1,V07before_20180730_tanto_tanto_02_mono.wav,40,81920,83968,2048,False,analyzed_full_frame,2.392043812,6.185982,7.088179,29.1369120235,-12.2835859377,2452.06341299,10.2588366692,True,True,True,valid,
V07,Z1,V07before_20180730_tanto_tanto_02_mono.wav,41,83968,86016,2048,False,analyzed_full_frame,0.7958313473,4.373653,10.836499,14.0176903125,-18.9295694284,1640.92897484,,True,True,False,no_valid_Q,
V07,Z1,V07before_20180730_tanto_tanto_02_mono.wav,42,86016,88064,2048,False,analyzed_full_frame,13.03929999,5.562352,1.370764,13.6913210402,-25.478194166,1575.45822886,,True,True,False,no_valid_Q,
V07,Z1,V07before_20180730_tanto_tanto_02_mono.wav,43,88064,90112,2048,False,analyzed_full_frame,12.15747776,5.541967,-5.607229,17.2768708733,-13.4352254886,1659.80391367,39.8138528094,True,True,True,valid,
V07,Z1,V07before_20180730_tanto_tanto_02_mono.wav,44,90112,92160,2048,False,analyzed_full_frame,10.78810995,7.631074,-7.091762,22.6023827235,-11.7184896212,1750.94219881,79.8724452137,True,True,True,valid,
V07,Z1,V07before_20180730_tanto_tanto_02_mono.wav,45,92160,94208,2048,False,analyzed_full_frame,4.332813448,8.867724,-6.693343,32.0632922848,-4.39302181261,2030.93468996,249.955887004,True,True,True,valid,
V07,Z1,V07before_20180730_tanto_tanto_02_mono.wav,46,94208,96256,2048,False,analyzed_full_frame,8.569185865,11.370328,-6.355458,25.5102478074,-8.4636205182,1802.01183889,89.5285434056,True,True,True,valid,
V07,Z1,V07before_20180730_tanto_tanto_02_mono.wav,47,96256,98304,2048,False,analyzed_full_frame,6.386959248,9.571345,-7.561823,35.4042192484,-8.7691386776,2122.66040645,55.3693510802,True,True,True,valid,
V07,Z1,V07before_20180730_tanto_tanto_02_mono.wav,48,98304,100352,2048,False,analyzed_full_frame,10.81944662,9.931514,28.693338,27.7310749579,-16.2816388218,1783.61475265,46.1513281652,True,True,True,valid,
V07,Z1,V07before_20180730_tanto_tanto_02_mono.wav,49,100352,102400,2048,False,analyzed_full_frame,12.56790721,10.937418,-10.390924,26.4385432609,-17.6127787868,1739.74509027,42.1057130085,True,True,True,valid,
V07,Z1,V07before_20180730_tanto_tanto_02_mono.wav,50,102400,104448,2048,False,analyzed_full_frame,10.42288926,11.250607,27.131304,27.5082322663,-17.2286587211,1927.74628263,28.1373536575,True,True,True,valid,
V07,Z1,V07before_20180730_tanto_tanto_02_mono.wav,51,104448,106496,2048,False,analyzed_full_frame,11.94834279,11.858781,-9.678994,25.6260035269,-15.128395747,1803.81556025,27.8128702755,True,True,True,valid,
V07,Z1,V07before_20180730_tanto_tanto_02_mono.wav,52,106496,108544,2048,False,analyzed_full_frame,-0.2240111093,12.221019,-2.717195,22.8913229133,-10.0372045383,1816.60353276,17.8797411695,True,True,True,valid,
V07,Z1,V07before_20180730_tanto_tanto_02_mono.wav,53,108544,108751,207,True,skipped_not_analyzed,,,,,,,,False,False,False,not_analyzed_short_final_frame,"Final partial frame has 207 samples (<2048); recorded only, not analyzed."
V07,Z2,V07after_20200629_tnto_tanto_02_mono.wav,0,0,2048,2048,False,analyzed_full_frame,6.969029447,6.222774,8.342434,4.57454513311,-36.8553310664,1467.12750367,,True,True,False,no_valid_Q,
V07,Z2,V07after_20200629_tnto_tanto_02_mono.wav,1,2048,4096,2048,False,analyzed_full_frame,-2.43422307,11.217457,0.0238,17.1547674032,-12.7371947136,1650.01015521,26.3739368872,True,True,True,valid,
V07,Z2,V07after_20200629_tnto_tanto_02_mono.wav,2,4096,6144,2048,False,analyzed_full_frame,-0.4720710003,11.892615,0.545862,8.66702878363,-24.3934532528,1354.92667779,8.85476142051,True,True,True,valid,
V07,Z2,V07after_20200629_tnto_tanto_02_mono.wav,3,6144,8192,2048,False,analyzed_full_frame,1.679553058,11.896581,3.972232,21.2751394721,-14.8530098548,1769.94813864,12.2248612187,True,True,True,valid,
V07,Z2,V07after_20200629_tnto_tanto_02_mono.wav,4,8192,10240,2048,False,analyzed_full_frame,0.6514018836,11.860841,2.048125,22.5584038465,-11.1989658675,1819.48315548,8.60259404541,True,True,True,valid,
V07,Z2,V07after_20200629_tnto_tanto_02_mono.wav,5,10240,12288,2048,False,analyzed_full_frame,5.456542041,12.124048,5.462415,12.0982580979,-24.9609601407,1472.19161705,,True,True,False,no_valid_Q,
V07,Z2,V07after_20200629_tnto_tanto_02_mono.wav,6,12288,14336,2048,False,analyzed_full_frame,6.229144724,12.438162,6.626951,16.7816662795,-20.6846807203,1614.17145695,3.71677163731,True,True,True,valid,
V07,Z2,V07after_20200629_tnto_tanto_02_mono.wav,7,14336,16384,2048,False,analyzed_full_frame,7.112128823,12.13519,8.346549,18.1169475378,-19.9670160203,1582.67698414,6.39715343384,True,True,True,valid,
V07,Z2,V07after_20200629_tnto_tanto_02_mono.wav,8,16384,18432,2048,False,analyzed_full_frame,1.840604497,12.806126,2.788832,21.3380858408,-18.3137268895,1804.38237777,8.58241346576,True,True,True,valid,
V07,Z2,V07after_20200629_tnto_tanto_02_mono.wav,9,18432,20480,2048,False,analyzed_full_frame,6.148836167,12.55629,7.295525,15.0813838146,-25.488820081,1509.07082011,9.4504723645,True,True,True,valid,
V07,Z2,V07after_20200629_tnto_tanto_02_mono.wav,10,20480,22528,2048,False,analyzed_full_frame,10.55661473,12.340434,12.053095,11.6711271764,-28.3188992905,1293.38925205,3.94346648508,True,True,True,valid,
V07,Z2,V07after_20200629_tnto_tanto_02_mono.wav,11,22528,24576,2048,False,analyzed_full_frame,7.387889244,11.967605,8.51306,17.8116755207,-21.0529080802,1490.0761705,12.1050062661,True,True,True,valid,
V07,Z2,V07after_20200629_tnto_tanto_02_mono.wav,12,24576,26624,2048,False,analyzed_full_frame,0.170913691,11.281814,-1.236886,16.8305930362,-16.5148955838,1550.25347525,9.28735094811,True,True,True,valid,
V07,Z2,V07after_20200629_tnto_tanto_02_mono.wav,13,26624,28672,2048,False,analyzed_full_frame,-0.47351545,11.797465,0.185883,18.5470309165,-19.4962534162,1686.45811766,12.0768402329,True,True,True,valid,
V07,Z2,V07after_20200629_tnto_tanto_02_mono.wav,14,28672,30720,2048,False,analyzed_full_frame,9.320075991,11.583336,12.02985,16.382833327,-20.8226498624,1423.80121734,21.858440578,True,True,True,valid,
V07,Z2,V07after_20200629_tnto_tanto_02_mono.wav,15,30720,32768,2048,False,analyzed_full_frame,3.360174754,12.159216,4.288812,24.177301866,-12.9422933594,1729.23406948,30.6125548741,True,True,True,valid,
V07,Z2,V07after_20200629_tnto_tanto_02_mono.wav,16,32768,34816,2048,False,analyzed_full_frame,9.247769024,11.227722,9.493694,14.7578973423,-24.0581974723,1380.74909919,15.7915476242,True,True,True,valid,
V07,Z2,V07after_20200629_tnto_tanto_02_mono.wav,17,34816,36864,2048,False,analyzed_full_frame,3.659144833,11.963336,6.29177,16.0203152535,-22.8227207305,1580.51832131,,True,True,False,no_valid_Q,
V07,Z2,V07after_20200629_tnto_tanto_02_mono.wav,18,36864,38912,2048,False,analyzed_full_frame,5.76861815,10.739161,4.896562,20.7276694413,-20.2704037922,1665.70928921,9.43402187772,True,True,True,valid,
V07,Z2,V07after_20200629_tnto_tanto_02_mono.wav,19,38912,40960,2048,False,analyzed_full_frame,1.452298484,10.990995,4.016753,14.3954467633,-23.7994226234,1512.41451106,9.8678338508,True,True,True,valid,
V07,Z2,V07after_20200629_tnto_tanto_02_mono.wav,20,40960,43008,2048,False,analyzed_full_frame,3.885234812,11.426642,4.853605,19.7069761235,-15.9448625316,1607.89559507,28.9447394965,True,True,True,valid,
V07,Z2,V07after_20200629_tnto_tanto_02_mono.wav,21,43008,45056,2048,False,analyzed_full_frame,-1.003632085,11.438568,-1.485691,17.6528872765,-17.8376941493,1594.98443621,14.9625991834,True,True,True,valid,
V07,Z2,V07after_20200629_tnto_tanto_02_mono.wav,22,45056,47104,2048,False,analyzed_full_frame,7.632657148,11.159554,9.946164,16.3058817776,-19.4802275802,1471.5431985,12.3397604375,True,True,True,valid,
V07,Z2,V07after_20200629_tnto_tanto_02_mono.wav,23,47104,49152,2048,False,analyzed_full_frame,0.3563058711,13.362901,3.536671,31.9802996754,-9.81535742006,2026.33254384,16.632982498,True,True,True,valid,
V07,Z2,V07after_20200629_tnto_tanto_02_mono.wav,24,49152,51200,2048,False,analyzed_full_frame,2.900444227,12.089214,4.650529,19.3028423802,-19.693101619,1583.2428655,16.6994856774,True,True,True,valid,
V07,Z2,V07after_20200629_tnto_tanto_02_mono.wav,25,51200,53248,2048,False,analyzed_full_frame,4.078310461,12.139967,6.638611,23.2409659174,-18.6024390409,1737.79654084,21.5048433198,True,True,True,valid,
V07,Z2,V07after_20200629_tnto_tanto_02_mono.wav,26,53248,55296,2048,False,analyzed_full_frame,8.666719564,12.274139,10.447572,20.7658663084,-20.7623879018,1525.5258135,27.3478507741,True,True,True,valid,
V07,Z2,V07after_20200629_tnto_tanto_02_mono.wav,27,55296,57344,2048,False,analyzed_full_frame,-2.279920898,13.477045,-1.073313,21.466154643,-9.88606266421,1736.37220743,15.7301741057,True,True,True,valid,
V07,Z2,V07after_20200629_tnto_tanto_02_mono.wav,28,57344,59392,2048,False,analyzed_full_frame,2.014737252,12.441157,2.637091,21.5286964207,-16.9178935447,1672.80379624,17.9903787419,True,True,True,valid,
V07,Z2,V07after_20200629_tnto_tanto_02_mono.wav,29,59392,61440,2048,False,analyzed_full_frame,4.022283672,12.548971,3.856235,20.8751672891,-13.1451731541,1666.52943303,21.4717069039,True,True,True,valid,
V07,Z2,V07after_20200629_tnto_tanto_02_mono.wav,30,61440,63488,2048,False,analyzed_full_frame,7.143263933,13.323465,8.626323,13.8984362279,-19.374470435,1387.24515163,18.6483601575,True,True,True,valid,
V07,Z2,V07after_20200629_tnto_tanto_02_mono.wav,31,63488,65536,2048,False,analyzed_full_frame,5.970105233,13.103111,7.546654,18.3565712626,-20.5446573707,1544.49384846,12.5771755316,True,True,True,valid,
V07,Z2,V07after_20200629_tnto_tanto_02_mono.wav,32,65536,67584,2048,False,analyzed_full_frame,7.777373173,11.218951,11.013499,23.0194729413,-19.7053076912,1641.45147601,20.715390594,True,True,True,valid,
V07,Z2,V07after_20200629_tnto_tanto_02_mono.wav,33,67584,69632,2048,False,analyzed_full_frame,2.885227383,11.117419,7.389537,29.801844354,-12.8591679734,1905.94980525,22.673228383,True,True,True,valid,
V07,Z2,V07after_20200629_tnto_tanto_02_mono.wav,34,69632,71680,2048,False,analyzed_full_frame,3.694037017,12.200693,7.431029,19.2850436576,-16.6339781103,1583.37159973,15.6279538158,True,True,True,valid,
V07,Z2,V07after_20200629_tnto_tanto_02_mono.wav,35,71680,73728,2048,False,analyzed_full_frame,-1.468594385,12.811196,0.523075,29.7074276334,-8.62546665437,1996.16611343,29.8686005504,True,True,True,valid,
V07,Z2,V07after_20200629_tnto_tanto_02_mono.wav,36,73728,75776,2048,False,analyzed_full_frame,7.789027966,10.932774,8.77522,19.8389483957,-21.3054416131,1556.21359676,20.3627277471,True,True,True,valid,
V07,Z2,V07after_20200629_tnto_tanto_02_mono.wav,37,75776,77824,2048,False,analyzed_full_frame,-2.92128167,11.902063,-4.534403,28.9700121811,-5.68886673036,1936.50533384,30.0125729814,True,True,True,valid,
V07,Z2,V07after_20200629_tnto_tanto_02_mono.wav,38,77824,79872,2048,False,analyzed_full_frame,1.436117766,9.70061,3.057841,22.0497156058,-15.7254959306,1720.80390728,14.2812992584,True,True,True,valid,
V07,Z2,V07after_20200629_tnto_tanto_02_mono.wav,39,79872,81920,2048,False,analyzed_full_frame,6.954095476,9.490726,9.875062,18.8542277586,-18.4059829018,1503.86982164,19.4049358897,True,True,True,valid,
V07,Z2,V07after_20200629_tnto_tanto_02_mono.wav,40,81920,83968,2048,False,analyzed_full_frame,4.195708728,9.169237,6.131247,22.4109495277,-13.2927437962,1758.04279673,16.8572817484,True,True,True,valid,
V07,Z2,V07after_20200629_tnto_tanto_02_mono.wav,41,83968,86016,2048,False,analyzed_full_frame,1.729790575,8.730935,4.285071,24.7483498917,-7.76860997663,1847.91753137,18.0506910479,True,True,True,valid,
V07,Z2,V07after_20200629_tnto_tanto_02_mono.wav,42,86016,88064,2048,False,analyzed_full_frame,8.002904054,3.892029,12.146417,14.5724904883,-24.436952797,1559.7308132,8.07896789909,True,True,True,valid,
V07,Z2,V07after_20200629_tnto_tanto_02_mono.wav,43,88064,90112,2048,False,analyzed_full_frame,8.975754001,5.797893,4.505312,7.35655180784,-28.6972061614,1277.23699638,,True,True,False,no_valid_Q,
V07,Z2,V07after_20200629_tnto_tanto_02_mono.wav,44,90112,92160,2048,False,analyzed_full_frame,19.16841332,6.864448,0.702907,8.58949751298,-24.2089987579,1206.54077588,7.81175350398,True,True,True,valid,
V07,Z2,V07after_20200629_tnto_tanto_02_mono.wav,45,92160,94208,2048,False,analyzed_full_frame,25.34430961,8.7144,2.043092,6.21968290816,-26.6282812903,1049.52462303,8.44862583426,True,True,True,valid,
V07,Z2,V07after_20200629_tnto_tanto_02_mono.wav,46,94208,96256,2048,False,analyzed_full_frame,16.19069673,10.017381,-3.346306,14.5711201878,-18.0592366339,1307.14766976,44.0943901004,True,True,True,valid,
V07,Z2,V07after_20200629_tnto_tanto_02_mono.wav,47,96256,98304,2048,False,analyzed_full_frame,11.58767757,10.377223,0.429137,21.6357217065,-12.2112533916,1504.95270635,32.3261101139,True,True,True,valid,
V07,Z2,V07after_20200629_tnto_tanto_02_mono.wav,48,98304,100352,2048,False,analyzed_full_frame,13.58805194,11.384016,-4.420904,22.7457341687,-14.767730934,1549.39843023,52.914169964,True,True,True,valid,
V07,Z2,V07after_20200629_tnto_tanto_02_mono.wav,49,100352,102400,2048,False,analyzed_full_frame,15.14224068,11.607797,40.948677,18.4902538564,-15.6637972986,1432.10098308,95.0333649164,True,True,True,valid,
V07,Z2,V07after_20200629_tnto_tanto_02_mono.wav,50,102400,104448,2048,False,analyzed_full_frame,17.69551786,11.306451,35.84992,19.7224107941,-21.947369685,1543.83326784,47.195909582,True,True,True,valid,
V07,Z2,V07after_20200629_tnto_tanto_02_mono.wav,51,104448,106496,2048,False,analyzed_full_frame,11.12256231,8.533926,-3.771374,26.1747396844,-14.1036297277,1668.72869496,43.9041076244,True,True,True,valid,
V07,Z2,V07after_20200629_tnto_tanto_02_mono.wav,52,106496,108544,2048,False,analyzed_full_frame,6.74263166,10.058528,2.411891,33.7258627863,-13.0838473265,1899.71000179,31.7602425245,True,True,True,valid,
V07,Z2,V07after_20200629_tnto_tanto_02_mono.wav,53,108544,109903,1359,True,skipped_not_analyzed,,,,,,,,False,False,False,not_analyzed_short_final_frame,"Final partial frame has 1359 samples (<2048); recorded only, not analyzed."
V08,Z1,V08before_20220420_tanto_tanto_01_mono.wav,0,0,2048,2048,False,analyzed_full_frame,2.775167153,5.4155,5.398268,19.7770838904,-15.491184649,4369.66568522,,True,True,False,no_valid_Q,
V08,Z1,V08before_20220420_tanto_tanto_01_mono.wav,1,2048,4096,2048,False,analyzed_full_frame,-9.324418133,7.374471,-7.942496,7.33604837269,-32.609928131,2133.619923,,True,True,False,no_valid_Q,
V08,Z1,V08before_20220420_tanto_tanto_01_mono.wav,2,4096,6144,2048,False,analyzed_full_frame,-0.8739752982,10.934326,-0.861089,9.08755266636,-23.0304534952,1553.213078,10.0897697771,True,True,True,valid,
V08,Z1,V08before_20220420_tanto_tanto_01_mono.wav,3,6144,8192,2048,False,analyzed_full_frame,-6.087646838,9.843621,-5.91265,10.843138905,-20.2656493132,1634.65699841,9.58520992546,True,True,True,valid,
V08,Z1,V08before_20220420_tanto_tanto_01_mono.wav,4,8192,10240,2048,False,analyzed_full_frame,-2.807405414,10.040295,-2.979387,12.9941790418,-19.664806695,1615.13550371,17.0738951446,True,True,True,valid,
V08,Z1,V08before_20220420_tanto_tanto_01_mono.wav,5,10240,12288,2048,False,analyzed_full_frame,-3.584125292,11.352612,0.436388,31.1640107967,-2.7032151375,2181.88898578,23.481458842,True,True,True,valid,
V08,Z1,V08before_20220420_tanto_tanto_01_mono.wav,6,12288,14336,2048,False,analyzed_full_frame,-7.502636544,12.297882,-3.981881,43.7770546819,0.106204522403,2454.73565303,25.3552131987,True,True,True,valid,
V08,Z1,V08before_20220420_tanto_tanto_01_mono.wav,7,14336,16384,2048,False,analyzed_full_frame,1.982692984,12.135428,5.491566,33.2951438786,-5.40172450932,1962.75207559,19.2402631206,True,True,True,valid,
V08,Z1,V08before_20220420_tanto_tanto_01_mono.wav,8,16384,18432,2048,False,analyzed_full_frame,-1.845543443,13.398071,1.072965,41.8924629911,-2.11319580271,2205.67096882,25.0672243798,True,True,True,valid,
V08,Z1,V08before_20220420_tanto_tanto_01_mono.wav,9,18432,20480,2048,False,analyzed_full_frame,1.9160079,12.526117,5.990564,39.5288748605,-5.45847816025,2017.02762491,15.0145288918,True,True,True,valid,
V08,Z1,V08before_20220420_tanto_tanto_01_mono.wav,10,20480,22528,2048,False,analyzed_full_frame,-5.468236503,12.197441,-1.027447,46.6199851703,2.87078474303,2337.4880639,19.8978673055,True,True,True,valid,
V08,Z1,V08before_20220420_tanto_tanto_01_mono.wav,11,22528,24576,2048,False,analyzed_full_frame,-1.535370635,13.761791,1.453567,40.3025146342,-2.58675853038,2133.20197472,16.0079052845,True,True,True,valid,
V08,Z1,V08before_20220420_tanto_tanto_01_mono.wav,12,24576,26624,2048,False,analyzed_full_frame,2.837953797,14.276673,7.219564,38.6244335144,-7.93370558958,2126.881552,23.5295650949,True,True,True,valid,
V08,Z1,V08before_20220420_tanto_tanto_01_mono.wav,13,26624,28672,2048,False,analyzed_full_frame,-0.8072824447,11.44829,2.476525,39.7079650821,-3.92249057883,2155.99889258,14.4311124331,True,True,True,valid,
V08,Z1,V08before_20220420_tanto_tanto_01_mono.wav,14,28672,30720,2048,False,analyzed_full_frame,-7.312686053,13.543563,-0.647049,57.4482796758,3.25014329673,2602.32900162,10.899582771,True,True,True,valid,
V08,Z1,V08before_20220420_tanto_tanto_01_mono.wav,15,30720,32768,2048,False,analyzed_full_frame,-8.641677201,11.508078,-6.928255,38.8608739076,-6.01585697498,2290.88387828,27.1213805265,True,True,True,valid,
V08,Z1,V08before_20220420_tanto_tanto_01_mono.wav,16,32768,34816,2048,False,analyzed_full_frame,-4.309477795,12.870537,0.682543,47.5151151545,1.81781636256,2291.856982,43.897008876,True,True,True,valid,
V08,Z1,V08before_20220420_tanto_tanto_01_mono.wav,17,34816,36864,2048,False,analyzed_full_frame,-5.025766585,12.329267,0.356716,47.3930540912,1.45768617608,2406.83321957,33.6088702971,True,True,True,valid,
V08,Z1,V08before_20220420_tanto_tanto_01_mono.wav,18,36864,38912,2048,False,analyzed_full_frame,-1.844850956,12.167878,1.059342,41.2387175306,-4.49813356669,2190.93935143,15.2601522646,True,True,True,valid,
V08,Z1,V08before_20220420_tanto_tanto_01_mono.wav,19,38912,40960,2048,False,analyzed_full_frame,-7.795126511,13.06332,-2.665653,52.0280796546,2.78270196312,2476.94295199,14.8798219203,True,True,True,valid,
V08,Z1,V08before_20220420_tanto_tanto_01_mono.wav,20,40960,43008,2048,False,analyzed_full_frame,-8.353511558,11.422556,-4.314349,46.9395056517,-0.517531461711,2460.95933098,19.8064214482,True,True,True,valid,
V08,Z1,V08before_20220420_tanto_tanto_01_mono.wav,21,43008,45056,2048,False,analyzed_full_frame,-2.223355819,11.299097,1.613104,48.2246777026,-2.80107694282,2302.92811284,12.9192470619,True,True,True,valid,
V08,Z1,V08before_20220420_tanto_tanto_01_mono.wav,22,45056,47104,2048,False,analyzed_full_frame,-11.0814539,11.985622,-7.884457,46.0760527213,-2.62255629972,2430.52750147,16.2596838458,True,True,True,valid,
V08,Z1,V08before_20220420_tanto_tanto_01_mono.wav,23,47104,49152,2048,False,analyzed_full_frame,-8.135716482,12.700913,-5.146305,45.367163142,-3.91920945281,2330.2454546,12.7455516583,True,True,True,valid,
V08,Z1,V08before_20220420_tanto_tanto_01_mono.wav,24,49152,51200,2048,False,analyzed_full_frame,-6.073878858,13.892262,-5.37096,36.9804505054,-9.07374337014,2143.91161218,53.8742856625,True,True,True,valid,
V08,Z1,V08before_20220420_tanto_tanto_01_mono.wav,25,51200,53248,2048,False,analyzed_full_frame,1.61570196,12.910021,5.490918,43.1479304638,-6.74869846128,2148.41498838,11.2056064976,True,True,True,valid,
V08,Z1,V08before_20220420_tanto_tanto_01_mono.wav,26,53248,55296,2048,False,analyzed_full_frame,-3.279758409,12.651994,9.082146,58.055663974,-0.557764255069,2646.14972265,17.5168281699,True,True,True,valid,
V08,Z1,V08before_20220420_tanto_tanto_01_mono.wav,27,55296,57344,2048,False,analyzed_full_frame,-3.409042181,12.133952,0.104562,40.0404135857,-7.60061068086,2427.37981911,22.6329508928,True,True,True,valid,
V08,Z1,V08before_20220420_tanto_tanto_01_mono.wav,28,57344,59392,2048,False,analyzed_full_frame,-1.937095833,14.391852,3.103998,48.654477829,-6.04194956484,2781.84621042,23.1316825902,True,True,True,valid,
V08,Z1,V08before_20220420_tanto_tanto_01_mono.wav,29,59392,61440,2048,False,analyzed_full_frame,7.493192617,12.914779,12.994294,27.8937593774,-16.9713149086,1949.05218036,16.775017573,True,True,True,valid,
V08,Z1,V08before_20220420_tanto_tanto_01_mono.wav,30,61440,63488,2048,False,analyzed_full_frame,-2.437205014,12.885312,-0.058066,32.6588056259,-10.6428638346,2317.59343551,21.448098241,True,True,True,valid,
V08,Z1,V08before_20220420_tanto_tanto_01_mono.wav,31,63488,65536,2048,False,analyzed_full_frame,6.821416795,8.277587,8.502119,24.1232026199,-16.7279786653,1993.58741462,15.3053266768,True,True,True,valid,
V08,Z1,V08before_20220420_tanto_tanto_01_mono.wav,32,65536,67584,2048,False,analyzed_full_frame,-1.524404583,8.461711,-1.40654,32.3123994596,-5.88128862472,2431.15316465,23.558512998,True,True,True,valid,
V08,Z1,V08before_20220420_tanto_tanto_01_mono.wav,33,67584,69632,2048,False,analyzed_full_frame,9.804401363,4.058374,-27.129319,17.5244578089,-17.802644692,2883.61533057,4.08537433034,True,True,True,valid,
V08,Z1,V08before_20220420_tanto_tanto_01_mono.wav,34,69632,71680,2048,False,analyzed_full_frame,16.39172321,3.796007,19.898857,9.716897402,-27.1817255979,1943.28200434,,True,True,False,no_valid_Q,
V08,Z1,V08before_20220420_tanto_tanto_01_mono.wav,35,71680,73728,2048,False,analyzed_full_frame,24.85663954,7.572635,7.365624,5.69513180208,-38.0781768373,1396.79457935,,True,True,False,no_valid_Q,
V08,Z1,V08before_20220420_tanto_tanto_01_mono.wav,36,73728,75776,2048,False,analyzed_full_frame,27.41297192,8.130387,4.083877,5.16252103389,-32.782887366,1189.50343497,,True,True,False,no_valid_Q,
V08,Z1,V08before_20220420_tanto_tanto_01_mono.wav,37,75776,77824,2048,False,analyzed_full_frame,23.95520231,10.134431,7.26429,8.70643275667,-26.8225902313,1370.58232722,6.35606828974,True,True,True,valid,
V08,Z1,V08before_20220420_tanto_tanto_01_mono.wav,38,77824,79872,2048,False,analyzed_full_frame,21.42094767,10.026235,3.563524,9.82534175606,-22.5345230345,1342.4692878,39.6229456892,True,True,True,valid,
V08,Z1,V08before_20220420_tanto_tanto_01_mono.wav,39,79872,81920,2048,False,analyzed_full_frame,18.21321775,12.047736,4.866261,13.160772149,-19.8713055389,1442.46526555,13.2093546487,True,True,True,valid,
V08,Z1,V08before_20220420_tanto_tanto_01_mono.wav,40,81920,83968,2048,False,analyzed_full_frame,15.75633378,12.445861,-3.043397,20.5597912906,-17.8124634089,1684.14498711,14.6352275488,True,True,True,valid,
V08,Z1,V08before_20220420_tanto_tanto_01_mono.wav,41,83968,86016,2048,False,analyzed_full_frame,17.13542607,15.077728,-3.207627,18.1452946232,-20.3815527503,1604.28260105,8.86802192729,True,True,True,valid,
V08,Z1,V08before_20220420_tanto_tanto_01_mono.wav,42,86016,88064,2048,False,analyzed_full_frame,18.93583769,12.26005,0.319972,17.5891414461,-23.6491622606,1604.24698627,6.68029744553,True,True,True,valid,
V08,Z1,V08before_20220420_tanto_tanto_01_mono.wav,43,88064,90112,2048,False,analyzed_full_frame,15.36186382,11.973981,0.758098,19.8629219428,-14.8037463798,1634.35161207,13.0827468471,True,True,True,valid,
V08,Z1,V08before_20220420_tanto_tanto_01_mono.wav,44,90112,92160,2048,False,analyzed_full_frame,20.79248529,14.654912,-4.937558,14.070704047,-24.4132861124,1544.96882396,4.3077807664,True,True,True,valid,
V08,Z1,V08before_20220420_tanto_tanto_01_mono.wav,45,92160,94208,2048,False,analyzed_full_frame,16.39277658,12.565011,5.310625,21.0623472811,-19.3601551021,1882.65165909,12.8517532673,True,True,True,valid,
V08,Z1,V08before_20220420_tanto_tanto_01_mono.wav,46,94208,95652,1444,True,skipped_not_analyzed,,,,,,,,False,False,False,not_analyzed_short_final_frame,"Final partial frame has 1444 samples (<2048); recorded only, not analyzed."
V08,Z2,V08after_20240422_tanto_tanto_02_mono.wav,0,0,2048,2048,False,analyzed_full_frame,12.24793075,3.450957,,11.9265728506,-28.7799290107,2812.04930915,,False,True,False,no_valid_Q,
V08,Z2,V08after_20240422_tanto_tanto_02_mono.wav,1,2048,4096,2048,False,analyzed_full_frame,-3.920264196,8.995074,-3.634651,6.85305651206,-29.4095478577,1500.70867723,,True,True,False,no_valid_Q,
V08,Z2,V08after_20240422_tanto_tanto_02_mono.wav,2,4096,6144,2048,False,analyzed_full_frame,-2.269645212,10.510695,1.049062,16.8708495261,-13.7254701697,1715.24535893,18.2958146513,True,True,True,valid,
V08,Z2,V08after_20240422_tanto_tanto_02_mono.wav,3,6144,8192,2048,False,analyzed_full_frame,-0.41502364,9.573373,0.606574,10.63347337,-20.4060141773,1494.76295765,6.09939976951,True,True,True,valid,
V08,Z2,V08after_20240422_tanto_tanto_02_mono.wav,4,8192,10240,2048,False,analyzed_full_frame,0.561668565,11.473728,2.213307,17.9441931275,-13.6056720685,1636.2543968,20.5990099346,True,True,True,valid,
V08,Z2,V08after_20240422_tanto_tanto_02_mono.wav,5,10240,12288,2048,False,analyzed_full_frame,-3.639792332,10.328539,-0.648253,25.6024852852,-9.1102357069,1921.5404451,47.333857523,True,True,True,valid,
V08,Z2,V08after_20240422_tanto_tanto_02_mono.wav,6,12288,14336,2048,False,analyzed_full_frame,2.744109058,9.686916,5.576119,26.2954758174,-15.0575438852,1828.02750871,8.08872546374,True,True,True,valid,
V08,Z2,V08after_20240422_tanto_tanto_02_mono.wav,7,14336,16384,2048,False,analyzed_full_frame,-14.21829703,9.973646,-15.14603,31.7581316408,-14.2023197644,2068.17371103,13.8296312507,True,True,True,valid,
V08,Z2,V08after_20240422_tanto_tanto_02_mono.wav,8,16384,18432,2048,False,analyzed_full_frame,-5.769468628,11.727438,-4.990575,26.8931814724,-11.8287274514,1930.26771433,13.0326304585,True,True,True,valid,
V08,Z2,V08after_20240422_tanto_tanto_02_mono.wav,9,18432,20480,2048,False,analyzed_full_frame,4.534735686,10.74793,7.524619,28.8226598555,-8.66458450764,1697.18920023,73.9294096921,True,True,True,valid,
V08,Z2,V08after_20240422_tanto_tanto_02_mono.wav,10,20480,22528,2048,False,analyzed_full_frame,-1.338421613,9.929485,-0.115405,21.6845058446,-8.50138261658,1608.58792557,71.2814154431,True,True,True,valid,
V08,Z2,V08after_20240422_tanto_tanto_02_mono.wav,11,22528,24576,2048,False,analyzed_full_frame,0.6396470018,10.987263,1.152571,29.8218471137,-10.151824666,1848.35717255,20.8423354919,True,True,True,valid,
V08,Z2,V08after_20240422_tanto_tanto_02_mono.wav,12,24576,26624,2048,False,analyzed_full_frame,2.927599236,11.77838,5.715451,26.25662032,-10.8328829196,1768.75980245,26.9913995647,True,True,True,valid,
V08,Z2,V08after_20240422_tanto_tanto_02_mono.wav,13,26624,28672,2048,False,analyzed_full_frame,-5.240709359,11.062759,-3.278114,27.194340456,-7.52638785839,1822.36450148,52.691227688,True,True,True,valid,
V08,Z2,V08after_20240422_tanto_tanto_02_mono.wav,14,28672,30720,2048,False,analyzed_full_frame,2.939935134,11.053161,4.76013,25.581793795,-8.48390512,1660.50183839,140.928754576,True,True,True,valid,
V08,Z2,V08after_20240422_tanto_tanto_02_mono.wav,15,30720,32768,2048,False,analyzed_full_frame,-3.821994614,11.247122,0.38184,38.5683264804,-0.279733341528,2134.87953081,142.615380371,True,True,True,valid,
V08,Z2,V08after_20240422_tanto_tanto_02_mono.wav,16,32768,34816,2048,False,analyzed_full_frame,2.094140229,11.000063,7.29272,34.1481026365,-7.27947992474,2007.00392819,103.258806927,True,True,True,valid,
V08,Z2,V08after_20240422_tanto_tanto_02_mono.wav,17,34816,36864,2048,False,analyzed_full_frame,2.418603812,11.382184,6.449762,23.7273387877,-14.5755466453,1766.33420284,21.6122433189,True,True,True,valid,
V08,Z2,V08after_20240422_tanto_tanto_02_mono.wav,18,36864,38912,2048,False,analyzed_full_frame,0.4050446884,10.896906,1.564408,20.6133489192,-10.8226114941,1626.85881825,70.19824785,True,True,True,valid,
V08,Z2,V08after_20240422_tanto_tanto_02_mono.wav,19,38912,40960,2048,False,analyzed_full_frame,2.249215243,9.45949,3.42197,20.2330345514,-9.9560407045,1537.52681562,60.7044040986,True,True,True,valid,
V08,Z2,V08after_20240422_tanto_tanto_02_mono.wav,20,40960,43008,2048,False,analyzed_full_frame,-0.2204871213,10.922511,1.251289,24.0081649258,-9.75226131982,1703.12002091,66.9777397836,True,True,True,valid,
V08,Z2,V08after_20240422_tanto_tanto_02_mono.wav,21,43008,45056,2048,False,analyzed_full_frame,1.171528064,11.289345,3.460157,27.9518698714,-8.08590868825,1792.25258088,82.9495453751,True,True,True,valid,
V08,Z2,V08after_20240422_tanto_tanto_02_mono.wav,22,45056,47104,2048,False,analyzed_full_frame,3.55483168,11.773128,6.468006,26.87985213,-14.2280056211,1805.82790667,29.1643246052,True,True,True,valid,
V08,Z2,V08after_20240422_tanto_tanto_02_mono.wav,23,47104,49152,2048,False,analyzed_full_frame,0.8596774977,12.376359,1.345686,20.9835855186,-11.297294012,1670.73312467,49.9051191283,True,True,True,valid,
V08,Z2,V08after_20240422_tanto_tanto_02_mono.wav,24,49152,51200,2048,False,analyzed_full_frame,5.239103497,10.390804,8.942048,29.5024426892,-11.1646676555,1879.08264863,63.4440790457,True,True,True,valid,
V08,Z2,V08after_20240422_tanto_tanto_02_mono.wav,25,51200,53248,2048,False,analyzed_full_frame,1.831419008,10.633555,2.550312,18.4301140683,-16.6848974117,1633.54186362,26.7401833613,True,True,True,valid,
V08,Z2,V08after_20240422_tanto_tanto_02_mono.wav,26,53248,55296,2048,False,analyzed_full_frame,0.6525012148,12.672908,3.338299,32.5011348858,-4.47190502372,1993.18719644,73.2444936333,True,True,True,valid,
V08,Z2,V08after_20240422_tanto_tanto_02_mono.wav,27,55296,57344,2048,False,analyzed_full_frame,2.55439999,11.220316,6.236048,15.2409942517,-21.068407593,1587.92378784,7.2232840605,True,True,True,valid,
V08,Z2,V08after_20240422_tanto_tanto_02_mono.wav,28,57344,59392,2048,False,analyzed_full_frame,-10.91748571,10.37729,-9.90013,13.7135642932,-20.6339379268,1769.74079889,8.5294852827,True,True,True,valid,
V08,Z2,V08after_20240422_tanto_tanto_02_mono.wav,29,59392,61440,2048,False,analyzed_full_frame,9.714290466,11.268425,11.293181,11.7245733882,-25.7254392977,1509.90343142,,True,True,False,no_valid_Q,
V08,Z2,V08after_20240422_tanto_tanto_02_mono.wav,30,61440,63488,2048,False,analyzed_full_frame,10.04222625,11.42858,10.901851,6.36134984335,-34.1927752097,1316.7668582,,True,True,False,no_valid_Q,
V08,Z2,V08after_20240422_tanto_tanto_02_mono.wav,31,63488,65536,2048,False,analyzed_full_frame,5.637336812,10.967578,5.473053,11.9227185312,-24.7006766615,1604.67477659,6.99993236415,True,True,True,valid,
V08,Z2,V08after_20240422_tanto_tanto_02_mono.wav,32,65536,67584,2048,False,analyzed_full_frame,-5.058088332,10.148402,-5.856216,18.8161958261,-17.0536328499,2378.21645147,,True,True,False,no_valid_Q,
V08,Z2,V08after_20240422_tanto_tanto_02_mono.wav,33,67584,69632,2048,False,analyzed_full_frame,-1.504929339,10.486185,1.060748,13.2434634843,-19.4045818523,2010.1306059,6.03323125163,True,True,True,valid,
V08,Z2,V08after_20240422_tanto_tanto_02_mono.wav,34,69632,71680,2048,False,analyzed_full_frame,6.243806586,9.845442,7.824183,13.184521737,-21.661239026,2438.37410291,,True,True,False,no_valid_Q,
V08,Z2,V08after_20240422_tanto_tanto_02_mono.wav,35,71680,73728,2048,False,analyzed_full_frame,4.564680731,1.946647,6.795466,15.4037099029,-19.1781784267,4543.53818629,,True,True,False,no_valid_Q,
V08,Z2,V08after_20240422_tanto_tanto_02_mono.wav,36,73728,75776,2048,False,analyzed_full_frame,11.91720175,2.812498,20.141986,9.30838588257,-29.0554085942,2768.1566798,,True,True,False,no_valid_Q,
V08,Z2,V08after_20240422_tanto_tanto_02_mono.wav,37,75776,77824,2048,False,analyzed_full_frame,26.26296825,7.416075,-5.115552,3.99689427127,-32.4122007788,1319.58084423,,True,True,False,no_valid_Q,
V08,Z2,V08after_20240422_tanto_tanto_02_mono.wav,38,77824,79872,2048,False,analyzed_full_frame,30.97870019,6.120149,59.560077,2.55244132797,-39.0040361956,1160.83655908,,True,True,False,no_valid_Q,
V08,Z2,V08after_20240422_tanto_tanto_02_mono.wav,39,79872,81920,2048,False,analyzed_full_frame,30.81635006,10.459775,47.076242,4.98430912077,-38.9704440112,1189.21289586,5.48895012512,True,True,True,valid,
V08,Z2,V08after_20240422_tanto_tanto_02_mono.wav,40,81920,83968,2048,False,analyzed_full_frame,26.96258357,9.549242,-9.428422,7.55388601235,-29.2589257638,1188.06148815,19.9764457567,True,True,True,valid,
V08,Z2,V08after_20240422_tanto_tanto_02_mono.wav,41,83968,86016,2048,False,analyzed_full_frame,24.96992583,10.515423,43.901355,10.7412707881,-30.6890612147,1291.64342124,16.4973639223,True,True,True,valid,
V08,Z2,V08after_20240422_tanto_tanto_02_mono.wav,42,86016,88064,2048,False,analyzed_full_frame,16.75915311,10.317389,-5.488119,17.4330757597,-18.4027658177,1589.14115713,15.5946914902,True,True,True,valid,
V08,Z2,V08after_20240422_tanto_tanto_02_mono.wav,43,88064,90112,2048,False,analyzed_full_frame,27.89253514,9.150324,43.747029,8.1342142161,-35.357232106,1172.81513642,12.8435671542,True,True,True,valid,
V08,Z2,V08after_20240422_tanto_tanto_02_mono.wav,44,90112,92160,2048,False,analyzed_full_frame,20.54319881,11.598356,41.00077,15.3576502464,-24.5138297771,1478.82586217,21.2108389858,True,True,True,valid,
V08,Z2,V08after_20240422_tanto_tanto_02_mono.wav,45,92160,94208,2048,False,analyzed_full_frame,19.7298775,9.279504,38.629378,15.6087451716,-21.9204754366,1491.29223052,20.5189161464,True,True,True,valid,
V08,Z2,V08after_20240422_tanto_tanto_02_mono.wav,46,94208,96256,2048,False,analyzed_full_frame,21.59394881,11.180241,47.947135,15.5063235291,-26.278327832,1496.20409764,36.508317074,True,True,True,valid,
V08,Z2,V08after_20240422_tanto_tanto_02_mono.wav,47,96256,98304,2048,False,analyzed_full_frame,15.97022806,9.853905,-10.13951,21.240753445,-21.5391122329,1775.31548692,40.2032995807,True,True,True,valid,
V08,Z2,V08after_20240422_tanto_tanto_02_mono.wav,48,98304,99790,1486,True,skipped_not_analyzed,,,,,,,,False,False,False,not_analyzed_short_final_frame,"Final partial frame has 1486 samples (<2048); recorded only, not analyzed."
V09,Z1,V09before_20170526_tanto_tanto_02_mono.wav,0,0,2048,2048,False,analyzed_full_frame,-3.792551914,4.204511,1.183005,28.6377126569,-8.94369483755,5042.23178523,2.26098516113,True,True,True,valid,
V09,Z1,V09before_20170526_tanto_tanto_02_mono.wav,1,2048,4096,2048,False,analyzed_full_frame,-8.899969196,1.841302,-11.871893,27.8955970137,-8.35234095386,3701.41616043,5.94709551932,True,True,True,valid,
V09,Z1,V09before_20170526_tanto_tanto_02_mono.wav,2,4096,6144,2048,False,analyzed_full_frame,-8.121798433,7.489874,-7.883233,7.74823626663,-31.712153859,2034.97839668,,True,True,False,no_valid_Q,
V09,Z1,V09before_20170526_tanto_tanto_02_mono.wav,3,6144,8192,2048,False,analyzed_full_frame,-5.729312435,7.376776,-5.415228,2.43681915324,-43.6214806965,1362.79757671,,True,True,False,no_valid_Q,
V09,Z1,V09before_20170526_tanto_tanto_02_mono.wav,4,8192,10240,2048,False,analyzed_full_frame,-7.807246347,7.85663,-7.618448,2.0071827071,-41.5103810466,1301.74817666,,True,True,False,no_valid_Q,
V09,Z1,V09before_20170526_tanto_tanto_02_mono.wav,5,10240,12288,2048,False,analyzed_full_frame,-5.374537151,8.136991,-5.755026,2.4835446141,-36.427360607,1274.52124267,,True,True,False,no_valid_Q,
V09,Z1,V09before_20170526_tanto_tanto_02_mono.wav,6,12288,14336,2048,False,analyzed_full_frame,-5.19922034,11.335427,-5.144954,4.61968486022,-28.2200820771,1340.90605265,,True,True,False,no_valid_Q,
V09,Z1,V09before_20170526_tanto_tanto_02_mono.wav,7,14336,16384,2048,False,analyzed_full_frame,-6.575694629,12.070214,-6.917958,3.49309887943,-35.524286783,1304.04868041,,True,True,False,no_valid_Q,
V09,Z1,V09before_20170526_tanto_tanto_02_mono.wav,8,16384,18432,2048,False,analyzed_full_frame,-8.485905869,14.286164,-9.086868,10.1248635116,-28.1765235322,1655.89523528,,True,True,False,no_valid_Q,
V09,Z1,V09before_20170526_tanto_tanto_02_mono.wav,9,18432,20480,2048,False,analyzed_full_frame,-6.81704999,13.593692,-4.422536,10.5995592269,-22.3349828125,1595.25346579,5.02457815254,True,True,True,valid,
V09,Z1,V09before_20170526_tanto_tanto_02_mono.wav,10,20480,22528,2048,False,analyzed_full_frame,-2.518750113,12.135334,-2.108617,6.41673830211,-31.4520812094,1360.89107107,,True,True,False,no_valid_Q,
V09,Z1,V09before_20170526_tanto_tanto_02_mono.wav,11,22528,24576,2048,False,analyzed_full_frame,-9.198719472,11.231315,-8.868256,6.05878928257,-34.1907812811,1559.75153147,,True,True,False,no_valid_Q,
V09,Z1,V09before_20170526_tanto_tanto_02_mono.wav,12,24576,26624,2048,False,analyzed_full_frame,-7.115050821,11.238608,-5.579658,5.64179708495,-30.4516004744,1392.7261741,,True,True,False,no_valid_Q,
V09,Z1,V09before_20170526_tanto_tanto_02_mono.wav,13,26624,28672,2048,False,analyzed_full_frame,-11.73143529,13.051608,-11.497499,9.08126978529,-31.8493217553,1541.41313167,,True,True,False,no_valid_Q,
V09,Z1,V09before_20170526_tanto_tanto_02_mono.wav,14,28672,30720,2048,False,analyzed_full_frame,-0.7677324424,13.549578,2.12269,7.61909943412,-30.3286185168,1399.38672525,,True,True,False,no_valid_Q,
V09,Z1,V09before_20170526_tanto_tanto_02_mono.wav,15,30720,32768,2048,False,analyzed_full_frame,-6.998411033,11.385507,-5.032498,5.19236779592,-35.1574838837,1454.56829962,,True,True,False,no_valid_Q,
V09,Z1,V09before_20170526_tanto_tanto_02_mono.wav,16,32768,34816,2048,False,analyzed_full_frame,-5.358087219,12.222796,-2.659419,6.05013361945,-29.9981541142,1409.54131432,,True,True,False,no_valid_Q,
V09,Z1,V09before_20170526_tanto_tanto_02_mono.wav,17,34816,36864,2048,False,analyzed_full_frame,-13.72020974,13.120378,-14.073518,6.66652015612,-32.1764218099,1494.70408231,,True,True,False,no_valid_Q,
V09,Z1,V09before_20170526_tanto_tanto_02_mono.wav,18,36864,38912,2048,False,analyzed_full_frame,-3.635605308,13.825991,-0.044327,7.9286893584,-23.7733355656,1491.68823343,,True,True,False,no_valid_Q,
V09,Z1,V09before_20170526_tanto_tanto_02_mono.wav,19,38912,40960,2048,False,analyzed_full_frame,-3.851065724,11.994581,-1.628662,6.7650946552,-27.2963979381,1450.54953413,,True,True,False,no_valid_Q,
V09,Z1,V09before_20170526_tanto_tanto_02_mono.wav,20,40960,43008,2048,False,analyzed_full_frame,-8.144702533,9.131882,-7.418694,4.71163718221,-32.4524323146,1350.31050532,,True,True,False,no_valid_Q,
V09,Z1,V09before_20170526_tanto_tanto_02_mono.wav,21,43008,45056,2048,False,analyzed_full_frame,-7.585161975,12.792624,-8.591982,6.97875839612,-32.1519602876,1432.97701565,,True,True,False,no_valid_Q,
V09,Z1,V09before_20170526_tanto_tanto_02_mono.wav,22,45056,47104,2048,False,analyzed_full_frame,-6.5587366,11.59705,-5.387373,7.17864288632,-23.9751415227,1463.95866207,,True,True,False,no_valid_Q,
V09,Z1,V09before_20170526_tanto_tanto_02_mono.wav,23,47104,49152,2048,False,analyzed_full_frame,-6.000584007,11.858137,-3.560334,7.05825894324,-25.6941954853,1467.98622589,,True,True,False,no_valid_Q,
V09,Z1,V09before_20170526_tanto_tanto_02_mono.wav,24,49152,51200,2048,False,analyzed_full_frame,-4.620983901,13.128094,-5.239394,5.42027278971,-31.6153771379,1330.09905787,,True,True,False,no_valid_Q,
V09,Z1,V09before_20170526_tanto_tanto_02_mono.wav,25,51200,53248,2048,False,analyzed_full_frame,-5.410473168,12.369012,-5.385595,6.09973026428,-33.0812571162,1357.64208044,,True,True,False,no_valid_Q,
V09,Z1,V09before_20170526_tanto_tanto_02_mono.wav,26,53248,55296,2048,False,analyzed_full_frame,-15.90217545,10.316393,-14.945831,5.09800945813,-32.2949766616,1467.68902818,,True,True,False,no_valid_Q,
V09,Z1,V09before_20170526_tanto_tanto_02_mono.wav,27,55296,57344,2048,False,analyzed_full_frame,-3.190148581,10.985104,-1.372091,6.47862823583,-22.0484200008,1387.32778862,,True,True,False,no_valid_Q,
V09,Z1,V09before_20170526_tanto_tanto_02_mono.wav,28,57344,59392,2048,False,analyzed_full_frame,-6.670460197,12.944792,-8.15446,5.72091422636,-33.0766651796,1366.32854434,,True,True,False,no_valid_Q,
V09,Z1,V09before_20170526_tanto_tanto_02_mono.wav,29,59392,61440,2048,False,analyzed_full_frame,-5.877781932,12.625087,-3.890385,5.12398774866,-36.0782747374,1335.51413497,,True,True,False,no_valid_Q,
V09,Z1,V09before_20170526_tanto_tanto_02_mono.wav,30,61440,63488,2048,False,analyzed_full_frame,-16.40745751,13.20526,-14.823898,6.56662945762,-29.3209664488,1526.89182001,6.05951547376,True,True,True,valid,
V09,Z1,V09before_20170526_tanto_tanto_02_mono.wav,31,63488,65536,2048,False,analyzed_full_frame,-8.86381728,11.951513,-7.479147,5.50036887067,-30.6902226061,1399.10615002,,True,True,False,no_valid_Q,
V09,Z1,V09before_20170526_tanto_tanto_02_mono.wav,32,65536,67584,2048,False,analyzed_full_frame,-5.224384313,11.446706,-4.944078,6.59672140794,-29.5166922614,1403.98938177,,True,True,False,no_valid_Q,
V09,Z1,V09before_20170526_tanto_tanto_02_mono.wav,33,67584,69632,2048,False,analyzed_full_frame,1.398172852,12.071166,3.65007,6.59721306791,-29.9081229648,1337.16206538,,True,True,False,no_valid_Q,
V09,Z1,V09before_20170526_tanto_tanto_02_mono.wav,34,69632,71680,2048,False,analyzed_full_frame,-8.197692489,12.22551,-7.758842,7.54998777145,-27.9844419666,1528.97945429,,True,True,False,no_valid_Q,
V09,Z1,V09before_20170526_tanto_tanto_02_mono.wav,35,71680,73728,2048,False,analyzed_full_frame,-8.111945895,11.873124,-7.471421,5.10471124145,-32.3355495799,1381.81342462,,True,True,False,no_valid_Q,
V09,Z1,V09before_20170526_tanto_tanto_02_mono.wav,36,73728,75776,2048,False,analyzed_full_frame,-4.634523185,11.876668,-6.987277,10.2847446433,-27.0840168817,1529.82664862,,True,True,False,no_valid_Q,
V09,Z1,V09before_20170526_tanto_tanto_02_mono.wav,37,75776,77824,2048,False,analyzed_full_frame,0.7905998946,12.015399,0.728137,7.64578021703,-28.1819481609,1351.87316008,,True,True,False,no_valid_Q,
V09,Z1,V09before_20170526_tanto_tanto_02_mono.wav,38,77824,79872,2048,False,analyzed_full_frame,0.9250394333,11.938928,0.40019,9.3509973842,-25.2654028995,1526.70456594,,True,True,False,no_valid_Q,
V09,Z1,V09before_20170526_tanto_tanto_02_mono.wav,39,79872,81920,2048,False,analyzed_full_frame,-1.974492953,11.239585,-0.684537,6.69870089369,-26.3807594499,1528.10841238,,True,True,False,no_valid_Q,
V09,Z1,V09before_20170526_tanto_tanto_02_mono.wav,40,81920,83968,2048,False,analyzed_full_frame,7.2525441,11.43461,9.309832,6.26027121594,-29.9832458123,1385.25691055,,True,True,False,no_valid_Q,
V09,Z1,V09before_20170526_tanto_tanto_02_mono.wav,41,83968,86016,2048,False,analyzed_full_frame,8.330792019,11.338191,7.948808,7.8682423875,-24.2913472768,1506.71160764,,True,True,False,no_valid_Q,
V09,Z1,V09before_20170526_tanto_tanto_02_mono.wav,42,86016,88064,2048,False,analyzed_full_frame,4.191540384,8.162677,4.060664,15.7346648536,-13.2951717511,2059.52968474,,True,True,False,no_valid_Q,
V09,Z1,V09before_20170526_tanto_tanto_02_mono.wav,43,88064,90112,2048,False,analyzed_full_frame,5.414875805,2.610303,4.895162,11.4141523814,-19.4086388432,2841.97917579,,True,True,False,no_valid_Q,
V09,Z1,V09before_20170526_tanto_tanto_02_mono.wav,44,90112,92160,2048,False,analyzed_full_frame,19.37159898,2.842843,-1.494957,6.98016062815,-31.1295876795,1665.72132951,,True,True,False,no_valid_Q,
V09,Z1,V09before_20170526_tanto_tanto_02_mono.wav,45,92160,94208,2048,False,analyzed_full_frame,26.21875519,5.008646,0.557096,4.01218816663,-35.971315771,1193.41212984,,True,True,False,no_valid_Q,
V09,Z1,V09before_20170526_tanto_tanto_02_mono.wav,46,94208,96256,2048,False,analyzed_full_frame,26.538345,6.82128,-4.178482,4.01621629612,-30.5721921137,1131.34040035,,True,True,False,no_valid_Q,
V09,Z1,V09before_20170526_tanto_tanto_02_mono.wav,47,96256,98304,2048,False,analyzed_full_frame,31.51535495,7.79674,-1.358379,2.48910130925,-35.8699402031,1056.37858594,,True,True,False,no_valid_Q,
V09,Z1,V09before_20170526_tanto_tanto_02_mono.wav,48,98304,100352,2048,False,analyzed_full_frame,27.44425557,9.725478,-4.088862,4.70267559736,-27.8255592859,1102.79487505,,True,True,False,no_valid_Q,
V09,Z1,V09before_20170526_tanto_tanto_02_mono.wav,49,100352,102400,2048,False,analyzed_full_frame,22.99562757,10.5346,-4.682656,9.83153063451,-25.0415065631,1137.89718103,40.5917759733,True,True,True,valid,
V09,Z1,V09before_20170526_tanto_tanto_02_mono.wav,50,102400,104448,2048,False,analyzed_full_frame,17.67217472,9.25826,-4.820473,16.5615895185,-18.8402825627,1398.63197845,28.8524191689,True,True,True,valid,
V09,Z1,V09before_20170526_tanto_tanto_02_mono.wav,51,104448,106496,2048,False,analyzed_full_frame,22.50698746,10.233188,6.808268,10.8589757913,-26.6784059389,1171.41561642,21.6503236668,True,True,True,valid,
V09,Z1,V09before_20170526_tanto_tanto_02_mono.wav,52,106496,108544,2048,False,analyzed_full_frame,18.80288206,10.465381,4.294603,14.5079207055,-20.9210142757,1232.82930213,32.8388313241,True,True,True,valid,
V09,Z1,V09before_20170526_tanto_tanto_02_mono.wav,53,108544,110592,2048,False,analyzed_full_frame,14.41128695,9.35291,4.17534,21.1706043487,-16.6186085831,1476.6228157,40.8851858101,True,True,True,valid,
V09,Z1,V09before_20170526_tanto_tanto_02_mono.wav,54,110592,112640,2048,False,analyzed_full_frame,16.44786016,9.244028,-5.085684,17.3884920126,-18.0192868555,1337.86412711,114.36336074,True,True,True,valid,
V09,Z1,V09before_20170526_tanto_tanto_02_mono.wav,55,112640,114688,2048,False,analyzed_full_frame,19.88859013,10.197489,6.4451,12.5839827688,-20.8645059273,1147.45536008,35.9024425439,True,True,True,valid,
V09,Z1,V09before_20170526_tanto_tanto_02_mono.wav,56,114688,116736,2048,False,analyzed_full_frame,19.97687975,10.792596,2.184266,12.0038794132,-21.414097019,1139.95756251,62.2066369063,True,True,True,valid,
V09,Z1,V09before_20170526_tanto_tanto_02_mono.wav,57,116736,118784,2048,False,analyzed_full_frame,17.58918522,10.224691,-4.897688,15.054003153,-20.5597783559,1339.67410938,25.8887093434,True,True,True,valid,
V09,Z1,V09before_20170526_tanto_tanto_02_mono.wav,58,118784,120832,2048,False,analyzed_full_frame,17.9646996,10.041806,-3.73923,14.7882502495,-18.4418485621,1307.06945081,40.6532006918,True,True,True,valid,
V09,Z1,V09before_20170526_tanto_tanto_02_mono.wav,59,120832,122880,2048,False,analyzed_full_frame,19.56375501,10.473531,4.082247,13.1722196366,-23.0153976935,1191.67315513,31.8814862267,True,True,True,valid,
V09,Z1,V09before_20170526_tanto_tanto_02_mono.wav,60,122880,124928,2048,False,analyzed_full_frame,18.51335058,9.065713,8.882538,14.1976218139,-24.3807225659,1248.91666249,33.6745042358,True,True,True,valid,
V09,Z1,V09before_20170526_tanto_tanto_02_mono.wav,61,124928,126976,2048,False,analyzed_full_frame,15.13622991,4.77239,-2.832133,14.8674230762,-18.7920230915,1437.39196991,22.9729509117,True,True,True,valid,
V09,Z1,V09before_20170526_tanto_tanto_02_mono.wav,62,126976,128682,1706,True,skipped_not_analyzed,,,,,,,,False,False,False,not_analyzed_short_final_frame,"Final partial frame has 1706 samples (<2048); recorded only, not analyzed."
V09,Z2,V09after_20190508_tanto_tanto_02_mono.wav,0,0,2048,2048,False,analyzed_full_frame,1.353680111,6.945815,1.989464,10.0987354617,-23.9376817171,2021.784151,,True,True,False,no_valid_Q,
V09,Z2,V09after_20190508_tanto_tanto_02_mono.wav,1,2048,4096,2048,False,analyzed_full_frame,-5.782260839,7.493327,-5.010464,5.21826526807,-29.9596173263,1580.9620256,,True,True,False,no_valid_Q,
V09,Z2,V09after_20190508_tanto_tanto_02_mono.wav,2,4096,6144,2048,False,analyzed_full_frame,-6.46692011,9.784654,-6.185259,6.12759621546,-27.7715329344,1472.66438745,,True,True,False,no_valid_Q,
V09,Z2,V09after_20190508_tanto_tanto_02_mono.wav,3,6144,8192,2048,False,analyzed_full_frame,-20.0667608,11.978688,-19.018431,14.0109975386,-19.9552998408,1779.66507015,18.6684547422,True,True,True,valid,
V09,Z2,V09after_20190508_tanto_tanto_02_mono.wav,4,8192,10240,2048,False,analyzed_full_frame,-5.080812821,11.022144,-4.527746,10.613491727,-17.4574726409,1479.98804275,7.87977945461,True,True,True,valid,
V09,Z2,V09after_20190508_tanto_tanto_02_mono.wav,5,10240,12288,2048,False,analyzed_full_frame,-5.510428586,15.621297,-3.72368,17.3686269681,-13.4934066428,1748.37215494,6.73171035541,True,True,True,valid,
V09,Z2,V09after_20190508_tanto_tanto_02_mono.wav,6,12288,14336,2048,False,analyzed_full_frame,-11.16963469,13.149358,-10.796033,12.4673828307,-18.1963974333,1653.18822962,5.94985392737,True,True,True,valid,
V09,Z2,V09after_20190508_tanto_tanto_02_mono.wav,7,14336,16384,2048,False,analyzed_full_frame,-14.83423677,15.011424,-14.837867,18.6082075333,-19.4667625269,1854.5438548,15.09070734,True,True,True,valid,
V09,Z2,V09after_20190508_tanto_tanto_02_mono.wav,8,16384,18432,2048,False,analyzed_full_frame,-0.3654948706,12.528603,1.827439,11.4037630261,-20.6869678561,1443.85593874,,True,True,False,no_valid_Q,
V09,Z2,V09after_20190508_tanto_tanto_02_mono.wav,9,18432,20480,2048,False,analyzed_full_frame,1.896943767,14.611745,3.460781,18.8673588417,-17.8609189647,1766.9513153,4.83617422585,True,True,True,valid,
V09,Z2,V09after_20190508_tanto_tanto_02_mono.wav,10,20480,22528,2048,False,analyzed_full_frame,-5.20892745,11.100149,-3.509498,8.42449806776,-24.5998116013,1434.71599229,,True,True,False,no_valid_Q,
V09,Z2,V09after_20190508_tanto_tanto_02_mono.wav,11,22528,24576,2048,False,analyzed_full_frame,-6.651698208,14.715879,-5.010449,23.5528190815,-14.6784332131,1906.74244209,8.55009670511,True,True,True,valid,
V09,Z2,V09after_20190508_tanto_tanto_02_mono.wav,12,24576,26624,2048,False,analyzed_full_frame,-3.959589458,11.649625,-3.143809,12.4864905353,-22.9071547685,1591.29891611,,True,True,False,no_valid_Q,
V09,Z2,V09after_20190508_tanto_tanto_02_mono.wav,13,26624,28672,2048,False,analyzed_full_frame,-3.185653226,13.202445,-0.849958,24.5260044417,-12.083623114,2026.90183936,11.7817561113,True,True,True,valid,
V09,Z2,V09after_20190508_tanto_tanto_02_mono.wav,14,28672,30720,2048,False,analyzed_full_frame,-8.92075348,12.670573,-7.71927,13.2008379749,-19.6855312157,1656.12627498,,True,True,False,no_valid_Q,
V09,Z2,V09after_20190508_tanto_tanto_02_mono.wav,15,30720,32768,2048,False,analyzed_full_frame,1.918680793,13.331911,1.500076,12.3953663272,-18.4406960815,1441.97969623,8.96483862059,True,True,True,valid,
V09,Z2,V09after_20190508_tanto_tanto_02_mono.wav,16,32768,34816,2048,False,analyzed_full_frame,-6.917416389,13.155501,-5.89134,17.2382096213,-16.425659581,1758.60972828,8.23821026657,True,True,True,valid,
V09,Z2,V09after_20190508_tanto_tanto_02_mono.wav,17,34816,36864,2048,False,analyzed_full_frame,1.011734607,13.573331,2.571002,21.4086678473,-13.1562685671,1861.88904702,11.6041584729,True,True,True,valid,
V09,Z2,V09after_20190508_tanto_tanto_02_mono.wav,18,36864,38912,2048,False,analyzed_full_frame,-8.643719368,13.029347,-6.726856,10.1780845326,-23.1707635542,1604.74592273,,True,True,False,no_valid_Q,
V09,Z2,V09after_20190508_tanto_tanto_02_mono.wav,19,38912,40960,2048,False,analyzed_full_frame,-13.20239101,14.450304,-13.574795,18.0343460367,-16.8602508776,1867.83553204,12.7933169837,True,True,True,valid,
V09,Z2,V09after_20190508_tanto_tanto_02_mono.wav,20,40960,43008,2048,False,analyzed_full_frame,-2.708645369,13.179813,-1.767392,13.4729813554,-19.3384701736,1633.04078021,,True,True,False,no_valid_Q,
V09,Z2,V09after_20190508_tanto_tanto_02_mono.wav,21,43008,45056,2048,False,analyzed_full_frame,5.012235668,14.840215,6.118062,15.860379156,-20.9948963412,1629.62102594,,True,True,False,no_valid_Q,
V09,Z2,V09after_20190508_tanto_tanto_02_mono.wav,22,45056,47104,2048,False,analyzed_full_frame,-2.353164306,13.655985,-0.350148,13.5836753404,-17.8420561634,1617.0010037,,True,True,False,no_valid_Q,
V09,Z2,V09after_20190508_tanto_tanto_02_mono.wav,23,47104,49152,2048,False,analyzed_full_frame,-7.536656796,13.684509,-6.235461,16.4930598762,-21.4553449061,1687.31750251,7.94661838354,True,True,True,valid,
V09,Z2,V09after_20190508_tanto_tanto_02_mono.wav,24,49152,51200,2048,False,analyzed_full_frame,-4.529894112,11.379802,-3.329001,9.77811896754,-25.3845728595,1496.09318389,,True,True,False,no_valid_Q,
V09,Z2,V09after_20190508_tanto_tanto_02_mono.wav,25,51200,53248,2048,False,analyzed_full_frame,4.551785156,14.756954,8.503577,16.6836125485,-21.8969628895,1747.53105851,,True,True,False,no_valid_Q,
V09,Z2,V09after_20190508_tanto_tanto_02_mono.wav,26,53248,55296,2048,False,analyzed_full_frame,-1.722358458,14.224827,-0.811029,12.4269655982,-17.7033880476,1548.47863246,,True,True,False,no_valid_Q,
V09,Z2,V09after_20190508_tanto_tanto_02_mono.wav,27,55296,57344,2048,False,analyzed_full_frame,-8.67848579,14.05259,-5.846156,23.5565361845,-12.8965118533,1957.44204469,12.5153829175,True,True,True,valid,
V09,Z2,V09after_20190508_tanto_tanto_02_mono.wav,28,57344,59392,2048,False,analyzed_full_frame,2.708308038,12.747767,6.328772,14.2282540225,-20.9564116599,1516.76638969,7.36392469655,True,True,True,valid,
V09,Z2,V09after_20190508_tanto_tanto_02_mono.wav,29,59392,61440,2048,False,analyzed_full_frame,1.41993338,13.005326,2.832654,15.1322401712,-19.5989549827,1617.54774331,,True,True,False,no_valid_Q,
V09,Z2,V09after_20190508_tanto_tanto_02_mono.wav,30,61440,63488,2048,False,analyzed_full_frame,0.2612826735,13.972263,1.111785,23.2335169488,-12.4924870561,1789.58474159,19.3646334785,True,True,True,valid,
V09,Z2,V09after_20190508_tanto_tanto_02_mono.wav,31,63488,65536,2048,False,analyzed_full_frame,-5.775874799,14.647238,-2.678319,26.4302866828,-10.4712341801,1964.90568165,16.9172546635,True,True,True,valid,
V09,Z2,V09after_20190508_tanto_tanto_02_mono.wav,32,65536,67584,2048,False,analyzed_full_frame,-3.619196557,13.71857,-1.530356,11.4637836033,-22.2820930534,1560.05713535,,True,True,False,no_valid_Q,
V09,Z2,V09after_20190508_tanto_tanto_02_mono.wav,33,67584,69632,2048,False,analyzed_full_frame,7.648725558,13.286157,11.209301,14.6881145846,-24.7245551188,1568.41084907,,True,True,False,no_valid_Q,
V09,Z2,V09after_20190508_tanto_tanto_02_mono.wav,34,69632,71680,2048,False,analyzed_full_frame,-6.05056871,14.410129,-3.5612,19.2633235204,-16.3613504123,1751.32502505,12.2295936125,True,True,True,valid,
V09,Z2,V09after_20190508_tanto_tanto_02_mono.wav,35,71680,73728,2048,False,analyzed_full_frame,-2.026973529,14.289692,0.789432,24.3455388628,-12.632494922,1802.46375714,26.986912219,True,True,True,valid,
V09,Z2,V09after_20190508_tanto_tanto_02_mono.wav,36,73728,75776,2048,False,analyzed_full_frame,-0.0958888577,12.97393,-0.656606,13.1537118098,-24.2235062831,1555.23140856,,True,True,False,no_valid_Q,
V09,Z2,V09after_20190508_tanto_tanto_02_mono.wav,37,75776,77824,2048,False,analyzed_full_frame,1.777521902,11.966253,3.445913,19.8895748482,-16.7572198059,1742.14932094,9.58567509877,True,True,True,valid,
V09,Z2,V09after_20190508_tanto_tanto_02_mono.wav,38,77824,79872,2048,False,analyzed_full_frame,2.989831221,12.781393,2.621637,12.9276060234,-26.5065156654,1511.73274048,,True,True,False,no_valid_Q,
V09,Z2,V09after_20190508_tanto_tanto_02_mono.wav,39,79872,81920,2048,False,analyzed_full_frame,3.201065535,12.435982,4.849194,21.4836554744,-18.30652847,1767.1635842,5.94132718831,True,True,True,valid,
V09,Z2,V09after_20190508_tanto_tanto_02_mono.wav,40,81920,83968,2048,False,analyzed_full_frame,-10.37876557,11.437415,-8.293522,20.0538369095,-18.4808569321,1952.62580081,,True,True,False,no_valid_Q,
V09,Z2,V09after_20190508_tanto_tanto_02_mono.wav,41,83968,86016,2048,False,analyzed_full_frame,5.723814147,11.358373,7.621548,17.2213691474,-23.0540743482,1730.11562291,,True,True,False,no_valid_Q,
V09,Z2,V09after_20190508_tanto_tanto_02_mono.wav,42,86016,88064,2048,False,analyzed_full_frame,13.59102458,12.024977,17.031677,17.1372603601,-25.9474626059,1756.69355922,8.34868910577,True,True,True,valid,
V09,Z2,V09after_20190508_tanto_tanto_02_mono.wav,43,88064,90112,2048,False,analyzed_full_frame,5.350261525,12.075074,7.952181,21.2940229031,-15.0936906029,1953.02512872,5.14668382393,True,True,True,valid,
V09,Z2,V09after_20190508_tanto_tanto_02_mono.wav,44,90112,92160,2048,False,analyzed_full_frame,-1.320268073,6.189788,-1.244762,25.4772743224,-14.4176245194,3860.53069451,,True,True,False,no_valid_Q,
V09,Z2,V09after_20190508_tanto_tanto_02_mono.wav,45,92160,94208,2048,False,analyzed_full_frame,10.50010155,6.267988,-28.787485,14.2645986486,-18.6349298254,2339.44233218,,True,True,False,no_valid_Q,
V09,Z2,V09after_20190508_tanto_tanto_02_mono.wav,46,94208,96256,2048,False,analyzed_full_frame,18.41806164,5.553621,-8.357808,9.01308604558,-32.6185410991,1654.64840153,,True,True,False,no_valid_Q,
V09,Z2,V09after_20190508_tanto_tanto_02_mono.wav,47,96256,98304,2048,False,analyzed_full_frame,26.58967429,4.59608,46.143175,6.98031320849,-37.0868478238,1560.76513032,,True,True,False,no_valid_Q,
V09,Z2,V09after_20190508_tanto_tanto_02_mono.wav,48,98304,100352,2048,False,analyzed_full_frame,30.53111311,6.543704,42.717855,4.29838055706,-39.8362708916,1339.78026613,,True,True,False,no_valid_Q,
V09,Z2,V09after_20190508_tanto_tanto_02_mono.wav,49,100352,102400,2048,False,analyzed_full_frame,31.65328176,8.37493,41.734194,3.56737859409,-37.8240832729,1258.71134315,,True,True,False,no_valid_Q,
V09,Z2,V09after_20190508_tanto_tanto_02_mono.wav,50,102400,104448,2048,False,analyzed_full_frame,23.19788587,9.975811,-9.920983,9.65761500454,-32.1644188053,1542.04563563,,True,True,False,no_valid_Q,
V09,Z2,V09after_20190508_tanto_tanto_02_mono.wav,51,104448,106496,2048,False,analyzed_full_frame,15.12164641,11.069534,-2.089429,19.6491277807,-16.1278123939,1668.57757159,26.4310302663,True,True,True,valid,
V09,Z2,V09after_20190508_tanto_tanto_02_mono.wav,52,106496,108544,2048,False,analyzed_full_frame,18.94933004,10.091874,7.018518,12.5812262249,-20.8051122758,1204.53098783,39.8019043878,True,True,True,valid,
V09,Z2,V09after_20190508_tanto_tanto_02_mono.wav,53,108544,110592,2048,False,analyzed_full_frame,16.69056669,11.180509,-0.644478,16.258266452,-15.4193021799,1380.05859169,46.4615465898,True,True,True,valid,
V09,Z2,V09after_20190508_tanto_tanto_02_mono.wav,54,110592,112640,2048,False,analyzed_full_frame,13.09995229,9.070995,18.858262,21.3418335942,-12.2918479914,1573.66864138,69.5643394488,True,True,True,valid,
V09,Z2,V09after_20190508_tanto_tanto_02_mono.wav,55,112640,114688,2048,False,analyzed_full_frame,14.7491771,9.610943,-7.309916,22.7540521811,-23.3099981219,1588.70182253,34.1096092184,True,True,True,valid,
V09,Z2,V09after_20190508_tanto_tanto_02_mono.wav,56,114688,116736,2048,False,analyzed_full_frame,15.78260008,9.962737,4.571591,19.037253776,-17.1884531429,1373.25491809,61.1032689634,True,True,True,valid,
V09,Z2,V09after_20190508_tanto_tanto_02_mono.wav,57,116736,118784,2048,False,analyzed_full_frame,15.45691117,9.580162,32.589624,22.0597498336,-19.7209649709,1575.67269107,62.5793991773,True,True,True,valid,
V09,Z2,V09after_20190508_tanto_tanto_02_mono.wav,58,118784,120832,2048,False,analyzed_full_frame,13.96777488,9.008494,27.840507,20.4733763272,-19.2063347422,1579.42917113,51.1382649019,True,True,True,valid,
V09,Z2,V09after_20190508_tanto_tanto_02_mono.wav,59,120832,122880,2048,False,analyzed_full_frame,13.39938477,9.93976,0.773586,20.8102159374,-14.3020124763,1439.26027333,51.1137230318,True,True,True,valid,
V09,Z2,V09after_20190508_tanto_tanto_02_mono.wav,60,122880,124928,2048,False,analyzed_full_frame,18.77058334,10.064674,-0.078432,14.4402286114,-18.9979226518,1271.26633284,45.6449549864,True,True,True,valid,
V09,Z2,V09after_20190508_tanto_tanto_02_mono.wav,61,124928,126976,2048,False,analyzed_full_frame,16.51258619,9.288444,-7.716653,18.8293610618,-19.1119532112,1512.09269895,34.3700936199,True,True,True,valid,
V09,Z2,V09after_20190508_tanto_tanto_02_mono.wav,62,126976,129024,2048,False,analyzed_full_frame,16.77675612,8.016853,-6.980975,16.9431633521,-20.0217557662,1477.36434322,23.4589892133,True,True,True,valid,
V09,Z2,V09after_20190508_tanto_tanto_02_mono.wav,63,129024,131072,2048,False,analyzed_full_frame,23.90597661,9.501522,4.842783,9.02319572886,-26.7964874463,1101.39039013,21.0430860336,True,True,True,valid,
V09,Z2,V09after_20190508_tanto_tanto_02_mono.wav,64,131072,133120,2048,False,analyzed_full_frame,23.07815782,9.041186,-0.408972,9.73701733438,-26.3684113108,1217.05306749,20.661122279,True,True,True,valid,
V09,Z2,V09after_20190508_tanto_tanto_02_mono.wav,65,133120,135168,2048,False,analyzed_full_frame,17.06982667,7.726458,-1.453278,14.2229280103,-17.0238956505,1470.12466967,24.1257191005,True,True,True,valid,
V09,Z2,V09after_20190508_tanto_tanto_02_mono.wav,66,135168,137216,2048,False,analyzed_full_frame,19.92380893,9.054634,-1.278226,11.2657828892,-21.9004160964,1462.84105213,11.4983406097,True,True,True,valid,
V09,Z2,V09after_20190508_tanto_tanto_02_mono.wav,67,137216,139264,2048,False,analyzed_full_frame,25.33859825,8.058314,1.193882,7.05026056573,-24.9093925327,1397.79681419,,True,True,False,no_valid_Q,
V09,Z2,V09after_20190508_tanto_tanto_02_mono.wav,68,139264,140723,1459,True,skipped_not_analyzed,,,,,,,,False,False,False,not_analyzed_short_final_frame,"Final partial frame has 1459 samples (<2048); recorded only, not analyzed."
V10,Z1,V10before_20220420_tanto_tanto_02_mono.wav,0,0,2048,2048,False,analyzed_full_frame,-14.34160728,2.270827,-22.176512,30.8915279001,-6.18973521318,5284.09838179,,True,True,False,no_valid_Q,
V10,Z1,V10before_20220420_tanto_tanto_02_mono.wav,1,2048,4096,2048,False,analyzed_full_frame,-18.14541031,3.455499,-19.083726,37.5407748635,-8.33818647905,4022.16573607,6.0617741626,True,True,True,valid,
V10,Z1,V10before_20220420_tanto_tanto_02_mono.wav,2,4096,6144,2048,False,analyzed_full_frame,-10.77094155,3.517516,,30.6103914942,-7.80286676345,3912.02552632,0.897275734863,False,True,True,valid,
V10,Z1,V10before_20220420_tanto_tanto_02_mono.wav,3,6144,8192,2048,False,analyzed_full_frame,4.398727146,6.836108,5.199183,8.57548390647,-31.9550122151,2107.40087228,,True,True,False,no_valid_Q,
V10,Z1,V10before_20220420_tanto_tanto_02_mono.wav,4,8192,10240,2048,False,analyzed_full_frame,3.51163105,6.967169,4.005107,2.6083525611,-41.0812816982,1360.57390977,,True,True,False,no_valid_Q,
V10,Z1,V10before_20220420_tanto_tanto_02_mono.wav,5,10240,12288,2048,False,analyzed_full_frame,-7.882006081,8.141595,-8.017017,2.61911141838,-41.5288920845,1504.50049674,,True,True,False,no_valid_Q,
V10,Z1,V10before_20220420_tanto_tanto_02_mono.wav,6,12288,14336,2048,False,analyzed_full_frame,-8.450369383,8.106117,-8.607635,4.20657495689,-33.9410092603,1558.82972472,,True,True,False,no_valid_Q,
V10,Z1,V10before_20220420_tanto_tanto_02_mono.wav,7,14336,16384,2048,False,analyzed_full_frame,3.343435477,9.48056,3.295875,5.33910146491,-29.6176973148,1322.89135123,,True,True,False,no_valid_Q,
V10,Z1,V10before_20220420_tanto_tanto_02_mono.wav,8,16384,18432,2048,False,analyzed_full_frame,1.005241867,12.177974,-1.656763,4.06115315192,-34.5331494121,1313.03092137,,True,True,False,no_valid_Q,
V10,Z1,V10before_20220420_tanto_tanto_02_mono.wav,9,18432,20480,2048,False,analyzed_full_frame,5.318767406,11.934155,8.104763,11.9241289982,-20.7964315999,1626.24338215,4.62679186442,True,True,True,valid,
V10,Z1,V10before_20220420_tanto_tanto_02_mono.wav,10,20480,22528,2048,False,analyzed_full_frame,-0.5723002742,11.735338,0.194106,9.17340061648,-24.0942124366,1436.77216167,,True,True,False,no_valid_Q,
V10,Z1,V10before_20220420_tanto_tanto_02_mono.wav,11,22528,24576,2048,False,analyzed_full_frame,2.143472843,11.419838,2.743582,6.02242086528,-31.2726234578,1384.75728208,,True,True,False,no_valid_Q,
V10,Z1,V10before_20220420_tanto_tanto_02_mono.wav,12,24576,26624,2048,False,analyzed_full_frame,-1.23337873,12.948135,-1.85492,5.99104473841,-25.0747492226,1385.16170581,,True,True,False,no_valid_Q,
V10,Z1,V10before_20220420_tanto_tanto_02_mono.wav,13,26624,28672,2048,False,analyzed_full_frame,1.991550341,12.741649,4.525702,13.0266692341,-21.1612155974,1621.83600009,6.64336261137,True,True,True,valid,
V10,Z1,V10before_20220420_tanto_tanto_02_mono.wav,14,28672,30720,2048,False,analyzed_full_frame,-3.967642415,11.910972,-2.200469,6.12956171263,-30.2510773057,1434.82590785,,True,True,False,no_valid_Q,
V10,Z1,V10before_20220420_tanto_tanto_02_mono.wav,15,30720,32768,2048,False,analyzed_full_frame,6.157403486,8.770663,6.83859,3.69380076877,-37.5326436332,1248.83070401,,True,True,False,no_valid_Q,
V10,Z1,V10before_20220420_tanto_tanto_02_mono.wav,16,32768,34816,2048,False,analyzed_full_frame,-10.32258091,12.442863,-9.207475,8.42862913712,-23.0310806647,1602.80284975,,True,True,False,no_valid_Q,
V10,Z1,V10before_20220420_tanto_tanto_02_mono.wav,17,34816,36864,2048,False,analyzed_full_frame,-4.093167377,11.06153,-3.672611,4.98374681594,-27.9764113614,1348.62280056,,True,True,False,no_valid_Q,
V10,Z1,V10before_20220420_tanto_tanto_02_mono.wav,18,36864,38912,2048,False,analyzed_full_frame,0.2533538354,12.977463,2.117772,5.08448856757,-32.1582053339,1373.05984759,,True,True,False,no_valid_Q,
V10,Z1,V10before_20220420_tanto_tanto_02_mono.wav,19,38912,40960,2048,False,analyzed_full_frame,0.931892116,9.548579,1.948137,3.55479235134,-34.1820968522,1254.5140805,,True,True,False,no_valid_Q,
V10,Z1,V10before_20220420_tanto_tanto_02_mono.wav,20,40960,43008,2048,False,analyzed_full_frame,-6.713662856,14.394956,-7.18244,10.4443378129,-21.3684180262,1588.91299009,,True,True,False,no_valid_Q,
V10,Z1,V10before_20220420_tanto_tanto_02_mono.wav,21,43008,45056,2048,False,analyzed_full_frame,-3.604734969,14.323785,-3.994061,9.27769839477,-21.2559753843,1541.06502999,,True,True,False,no_valid_Q,
V10,Z1,V10before_20220420_tanto_tanto_02_mono.wav,22,45056,47104,2048,False,analyzed_full_frame,-1.561385154,13.729311,-1.330376,8.78571503755,-27.9984016202,1492.15341871,,True,True,False,no_valid_Q,
V10,Z1,V10before_20220420_tanto_tanto_02_mono.wav,23,47104,49152,2048,False,analyzed_full_frame,7.477024986,11.753568,8.347509,5.02892807006,-33.7012430316,1237.5611284,,True,True,False,no_valid_Q,
V10,Z1,V10before_20220420_tanto_tanto_02_mono.wav,24,49152,51200,2048,False,analyzed_full_frame,0.04548218003,14.050177,0.238869,13.5453066391,-17.5093665025,1671.1493201,,True,True,False,no_valid_Q,
V10,Z1,V10before_20220420_tanto_tanto_02_mono.wav,25,51200,53248,2048,False,analyzed_full_frame,2.983926466,13.703768,5.81018,12.6936664519,-21.3749955405,1598.05987073,,True,True,False,no_valid_Q,
V10,Z1,V10before_20220420_tanto_tanto_02_mono.wav,26,53248,55296,2048,False,analyzed_full_frame,2.000148138,13.359308,4.878917,12.8098275316,-22.3353942478,1609.75904029,,True,True,False,no_valid_Q,
V10,Z1,V10before_20220420_tanto_tanto_02_mono.wav,27,55296,57344,2048,False,analyzed_full_frame,10.66280157,11.979797,13.616795,9.28708740148,-28.6716101186,1568.54529285,,True,True,False,no_valid_Q,
V10,Z1,V10before_20220420_tanto_tanto_02_mono.wav,28,57344,59392,2048,False,analyzed_full_frame,1.867627281,12.911361,4.554845,14.7938276572,-20.9711436296,1726.55886286,,True,True,False,no_valid_Q,
V10,Z1,V10before_20220420_tanto_tanto_02_mono.wav,29,59392,61440,2048,False,analyzed_full_frame,0.5288317125,12.107494,1.697417,13.339060451,-22.1714549923,1805.89926449,,True,True,False,no_valid_Q,
V10,Z1,V10before_20220420_tanto_tanto_02_mono.wav,30,61440,63488,2048,False,analyzed_full_frame,-1.376549872,8.877398,0.039318,18.8294363313,-17.9303217172,2897.61964171,,True,True,False,no_valid_Q,
V10,Z1,V10before_20220420_tanto_tanto_02_mono.wav,31,63488,65536,2048,False,analyzed_full_frame,7.578009562,6.234526,10.69167,12.2996198228,-22.1221156511,3288.91264967,,True,True,False,no_valid_Q,
V10,Z1,V10before_20220420_tanto_tanto_02_mono.wav,32,65536,67584,2048,False,analyzed_full_frame,-0.1833113538,3.39711,-0.817855,11.0722513541,-20.8592131295,2725.05727386,,True,True,False,no_valid_Q,
V10,Z1,V10before_20220420_tanto_tanto_02_mono.wav,33,67584,69632,2048,False,analyzed_full_frame,6.976541029,4.470251,1.373046,9.50685269974,-29.1077258802,2275.3289835,,True,True,False,no_valid_Q,
V10,Z1,V10before_20220420_tanto_tanto_02_mono.wav,34,69632,71680,2048,False,analyzed_full_frame,10.93652359,10.066166,-1.197007,19.1367868153,-15.8443424228,2019.74841029,10.9039322704,True,True,True,valid,
V10,Z1,V10before_20220420_tanto_tanto_02_mono.wav,35,71680,73728,2048,False,analyzed_full_frame,7.707241738,9.890511,-0.875999,22.2153994852,-10.9798476985,1969.99846407,21.0343405741,True,True,True,valid,
V10,Z1,V10before_20220420_tanto_tanto_02_mono.wav,36,73728,75776,2048,False,analyzed_full_frame,4.464312502,13.09022,0.94028,45.8463557865,-8.82422131807,2550.88780705,30.4511574114,True,True,True,valid,
V10,Z1,V10before_20220420_tanto_tanto_02_mono.wav,37,75776,77824,2048,False,analyzed_full_frame,3.042943648,12.858135,-9.165417,46.6019626406,-6.35083878596,2814.00024213,40.9013810573,True,True,True,valid,
V10,Z1,V10before_20220420_tanto_tanto_02_mono.wav,38,77824,79872,2048,False,analyzed_full_frame,6.534051884,11.589019,-2.548958,41.8588353467,-9.95927904691,2354.25362813,37.2200423841,True,True,True,valid,
V10,Z1,V10before_20220420_tanto_tanto_02_mono.wav,39,79872,81920,2048,False,analyzed_full_frame,5.925985553,11.600922,0.622915,35.3856191192,-8.3913135496,2296.57718554,28.0804369521,True,True,True,valid,
V10,Z1,V10before_20220420_tanto_tanto_02_mono.wav,40,81920,83968,2048,False,analyzed_full_frame,5.622717056,12.409316,-3.823329,41.3597993869,-7.38723140761,2384.22375915,35.296082661,True,True,True,valid,
V10,Z1,V10before_20220420_tanto_tanto_02_mono.wav,41,83968,86016,2048,False,analyzed_full_frame,5.235423539,13.095425,-5.518654,41.1640352239,-8.97308662226,2484.86221191,36.0927365709,True,True,True,valid,
V10,Z1,V10before_20220420_tanto_tanto_02_mono.wav,42,86016,88064,2048,False,analyzed_full_frame,4.875170714,11.542856,-3.767192,40.1568615289,-8.83071535068,2343.9971242,38.7093609742,True,True,True,valid,
V10,Z1,V10before_20220420_tanto_tanto_02_mono.wav,43,88064,90112,2048,False,analyzed_full_frame,5.044201804,11.773871,14.688486,34.8554454251,-14.2949309495,2203.06193721,16.7394874359,True,True,True,valid,
V10,Z1,V10before_20220420_tanto_tanto_02_mono.wav,44,90112,92160,2048,False,analyzed_full_frame,6.473842449,10.064108,-5.649353,35.8208394416,-12.13243998,2257.61312055,27.8692843068,True,True,True,valid,
V10,Z1,V10before_20220420_tanto_tanto_02_mono.wav,45,92160,92417,257,True,skipped_not_analyzed,,,,,,,,False,False,False,not_analyzed_short_final_frame,"Final partial frame has 257 samples (<2048); recorded only, not analyzed."
V10,Z2,V10after_20240501_tanto_tanto_02_mono.wav,0,0,2048,2048,False,analyzed_full_frame,-1.777471728,3.079482,-7.153773,21.3965646197,-14.0473969131,4630.93557115,,True,True,False,no_valid_Q,
V10,Z2,V10after_20240501_tanto_tanto_02_mono.wav,1,2048,4096,2048,False,analyzed_full_frame,-2.074588542,2.860617,-4.556201,22.0350057001,-14.7569959902,3721.05377623,,True,True,False,no_valid_Q,
V10,Z2,V10after_20240501_tanto_tanto_02_mono.wav,2,4096,6144,2048,False,analyzed_full_frame,-2.15720398,2.327826,-8.659605,20.3722340231,-19.3747813501,3387.0729773,,True,True,False,no_valid_Q,
V10,Z2,V10after_20240501_tanto_tanto_02_mono.wav,3,6144,8192,2048,False,analyzed_full_frame,-7.025600607,6.634815,-6.339863,4.80061122445,-34.4726534844,1682.39567805,,True,True,False,no_valid_Q,
V10,Z2,V10after_20240501_tanto_tanto_02_mono.wav,4,8192,10240,2048,False,analyzed_full_frame,-8.755633849,6.777662,-9.304112,5.08830674972,-30.941700344,1609.60815128,,True,True,False,no_valid_Q,
V10,Z2,V10after_20240501_tanto_tanto_02_mono.wav,5,10240,12288,2048,False,analyzed_full_frame,-14.0612446,7.474983,-14.50945,6.57799325796,-26.6355996226,1828.53697366,,True,True,False,no_valid_Q,
V10,Z2,V10after_20240501_tanto_tanto_02_mono.wav,6,12288,14336,2048,False,analyzed_full_frame,-12.13380432,9.343721,-12.154826,12.1288429166,-20.4361014076,2357.59084705,,True,True,False,no_valid_Q,
V10,Z2,V10after_20240501_tanto_tanto_02_mono.wav,7,14336,16384,2048,False,analyzed_full_frame,-10.45252352,10.546592,-9.558082,13.695327554,-21.7270754399,1889.81013841,4.31230217484,True,True,True,valid,
V10,Z2,V10after_20240501_tanto_tanto_02_mono.wav,8,16384,18432,2048,False,analyzed_full_frame,-8.968290145,8.74439,-7.602207,7.86881677493,-24.7768213871,1568.43618748,6.11564167833,True,True,True,valid,
V10,Z2,V10after_20240501_tanto_tanto_02_mono.wav,9,18432,20480,2048,False,analyzed_full_frame,-5.702103077,10.87545,-4.816621,9.57509085705,-24.538306755,1786.79936586,,True,True,False,no_valid_Q,
V10,Z2,V10after_20240501_tanto_tanto_02_mono.wav,10,20480,22528,2048,False,analyzed_full_frame,-9.641540777,12.584714,-5.757902,26.9599485287,-13.1425937658,2258.34761948,12.9435586838,True,True,True,valid,
V10,Z2,V10after_20240501_tanto_tanto_02_mono.wav,11,22528,24576,2048,False,analyzed_full_frame,-18.88319354,12.41729,-16.751999,14.7371422863,-23.1820139435,1874.94112111,12.6507518158,True,True,True,valid,
V10,Z2,V10after_20240501_tanto_tanto_02_mono.wav,12,24576,26624,2048,False,analyzed_full_frame,-11.26676893,10.699227,-11.172898,5.62841684376,-32.5647661941,1518.70639922,,True,True,False,no_valid_Q,
V10,Z2,V10after_20240501_tanto_tanto_02_mono.wav,13,26624,28672,2048,False,analyzed_full_frame,-13.21086055,11.637229,-13.098063,6.62041691377,-30.9785525583,1621.49526292,,True,True,False,no_valid_Q,
V10,Z2,V10after_20240501_tanto_tanto_02_mono.wav,14,28672,30720,2048,False,analyzed_full_frame,-12.41762098,12.668339,-11.270338,20.4584581922,-18.8769082477,2164.04613413,11.5498874499,True,True,True,valid,
V10,Z2,V10after_20240501_tanto_tanto_02_mono.wav,15,30720,32768,2048,False,analyzed_full_frame,-14.85945637,10.558623,-14.183376,10.6354750659,-26.8459730825,1688.72018367,,True,True,False,no_valid_Q,
V10,Z2,V10after_20240501_tanto_tanto_02_mono.wav,16,32768,34816,2048,False,analyzed_full_frame,-10.28627383,10.522809,-9.966207,4.76090242711,-34.3464338796,1459.90633693,,True,True,False,no_valid_Q,
V10,Z2,V10after_20240501_tanto_tanto_02_mono.wav,17,34816,36864,2048,False,analyzed_full_frame,-12.26606753,11.824491,-12.486081,6.45137640781,-29.8114072727,1578.07088464,,True,True,False,no_valid_Q,
V10,Z2,V10after_20240501_tanto_tanto_02_mono.wav,18,36864,38912,2048,False,analyzed_full_frame,-8.149601453,13.287552,-5.041676,18.4688172312,-18.9775365353,1955.19431018,5.37159090274,True,True,True,valid,
V10,Z2,V10after_20240501_tanto_tanto_02_mono.wav,19,38912,40960,2048,False,analyzed_full_frame,-10.82313274,12.359403,-8.127301,8.74979598771,-25.5902829878,1540.84168422,,True,True,False,no_valid_Q,
V10,Z2,V10after_20240501_tanto_tanto_02_mono.wav,20,40960,43008,2048,False,analyzed_full_frame,-9.026898004,9.667674,-8.777205,4.52521643167,-35.6921719068,1413.35217079,,True,True,False,no_valid_Q,
V10,Z2,V10after_20240501_tanto_tanto_02_mono.wav,21,43008,45056,2048,False,analyzed_full_frame,-13.56086031,12.37323,-13.104444,6.97299077313,-28.7852161388,1525.20822949,6.46904760583,True,True,True,valid,
V10,Z2,V10after_20240501_tanto_tanto_02_mono.wav,22,45056,47104,2048,False,analyzed_full_frame,-7.444501484,12.724189,-7.560357,19.3654497264,-14.2515886377,1960.30897895,9.41363815517,True,True,True,valid,
V10,Z2,V10after_20240501_tanto_tanto_02_mono.wav,23,47104,49152,2048,False,analyzed_full_frame,-13.98887522,11.97876,-12.585584,13.3830378492,-21.1203850235,1699.204339,9.17766817323,True,True,True,valid,
V10,Z2,V10after_20240501_tanto_tanto_02_mono.wav,24,49152,51200,2048,False,analyzed_full_frame,-7.29143307,10.968338,-6.608421,8.82409297601,-26.1546956513,1511.25698433,,True,True,False,no_valid_Q,
V10,Z2,V10after_20240501_tanto_tanto_02_mono.wav,25,51200,53248,2048,False,analyzed_full_frame,-9.14498225,13.178986,-7.461256,9.58872887637,-20.9692645913,1572.20024716,7.55548919556,True,True,True,valid,
V10,Z2,V10after_20240501_tanto_tanto_02_mono.wav,26,53248,55296,2048,False,analyzed_full_frame,-5.74902354,13.067561,-7.025347,18.8741456816,-18.1284794272,1867.12322332,10.9156197704,True,True,True,valid,
V10,Z2,V10after_20240501_tanto_tanto_02_mono.wav,27,55296,57344,2048,False,analyzed_full_frame,-8.020869685,12.649083,-7.310582,10.3327335271,-25.7532860738,1507.60091374,12.9845054296,True,True,True,valid,
V10,Z2,V10after_20240501_tanto_tanto_02_mono.wav,28,57344,59392,2048,False,analyzed_full_frame,-6.242349034,12.045648,-6.746055,17.3880434408,-16.5645600635,1753.28737856,9.8245130382,True,True,True,valid,
V10,Z2,V10after_20240501_tanto_tanto_02_mono.wav,29,59392,61440,2048,False,analyzed_full_frame,-4.548945308,13.863439,-2.946731,13.049108556,-19.8792231618,1662.21578396,5.21712492966,True,True,True,valid,
V10,Z2,V10after_20240501_tanto_tanto_02_mono.wav,30,61440,63488,2048,False,analyzed_full_frame,-8.9886208,12.041299,-8.585821,17.8481425635,-15.9674766945,1825.10083594,14.4867363155,True,True,True,valid,
V10,Z2,V10after_20240501_tanto_tanto_02_mono.wav,31,63488,65536,2048,False,analyzed_full_frame,-2.433609721,13.264956,-1.376419,11.4149517887,-22.7452666958,1686.22890776,,True,True,False,no_valid_Q,
V10,Z2,V10after_20240501_tanto_tanto_02_mono.wav,32,65536,67584,2048,False,analyzed_full_frame,-3.905067121,13.056119,-0.974304,11.3741229504,-24.0147240669,1613.75599019,,True,True,False,no_valid_Q,
V10,Z2,V10after_20240501_tanto_tanto_02_mono.wav,33,67584,69632,2048,False,analyzed_full_frame,1.696791135,13.229449,4.060818,19.8671040591,-18.720458112,1995.09807316,,True,True,False,no_valid_Q,
V10,Z2,V10after_20240501_tanto_tanto_02_mono.wav,34,69632,71680,2048,False,analyzed_full_frame,-1.657610987,12.661647,2.185485,14.6188356219,-16.0512742707,1604.7244455,11.5504563625,True,True,True,valid,
V10,Z2,V10after_20240501_tanto_tanto_02_mono.wav,35,71680,73728,2048,False,analyzed_full_frame,-2.666036273,6.245086,-3.131985,14.4357937148,-24.1477471271,3171.82709889,,True,True,False,no_valid_Q,
V10,Z2,V10after_20240501_tanto_tanto_02_mono.wav,36,73728,75776,2048,False,analyzed_full_frame,7.54922508,5.325339,24.270145,12.6567984291,-26.0999353598,2350.91559729,,True,True,False,no_valid_Q,
V10,Z2,V10after_20240501_tanto_tanto_02_mono.wav,37,75776,77824,2048,False,analyzed_full_frame,8.10437131,5.147864,11.479058,7.55569957493,-32.8651660676,1850.66338431,,True,True,False,no_valid_Q,
V10,Z2,V10after_20240501_tanto_tanto_02_mono.wav,38,77824,79872,2048,False,analyzed_full_frame,12.10158275,6.283857,9.739793,6.58456968155,-30.2075589681,1582.19705935,,True,True,False,no_valid_Q,
V10,Z2,V10after_20240501_tanto_tanto_02_mono.wav,39,79872,81920,2048,False,analyzed_full_frame,-0.7783911078,10.754691,7.232115,13.1926932299,-19.1523445736,1720.81144118,,True,True,False,no_valid_Q,
V10,Z2,V10after_20240501_tanto_tanto_02_mono.wav,40,81920,83968,2048,False,analyzed_full_frame,5.181890322,9.752919,11.004056,27.2895902306,-9.18801397599,2018.65738221,18.3683996692,True,True,True,valid,
V10,Z2,V10after_20240501_tanto_tanto_02_mono.wav,41,83968,86016,2048,False,analyzed_full_frame,-0.2229853725,12.305151,-1.600665,29.5251911787,-12.6026786407,2103.64409992,15.7977186023,True,True,True,valid,
V10,Z2,V10after_20240501_tanto_tanto_02_mono.wav,42,86016,88064,2048,False,analyzed_full_frame,9.497629683,10.602126,4.510302,31.1918455606,-12.9680070986,1975.51392674,24.1132993194,True,True,True,valid,
V10,Z2,V10after_20240501_tanto_tanto_02_mono.wav,43,88064,90112,2048,False,analyzed_full_frame,4.767403065,12.332297,9.142715,31.7864404345,-12.0803087686,2111.23598821,20.9518880181,True,True,True,valid,
V10,Z2,V10after_20240501_tanto_tanto_02_mono.wav,44,90112,92160,2048,False,analyzed_full_frame,3.576857392,12.006175,-2.6922,29.8258237546,-10.3657299014,1985.2086944,11.221214126,True,True,True,valid,
V10,Z2,V10after_20240501_tanto_tanto_02_mono.wav,45,92160,94208,2048,False,analyzed_full_frame,0.797508011,12.25668,0.004657,38.3452463541,-2.87128056179,2231.67146622,15.290278667,True,True,True,valid,
V10,Z2,V10after_20240501_tanto_tanto_02_mono.wav,46,94208,95747,1539,True,skipped_not_analyzed,,,,,,,,False,False,False,not_analyzed_short_final_frame,"Final partial frame has 1539 samples (<2048); recorded only, not analyzed."
V11,Z1,V11before_20220420_tanto_tanto_02_mono.wav,0,0,2048,2048,False,analyzed_full_frame,1.372660057,7.502162,3.137355,6.99567889581,-26.1834745727,2682.14478316,,True,True,False,no_valid_Q,
V11,Z1,V11before_20220420_tanto_tanto_02_mono.wav,1,2048,4096,2048,False,analyzed_full_frame,0.05486302825,11.033824,0.164792,16.2691737976,-14.4771327947,1897.46965152,,True,True,False,no_valid_Q,
V11,Z1,V11before_20220420_tanto_tanto_02_mono.wav,2,4096,6144,2048,False,analyzed_full_frame,-1.546202222,8.689881,-1.051172,10.2050287389,-21.0357435158,1626.64347058,9.41977323689,True,True,True,valid,
V11,Z1,V11before_20220420_tanto_tanto_02_mono.wav,3,6144,8192,2048,False,analyzed_full_frame,-15.02153464,9.002985,-15.042787,12.8606636707,-21.8376835109,1695.81731161,23.7087698853,True,True,True,valid,
V11,Z1,V11before_20220420_tanto_tanto_02_mono.wav,4,8192,10240,2048,False,analyzed_full_frame,1.357372799,11.165254,4.527544,15.4893949162,-16.7450865002,1582.43355514,34.8382503559,True,True,True,valid,
V11,Z1,V11before_20220420_tanto_tanto_02_mono.wav,5,10240,12288,2048,False,analyzed_full_frame,-6.137892032,13.13469,-5.644741,17.6466600285,-18.0970759021,1771.87669028,18.8004017478,True,True,True,valid,
V11,Z1,V11before_20220420_tanto_tanto_02_mono.wav,6,12288,14336,2048,False,analyzed_full_frame,-1.040077912,13.963365,-0.774569,13.9862709101,-19.2961411922,1687.60599823,20.6788463397,True,True,True,valid,
V11,Z1,V11before_20220420_tanto_tanto_02_mono.wav,7,14336,16384,2048,False,analyzed_full_frame,-2.371402571,13.41926,-3.458472,15.0412476348,-23.4846755661,1715.32932456,15.2569673714,True,True,True,valid,
V11,Z1,V11before_20220420_tanto_tanto_02_mono.wav,8,16384,18432,2048,False,analyzed_full_frame,-1.866100368,14.433555,0.662352,15.6309593829,-21.0013612034,1789.96883994,16.3246835803,True,True,True,valid,
V11,Z1,V11before_20220420_tanto_tanto_02_mono.wav,9,18432,20480,2048,False,analyzed_full_frame,-0.2688337744,11.251952,-1.09312,13.992265841,-15.6441826723,1642.82209835,15.7304375334,True,True,True,valid,
V11,Z1,V11before_20220420_tanto_tanto_02_mono.wav,10,20480,22528,2048,False,analyzed_full_frame,-4.02721257,12.644703,-2.355691,18.0933310095,-22.312859581,1852.92651779,20.3174807946,True,True,True,valid,
V11,Z1,V11before_20220420_tanto_tanto_02_mono.wav,11,22528,24576,2048,False,analyzed_full_frame,0.3104826343,13.585339,0.216306,13.1455222121,-22.9013559466,1658.71684644,12.9365948666,True,True,True,valid,
V11,Z1,V11before_20220420_tanto_tanto_02_mono.wav,12,24576,26624,2048,False,analyzed_full_frame,-1.508954864,13.364801,0.399866,25.9239207211,-12.8419576519,1998.73105784,28.2307410776,True,True,True,valid,
V11,Z1,V11before_20220420_tanto_tanto_02_mono.wav,13,26624,28672,2048,False,analyzed_full_frame,-3.366922556,15.729442,-2.247726,28.0769819869,-15.4949737944,2134.24738828,24.5226623583,True,True,True,valid,
V11,Z1,V11before_20220420_tanto_tanto_02_mono.wav,14,28672,30720,2048,False,analyzed_full_frame,-3.739019583,11.783139,-1.581267,15.3669437127,-21.345578267,1753.86733929,12.5076608669,True,True,True,valid,
V11,Z1,V11before_20220420_tanto_tanto_02_mono.wav,15,30720,32768,2048,False,analyzed_full_frame,-1.843778878,13.344998,-2.087933,31.4883872507,-13.5535168638,2188.72262616,16.1229869008,True,True,True,valid,
V11,Z1,V11before_20220420_tanto_tanto_02_mono.wav,16,32768,34816,2048,False,analyzed_full_frame,2.563262802,13.485685,4.983443,30.3889740328,-13.8046937984,2160.88934869,27.3932289068,True,True,True,valid,
V11,Z1,V11before_20220420_tanto_tanto_02_mono.wav,17,34816,36864,2048,False,analyzed_full_frame,0.3466049158,12.430047,-1.900069,16.1314774921,-21.6796687625,1705.73319145,11.364054989,True,True,True,valid,
V11,Z1,V11before_20220420_tanto_tanto_02_mono.wav,18,36864,38912,2048,False,analyzed_full_frame,-6.82179083,14.125598,-6.978542,24.8202179098,-21.5735234573,2008.51627226,24.6371483345,True,True,True,valid,
V11,Z1,V11before_20220420_tanto_tanto_02_mono.wav,19,38912,40960,2048,False,analyzed_full_frame,-1.330141574,13.151058,-0.007915,24.1413127263,-11.0991885085,1978.38964357,16.2299127076,True,True,True,valid,
V11,Z1,V11before_20220420_tanto_tanto_02_mono.wav,20,40960,43008,2048,False,analyzed_full_frame,-2.851896004,13.250626,-2.762337,20.493512215,-17.5301656392,1852.06458533,23.4740429317,True,True,True,valid,
V11,Z1,V11before_20220420_tanto_tanto_02_mono.wav,21,43008,45056,2048,False,analyzed_full_frame,-2.226292965,14.094456,-1.519567,25.8445237906,-15.8228244579,2012.06965332,37.9428006506,True,True,True,valid,
V11,Z1,V11before_20220420_tanto_tanto_02_mono.wav,22,45056,47104,2048,False,analyzed_full_frame,2.363003237,13.051788,3.351966,11.9711721549,-22.580838167,1540.36094057,11.5652761427,True,True,True,valid,
V11,Z1,V11before_20220420_tanto_tanto_02_mono.wav,23,47104,49152,2048,False,analyzed_full_frame,-2.613193728,14.789706,-0.660344,23.4349914086,-13.9166830385,1976.92313044,22.1623172902,True,True,True,valid,
V11,Z1,V11before_20220420_tanto_tanto_02_mono.wav,24,49152,51200,2048,False,analyzed_full_frame,0.4938775893,14.307268,2.570461,23.5516806009,-15.4200201963,1966.8851239,17.2451434153,True,True,True,valid,
V11,Z1,V11before_20220420_tanto_tanto_02_mono.wav,25,51200,53248,2048,False,analyzed_full_frame,-0.8550235396,13.327152,1.785973,28.775370147,-14.6038244239,2140.81391349,25.1912380052,True,True,True,valid,
V11,Z1,V11before_20220420_tanto_tanto_02_mono.wav,26,53248,55296,2048,False,analyzed_full_frame,-11.14929066,13.444872,-11.819528,25.5226357825,-18.3225953927,2171.12468518,26.0081973,True,True,True,valid,
V11,Z1,V11before_20220420_tanto_tanto_02_mono.wav,27,55296,57344,2048,False,analyzed_full_frame,0.1197979027,14.203819,1.163385,19.9958675788,-13.6497107194,1851.96278151,32.2802835153,True,True,True,valid,
V11,Z1,V11before_20220420_tanto_tanto_02_mono.wav,28,57344,59392,2048,False,analyzed_full_frame,3.074212552,14.019507,4.604142,19.8318028335,-17.654733889,1850.2649945,23.4347742552,True,True,True,valid,
V11,Z1,V11before_20220420_tanto_tanto_02_mono.wav,29,59392,61440,2048,False,analyzed_full_frame,1.49695465,12.429152,0.63124,13.1761321096,-22.5430376114,1710.00357067,10.1882128536,True,True,True,valid,
V11,Z1,V11before_20220420_tanto_tanto_02_mono.wav,30,61440,63488,2048,False,analyzed_full_frame,10.97492363,10.323837,18.029133,15.5740989044,-21.3539725756,1544.19141192,8.85915760501,True,True,True,valid,
V11,Z1,V11before_20220420_tanto_tanto_02_mono.wav,31,63488,65536,2048,False,analyzed_full_frame,5.604840646,8.212166,24.352735,13.5515329839,-20.549678778,1526.22251752,10.0601562191,True,True,True,valid,
V11,Z1,V11before_20220420_tanto_tanto_02_mono.wav,32,65536,67584,2048,False,analyzed_full_frame,8.441969257,7.070734,32.852005,14.4829568166,-17.6218257683,1599.67374126,10.05145159,True,True,True,valid,
V11,Z1,V11before_20220420_tanto_tanto_02_mono.wav,33,67584,69632,2048,False,analyzed_full_frame,12.3513794,6.791656,21.51804,14.6783838586,-22.2635497295,1598.5283179,12.9216786983,True,True,True,valid,
V11,Z1,V11before_20220420_tanto_tanto_02_mono.wav,34,69632,71680,2048,False,analyzed_full_frame,13.87192469,6.330142,25.013061,11.4122905151,-29.0933132846,1665.53387998,5.65923695892,True,True,True,valid,
V11,Z1,V11before_20220420_tanto_tanto_02_mono.wav,35,71680,73728,2048,False,analyzed_full_frame,8.452283305,6.267614,14.919741,11.4181803654,-21.7658604977,1939.75356835,8.6354029682,True,True,True,valid,
V11,Z1,V11before_20220420_tanto_tanto_02_mono.wav,36,73728,75776,2048,False,analyzed_full_frame,1.432166198,7.526477,4.186161,13.4813514537,-14.4697989062,2088.51966943,6.7452385895,True,True,True,valid,
V11,Z1,V11before_20220420_tanto_tanto_02_mono.wav,37,75776,77824,2048,False,analyzed_full_frame,9.514518371,10.430072,4.440882,12.5389797696,-20.4132220806,1734.42591195,4.26696355492,True,True,True,valid,
V11,Z1,V11before_20220420_tanto_tanto_02_mono.wav,38,77824,79872,2048,False,analyzed_full_frame,8.254780091,10.336051,3.521002,17.0531781006,-13.8744375251,2036.38942498,42.4262250114,True,True,True,valid,
V11,Z1,V11before_20220420_tanto_tanto_02_mono.wav,39,79872,81920,2048,False,analyzed_full_frame,4.707045366,11.159249,5.668679,40.0464645694,-8.14674639037,2469.28273717,71.4312186935,True,True,True,valid,
V11,Z1,V11before_20220420_tanto_tanto_02_mono.wav,40,81920,83968,2048,False,analyzed_full_frame,5.421543157,12.297053,7.437093,34.8477029094,-6.97400407141,2439.76101239,105.807823691,True,True,True,valid,
V11,Z1,V11before_20220420_tanto_tanto_02_mono.wav,41,83968,86016,2048,False,analyzed_full_frame,7.023737015,10.517944,-6.05307,36.9299860388,-11.6537053678,2259.87898156,45.8087766084,True,True,True,valid,
V11,Z1,V11before_20220420_tanto_tanto_02_mono.wav,42,86016,88064,2048,False,analyzed_full_frame,6.631431645,9.299349,7.874089,39.821979009,-11.9590322563,2250.32888718,36.3773842889,True,True,True,valid,
V11,Z1,V11before_20220420_tanto_tanto_02_mono.wav,43,88064,90112,2048,False,analyzed_full_frame,11.33702702,8.475069,13.898532,31.6067601555,-17.0766266259,2014.09562609,48.9410062936,True,True,True,valid,
V11,Z1,V11before_20220420_tanto_tanto_02_mono.wav,44,90112,92160,2048,False,analyzed_full_frame,4.815825233,7.85988,6.309866,39.1786576755,-9.48885577695,2306.92752794,41.1469995406,True,True,True,valid,
V11,Z1,V11before_20220420_tanto_tanto_02_mono.wav,45,92160,94208,2048,False,analyzed_full_frame,8.380222615,9.944266,-4.650879,30.1659531369,-14.3979054905,2058.54001187,44.4764813623,True,True,True,valid,
V11,Z1,V11before_20220420_tanto_tanto_02_mono.wav,46,94208,96256,2048,False,analyzed_full_frame,7.87990691,9.174321,11.041385,33.2537709666,-10.0224866231,2129.34035797,34.8978811521,True,True,True,valid,
V11,Z1,V11before_20220420_tanto_tanto_02_mono.wav,47,96256,98304,2048,False,analyzed_full_frame,4.892255104,10.316775,4.433908,39.5772272047,-6.73978976849,2347.05398562,73.9805378151,True,True,True,valid,
V11,Z1,V11before_20220420_tanto_tanto_02_mono.wav,48,98304,100352,2048,False,analyzed_full_frame,8.148256674,9.409065,-1.753946,22.3474363977,-15.6506470409,1932.07578722,37.5747543622,True,True,True,valid,
V11,Z1,V11before_20220420_tanto_tanto_02_mono.wav,49,100352,102400,2048,False,analyzed_full_frame,8.636300023,11.477314,-5.950221,19.8446225106,-16.7512568427,1887.02136872,41.2630895123,True,True,True,valid,
V11,Z1,V11before_20220420_tanto_tanto_02_mono.wav,50,102400,104448,2048,False,analyzed_full_frame,8.158990204,10.820411,8.754182,29.9287746933,-12.9017630938,2076.96721386,39.043855316,True,True,True,valid,
V11,Z1,V11before_20220420_tanto_tanto_02_mono.wav,51,104448,106496,2048,False,analyzed_full_frame,4.468503456,11.286928,-5.876189,27.8645815376,-11.8951818526,2161.75838131,66.6222301078,True,True,True,valid,
V11,Z1,V11before_20220420_tanto_tanto_02_mono.wav,52,106496,108063,1567,True,skipped_not_analyzed,,,,,,,,False,False,False,not_analyzed_short_final_frame,"Final partial frame has 1567 samples (<2048); recorded only, not analyzed."
V11,Z2,V11after_20240502_tanto_tanto_02_mono.wav,0,0,2048,2048,False,analyzed_full_frame,11.69309824,3.220867,1.159752,7.68866080835,-32.6991755169,3364.56588048,,True,True,False,no_valid_Q,
V11,Z2,V11after_20240502_tanto_tanto_02_mono.wav,1,2048,4096,2048,False,analyzed_full_frame,3.732826503,5.588841,5.804435,4.05591631712,-33.5753406922,1502.28492214,,True,True,False,no_valid_Q,
V11,Z2,V11after_20240502_tanto_tanto_02_mono.wav,2,4096,6144,2048,False,analyzed_full_frame,-12.24495305,11.213059,-11.724761,9.90726023316,-26.4978938539,1762.81995724,,True,True,False,no_valid_Q,
V11,Z2,V11after_20240502_tanto_tanto_02_mono.wav,3,6144,8192,2048,False,analyzed_full_frame,-9.821958783,11.420491,-9.665005,8.43973795751,-23.6955718507,1751.87655588,,True,True,False,no_valid_Q,
V11,Z2,V11after_20240502_tanto_tanto_02_mono.wav,4,8192,10240,2048,False,analyzed_full_frame,-12.02144637,10.040376,-13.995822,14.7300594149,-19.4278537188,1835.3350497,27.181748016,True,True,True,valid,
V11,Z2,V11after_20240502_tanto_tanto_02_mono.wav,5,10240,12288,2048,False,analyzed_full_frame,-3.070151753,11.348463,-2.632662,16.7006237597,-12.1380128154,1867.32347237,3.52015715817,True,True,True,valid,
V11,Z2,V11after_20240502_tanto_tanto_02_mono.wav,6,12288,14336,2048,False,analyzed_full_frame,-9.278639516,14.106336,-8.890993,12.7619991122,-25.0173700847,1799.00531611,,True,True,False,no_valid_Q,
V11,Z2,V11after_20240502_tanto_tanto_02_mono.wav,7,14336,16384,2048,False,analyzed_full_frame,-14.31582085,15.08451,-14.02841,24.1394576754,-19.8701999109,2108.61285051,11.3937588617,True,True,True,valid,
V11,Z2,V11after_20240502_tanto_tanto_02_mono.wav,8,16384,18432,2048,False,analyzed_full_frame,0.2955897117,12.732558,2.391676,10.5627992672,-27.1902902433,1524.70721,6.26762118294,True,True,True,valid,
V11,Z2,V11after_20240502_tanto_tanto_02_mono.wav,9,18432,20480,2048,False,analyzed_full_frame,5.569410157,13.726351,5.492339,14.5467897784,-24.4909076901,1664.83200215,3.80072170949,True,True,True,valid,
V11,Z2,V11after_20240502_tanto_tanto_02_mono.wav,10,20480,22528,2048,False,analyzed_full_frame,-0.619113874,12.462751,2.747724,17.5892964526,-18.7491191166,1798.66339732,16.2612881667,True,True,True,valid,
V11,Z2,V11after_20240502_tanto_tanto_02_mono.wav,11,22528,24576,2048,False,analyzed_full_frame,-7.672717878,15.361223,-8.308968,22.0980352307,-19.9097213196,1975.61834034,20.3229040395,True,True,True,valid,
V11,Z2,V11after_20240502_tanto_tanto_02_mono.wav,12,24576,26624,2048,False,analyzed_full_frame,0.2719926882,12.909334,3.596188,13.1203899499,-24.7634982732,1631.32894464,5.65675279126,True,True,True,valid,
V11,Z2,V11after_20240502_tanto_tanto_02_mono.wav,13,26624,28672,2048,False,analyzed_full_frame,-9.568167529,14.921624,-8.964793,21.1463274145,-21.4144743432,1989.72870817,10.6174841252,True,True,True,valid,
V11,Z2,V11after_20240502_tanto_tanto_02_mono.wav,14,28672,30720,2048,False,analyzed_full_frame,-2.048816903,13.96983,-1.955905,18.5040066783,-18.2355993837,1845.26572646,10.275555389,True,True,True,valid,
V11,Z2,V11after_20240502_tanto_tanto_02_mono.wav,15,30720,32768,2048,False,analyzed_full_frame,-7.260495622,13.275629,-4.441058,20.8826875265,-18.5337757501,2002.20666683,12.1946534609,True,True,True,valid,
V11,Z2,V11after_20240502_tanto_tanto_02_mono.wav,16,32768,34816,2048,False,analyzed_full_frame,5.159580726,12.078633,6.468624,12.5378739264,-26.8471508663,1554.53343483,,True,True,False,no_valid_Q,
V11,Z2,V11after_20240502_tanto_tanto_02_mono.wav,17,34816,36864,2048,False,analyzed_full_frame,-6.419976274,13.32121,-4.033112,19.5005410244,-16.1451193231,1863.21715542,14.1165788673,True,True,True,valid,
V11,Z2,V11after_20240502_tanto_tanto_02_mono.wav,18,36864,38912,2048,False,analyzed_full_frame,-9.036572619,14.509882,-7.653186,24.1375785172,-11.1546644739,2010.59754361,18.2081845214,True,True,True,valid,
V11,Z2,V11after_20240502_tanto_tanto_02_mono.wav,19,38912,40960,2048,False,analyzed_full_frame,1.426611825,13.19861,3.042017,12.0379890285,-27.3449129712,1493.33117132,7.16922234497,True,True,True,valid,
V11,Z2,V11after_20240502_tanto_tanto_02_mono.wav,20,40960,43008,2048,False,analyzed_full_frame,1.274760833,14.316306,2.869866,15.644168035,-21.1822126844,1691.54755088,7.09746460052,True,True,True,valid,
V11,Z2,V11after_20240502_tanto_tanto_02_mono.wav,21,43008,45056,2048,False,analyzed_full_frame,-1.379000554,13.356744,0.737731,17.0344023676,-14.6791481739,1779.62846278,10.135918926,True,True,True,valid,
V11,Z2,V11after_20240502_tanto_tanto_02_mono.wav,22,45056,47104,2048,False,analyzed_full_frame,-10.54638698,14.199413,-9.869528,20.77633254,-19.4693859151,1980.17249771,21.3219550155,True,True,True,valid,
V11,Z2,V11after_20240502_tanto_tanto_02_mono.wav,23,47104,49152,2048,False,analyzed_full_frame,3.721781947,13.236485,7.330835,13.1012163744,-27.4192119109,1580.64743716,4.41710276599,True,True,True,valid,
V11,Z2,V11after_20240502_tanto_tanto_02_mono.wav,24,49152,51200,2048,False,analyzed_full_frame,-9.045647624,13.723232,-9.042016,19.3369026571,-24.2695953237,1882.68292534,13.7056760023,True,True,True,valid,
V11,Z2,V11after_20240502_tanto_tanto_02_mono.wav,25,51200,53248,2048,False,analyzed_full_frame,-3.771260221,13.447321,-0.512112,19.9188169765,-14.3278412262,1852.11814455,11.6851825004,True,True,True,valid,
V11,Z2,V11after_20240502_tanto_tanto_02_mono.wav,26,53248,55296,2048,False,analyzed_full_frame,0.9843724073,13.528526,3.34561,17.3910097152,-22.1716609837,1681.43351137,10.1009037196,True,True,True,valid,
V11,Z2,V11after_20240502_tanto_tanto_02_mono.wav,27,55296,57344,2048,False,analyzed_full_frame,10.0297827,13.035223,10.797549,16.3186778841,-25.668732129,1616.8209854,3.62801682946,True,True,True,valid,
V11,Z2,V11after_20240502_tanto_tanto_02_mono.wav,28,57344,59392,2048,False,analyzed_full_frame,-6.789743148,12.165069,-4.167574,25.0648037727,-15.1675234685,1991.5567182,15.3109725608,True,True,True,valid,
V11,Z2,V11after_20240502_tanto_tanto_02_mono.wav,29,59392,61440,2048,False,analyzed_full_frame,-10.48275066,15.16925,-7.344755,32.0080989027,-12.8124749033,2290.79714091,15.9840247333,True,True,True,valid,
V11,Z2,V11after_20240502_tanto_tanto_02_mono.wav,30,61440,63488,2048,False,analyzed_full_frame,-2.216598701,13.271285,0.811063,16.5394306533,-17.3104027701,1748.75861736,5.39470611472,True,True,True,valid,
V11,Z2,V11after_20240502_tanto_tanto_02_mono.wav,31,63488,65536,2048,False,analyzed_full_frame,5.773325259,13.060127,6.44353,24.9349122196,-15.624351468,2071.5504073,13.4913287829,True,True,True,valid,
V11,Z2,V11after_20240502_tanto_tanto_02_mono.wav,32,65536,67584,2048,False,analyzed_full_frame,1.276913295,12.87093,2.654456,17.7710471718,-18.2358315781,1792.45210633,13.063079413,True,True,True,valid,
V11,Z2,V11after_20240502_tanto_tanto_02_mono.wav,33,67584,69632,2048,False,analyzed_full_frame,8.726588623,13.309131,9.879196,15.424366032,-23.6535035015,1589.21909883,7.92348244958,True,True,True,valid,
V11,Z2,V11after_20240502_tanto_tanto_02_mono.wav,34,69632,71680,2048,False,analyzed_full_frame,1.780938918,11.203173,1.388655,17.7664334976,-17.4137751175,1785.0275832,8.47085674616,True,True,True,valid,
V11,Z2,V11after_20240502_tanto_tanto_02_mono.wav,35,71680,73728,2048,False,analyzed_full_frame,4.044014069,10.918928,1.674383,12.3055124612,-16.4940326847,1535.6106305,4.98606527684,True,True,True,valid,
V11,Z2,V11after_20240502_tanto_tanto_02_mono.wav,36,73728,75776,2048,False,analyzed_full_frame,7.355661437,10.496008,6.757484,15.4901245903,-18.9448403989,1648.22458907,10.8164841794,True,True,True,valid,
V11,Z2,V11after_20240502_tanto_tanto_02_mono.wav,37,75776,77824,2048,False,analyzed_full_frame,3.610434131,8.214532,2.574121,19.0281591094,-12.4156601559,2910.26721001,,True,True,False,no_valid_Q,
V11,Z2,V11after_20240502_tanto_tanto_02_mono.wav,38,77824,79872,2048,False,analyzed_full_frame,6.698435595,5.917107,14.202307,12.3312944598,-20.3515470916,2438.96851983,,True,True,False,no_valid_Q,
V11,Z2,V11after_20240502_tanto_tanto_02_mono.wav,39,79872,81920,2048,False,analyzed_full_frame,19.4039778,7.549223,3.554686,7.23082898885,-27.3007477538,1554.53848007,,True,True,False,no_valid_Q,
V11,Z2,V11after_20240502_tanto_tanto_02_mono.wav,40,81920,83968,2048,False,analyzed_full_frame,19.519446,8.927626,1.026265,12.16823185,-24.2629210987,1662.53218052,3.25825125949,True,True,True,valid,
V11,Z2,V11after_20240502_tanto_tanto_02_mono.wav,41,83968,86016,2048,False,analyzed_full_frame,14.18277816,10.942555,1.602513,18.2893299946,-16.306587001,1925.45808678,15.1383023079,True,True,True,valid,
V11,Z2,V11after_20240502_tanto_tanto_02_mono.wav,42,86016,88064,2048,False,analyzed_full_frame,9.955978048,11.654889,8.499069,29.0558969946,-15.08964758,2114.57586882,30.0693870942,True,True,True,valid,
V11,Z2,V11after_20240502_tanto_tanto_02_mono.wav,43,88064,90112,2048,False,analyzed_full_frame,11.95125796,12.694305,-2.320697,22.4769114536,-15.6074773307,2044.74318039,14.4526032263,True,True,True,valid,
V11,Z2,V11after_20240502_tanto_tanto_02_mono.wav,44,90112,92160,2048,False,analyzed_full_frame,9.881381043,11.464554,1.893343,29.2424667289,-12.1763728665,2004.66403537,17.5653234181,True,True,True,valid,
V11,Z2,V11after_20240502_tanto_tanto_02_mono.wav,45,92160,94208,2048,False,analyzed_full_frame,13.10038431,10.407869,2.789291,25.7982099011,-16.6580580759,1900.85679808,17.665765865,True,True,True,valid,
V11,Z2,V11after_20240502_tanto_tanto_02_mono.wav,46,94208,96256,2048,False,analyzed_full_frame,8.917634823,11.046627,-1.072223,30.0045974478,-12.0101473781,2146.0216157,22.3370786565,True,True,True,valid,
V11,Z2,V11after_20240502_tanto_tanto_02_mono.wav,47,96256,98304,2048,False,analyzed_full_frame,9.22162273,11.686111,2.597287,33.5252906598,-13.4215266159,2217.13666292,29.7274315056,True,True,True,valid,
V11,Z2,V11after_20240502_tanto_tanto_02_mono.wav,48,98304,100352,2048,False,analyzed_full_frame,10.00659303,10.004986,-8.699942,31.5545249486,-17.9587881731,2235.98985001,17.6783934462,True,True,True,valid,
V11,Z2,V11after_20240502_tanto_tanto_02_mono.wav,49,100352,102400,2048,False,analyzed_full_frame,9.298519983,9.734752,-0.299366,33.9643822366,-11.6398938934,2200.18318877,26.6040434548,True,True,True,valid,
V11,Z2,V11after_20240502_tanto_tanto_02_mono.wav,50,102400,104448,2048,False,analyzed_full_frame,12.07102548,10.14513,0.888403,27.8054825953,-15.5452571654,2000.14503222,13.7762604323,True,True,True,valid,
V11,Z2,V11after_20240502_tanto_tanto_02_mono.wav,51,104448,106496,2048,False,analyzed_full_frame,10.61221349,10.606605,-4.818545,30.6735445567,-16.1230111361,2162.5711625,26.8038957123,True,True,True,valid,
V11,Z2,V11after_20240502_tanto_tanto_02_mono.wav,52,106496,106868,372,True,skipped_not_analyzed,,,,,,,,False,False,False,not_analyzed_short_final_frame,"Final partial frame has 372 samples (<2048); recorded only, not analyzed."
V12,Z1,V12before_20170508_tanto_tanto_02_mono.wav,0,0,2048,2048,False,analyzed_full_frame,19.54161716,2.066138,31.345702,4.35508386021,-27.274544983,1521.85646924,,True,True,False,no_valid_Q,
V12,Z1,V12before_20170508_tanto_tanto_02_mono.wav,1,2048,4096,2048,False,analyzed_full_frame,11.95426597,3.873614,11.317221,3.90128914097,-28.9396227149,992.452112253,,True,True,False,no_valid_Q,
V12,Z1,V12before_20170508_tanto_tanto_02_mono.wav,2,4096,6144,2048,False,analyzed_full_frame,10.58751136,1.870204,9.956305,3.13985712401,-31.1945093898,967.347034139,,True,True,False,no_valid_Q,
V12,Z1,V12before_20170508_tanto_tanto_02_mono.wav,3,6144,8192,2048,False,analyzed_full_frame,4.90178889,6.332868,4.861159,2.75250701375,-35.4230895773,1151.57526837,,True,True,False,no_valid_Q,
V12,Z1,V12before_20170508_tanto_tanto_02_mono.wav,4,8192,10240,2048,False,analyzed_full_frame,-3.271578502,7.766204,-1.429878,2.49230372825,-42.5055617085,1218.55391121,,True,True,False,no_valid_Q,
V12,Z1,V12before_20170508_tanto_tanto_02_mono.wav,5,10240,12288,2048,False,analyzed_full_frame,4.235972047,8.535993,4.12322,4.52278079395,-31.2974082558,1171.99194215,,True,True,False,no_valid_Q,
V12,Z1,V12before_20170508_tanto_tanto_02_mono.wav,6,12288,14336,2048,False,analyzed_full_frame,-6.398563104,9.319047,-6.278709,12.308648383,-23.0677796573,1661.76610074,11.5666030785,True,True,True,valid,
V12,Z1,V12before_20170508_tanto_tanto_02_mono.wav,7,14336,16384,2048,False,analyzed_full_frame,0.8587352913,9.307422,0.916442,9.01213382965,-24.2874521416,1396.38844732,5.36366518322,True,True,True,valid,
V12,Z1,V12before_20170508_tanto_tanto_02_mono.wav,8,16384,18432,2048,False,analyzed_full_frame,-3.782083433,9.257481,-3.814347,7.72222653303,-28.6633147701,1393.1010567,,True,True,False,no_valid_Q,
V12,Z1,V12before_20170508_tanto_tanto_02_mono.wav,9,18432,20480,2048,False,analyzed_full_frame,3.241802975,12.253289,4.317433,12.8480283393,-22.0127498665,1412.96157281,8.00306640463,True,True,True,valid,
V12,Z1,V12before_20170508_tanto_tanto_02_mono.wav,10,20480,22528,2048,False,analyzed_full_frame,-1.302534344,11.900869,-0.613377,15.4674298685,-13.4465236521,1484.65931271,18.4840542329,True,True,True,valid,
V12,Z1,V12before_20170508_tanto_tanto_02_mono.wav,11,22528,24576,2048,False,analyzed_full_frame,-5.882211329,12.548266,-5.078377,11.9668871259,-24.9398082296,1534.69656733,10.6360535237,True,True,True,valid,
V12,Z1,V12before_20170508_tanto_tanto_02_mono.wav,12,24576,26624,2048,False,analyzed_full_frame,2.193849881,13.234913,3.59837,12.4111738678,-22.211009112,1430.77819807,,True,True,False,no_valid_Q,
V12,Z1,V12before_20170508_tanto_tanto_02_mono.wav,13,26624,28672,2048,False,analyzed_full_frame,-2.285864181,13.453236,-1.905583,13.2462585252,-17.9380934909,1435.2913616,10.7171516594,True,True,True,valid,
V12,Z1,V12before_20170508_tanto_tanto_02_mono.wav,14,28672,30720,2048,False,analyzed_full_frame,-8.809445648,12.710187,-7.724137,14.3371768945,-23.5634051801,1628.56150232,8.63512081723,True,True,True,valid,
V12,Z1,V12before_20170508_tanto_tanto_02_mono.wav,15,30720,32768,2048,False,analyzed_full_frame,-2.474335113,13.911764,-1.284472,14.8347466129,-22.246492517,1572.04762852,8.84566488543,True,True,True,valid,
V12,Z1,V12before_20170508_tanto_tanto_02_mono.wav,16,32768,34816,2048,False,analyzed_full_frame,-3.873777845,11.140327,-3.560065,11.4806287748,-17.6077542336,1445.81836464,12.1142592811,True,True,True,valid,
V12,Z1,V12before_20170508_tanto_tanto_02_mono.wav,17,34816,36864,2048,False,analyzed_full_frame,-7.484623005,13.417315,-7.106456,9.92417412397,-27.9954255104,1503.60111253,,True,True,False,no_valid_Q,
V12,Z1,V12before_20170508_tanto_tanto_02_mono.wav,18,36864,38912,2048,False,analyzed_full_frame,-4.406813136,15.120444,-1.780321,26.9755271286,-10.2851893236,1978.31100659,15.0617631805,True,True,True,valid,
V12,Z1,V12before_20170508_tanto_tanto_02_mono.wav,19,38912,40960,2048,False,analyzed_full_frame,-8.292444994,13.492934,-5.669423,19.3495356649,-16.298802458,1823.68184,14.766661108,True,True,True,valid,
V12,Z1,V12before_20170508_tanto_tanto_02_mono.wav,20,40960,43008,2048,False,analyzed_full_frame,-1.564779851,14.168802,-2.105832,22.8700848594,-15.9408693304,1826.32748009,14.8667228033,True,True,True,valid,
V12,Z1,V12before_20170508_tanto_tanto_02_mono.wav,21,43008,45056,2048,False,analyzed_full_frame,-4.331401245,12.946451,-4.165132,8.37701516846,-26.4006440296,1398.08370092,,True,True,False,no_valid_Q,
V12,Z1,V12before_20170508_tanto_tanto_02_mono.wav,22,45056,47104,2048,False,analyzed_full_frame,-8.714235139,13.776588,-8.605792,15.3267036264,-18.1466009063,1628.05836939,16.4930861084,True,True,True,valid,
V12,Z1,V12before_20170508_tanto_tanto_02_mono.wav,23,47104,49152,2048,False,analyzed_full_frame,-2.581372919,12.105068,-2.080238,16.5863466555,-19.6321494213,1763.77259891,,True,True,False,no_valid_Q,
V12,Z1,V12before_20170508_tanto_tanto_02_mono.wav,24,49152,51200,2048,False,analyzed_full_frame,1.447536002,11.932045,2.272446,14.4049592994,-22.6924764075,1566.89592888,,True,True,False,no_valid_Q,
V12,Z1,V12before_20170508_tanto_tanto_02_mono.wav,25,51200,53248,2048,False,analyzed_full_frame,8.367675741,12.784723,8.931178,13.9769575932,-22.8165638977,1492.03244562,,True,True,False,no_valid_Q,
V12,Z1,V12before_20170508_tanto_tanto_02_mono.wav,26,53248,55296,2048,False,analyzed_full_frame,4.068072692,12.85513,6.12505,17.6061423923,-17.6427431059,1632.41037572,5.65500731063,True,True,True,valid,
V12,Z1,V12before_20170508_tanto_tanto_02_mono.wav,27,55296,57344,2048,False,analyzed_full_frame,5.639590001,11.409199,9.195672,18.837534635,-22.3506709191,1881.90807157,,True,True,False,no_valid_Q,
V12,Z1,V12before_20170508_tanto_tanto_02_mono.wav,28,57344,59392,2048,False,analyzed_full_frame,-2.063670338,11.883547,0.228147,23.3629029423,-13.4501972807,1986.14666616,,True,True,False,no_valid_Q,
V12,Z1,V12before_20170508_tanto_tanto_02_mono.wav,29,59392,61440,2048,False,analyzed_full_frame,6.62680341,11.968285,9.887184,16.5244800663,-24.6791595238,1577.42706503,,True,True,False,no_valid_Q,
V12,Z1,V12before_20170508_tanto_tanto_02_mono.wav,30,61440,63488,2048,False,analyzed_full_frame,6.229394277,11.059874,6.445001,21.1591079868,-17.5505348312,1751.57547457,,True,True,False,no_valid_Q,
V12,Z1,V12before_20170508_tanto_tanto_02_mono.wav,31,63488,65536,2048,False,analyzed_full_frame,-1.277777375,9.490096,1.013138,13.6205089435,-17.8437252229,1678.98764197,,True,True,False,no_valid_Q,
V12,Z1,V12before_20170508_tanto_tanto_02_mono.wav,32,65536,67584,2048,False,analyzed_full_frame,6.049331082,4.430821,4.385978,16.5335405119,-20.4087314076,3505.63622587,,True,True,False,no_valid_Q,
V12,Z1,V12before_20170508_tanto_tanto_02_mono.wav,33,67584,69632,2048,False,analyzed_full_frame,8.779468698,2.605046,17.501667,10.1497887031,-29.2614001539,2131.93135313,,True,True,False,no_valid_Q,
V12,Z1,V12before_20170508_tanto_tanto_02_mono.wav,34,69632,71680,2048,False,analyzed_full_frame,16.73913742,3.843896,-3.398976,7.01796880679,-33.3523535095,1565.54730716,,True,True,False,no_valid_Q,
V12,Z1,V12before_20170508_tanto_tanto_02_mono.wav,35,71680,73728,2048,False,analyzed_full_frame,25.95195998,4.788582,-3.687146,5.43080378921,-36.2808356919,1416.93287792,,True,True,False,no_valid_Q,
V12,Z1,V12before_20170508_tanto_tanto_02_mono.wav,36,73728,75776,2048,False,analyzed_full_frame,23.18169028,9.802593,10.334628,9.43267880113,-27.5833638458,1184.89042186,6.93654774228,True,True,True,valid,
V12,Z1,V12before_20170508_tanto_tanto_02_mono.wav,37,75776,77824,2048,False,analyzed_full_frame,16.5979678,11.4344,18.003025,16.0407418694,-19.4871939294,1584.72703458,26.429647762,True,True,True,valid,
V12,Z1,V12before_20170508_tanto_tanto_02_mono.wav,38,77824,79872,2048,False,analyzed_full_frame,16.74402264,12.12761,3.167611,15.2831612182,-16.6074030381,1714.35542362,9.93733055873,True,True,True,valid,
V12,Z1,V12before_20170508_tanto_tanto_02_mono.wav,39,79872,81920,2048,False,analyzed_full_frame,13.51769409,11.683091,-8.354269,23.0004491611,-16.6792800111,1929.46992292,24.430123903,True,True,True,valid,
V12,Z1,V12before_20170508_tanto_tanto_02_mono.wav,40,81920,83968,2048,False,analyzed_full_frame,14.37326327,11.173373,2.165167,22.9442879429,-17.1218931173,1787.04367642,16.9563167606,True,True,True,valid,
V12,Z1,V12before_20170508_tanto_tanto_02_mono.wav,41,83968,86016,2048,False,analyzed_full_frame,17.92075245,12.122515,1.134448,16.6782015403,-20.5969209137,1549.951429,13.690961075,True,True,True,valid,
V12,Z1,V12before_20170508_tanto_tanto_02_mono.wav,42,86016,88064,2048,False,analyzed_full_frame,15.05690446,8.852143,29.882206,25.6847899307,-21.2660529223,1950.77762553,19.9461835241,True,True,True,valid,
V12,Z1,V12before_20170508_tanto_tanto_02_mono.wav,43,88064,90112,2048,False,analyzed_full_frame,13.28107944,10.663073,4.657305,23.9017794779,-16.3048753353,1866.60863866,16.1725645627,True,True,True,valid,
V12,Z1,V12before_20170508_tanto_tanto_02_mono.wav,44,90112,92160,2048,False,analyzed_full_frame,13.11585294,11.079809,-5.665709,26.8155905517,-16.6083002021,2040.40139772,15.4427430426,True,True,True,valid,
V12,Z1,V12before_20170508_tanto_tanto_02_mono.wav,45,92160,92689,529,True,skipped_not_analyzed,,,,,,,,False,False,False,not_analyzed_short_final_frame,"Final partial frame has 529 samples (<2048); recorded only, not analyzed."
V12,Z2,V12after_20190408_tanto_tanto_02_mono.wav,0,0,2048,2048,False,analyzed_full_frame,4.928669723,2.857707,4.948635,8.46919744857,-26.9698659469,1292.32201943,,True,True,False,no_valid_Q,
V12,Z2,V12after_20190408_tanto_tanto_02_mono.wav,1,2048,4096,2048,False,analyzed_full_frame,-2.741784707,6.069,-3.330716,4.18629896112,-32.4513551983,1189.84254235,,True,True,False,no_valid_Q,
V12,Z2,V12after_20190408_tanto_tanto_02_mono.wav,2,4096,6144,2048,False,analyzed_full_frame,1.843033488,5.053926,2.065432,4.13168157734,-36.644175256,1123.05399917,,True,True,False,no_valid_Q,
V12,Z2,V12after_20190408_tanto_tanto_02_mono.wav,3,6144,8192,2048,False,analyzed_full_frame,1.038751944,7.73044,1.114806,3.40703216826,-31.2003267422,1114.10393879,,True,True,False,no_valid_Q,
V12,Z2,V12after_20190408_tanto_tanto_02_mono.wav,4,8192,10240,2048,False,analyzed_full_frame,9.752347348,8.196241,9.198999,4.3933030388,-34.9631603747,1019.77090634,,True,True,False,no_valid_Q,
V12,Z2,V12after_20190408_tanto_tanto_02_mono.wav,5,10240,12288,2048,False,analyzed_full_frame,5.567463297,9.548704,5.598368,5.50876443938,-29.2616067622,1059.00099131,,True,True,False,no_valid_Q,
V12,Z2,V12after_20190408_tanto_tanto_02_mono.wav,6,12288,14336,2048,False,analyzed_full_frame,7.894021187,11.266414,7.892657,11.7483522697,-22.4430823913,1257.09446772,11.3695747098,True,True,True,valid,
V12,Z2,V12after_20190408_tanto_tanto_02_mono.wav,7,14336,16384,2048,False,analyzed_full_frame,3.854729884,11.498107,3.97226,7.50939620287,-24.6981067557,1228.06931502,8.00483430272,True,True,True,valid,
V12,Z2,V12after_20190408_tanto_tanto_02_mono.wav,8,16384,18432,2048,False,analyzed_full_frame,3.8458912,12.053235,4.012285,4.57432497124,-36.1866117489,1122.35387714,,True,True,False,no_valid_Q,
V12,Z2,V12after_20190408_tanto_tanto_02_mono.wav,9,18432,20480,2048,False,analyzed_full_frame,6.091246963,13.948062,6.332503,11.8796559746,-21.5180471299,1297.3641382,5.48633881549,True,True,True,valid,
V12,Z2,V12after_20190408_tanto_tanto_02_mono.wav,10,20480,22528,2048,False,analyzed_full_frame,1.771413057,13.846868,1.578714,11.052500895,-22.9183450286,1315.57378103,12.8896782984,True,True,True,valid,
V12,Z2,V12after_20190408_tanto_tanto_02_mono.wav,11,22528,24576,2048,False,analyzed_full_frame,-1.235275645,14.396754,-0.269962,11.1663993841,-22.363925254,1376.90520145,6.74084248964,True,True,True,valid,
V12,Z2,V12after_20190408_tanto_tanto_02_mono.wav,12,24576,26624,2048,False,analyzed_full_frame,2.030585378,12.089404,2.58889,9.20163589149,-26.361064104,1344.29225664,,True,True,False,no_valid_Q,
V12,Z2,V12after_20190408_tanto_tanto_02_mono.wav,13,26624,28672,2048,False,analyzed_full_frame,2.226822678,11.130784,2.655781,9.47677463441,-22.85591358,1270.73303048,7.09519966378,True,True,True,valid,
V12,Z2,V12after_20190408_tanto_tanto_02_mono.wav,14,28672,30720,2048,False,analyzed_full_frame,-0.8481660646,14.421881,-0.451213,10.82109524,-20.5683613359,1398.49073301,9.42361802009,True,True,True,valid,
V12,Z2,V12after_20190408_tanto_tanto_02_mono.wav,15,30720,32768,2048,False,analyzed_full_frame,2.810373277,14.303678,4.361201,13.6773964104,-25.6006051612,1417.85808467,8.33110220369,True,True,True,valid,
V12,Z2,V12after_20190408_tanto_tanto_02_mono.wav,16,32768,34816,2048,False,analyzed_full_frame,0.5482773335,13.856334,0.660839,10.0903915443,-25.8067611264,1375.71133554,5.26327622377,True,True,True,valid,
V12,Z2,V12after_20190408_tanto_tanto_02_mono.wav,17,34816,36864,2048,False,analyzed_full_frame,3.078823377,13.55148,5.380686,9.7651008851,-26.1874399794,1294.30520316,,True,True,False,no_valid_Q,
V12,Z2,V12after_20190408_tanto_tanto_02_mono.wav,18,36864,38912,2048,False,analyzed_full_frame,2.702996283,13.149317,5.059008,13.8777161668,-21.4715596972,1442.80667459,9.18297775016,True,True,True,valid,
V12,Z2,V12after_20190408_tanto_tanto_02_mono.wav,19,38912,40960,2048,False,analyzed_full_frame,1.474321697,13.534622,-0.219792,11.4224889039,-21.5402956338,1392.023739,3.9760731622,True,True,True,valid,
V12,Z2,V12after_20190408_tanto_tanto_02_mono.wav,20,40960,43008,2048,False,analyzed_full_frame,0.01657165839,14.071396,0.547496,16.1660073585,-21.8037686139,1628.41252885,10.6247610624,True,True,True,valid,
V12,Z2,V12after_20190408_tanto_tanto_02_mono.wav,21,43008,45056,2048,False,analyzed_full_frame,1.07087812,14.119617,1.486558,12.9757058961,-18.4157624237,1564.46195704,4.51822744805,True,True,True,valid,
V12,Z2,V12after_20190408_tanto_tanto_02_mono.wav,22,45056,47104,2048,False,analyzed_full_frame,-1.594705113,13.14175,-0.727372,17.081314191,-23.7084066777,1729.15516912,7.65429900134,True,True,True,valid,
V12,Z2,V12after_20190408_tanto_tanto_02_mono.wav,23,47104,49152,2048,False,analyzed_full_frame,3.680242966,11.279457,5.671735,16.8685946602,-22.502736943,1644.69714569,5.91661559275,True,True,True,valid,
V12,Z2,V12after_20190408_tanto_tanto_02_mono.wav,24,49152,51200,2048,False,analyzed_full_frame,3.672181001,11.136546,2.307985,14.951726046,-18.327710016,1627.91117169,7.65639302736,True,True,True,valid,
V12,Z2,V12after_20190408_tanto_tanto_02_mono.wav,25,51200,53248,2048,False,analyzed_full_frame,-0.4189705059,11.287514,1.250382,15.9706500468,-19.8814413665,1620.83114466,,True,True,False,no_valid_Q,
V12,Z2,V12after_20190408_tanto_tanto_02_mono.wav,26,53248,55296,2048,False,analyzed_full_frame,-7.946466084,9.221845,-7.993014,18.1271679948,-20.1195385503,1808.91650451,13.5987599408,True,True,True,valid,
V12,Z2,V12after_20190408_tanto_tanto_02_mono.wav,27,55296,57344,2048,False,analyzed_full_frame,-0.2119392691,10.140339,-2.964697,12.8073374838,-21.7452893263,1669.41902111,7.42504042552,True,True,True,valid,
V12,Z2,V12after_20190408_tanto_tanto_02_mono.wav,28,57344,59392,2048,False,analyzed_full_frame,10.11433759,5.175467,19.907573,17.6568799222,-23.2985513004,1691.54274494,4.24670757301,True,True,True,valid,
V12,Z2,V12after_20190408_tanto_tanto_02_mono.wav,29,59392,61440,2048,False,analyzed_full_frame,12.37612729,6.517066,13.986982,14.7776963374,-20.6805936547,1511.48724797,11.2625095154,True,True,True,valid,
V12,Z2,V12after_20190408_tanto_tanto_02_mono.wav,30,61440,63488,2048,False,analyzed_full_frame,14.38032773,7.473395,15.718343,13.6836729339,-21.8724268548,1496.25256233,13.8900334863,True,True,True,valid,
V12,Z2,V12after_20190408_tanto_tanto_02_mono.wav,31,63488,65536,2048,False,analyzed_full_frame,21.01663865,9.471334,-3.347558,10.767978443,-24.2057105701,1468.1599257,4.65469677547,True,True,True,valid,
V12,Z2,V12after_20190408_tanto_tanto_02_mono.wav,32,65536,67584,2048,False,analyzed_full_frame,16.12129512,11.686731,1.904199,16.0113318135,-16.7663915937,1751.50180468,6.91469417948,True,True,True,valid,
V12,Z2,V12after_20190408_tanto_tanto_02_mono.wav,33,67584,69632,2048,False,analyzed_full_frame,17.34257541,8.905598,-9.852793,16.6763838789,-19.7247345662,1857.84002278,13.2876571982,True,True,True,valid,
V12,Z2,V12after_20190408_tanto_tanto_02_mono.wav,34,69632,71680,2048,False,analyzed_full_frame,18.2346567,5.186176,-6.754074,16.1179990497,-18.2628072629,1847.76727767,8.13980094865,True,True,True,valid,
V12,Z2,V12after_20190408_tanto_tanto_02_mono.wav,35,71680,73728,2048,False,analyzed_full_frame,12.08236678,7.621952,7.033402,27.1408625035,-15.5523027316,2223.86759787,17.9084527831,True,True,True,valid,
V12,Z2,V12after_20190408_tanto_tanto_02_mono.wav,36,73728,75776,2048,False,analyzed_full_frame,20.40614305,8.408639,-6.909173,15.349581973,-23.5161282277,1665.09490789,6.41449936523,True,True,True,valid,
V12,Z2,V12after_20190408_tanto_tanto_02_mono.wav,37,75776,77824,2048,False,analyzed_full_frame,14.11346576,10.359845,-7.930962,23.9189010702,-18.1330369474,2042.66000351,16.9255752718,True,True,True,valid,
V12,Z2,V12after_20190408_tanto_tanto_02_mono.wav,38,77824,79872,2048,False,analyzed_full_frame,14.87570739,10.546814,-2.396934,21.2977776014,-16.5882684477,1777.4098009,15.6794204955,True,True,True,valid,
V12,Z2,V12after_20190408_tanto_tanto_02_mono.wav,39,79872,81380,1508,True,skipped_not_analyzed,,,,,,,,False,False,False,not_analyzed_short_final_frame,"Final partial frame has 1508 samples (<2048); recorded only, not analyzed."
V13,Z1,V13before_20170508_tanto_tanto_02_mono.wav,0,0,2048,2048,False,analyzed_full_frame,5.066540297,6.029971,7.258931,9.29755174795,-21.9094154744,2294.73412219,,True,True,False,no_valid_Q,
V13,Z1,V13before_20170508_tanto_tanto_02_mono.wav,1,2048,4096,2048,False,analyzed_full_frame,10.0993484,8.30931,11.983034,4.57198479034,-38.5527247263,1797.26303899,,True,True,False,no_valid_Q,
V13,Z1,V13before_20170508_tanto_tanto_02_mono.wav,2,4096,6144,2048,False,analyzed_full_frame,3.619478046,8.454321,3.259095,6.30366590877,-23.9211000355,1946.20097615,,True,True,False,no_valid_Q,
V13,Z1,V13before_20170508_tanto_tanto_02_mono.wav,3,6144,8192,2048,False,analyzed_full_frame,-8.26340606,8.23039,-8.161211,8.42952356031,-27.7965384262,2040.8468962,,True,True,False,no_valid_Q,
V13,Z1,V13before_20170508_tanto_tanto_02_mono.wav,4,8192,10240,2048,False,analyzed_full_frame,-14.0949937,11.294921,-14.409578,6.89932094645,-30.7721024679,1634.15760238,7.44517713994,True,True,True,valid,
V13,Z1,V13before_20170508_tanto_tanto_02_mono.wav,5,10240,12288,2048,False,analyzed_full_frame,0.2353938856,12.468328,2.313236,11.3609828759,-15.1108026619,1657.06715408,31.8678732403,True,True,True,valid,
V13,Z1,V13before_20170508_tanto_tanto_02_mono.wav,6,12288,14336,2048,False,analyzed_full_frame,-13.02575116,13.682547,-14.182279,17.2925862718,-22.796893551,1940.18362757,31.8923185088,True,True,True,valid,
V13,Z1,V13before_20170508_tanto_tanto_02_mono.wav,7,14336,16384,2048,False,analyzed_full_frame,-5.123118746,12.713638,-1.887537,10.7777312445,-15.911046935,1570.38853086,26.7705117949,True,True,True,valid,
V13,Z1,V13before_20170508_tanto_tanto_02_mono.wav,8,16384,18432,2048,False,analyzed_full_frame,-6.151836697,13.461067,-5.046964,17.9969972573,-15.6413591201,1789.31258775,35.0842338991,True,True,True,valid,
V13,Z1,V13before_20170508_tanto_tanto_02_mono.wav,9,18432,20480,2048,False,analyzed_full_frame,-7.681082368,13.217742,-5.142049,23.5706957537,-9.51183647769,1894.46626042,139.746327327,True,True,True,valid,
V13,Z1,V13before_20170508_tanto_tanto_02_mono.wav,10,20480,22528,2048,False,analyzed_full_frame,-3.190678829,12.386905,-1.372978,27.0107696707,-7.75810693919,2028.95275992,71.6418805271,True,True,True,valid,
V13,Z1,V13before_20170508_tanto_tanto_02_mono.wav,11,22528,24576,2048,False,analyzed_full_frame,-1.796346385,10.724733,1.769517,24.2908694226,-16.4991188332,1977.07395263,29.6188589642,True,True,True,valid,
V13,Z1,V13before_20170508_tanto_tanto_02_mono.wav,12,24576,26624,2048,False,analyzed_full_frame,-5.193754389,13.285127,-4.053995,26.8431101978,-12.7051705293,1987.83111501,38.1926993225,True,True,True,valid,
V13,Z1,V13before_20170508_tanto_tanto_02_mono.wav,13,26624,28672,2048,False,analyzed_full_frame,-7.764735268,13.153251,-6.668221,32.3110705615,-9.56799880565,2086.29130447,18.5770190856,True,True,True,valid,
V13,Z1,V13before_20170508_tanto_tanto_02_mono.wav,14,28672,30720,2048,False,analyzed_full_frame,-10.85195569,14.111782,-10.923954,33.4385525173,-9.05623600548,2193.19794373,30.6660951258,True,True,True,valid,
V13,Z1,V13before_20170508_tanto_tanto_02_mono.wav,15,30720,32768,2048,False,analyzed_full_frame,-6.608312998,11.65311,-4.528071,27.3082582552,-13.7532144485,2066.1677947,28.0283912907,True,True,True,valid,
V13,Z1,V13before_20170508_tanto_tanto_02_mono.wav,16,32768,34816,2048,False,analyzed_full_frame,-11.06597078,11.911879,-9.19064,24.0464354868,-17.5434194616,1914.34280723,53.4215748673,True,True,True,valid,
V13,Z1,V13before_20170508_tanto_tanto_02_mono.wav,17,34816,36864,2048,False,analyzed_full_frame,-10.53197055,13.36317,-7.910559,35.9612158957,-8.62663394393,2185.2280781,16.9018547019,True,True,True,valid,
V13,Z1,V13before_20170508_tanto_tanto_02_mono.wav,18,36864,38912,2048,False,analyzed_full_frame,-10.0047453,14.175793,-7.214183,32.7613978142,-10.7234896429,2137.46942959,16.5869207619,True,True,True,valid,
V13,Z1,V13before_20170508_tanto_tanto_02_mono.wav,19,38912,40960,2048,False,analyzed_full_frame,-7.170058775,12.792931,-5.594536,26.3332464973,-12.9060758582,1959.86630023,36.3173282362,True,True,True,valid,
V13,Z1,V13before_20170508_tanto_tanto_02_mono.wav,20,40960,43008,2048,False,analyzed_full_frame,-10.4569881,12.512426,-8.603215,20.6510719302,-19.2248687316,1799.68077365,22.1428255062,True,True,True,valid,
V13,Z1,V13before_20170508_tanto_tanto_02_mono.wav,21,43008,45056,2048,False,analyzed_full_frame,-10.48454606,14.483841,-9.575508,25.1413586641,-16.1950038791,1916.83113006,12.5483626115,True,True,True,valid,
V13,Z1,V13before_20170508_tanto_tanto_02_mono.wav,22,45056,47104,2048,False,analyzed_full_frame,-0.2786198477,15.050321,2.756854,33.802561743,-10.7388784538,2205.62695518,15.0782698304,True,True,True,valid,
V13,Z1,V13before_20170508_tanto_tanto_02_mono.wav,23,47104,49152,2048,False,analyzed_full_frame,-13.38646955,15.220199,-13.847514,27.6659225259,-19.1232858782,2202.87425608,10.4946840832,True,True,True,valid,
V13,Z1,V13before_20170508_tanto_tanto_02_mono.wav,24,49152,51200,2048,False,analyzed_full_frame,-7.92283242,14.602012,-6.225074,18.5137295434,-19.3514071445,1873.06103601,9.79644792809,True,True,True,valid,
V13,Z1,V13before_20170508_tanto_tanto_02_mono.wav,25,51200,53248,2048,False,analyzed_full_frame,-10.07545074,14.210334,-7.907093,19.3837238438,-21.4630735966,1858.51082643,7.30455873429,True,True,True,valid,
V13,Z1,V13before_20170508_tanto_tanto_02_mono.wav,26,53248,55296,2048,False,analyzed_full_frame,1.801548986,13.326165,1.709533,20.5740890797,-18.8673183594,1777.64881444,11.3760011598,True,True,True,valid,
V13,Z1,V13before_20170508_tanto_tanto_02_mono.wav,27,55296,57344,2048,False,analyzed_full_frame,-6.472200433,11.75255,-5.76343,19.1316866741,-18.56980577,1859.35151059,11.617930624,True,True,True,valid,
V13,Z1,V13before_20170508_tanto_tanto_02_mono.wav,28,57344,59392,2048,False,analyzed_full_frame,-10.12694794,6.973473,-10.402356,18.3345362677,-21.6536950579,2893.70270228,,True,True,False,no_valid_Q,
V13,Z1,V13before_20170508_tanto_tanto_02_mono.wav,29,59392,61440,2048,False,analyzed_full_frame,7.673680313,5.793332,14.312418,10.2207440704,-24.1759020261,2024.98273526,,True,True,False,no_valid_Q,
V13,Z1,V13before_20170508_tanto_tanto_02_mono.wav,30,61440,63488,2048,False,analyzed_full_frame,11.25723038,5.341471,8.455454,7.67321048794,-32.4238456257,1789.13051587,,True,True,False,no_valid_Q,
V13,Z1,V13before_20170508_tanto_tanto_02_mono.wav,31,63488,65536,2048,False,analyzed_full_frame,15.51665631,7.626898,2.971364,7.76983111802,-26.257396897,1721.65578194,,True,True,False,no_valid_Q,
V13,Z1,V13before_20170508_tanto_tanto_02_mono.wav,32,65536,67584,2048,False,analyzed_full_frame,24.82314636,10.431456,-8.024126,5.59786285689,-35.4963752534,1353.19223603,4.81183202943,True,True,True,valid,
V13,Z1,V13before_20170508_tanto_tanto_02_mono.wav,33,67584,69632,2048,False,analyzed_full_frame,24.49844658,9.518366,0.507003,7.573109061,-25.3789922319,1289.05499604,8.05516226384,True,True,True,valid,
V13,Z1,V13before_20170508_tanto_tanto_02_mono.wav,34,69632,71680,2048,False,analyzed_full_frame,21.19812119,10.32446,41.27679,13.1430481954,-26.7304097117,1498.02102675,16.2017480637,True,True,True,valid,
V13,Z1,V13before_20170508_tanto_tanto_02_mono.wav,35,71680,73728,2048,False,analyzed_full_frame,12.95357571,11.169455,-3.281652,23.0525040963,-14.4088642985,1788.33839429,18.4870581822,True,True,True,valid,
V13,Z1,V13before_20170508_tanto_tanto_02_mono.wav,36,73728,75776,2048,False,analyzed_full_frame,17.25858091,10.887597,-4.704695,21.0875629103,-20.3501292644,1609.38080452,39.5265751227,True,True,True,valid,
V13,Z1,V13before_20170508_tanto_tanto_02_mono.wav,37,75776,77824,2048,False,analyzed_full_frame,14.96536438,10.356293,34.596155,25.4069919342,-18.4182036665,1768.65371586,31.4889811573,True,True,True,valid,
V13,Z1,V13before_20170508_tanto_tanto_02_mono.wav,38,77824,79872,2048,False,analyzed_full_frame,12.44072831,9.566556,39.57185,26.8306369668,-13.712539639,1742.37947575,17.8633836436,True,True,True,valid,
V13,Z1,V13before_20170508_tanto_tanto_02_mono.wav,39,79872,81920,2048,False,analyzed_full_frame,11.30123404,10.267429,-6.657851,30.419365558,-17.2531814751,1907.60224554,23.1147560706,True,True,True,valid,
V13,Z1,V13before_20170508_tanto_tanto_02_mono.wav,40,81920,83968,2048,False,analyzed_full_frame,13.27754367,8.750462,-4.856139,27.1140994461,-15.7831371653,1752.87668746,19.5341027566,True,True,True,valid,
V13,Z1,V13before_20170508_tanto_tanto_02_mono.wav,41,83968,86016,2048,False,analyzed_full_frame,18.0239552,10.909295,-5.372868,21.0171353818,-25.9159519477,1561.30323924,23.268238666,True,True,True,valid,
V13,Z1,V13before_20170508_tanto_tanto_02_mono.wav,42,86016,87006,990,True,skipped_not_analyzed,,,,,,,,False,False,False,not_analyzed_short_final_frame,"Final partial frame has 990 samples (<2048); recorded only, not analyzed."
V13,Z2,V13after_20190409_tanto_tanto_02_mono.wav,0,0,2048,2048,False,analyzed_full_frame,11.22451411,2.952456,-5.719116,6.34195203212,-20.4685426582,1378.51000899,,True,True,False,no_valid_Q,
V13,Z2,V13after_20190409_tanto_tanto_02_mono.wav,1,2048,4096,2048,False,analyzed_full_frame,4.667626678,3.25984,4.334417,3.95229579551,-27.5800052407,1238.93334699,,True,True,False,no_valid_Q,
V13,Z2,V13after_20190409_tanto_tanto_02_mono.wav,2,4096,6144,2048,False,analyzed_full_frame,1.940365856,5.566808,2.317315,3.96028910602,-31.8342425385,1173.28777064,,True,True,False,no_valid_Q,
V13,Z2,V13after_20190409_tanto_tanto_02_mono.wav,3,6144,8192,2048,False,analyzed_full_frame,0.696373573,6.599566,1.489478,4.49882790521,-28.6410626493,1266.88333057,,True,True,False,no_valid_Q,
V13,Z2,V13after_20190409_tanto_tanto_02_mono.wav,4,8192,10240,2048,False,analyzed_full_frame,-2.672840168,7.747087,-4.109182,6.55308888074,-27.028297137,1292.52833651,,True,True,False,no_valid_Q,
V13,Z2,V13after_20190409_tanto_tanto_02_mono.wav,5,10240,12288,2048,False,analyzed_full_frame,-3.752500391,11.908271,-2.614448,8.33969894791,-25.3913820834,1385.05155455,5.51341229352,True,True,True,valid,
V13,Z2,V13after_20190409_tanto_tanto_02_mono.wav,6,12288,14336,2048,False,analyzed_full_frame,-0.8458193978,12.699967,-0.646263,6.76112822561,-23.8958720165,1394.28170147,,True,True,False,no_valid_Q,
V13,Z2,V13after_20190409_tanto_tanto_02_mono.wav,7,14336,16384,2048,False,analyzed_full_frame,-0.5982848746,12.249289,1.368344,19.0631977873,-16.8391743483,1742.50893351,9.69323971232,True,True,True,valid,
V13,Z2,V13after_20190409_tanto_tanto_02_mono.wav,8,16384,18432,2048,False,analyzed_full_frame,-9.813097578,11.387812,-8.840798,22.0442933913,-18.8719315891,1967.73355267,6.25678852205,True,True,True,valid,
V13,Z2,V13after_20190409_tanto_tanto_02_mono.wav,9,18432,20480,2048,False,analyzed_full_frame,-1.410093422,12.826422,0.465938,15.992291138,-18.8348981381,1674.60284158,13.1748397856,True,True,True,valid,
V13,Z2,V13after_20190409_tanto_tanto_02_mono.wav,10,20480,22528,2048,False,analyzed_full_frame,-1.141995504,13.570747,0.760954,22.54872225,-6.22599625592,1789.57994688,50.6624775135,True,True,True,valid,
V13,Z2,V13after_20190409_tanto_tanto_02_mono.wav,11,22528,24576,2048,False,analyzed_full_frame,-1.099133056,12.966703,2.686168,22.1942724151,-12.9448454226,1804.89031429,15.3065181213,True,True,True,valid,
V13,Z2,V13after_20190409_tanto_tanto_02_mono.wav,12,24576,26624,2048,False,analyzed_full_frame,-8.825238353,11.647411,-9.214577,23.4037904001,-16.3101348841,1900.96326335,29.5800968003,True,True,True,valid,
V13,Z2,V13after_20190409_tanto_tanto_02_mono.wav,13,26624,28672,2048,False,analyzed_full_frame,-3.269386067,12.173635,0.138731,19.8358536368,-17.1672551428,1776.84679534,9.00472153729,True,True,True,valid,
V13,Z2,V13after_20190409_tanto_tanto_02_mono.wav,14,28672,30720,2048,False,analyzed_full_frame,2.39163784,13.271414,3.659473,21.1365293478,-16.775824758,1742.34861119,17.8319213103,True,True,True,valid,
V13,Z2,V13after_20190409_tanto_tanto_02_mono.wav,15,30720,32768,2048,False,analyzed_full_frame,-3.556631794,13.525967,0.693755,25.7728509348,-9.35400445602,1883.6376262,26.4895265794,True,True,True,valid,
V13,Z2,V13after_20190409_tanto_tanto_02_mono.wav,16,32768,34816,2048,False,analyzed_full_frame,-2.751925843,11.872422,0.607616,30.9622274787,-8.52788149516,2032.99620323,36.6412396321,True,True,True,valid,
V13,Z2,V13after_20190409_tanto_tanto_02_mono.wav,17,34816,36864,2048,False,analyzed_full_frame,-1.909983236,13.322316,2.203929,27.2269214658,-12.4040254414,2009.90755773,4.53179284293,True,True,True,valid,
V13,Z2,V13after_20190409_tanto_tanto_02_mono.wav,18,36864,38912,2048,False,analyzed_full_frame,5.24061178,12.061445,7.694128,22.0315160019,-14.4716039388,1675.38956245,29.8007928321,True,True,True,valid,
V13,Z2,V13after_20190409_tanto_tanto_02_mono.wav,19,38912,40960,2048,False,analyzed_full_frame,-1.684436039,13.892855,1.362101,29.8503087655,-7.89210519295,1916.72431381,37.1198776627,True,True,True,valid,
V13,Z2,V13after_20190409_tanto_tanto_02_mono.wav,20,40960,43008,2048,False,analyzed_full_frame,-9.740270306,11.91348,-8.136124,29.5403379728,-9.70985558745,2063.29493423,14.608536407,True,True,True,valid,
V13,Z2,V13after_20190409_tanto_tanto_02_mono.wav,21,43008,45056,2048,False,analyzed_full_frame,-9.680773008,12.907678,-8.701812,31.1004854533,-17.0311631342,2109.14190115,6.0186040872,True,True,True,valid,
V13,Z2,V13after_20190409_tanto_tanto_02_mono.wav,22,45056,47104,2048,False,analyzed_full_frame,-8.771980004,14.300485,-9.117094,22.9530212582,-13.8308073483,1822.76119414,13.0760422103,True,True,True,valid,
V13,Z2,V13after_20190409_tanto_tanto_02_mono.wav,23,47104,49152,2048,False,analyzed_full_frame,-9.047231062,14.035587,-7.318939,25.4708702739,-13.8036161468,1961.48786089,5.98357928275,True,True,True,valid,
V13,Z2,V13after_20190409_tanto_tanto_02_mono.wav,24,49152,51200,2048,False,analyzed_full_frame,-7.119544621,13.374262,-9.939713,27.0634022442,-17.7538529446,2129.50943768,5.3293994044,True,True,True,valid,
V13,Z2,V13after_20190409_tanto_tanto_02_mono.wav,25,51200,53248,2048,False,analyzed_full_frame,-4.681322293,12.775843,-3.783509,19.6986807311,-23.5907167303,1830.70014913,9.05602457125,True,True,True,valid,
V13,Z2,V13after_20190409_tanto_tanto_02_mono.wav,26,53248,55296,2048,False,analyzed_full_frame,-11.21590484,13.352728,-10.51899,25.5932016299,-17.2451277293,2029.56917279,6.98048673108,True,True,True,valid,
V13,Z2,V13after_20190409_tanto_tanto_02_mono.wav,27,55296,57344,2048,False,analyzed_full_frame,-5.496376931,13.378167,-5.467722,25.8619248151,-14.5379790023,1947.63343876,5.81990872526,True,True,True,valid,
V13,Z2,V13after_20190409_tanto_tanto_02_mono.wav,28,57344,59392,2048,False,analyzed_full_frame,-6.643170069,11.297891,-5.585584,28.9777996712,-10.4905073649,2206.07667545,,True,True,False,no_valid_Q,
V13,Z2,V13after_20190409_tanto_tanto_02_mono.wav,29,59392,61440,2048,False,analyzed_full_frame,-2.08048507,10.587207,-1.949103,23.5143697767,-19.0481882552,2067.95983732,9.72786410626,True,True,True,valid,
V13,Z2,V13after_20190409_tanto_tanto_02_mono.wav,30,61440,63488,2048,False,analyzed_full_frame,-1.778174989,6.810152,-6.212294,19.1696402965,-13.6550617552,2600.86860204,,True,True,False,no_valid_Q,
V13,Z2,V13after_20190409_tanto_tanto_02_mono.wav,31,63488,65536,2048,False,analyzed_full_frame,5.363971162,4.740455,-5.446365,15.7991917459,-18.1764615837,2540.52520388,,True,True,False,no_valid_Q,
V13,Z2,V13after_20190409_tanto_tanto_02_mono.wav,32,65536,67584,2048,False,analyzed_full_frame,16.04813357,4.405285,-5.520925,7.32368687991,-33.5776147238,1921.53423834,,True,True,False,no_valid_Q,
V13,Z2,V13after_20190409_tanto_tanto_02_mono.wav,33,67584,69632,2048,False,analyzed_full_frame,21.69209759,6.090412,-10.978055,5.63564752993,-35.9753519934,1687.06880759,,True,True,False,no_valid_Q,
V13,Z2,V13after_20190409_tanto_tanto_02_mono.wav,34,69632,71680,2048,False,analyzed_full_frame,22.77626704,8.42685,-3.380679,3.93083927801,-36.5294990558,1238.16144779,,True,True,False,no_valid_Q,
V13,Z2,V13after_20190409_tanto_tanto_02_mono.wav,35,71680,73728,2048,False,analyzed_full_frame,20.6421081,9.396133,7.589738,8.12952191317,-26.5434614066,1331.56659216,11.0086998461,True,True,True,valid,
V13,Z2,V13after_20190409_tanto_tanto_02_mono.wav,36,73728,75776,2048,False,analyzed_full_frame,16.68798376,10.221082,-9.133438,18.1265507026,-22.1521843249,1511.9123478,52.4078556467,True,True,True,valid,
V13,Z2,V13after_20190409_tanto_tanto_02_mono.wav,37,75776,77824,2048,False,analyzed_full_frame,13.19079166,10.6308,41.656917,24.2736202011,-15.8850504308,1795.7860936,57.7217259839,True,True,True,valid,
V13,Z2,V13after_20190409_tanto_tanto_02_mono.wav,38,77824,79872,2048,False,analyzed_full_frame,10.59388042,10.191288,35.193866,29.0024828132,-10.7006755763,1798.7838905,71.2867935493,True,True,True,valid,
V13,Z2,V13after_20190409_tanto_tanto_02_mono.wav,39,79872,81920,2048,False,analyzed_full_frame,11.48790762,10.211134,3.344851,28.18007739,-14.2883299041,1784.47485324,33.3498777178,True,True,True,valid,
V13,Z2,V13after_20190409_tanto_tanto_02_mono.wav,40,81920,83968,2048,False,analyzed_full_frame,16.21360519,10.276547,30.488666,20.6372128673,-19.791995582,1646.08744129,20.1004686266,True,True,True,valid,
V13,Z2,V13after_20190409_tanto_tanto_02_mono.wav,41,83968,86016,2048,False,analyzed_full_frame,11.76404054,10.969248,-9.026751,23.489120066,-12.5911706626,1894.10345491,16.3353017117,True,True,True,valid,
V13,Z2,V13after_20190409_tanto_tanto_02_mono.wav,42,86016,88064,2048,False,analyzed_full_frame,9.949024436,10.668162,-3.890176,28.9744984926,-15.6501432677,2072.53319062,7.61605543083,True,True,True,valid,
V13,Z2,V13after_20190409_tanto_tanto_02_mono.wav,43,88064,90112,2048,False,analyzed_full_frame,4.117311819,11.765449,2.409805,15.1171895348,-17.4882320557,1686.77529515,6.82026320358,True,True,True,valid,
V13,Z2,V13after_20190409_tanto_tanto_02_mono.wav,44,90112,90728,616,True,skipped_not_analyzed,,,,,,,,False,False,False,not_analyzed_short_final_frame,"Final partial frame has 616 samples (<2048); recorded only, not analyzed."
