Metric,Subject,Occasion,ReferenceSubject,ReferenceOccasion,PathIndex,PathLength,NormalizedPathPosition,ReferenceOriginalFrameIndex,ReferenceValidFrameIndex,ReferenceNormalizedFramePosition,ReferenceValue,TargetOriginalFrameIndex,TargetValidFrameIndex,TargetNormalizedFramePosition,TargetValue,LocalAbsoluteCost,Comparison_DTWnorm
SFR,E01,Z1,M2025,REF,0,73,0.000000000000,0,0,0.000000000000,27.447391354473,0,0,0.000000000000,4.781048589581,22.666342764892,2.828649647035
SFR,E01,Z1,M2025,REF,1,73,0.013888888889,1,1,0.016666666667,6.104176381052,1,1,0.026315789474,3.803730761882,2.300445619171,2.828649647035
SFR,E01,Z1,M2025,REF,2,73,0.027777777778,2,2,0.033333333333,7.257668029280,2,2,0.052631578947,3.694825605225,3.562842424054,2.828649647035
SFR,E01,Z1,M2025,REF,3,73,0.041666666667,3,3,0.050000000000,7.717222397772,3,3,0.078947368421,4.202621614660,3.514600783113,2.828649647035
SFR,E01,Z1,M2025,REF,4,73,0.055555555556,4,4,0.066666666667,5.088392840397,4,4,0.105263157895,4.410173487627,0.678219352771,2.828649647035
SFR,E01,Z1,M2025,REF,5,73,0.069444444444,4,4,0.066666666667,5.088392840397,5,5,0.131578947368,5.644773364423,0.556380524026,2.828649647035
SFR,E01,Z1,M2025,REF,6,73,0.083333333333,5,5,0.083333333333,9.089836816578,6,6,0.157894736842,7.495275133959,1.594561682619,2.828649647035
SFR,E01,Z1,M2025,REF,7,73,0.097222222222,6,6,0.100000000000,12.503842471894,7,7,0.184210526316,14.937224314781,2.433381842887,2.828649647035
SFR,E01,Z1,M2025,REF,8,73,0.111111111111,6,6,0.100000000000,12.503842471894,8,8,0.210526315789,12.923025627190,0.419183155296,2.828649647035
SFR,E01,Z1,M2025,REF,9,73,0.125000000000,7,7,0.116666666667,15.171999406206,9,9,0.236842105263,15.839302714783,0.667303308577,2.828649647035
SFR,E01,Z1,M2025,REF,10,73,0.138888888889,8,8,0.133333333333,18.201637423284,9,9,0.236842105263,15.839302714783,2.362334708501,2.828649647035
SFR,E01,Z1,M2025,REF,11,73,0.152777777778,9,9,0.150000000000,7.090400977046,10,10,0.263157894737,10.491636778522,3.401235801476,2.828649647035
SFR,E01,Z1,M2025,REF,12,73,0.166666666667,10,10,0.166666666667,15.315925649650,10,10,0.263157894737,10.491636778522,4.824288871128,2.828649647035
SFR,E01,Z1,M2025,REF,13,73,0.180555555556,11,11,0.183333333333,19.864482342887,11,11,0.289473684211,27.115709662038,7.251227319152,2.828649647035
SFR,E01,Z1,M2025,REF,14,73,0.194444444444,12,12,0.200000000000,25.376052344683,11,11,0.289473684211,27.115709662038,1.739657317355,2.828649647035
SFR,E01,Z1,M2025,REF,15,73,0.208333333333,13,13,0.216666666667,18.865416022571,12,12,0.315789473684,15.310915935545,3.554500087026,2.828649647035
SFR,E01,Z1,M2025,REF,16,73,0.222222222222,14,14,0.233333333333,13.426831882901,12,12,0.315789473684,15.310915935545,1.884084052644,2.828649647035
SFR,E01,Z1,M2025,REF,17,73,0.236111111111,15,15,0.250000000000,19.921966701777,13,13,0.342105263158,17.358976429974,2.562990271802,2.828649647035
SFR,E01,Z1,M2025,REF,18,73,0.250000000000,16,16,0.266666666667,17.505453148093,13,13,0.342105263158,17.358976429974,0.146476718119,2.828649647035
SFR,E01,Z1,M2025,REF,19,73,0.263888888889,17,17,0.283333333333,21.256713670566,13,13,0.342105263158,17.358976429974,3.897737240592,2.828649647035
SFR,E01,Z1,M2025,REF,20,73,0.277777777778,18,18,0.300000000000,17.140365111539,13,13,0.342105263158,17.358976429974,0.218611318435,2.828649647035
SFR,E01,Z1,M2025,REF,21,73,0.291666666667,19,19,0.316666666667,23.273312703667,13,13,0.342105263158,17.358976429974,5.914336273693,2.828649647035
SFR,E01,Z1,M2025,REF,22,73,0.305555555556,20,20,0.333333333333,20.042312180220,13,13,0.342105263158,17.358976429974,2.683335750246,2.828649647035
SFR,E01,Z1,M2025,REF,23,73,0.319444444444,21,21,0.350000000000,15.181246930422,13,13,0.342105263158,17.358976429974,2.177729499552,2.828649647035
SFR,E01,Z1,M2025,REF,24,73,0.333333333333,22,22,0.366666666667,21.948910366429,13,13,0.342105263158,17.358976429974,4.589933936455,2.828649647035
SFR,E01,Z1,M2025,REF,25,73,0.347222222222,23,23,0.383333333333,16.990350651854,13,13,0.342105263158,17.358976429974,0.368625778120,2.828649647035
SFR,E01,Z1,M2025,REF,26,73,0.361111111111,24,24,0.400000000000,13.136850996573,13,13,0.342105263158,17.358976429974,4.222125433401,2.828649647035
SFR,E01,Z1,M2025,REF,27,73,0.375000000000,25,25,0.416666666667,25.402761559992,14,14,0.368421052632,26.498245467984,1.095483907992,2.828649647035
SFR,E01,Z1,M2025,REF,28,73,0.388888888889,25,25,0.416666666667,25.402761559992,15,15,0.394736842105,25.335605437562,0.067156122429,2.828649647035
SFR,E01,Z1,M2025,REF,29,73,0.402777777778,25,25,0.416666666667,25.402761559992,16,16,0.421052631579,27.755399865853,2.352638305861,2.828649647035
SFR,E01,Z1,M2025,REF,30,73,0.416666666667,25,25,0.416666666667,25.402761559992,17,17,0.447368421053,31.493825601805,6.091064041814,2.828649647035
SFR,E01,Z1,M2025,REF,31,73,0.430555555556,25,25,0.416666666667,25.402761559992,18,18,0.473684210526,22.352240149527,3.050521410464,2.828649647035
SFR,E01,Z1,M2025,REF,32,73,0.444444444444,25,25,0.416666666667,25.402761559992,19,19,0.500000000000,26.268813529099,0.866051969108,2.828649647035
SFR,E01,Z1,M2025,REF,33,73,0.458333333333,25,25,0.416666666667,25.402761559992,20,20,0.526315789474,23.727492760365,1.675268799627,2.828649647035
SFR,E01,Z1,M2025,REF,34,73,0.472222222222,26,26,0.433333333333,17.884583064766,21,21,0.552631578947,18.224945359770,0.340362295004,2.828649647035
SFR,E01,Z1,M2025,REF,35,73,0.486111111111,27,27,0.450000000000,15.812707181010,21,21,0.552631578947,18.224945359770,2.412238178760,2.828649647035
SFR,E01,Z1,M2025,REF,36,73,0.500000000000,28,28,0.466666666667,16.584392472260,22,22,0.578947368421,8.070043294497,8.514349177764,2.828649647035
SFR,E01,Z1,M2025,REF,37,73,0.513888888889,29,29,0.483333333333,24.083574632173,23,23,0.605263157895,21.736676116252,2.346898515921,2.828649647035
SFR,E01,Z1,M2025,REF,38,73,0.527777777778,30,30,0.500000000000,21.558652344305,23,23,0.605263157895,21.736676116252,0.178023771947,2.828649647035
SFR,E01,Z1,M2025,REF,39,73,0.541666666667,31,31,0.516666666667,15.901996317359,23,23,0.605263157895,21.736676116252,5.834679798893,2.828649647035
SFR,E01,Z1,M2025,REF,40,73,0.555555555556,32,32,0.533333333333,22.099005446027,23,23,0.605263157895,21.736676116252,0.362329329775,2.828649647035
SFR,E01,Z1,M2025,REF,41,73,0.569444444444,33,33,0.550000000000,20.518662009335,24,24,0.631578947368,20.788336346046,0.269674336712,2.828649647035
SFR,E01,Z1,M2025,REF,42,73,0.583333333333,34,34,0.566666666667,23.768366875636,25,25,0.657894736842,24.387942119967,0.619575244331,2.828649647035
SFR,E01,Z1,M2025,REF,43,73,0.597222222222,35,35,0.583333333333,17.994766100830,26,26,0.684210526316,17.887995248647,0.106770852183,2.828649647035
SFR,E01,Z1,M2025,REF,44,73,0.611111111111,36,36,0.600000000000,14.272820943267,27,27,0.710526315789,17.300266385487,3.027445442220,2.828649647035
SFR,E01,Z1,M2025,REF,45,73,0.625000000000,37,37,0.616666666667,10.151540881743,28,28,0.736842105263,10.014531575920,0.137009305823,2.828649647035
SFR,E01,Z1,M2025,REF,46,73,0.638888888889,38,38,0.633333333333,7.496863617742,28,28,0.736842105263,10.014531575920,2.517667958178,2.828649647035
SFR,E01,Z1,M2025,REF,47,73,0.652777777778,39,39,0.650000000000,8.877685585740,28,28,0.736842105263,10.014531575920,1.136845990180,2.828649647035
SFR,E01,Z1,M2025,REF,48,73,0.666666666667,40,40,0.666666666667,9.130678798129,28,28,0.736842105263,10.014531575920,0.883852777791,2.828649647035
SFR,E01,Z1,M2025,REF,49,73,0.680555555556,41,41,0.683333333333,9.958936706168,28,28,0.736842105263,10.014531575920,0.055594869752,2.828649647035
SFR,E01,Z1,M2025,REF,50,73,0.694444444444,42,42,0.700000000000,6.234493865598,29,29,0.763157894737,6.137451263549,0.097042602049,2.828649647035
SFR,E01,Z1,M2025,REF,51,73,0.708333333333,42,42,0.700000000000,6.234493865598,30,30,0.789473684211,3.559675301780,2.674818563818,2.828649647035
SFR,E01,Z1,M2025,REF,52,73,0.722222222222,42,42,0.700000000000,6.234493865598,31,31,0.815789473684,7.469791028805,1.235297163207,2.828649647035
SFR,E01,Z1,M2025,REF,53,73,0.736111111111,42,42,0.700000000000,6.234493865598,32,32,0.842105263158,6.381658447700,0.147164582102,2.828649647035
SFR,E01,Z1,M2025,REF,54,73,0.750000000000,42,42,0.700000000000,6.234493865598,33,33,0.868421052632,5.235623467442,0.998870398157,2.828649647035
SFR,E01,Z1,M2025,REF,55,73,0.763888888889,43,43,0.716666666667,2.662732453651,34,34,0.894736842105,3.943349556620,1.280617102968,2.828649647035
SFR,E01,Z1,M2025,REF,56,73,0.777777777778,44,44,0.733333333333,2.153140903040,34,34,0.894736842105,3.943349556620,1.790208653580,2.828649647035
SFR,E01,Z1,M2025,REF,57,73,0.791666666667,45,45,0.750000000000,21.855221001230,35,35,0.921052631579,8.192726733732,13.662494267498,2.828649647035
SFR,E01,Z1,M2025,REF,58,73,0.805555555556,46,46,0.766666666667,8.123955099490,35,35,0.921052631579,8.192726733732,0.068771634242,2.828649647035
SFR,E01,Z1,M2025,REF,59,73,0.819444444444,47,47,0.783333333333,7.290868842436,35,35,0.921052631579,8.192726733732,0.901857891296,2.828649647035
SFR,E01,Z1,M2025,REF,60,73,0.833333333333,48,48,0.800000000000,10.975009981498,35,35,0.921052631579,8.192726733732,2.782283247766,2.828649647035
SFR,E01,Z1,M2025,REF,61,73,0.847222222222,49,49,0.816666666667,18.729863180352,36,36,0.947368421053,16.188363846537,2.541499333815,2.828649647035
SFR,E01,Z1,M2025,REF,62,73,0.861111111111,50,50,0.833333333333,19.751115600517,36,36,0.947368421053,16.188363846537,3.562751753980,2.828649647035
SFR,E01,Z1,M2025,REF,63,73,0.875000000000,51,51,0.850000000000,18.061279020804,36,36,0.947368421053,16.188363846537,1.872915174267,2.828649647035
SFR,E01,Z1,M2025,REF,64,73,0.888888888889,52,52,0.866666666667,18.008989514847,36,36,0.947368421053,16.188363846537,1.820625668310,2.828649647035
SFR,E01,Z1,M2025,REF,65,73,0.902777777778,53,53,0.883333333333,28.696834085206,36,36,0.947368421053,16.188363846537,12.508470238669,2.828649647035
SFR,E01,Z1,M2025,REF,66,73,0.916666666667,54,54,0.900000000000,21.216549452171,36,36,0.947368421053,16.188363846537,5.028185605634,2.828649647035
SFR,E01,Z1,M2025,REF,67,73,0.930555555556,55,55,0.916666666667,19.431646281337,36,36,0.947368421053,16.188363846537,3.243282434800,2.828649647035
SFR,E01,Z1,M2025,REF,68,73,0.944444444444,56,56,0.933333333333,17.099968832302,36,36,0.947368421053,16.188363846537,0.911604985765,2.828649647035
SFR,E01,Z1,M2025,REF,69,73,0.958333333333,57,57,0.950000000000,15.684069086103,36,36,0.947368421053,16.188363846537,0.504294760433,2.828649647035
SFR,E01,Z1,M2025,REF,70,73,0.972222222222,58,58,0.966666666667,13.403921276267,37,37,0.973684210526,14.210680474144,0.806759197877,2.828649647035
SFR,E01,Z1,M2025,REF,71,73,0.986111111111,59,59,0.983333333333,9.309132877968,37,37,0.973684210526,14.210680474144,4.901547596177,2.828649647035
SFR,E01,Z1,M2025,REF,72,73,1.000000000000,60,60,1.000000000000,7.054773464338,38,38,1.000000000000,16.070840603889,9.016067139552,2.828649647035
SFR,E01,Z2,M2025,REF,0,69,0.000000000000,0,0,0.000000000000,27.447391354473,0,0,0.000000000000,9.435045184336,18.012346170137,2.780371099667
SFR,E01,Z2,M2025,REF,1,69,0.014705882353,1,1,0.016666666667,6.104176381052,1,1,0.017543859649,6.543620276194,0.439443895141,2.780371099667
SFR,E01,Z2,M2025,REF,2,69,0.029411764706,2,2,0.033333333333,7.257668029280,2,2,0.035087719298,10.449156471800,3.191488442521,2.780371099667
SFR,E01,Z2,M2025,REF,3,69,0.044117647059,3,3,0.050000000000,7.717222397772,3,3,0.052631578947,6.692882919516,1.024339478256,2.780371099667
SFR,E01,Z2,M2025,REF,4,69,0.058823529412,4,4,0.066666666667,5.088392840397,4,4,0.070175438596,6.315368578222,1.226975737825,2.780371099667
SFR,E01,Z2,M2025,REF,5,69,0.073529411765,5,5,0.083333333333,9.089836816578,5,5,0.087719298246,10.314099477053,1.224262660475,2.780371099667
SFR,E01,Z2,M2025,REF,6,69,0.088235294118,6,6,0.100000000000,12.503842471894,6,6,0.105263157895,13.346589372462,0.842746900568,2.780371099667
SFR,E01,Z2,M2025,REF,7,69,0.102941176471,7,7,0.116666666667,15.171999406206,7,7,0.122807017544,13.914294615141,1.257704791065,2.780371099667
SFR,E01,Z2,M2025,REF,8,69,0.117647058824,7,7,0.116666666667,15.171999406206,8,8,0.140350877193,15.678527561849,0.506528155643,2.780371099667
SFR,E01,Z2,M2025,REF,9,69,0.132352941176,8,8,0.133333333333,18.201637423284,9,9,0.157894736842,16.479766972284,1.721870451001,2.780371099667
SFR,E01,Z2,M2025,REF,10,69,0.147058823529,9,9,0.150000000000,7.090400977046,10,10,0.175438596491,16.456061776097,9.365660799052,2.780371099667
SFR,E01,Z2,M2025,REF,11,69,0.161764705882,10,10,0.166666666667,15.315925649650,10,10,0.175438596491,16.456061776097,1.140136126447,2.780371099667
SFR,E01,Z2,M2025,REF,12,69,0.176470588235,11,11,0.183333333333,19.864482342887,11,11,0.192982456140,21.655045476619,1.790563133732,2.780371099667
SFR,E01,Z2,M2025,REF,13,69,0.191176470588,12,12,0.200000000000,25.376052344683,11,11,0.192982456140,21.655045476619,3.721006868064,2.780371099667
SFR,E01,Z2,M2025,REF,14,69,0.205882352941,13,13,0.216666666667,18.865416022571,12,12,0.210526315789,17.120193899867,1.745222122704,2.780371099667
SFR,E01,Z2,M2025,REF,15,69,0.220588235294,14,14,0.233333333333,13.426831882901,13,13,0.228070175439,14.097613695230,0.670781812328,2.780371099667
SFR,E01,Z2,M2025,REF,16,69,0.235294117647,15,15,0.250000000000,19.921966701777,14,14,0.245614035088,23.954478765434,4.032512063658,2.780371099667
SFR,E01,Z2,M2025,REF,17,69,0.250000000000,16,16,0.266666666667,17.505453148093,15,15,0.263157894737,15.558766291649,1.946686856445,2.780371099667
SFR,E01,Z2,M2025,REF,18,69,0.264705882353,17,17,0.283333333333,21.256713670566,16,16,0.280701754386,15.557971834393,5.698741836173,2.780371099667
SFR,E01,Z2,M2025,REF,19,69,0.279411764706,18,18,0.300000000000,17.140365111539,17,17,0.298245614035,16.317098803578,0.823266307961,2.780371099667
SFR,E01,Z2,M2025,REF,20,69,0.294117647059,19,19,0.316666666667,23.273312703667,18,18,0.315789473684,24.766867465742,1.493554762076,2.780371099667
SFR,E01,Z2,M2025,REF,21,69,0.308823529412,19,19,0.316666666667,23.273312703667,19,19,0.333333333333,30.265230090053,6.991917386386,2.780371099667
SFR,E01,Z2,M2025,REF,22,69,0.323529411765,20,20,0.333333333333,20.042312180220,20,20,0.350877192982,18.033303898913,2.009008281307,2.780371099667
SFR,E01,Z2,M2025,REF,23,69,0.338235294118,21,21,0.350000000000,15.181246930422,20,20,0.350877192982,18.033303898913,2.852056968491,2.780371099667
SFR,E01,Z2,M2025,REF,24,69,0.352941176471,22,22,0.366666666667,21.948910366429,21,21,0.368421052632,19.402581978415,2.546328388015,2.780371099667
SFR,E01,Z2,M2025,REF,25,69,0.367647058824,23,23,0.383333333333,16.990350651854,21,21,0.368421052632,19.402581978415,2.412231326560,2.780371099667
SFR,E01,Z2,M2025,REF,26,69,0.382352941176,24,24,0.400000000000,13.136850996573,21,21,0.368421052632,19.402581978415,6.265730981841,2.780371099667
SFR,E01,Z2,M2025,REF,27,69,0.397058823529,25,25,0.416666666667,25.402761559992,22,22,0.385964912281,31.384851364845,5.982089804854,2.780371099667
SFR,E01,Z2,M2025,REF,28,69,0.411764705882,25,25,0.416666666667,25.402761559992,23,23,0.403508771930,27.333974791936,1.931213231944,2.780371099667
SFR,E01,Z2,M2025,REF,29,69,0.426470588235,26,26,0.433333333333,17.884583064766,24,24,0.421052631579,18.764472792101,0.879889727335,2.780371099667
SFR,E01,Z2,M2025,REF,30,69,0.441176470588,27,27,0.450000000000,15.812707181010,25,25,0.438596491228,15.613440937730,0.199266243280,2.780371099667
SFR,E01,Z2,M2025,REF,31,69,0.455882352941,28,28,0.466666666667,16.584392472260,26,26,0.456140350877,20.796927177175,4.212534704914,2.780371099667
SFR,E01,Z2,M2025,REF,32,69,0.470588235294,29,29,0.483333333333,24.083574632173,27,27,0.473684210526,24.103862026312,0.020287394139,2.780371099667
SFR,E01,Z2,M2025,REF,33,69,0.485294117647,30,30,0.500000000000,21.558652344305,27,27,0.473684210526,24.103862026312,2.545209682008,2.780371099667
SFR,E01,Z2,M2025,REF,34,69,0.500000000000,31,31,0.516666666667,15.901996317359,28,28,0.491228070175,14.213570149093,1.688426168266,2.780371099667
SFR,E01,Z2,M2025,REF,35,69,0.514705882353,31,31,0.516666666667,15.901996317359,29,29,0.508771929825,15.426501402171,0.475494915188,2.780371099667
SFR,E01,Z2,M2025,REF,36,69,0.529411764706,32,32,0.533333333333,22.099005446027,30,30,0.526315789474,24.136003705460,2.036998259433,2.780371099667
SFR,E01,Z2,M2025,REF,37,69,0.544117647059,32,32,0.533333333333,22.099005446027,31,31,0.543859649123,22.119625715156,0.020620269129,2.780371099667
SFR,E01,Z2,M2025,REF,38,69,0.558823529412,33,33,0.550000000000,20.518662009335,32,32,0.561403508772,19.988315369009,0.530346640326,2.780371099667
SFR,E01,Z2,M2025,REF,39,69,0.573529411765,34,34,0.566666666667,23.768366875636,32,32,0.561403508772,19.988315369009,3.780051506627,2.780371099667
SFR,E01,Z2,M2025,REF,40,69,0.588235294118,35,35,0.583333333333,17.994766100830,33,33,0.578947368421,18.168912016843,0.174145916013,2.780371099667
SFR,E01,Z2,M2025,REF,41,69,0.602941176471,36,36,0.600000000000,14.272820943267,34,34,0.596491228070,11.727521882070,2.545299061198,2.780371099667
SFR,E01,Z2,M2025,REF,42,69,0.617647058824,37,37,0.616666666667,10.151540881743,35,35,0.614035087719,12.462862013782,2.311321132039,2.780371099667
SFR,E01,Z2,M2025,REF,43,69,0.632352941176,38,38,0.633333333333,7.496863617742,36,36,0.631578947368,6.419941315764,1.076922301978,2.780371099667
SFR,E01,Z2,M2025,REF,44,69,0.647058823529,39,39,0.650000000000,8.877685585740,37,37,0.649122807018,6.371835409694,2.505850176046,2.780371099667
SFR,E01,Z2,M2025,REF,45,69,0.661764705882,40,40,0.666666666667,9.130678798129,38,38,0.666666666667,6.763424290785,2.367254507344,2.780371099667
SFR,E01,Z2,M2025,REF,46,69,0.676470588235,41,41,0.683333333333,9.958936706168,38,38,0.666666666667,6.763424290785,3.195512415384,2.780371099667
SFR,E01,Z2,M2025,REF,47,69,0.691176470588,42,42,0.700000000000,6.234493865598,39,39,0.684210526316,5.683966049007,0.550527816592,2.780371099667
SFR,E01,Z2,M2025,REF,48,69,0.705882352941,43,43,0.716666666667,2.662732453651,40,40,0.701754385965,4.142844441562,1.480111987910,2.780371099667
SFR,E01,Z2,M2025,REF,49,69,0.720588235294,43,43,0.716666666667,2.662732453651,41,41,0.719298245614,2.446239959166,0.216492494485,2.780371099667
SFR,E01,Z2,M2025,REF,50,69,0.735294117647,44,44,0.733333333333,2.153140903040,42,42,0.736842105263,2.916657886264,0.763516983225,2.780371099667
SFR,E01,Z2,M2025,REF,51,69,0.750000000000,45,45,0.750000000000,21.855221001230,43,43,0.754385964912,5.431921013995,16.423299987235,2.780371099667
SFR,E01,Z2,M2025,REF,52,69,0.764705882353,46,46,0.766666666667,8.123955099490,44,44,0.771929824561,4.497909825588,3.626045273903,2.780371099667
SFR,E01,Z2,M2025,REF,53,69,0.779411764706,47,47,0.783333333333,7.290868842436,45,45,0.789473684211,6.798854880381,0.492013962055,2.780371099667
SFR,E01,Z2,M2025,REF,54,69,0.794117647059,48,48,0.800000000000,10.975009981498,46,46,0.807017543860,11.307115288949,0.332105307451,2.780371099667
SFR,E01,Z2,M2025,REF,55,69,0.808823529412,48,48,0.800000000000,10.975009981498,47,47,0.824561403509,12.386148375243,1.411138393745,2.780371099667
SFR,E01,Z2,M2025,REF,56,69,0.823529411765,49,49,0.816666666667,18.729863180352,48,48,0.842105263158,17.486334203459,1.243528976893,2.780371099667
SFR,E01,Z2,M2025,REF,57,69,0.838235294118,50,50,0.833333333333,19.751115600517,49,49,0.859649122807,26.107068165097,6.355952564580,2.780371099667
SFR,E01,Z2,M2025,REF,58,69,0.852941176471,50,50,0.833333333333,19.751115600517,50,50,0.877192982456,22.257870900106,2.506755299589,2.780371099667
SFR,E01,Z2,M2025,REF,59,69,0.867647058824,51,51,0.850000000000,18.061279020804,51,51,0.894736842105,14.784167753081,3.277111267722,2.780371099667
SFR,E01,Z2,M2025,REF,60,69,0.882352941176,52,52,0.866666666667,18.008989514847,52,52,0.912280701754,22.769989561360,4.761000046513,2.780371099667
SFR,E01,Z2,M2025,REF,61,69,0.897058823529,53,53,0.883333333333,28.696834085206,53,53,0.929824561404,31.241073736929,2.544239651723,2.780371099667
SFR,E01,Z2,M2025,REF,62,69,0.911764705882,54,54,0.900000000000,21.216549452171,54,54,0.947368421053,19.256607428179,1.959942023992,2.780371099667
SFR,E01,Z2,M2025,REF,63,69,0.926470588235,55,55,0.916666666667,19.431646281337,54,54,0.947368421053,19.256607428179,0.175038853158,2.780371099667
SFR,E01,Z2,M2025,REF,64,69,0.941176470588,56,56,0.933333333333,17.099968832302,54,54,0.947368421053,19.256607428179,2.156638595877,2.780371099667
SFR,E01,Z2,M2025,REF,65,69,0.955882352941,57,57,0.950000000000,15.684069086103,55,55,0.964912280702,29.451656216166,13.767587130063,2.780371099667
SFR,E01,Z2,M2025,REF,66,69,0.970588235294,58,58,0.966666666667,13.403921276267,56,56,0.982456140351,10.066966399813,3.336954876454,2.780371099667
SFR,E01,Z2,M2025,REF,67,69,0.985294117647,59,59,0.983333333333,9.309132877968,56,56,0.982456140351,10.066966399813,0.757833521845,2.780371099667
SFR,E01,Z2,M2025,REF,68,69,1.000000000000,60,60,1.000000000000,7.054773464338,57,57,1.000000000000,7.330697565024,0.275924100686,2.780371099667
Q_value,E01,Z1,M2025,REF,0,54,0.000000000000,0,0,0.000000000000,3.447937054269,9,0,0.000000000000,8.149629684600,4.701692630331,15.422978759639
Q_value,E01,Z1,M2025,REF,1,54,0.018867924528,5,1,0.021739130435,7.455585348620,11,1,0.052631578947,16.011747153965,8.556161805344,15.422978759639
Q_value,E01,Z1,M2025,REF,2,54,0.037735849057,5,1,0.021739130435,7.455585348620,12,2,0.105263157895,4.687912481449,2.767672867172,15.422978759639
Q_value,E01,Z1,M2025,REF,3,54,0.056603773585,6,2,0.043478260870,16.992255148086,14,3,0.157894736842,12.581617036056,4.410638112029,15.422978759639
Q_value,E01,Z1,M2025,REF,4,54,0.075471698113,7,3,0.065217391304,19.801359836563,15,4,0.210526315789,9.639081604326,10.162278232237,15.422978759639
Q_value,E01,Z1,M2025,REF,5,54,0.094339622642,8,4,0.086956521739,27.015376883889,16,5,0.263157894737,23.031979158222,3.983397725667,15.422978759639
Q_value,E01,Z1,M2025,REF,6,54,0.113207547170,10,5,0.108695652174,21.603104881885,16,5,0.263157894737,23.031979158222,1.428874276336,15.422978759639
Q_value,E01,Z1,M2025,REF,7,54,0.132075471698,11,6,0.130434782609,86.322322079012,16,5,0.263157894737,23.031979158222,63.290342920790,15.422978759639
Q_value,E01,Z1,M2025,REF,8,54,0.150943396226,12,7,0.152173913043,81.656393483963,16,5,0.263157894737,23.031979158222,58.624414325741,15.422978759639
Q_value,E01,Z1,M2025,REF,9,54,0.169811320755,13,8,0.173913043478,23.709688313149,16,5,0.263157894737,23.031979158222,0.677709154928,15.422978759639
Q_value,E01,Z1,M2025,REF,10,54,0.188679245283,14,9,0.195652173913,21.957404367272,16,5,0.263157894737,23.031979158222,1.074574790950,15.422978759639
Q_value,E01,Z1,M2025,REF,11,54,0.207547169811,15,10,0.217391304348,38.689814008544,16,5,0.263157894737,23.031979158222,15.657834850322,15.422978759639
Q_value,E01,Z1,M2025,REF,12,54,0.226415094340,16,11,0.239130434783,62.103287577067,16,5,0.263157894737,23.031979158222,39.071308418845,15.422978759639
Q_value,E01,Z1,M2025,REF,13,54,0.245283018868,17,12,0.260869565217,61.210006703417,16,5,0.263157894737,23.031979158222,38.178027545195,15.422978759639
Q_value,E01,Z1,M2025,REF,14,54,0.264150943396,18,13,0.282608695652,16.842821272505,16,5,0.263157894737,23.031979158222,6.189157885716,15.422978759639
Q_value,E01,Z1,M2025,REF,15,54,0.283018867925,19,14,0.304347826087,27.901129670225,16,5,0.263157894737,23.031979158222,4.869150512003,15.422978759639
Q_value,E01,Z1,M2025,REF,16,54,0.301886792453,20,15,0.326086956522,25.587494683788,16,5,0.263157894737,23.031979158222,2.555515525566,15.422978759639
Q_value,E01,Z1,M2025,REF,17,54,0.320754716981,21,16,0.347826086957,39.623076202212,16,5,0.263157894737,23.031979158222,16.591097043990,15.422978759639
Q_value,E01,Z1,M2025,REF,18,54,0.339622641509,22,17,0.369565217391,40.501518096056,16,5,0.263157894737,23.031979158222,17.469538937834,15.422978759639
Q_value,E01,Z1,M2025,REF,19,54,0.358490566038,23,18,0.391304347826,15.409386217032,17,6,0.315789473684,14.878056954738,0.531329262294,15.422978759639
Q_value,E01,Z1,M2025,REF,20,54,0.377358490566,24,19,0.413043478261,11.716405323250,17,6,0.315789473684,14.878056954738,3.161651631487,15.422978759639
Q_value,E01,Z1,M2025,REF,21,54,0.396226415094,25,20,0.434782608696,22.384333347115,17,6,0.315789473684,14.878056954738,7.506276392377,15.422978759639
Q_value,E01,Z1,M2025,REF,22,54,0.415094339623,26,21,0.456521739130,76.246871403190,17,6,0.315789473684,14.878056954738,61.368814448452,15.422978759639
Q_value,E01,Z1,M2025,REF,23,54,0.433962264151,27,22,0.478260869565,15.199337384337,17,6,0.315789473684,14.878056954738,0.321280429600,15.422978759639
Q_value,E01,Z1,M2025,REF,24,54,0.452830188679,28,23,0.500000000000,10.450255706531,17,6,0.315789473684,14.878056954738,4.427801248207,15.422978759639
Q_value,E01,Z1,M2025,REF,25,54,0.471698113208,29,24,0.521739130435,13.055540223775,17,6,0.315789473684,14.878056954738,1.822516730962,15.422978759639
Q_value,E01,Z1,M2025,REF,26,54,0.490566037736,30,25,0.543478260870,22.366099472383,17,6,0.315789473684,14.878056954738,7.488042517646,15.422978759639
Q_value,E01,Z1,M2025,REF,27,54,0.509433962264,31,26,0.565217391304,64.001370286205,17,6,0.315789473684,14.878056954738,49.123313331467,15.422978759639
Q_value,E01,Z1,M2025,REF,28,54,0.528301886792,32,27,0.586956521739,12.571413187197,17,6,0.315789473684,14.878056954738,2.306643767540,15.422978759639
Q_value,E01,Z1,M2025,REF,29,54,0.547169811321,33,28,0.608695652174,33.074799423666,17,6,0.315789473684,14.878056954738,18.196742468929,15.422978759639
Q_value,E01,Z1,M2025,REF,30,54,0.566037735849,34,29,0.630434782609,11.225533668025,17,6,0.315789473684,14.878056954738,3.652523286712,15.422978759639
Q_value,E01,Z1,M2025,REF,31,54,0.584905660377,35,30,0.652173913043,36.122972598668,17,6,0.315789473684,14.878056954738,21.244915643931,15.422978759639
Q_value,E01,Z1,M2025,REF,32,54,0.603773584906,36,31,0.673913043478,8.189830460835,18,7,0.368421052632,7.241483910406,0.948346550429,15.422978759639
Q_value,E01,Z1,M2025,REF,33,54,0.622641509434,36,31,0.673913043478,8.189830460835,19,8,0.421052631579,7.273332884214,0.916497576621,15.422978759639
Q_value,E01,Z1,M2025,REF,34,54,0.641509433962,37,32,0.695652173913,5.691883230628,20,9,0.473684210526,6.192497653919,0.500614423290,15.422978759639
Q_value,E01,Z1,M2025,REF,35,54,0.660377358491,38,33,0.717391304348,4.602789261382,20,9,0.473684210526,6.192497653919,1.589708392537,15.422978759639
Q_value,E01,Z1,M2025,REF,36,54,0.679245283019,41,34,0.739130434783,6.973969744279,21,10,0.526315789474,10.741751573908,3.767781829630,15.422978759639
Q_value,E01,Z1,M2025,REF,37,54,0.698113207547,42,35,0.760869565217,7.415338660177,23,11,0.578947368421,10.910678846473,3.495340186296,15.422978759639
Q_value,E01,Z1,M2025,REF,38,54,0.716981132075,48,36,0.782608695652,4.740277864160,24,12,0.631578947368,5.091680623163,0.351402759003,15.422978759639
Q_value,E01,Z1,M2025,REF,39,54,0.735849056604,49,37,0.804347826087,31.237802591124,25,13,0.684210526316,15.787117572642,15.450685018482,15.422978759639
Q_value,E01,Z1,M2025,REF,40,54,0.754716981132,50,38,0.826086956522,26.584541568414,25,13,0.684210526316,15.787117572642,10.797423995772,15.422978759639
Q_value,E01,Z1,M2025,REF,41,54,0.773584905660,51,39,0.847826086957,73.129958978402,25,13,0.684210526316,15.787117572642,57.342841405759,15.422978759639
Q_value,E01,Z1,M2025,REF,42,54,0.792452830189,52,40,0.869565217391,46.303070960336,25,13,0.684210526316,15.787117572642,30.515953387694,15.422978759639
Q_value,E01,Z1,M2025,REF,43,54,0.811320754717,53,41,0.891304347826,91.021082411492,25,13,0.684210526316,15.787117572642,75.233964838850,15.422978759639
Q_value,E01,Z1,M2025,REF,44,54,0.830188679245,54,42,0.913043478261,36.067643376145,25,13,0.684210526316,15.787117572642,20.280525803503,15.422978759639
Q_value,E01,Z1,M2025,REF,45,54,0.849056603774,55,43,0.934782608696,78.697299626535,25,13,0.684210526316,15.787117572642,62.910182053892,15.422978759639
Q_value,E01,Z1,M2025,REF,46,54,0.867924528302,56,44,0.956521739130,70.737945322118,25,13,0.684210526316,15.787117572642,54.950827749475,15.422978759639
Q_value,E01,Z1,M2025,REF,47,54,0.886792452830,57,45,0.978260869565,15.617397533671,25,13,0.684210526316,15.787117572642,0.169720038971,15.422978759639
Q_value,E01,Z1,M2025,REF,48,54,0.905660377358,58,46,1.000000000000,9.099171592416,26,14,0.736842105263,8.491530236505,0.607641355911,15.422978759639
Q_value,E01,Z1,M2025,REF,49,54,0.924528301887,58,46,1.000000000000,9.099171592416,27,15,0.789473684211,7.993721324238,1.105450268178,15.422978759639
Q_value,E01,Z1,M2025,REF,50,54,0.943396226415,58,46,1.000000000000,9.099171592416,28,16,0.842105263158,3.205454484584,5.893717107832,15.422978759639
Q_value,E01,Z1,M2025,REF,51,54,0.962264150943,58,46,1.000000000000,9.099171592416,36,17,0.894736842105,9.233380681790,0.134209089374,15.422978759639
Q_value,E01,Z1,M2025,REF,52,54,0.981132075472,58,46,1.000000000000,9.099171592416,37,18,0.947368421053,5.643996888350,3.455174704066,15.422978759639
Q_value,E01,Z1,M2025,REF,53,54,1.000000000000,58,46,1.000000000000,9.099171592416,38,19,1.000000000000,8.087565828071,1.011605764345,15.422978759639
Q_value,E01,Z2,M2025,REF,0,61,0.000000000000,0,0,0.000000000000,3.447937054269,2,0,0.000000000000,6.345087071547,2.897150017278,11.440573828891
Q_value,E01,Z2,M2025,REF,1,61,0.016666666667,5,1,0.021739130435,7.455585348620,8,1,0.029411764706,5.012824786173,2.442760562447,11.440573828891
Q_value,E01,Z2,M2025,REF,2,61,0.033333333333,6,2,0.043478260870,16.992255148086,10,2,0.058823529412,26.216992820113,9.224737672028,11.440573828891
Q_value,E01,Z2,M2025,REF,3,61,0.050000000000,7,3,0.065217391304,19.801359836563,10,2,0.058823529412,26.216992820113,6.415632983551,11.440573828891
Q_value,E01,Z2,M2025,REF,4,61,0.066666666667,8,4,0.086956521739,27.015376883889,10,2,0.058823529412,26.216992820113,0.798384063775,11.440573828891
Q_value,E01,Z2,M2025,REF,5,61,0.083333333333,10,5,0.108695652174,21.603104881885,10,2,0.058823529412,26.216992820113,4.613887938228,11.440573828891
Q_value,E01,Z2,M2025,REF,6,61,0.100000000000,11,6,0.130434782609,86.322322079012,10,2,0.058823529412,26.216992820113,60.105329258899,11.440573828891
Q_value,E01,Z2,M2025,REF,7,61,0.116666666667,12,7,0.152173913043,81.656393483963,10,2,0.058823529412,26.216992820113,55.439400663850,11.440573828891
Q_value,E01,Z2,M2025,REF,8,61,0.133333333333,13,8,0.173913043478,23.709688313149,10,2,0.058823529412,26.216992820113,2.507304506964,11.440573828891
Q_value,E01,Z2,M2025,REF,9,61,0.150000000000,14,9,0.195652173913,21.957404367272,10,2,0.058823529412,26.216992820113,4.259588452841,11.440573828891
Q_value,E01,Z2,M2025,REF,10,61,0.166666666667,15,10,0.217391304348,38.689814008544,10,2,0.058823529412,26.216992820113,12.472821188431,11.440573828891
Q_value,E01,Z2,M2025,REF,11,61,0.183333333333,16,11,0.239130434783,62.103287577067,10,2,0.058823529412,26.216992820113,35.886294756954,11.440573828891
Q_value,E01,Z2,M2025,REF,12,61,0.200000000000,17,12,0.260869565217,61.210006703417,10,2,0.058823529412,26.216992820113,34.993013883303,11.440573828891
Q_value,E01,Z2,M2025,REF,13,61,0.216666666667,18,13,0.282608695652,16.842821272505,10,2,0.058823529412,26.216992820113,9.374171547608,11.440573828891
Q_value,E01,Z2,M2025,REF,14,61,0.233333333333,19,14,0.304347826087,27.901129670225,10,2,0.058823529412,26.216992820113,1.684136850112,11.440573828891
Q_value,E01,Z2,M2025,REF,15,61,0.250000000000,20,15,0.326086956522,25.587494683788,10,2,0.058823529412,26.216992820113,0.629498136326,11.440573828891
Q_value,E01,Z2,M2025,REF,16,61,0.266666666667,21,16,0.347826086957,39.623076202212,10,2,0.058823529412,26.216992820113,13.406083382099,11.440573828891
Q_value,E01,Z2,M2025,REF,17,61,0.283333333333,22,17,0.369565217391,40.501518096056,10,2,0.058823529412,26.216992820113,14.284525275942,11.440573828891
Q_value,E01,Z2,M2025,REF,18,61,0.300000000000,23,18,0.391304347826,15.409386217032,11,3,0.088235294118,8.652169194201,6.757217022831,11.440573828891
Q_value,E01,Z2,M2025,REF,19,61,0.316666666667,24,19,0.413043478261,11.716405323250,12,4,0.117647058824,3.993169857252,7.723235465998,11.440573828891
Q_value,E01,Z2,M2025,REF,20,61,0.333333333333,24,19,0.413043478261,11.716405323250,13,5,0.147058823529,12.307642595212,0.591237271962,11.440573828891
Q_value,E01,Z2,M2025,REF,21,61,0.350000000000,24,19,0.413043478261,11.716405323250,14,6,0.176470588235,15.326962762483,3.610557439232,11.440573828891
Q_value,E01,Z2,M2025,REF,22,61,0.366666666667,24,19,0.413043478261,11.716405323250,15,7,0.205882352941,11.562036533086,0.154368790164,11.440573828891
Q_value,E01,Z2,M2025,REF,23,61,0.383333333333,24,19,0.413043478261,11.716405323250,16,8,0.235294117647,8.405083334642,3.311321988608,11.440573828891
Q_value,E01,Z2,M2025,REF,24,61,0.400000000000,24,19,0.413043478261,11.716405323250,17,9,0.264705882353,12.729088646747,1.012683323497,11.440573828891
Q_value,E01,Z2,M2025,REF,25,61,0.416666666667,25,20,0.434782608696,22.384333347115,18,10,0.294117647059,48.726493043964,26.342159696850,11.440573828891
Q_value,E01,Z2,M2025,REF,26,61,0.433333333333,26,21,0.456521739130,76.246871403190,19,11,0.323529411765,63.722316919522,12.524554483668,11.440573828891
Q_value,E01,Z2,M2025,REF,27,61,0.450000000000,27,22,0.478260869565,15.199337384337,20,12,0.352941176471,4.962989570430,10.236347813907,11.440573828891
Q_value,E01,Z2,M2025,REF,28,61,0.466666666667,28,23,0.500000000000,10.450255706531,21,13,0.382352941176,8.158616569011,2.291639137520,11.440573828891
Q_value,E01,Z2,M2025,REF,29,61,0.483333333333,29,24,0.521739130435,13.055540223775,21,13,0.382352941176,8.158616569011,4.896923654764,11.440573828891
Q_value,E01,Z2,M2025,REF,30,61,0.500000000000,30,25,0.543478260870,22.366099472383,22,14,0.411764705882,39.610485219143,17.244385746760,11.440573828891
Q_value,E01,Z2,M2025,REF,31,61,0.516666666667,31,26,0.565217391304,64.001370286205,23,15,0.441176470588,54.473159716061,9.528210570143,11.440573828891
Q_value,E01,Z2,M2025,REF,32,61,0.533333333333,32,27,0.586956521739,12.571413187197,24,16,0.470588235294,3.867916789876,8.703496397321,11.440573828891
Q_value,E01,Z2,M2025,REF,33,61,0.550000000000,32,27,0.586956521739,12.571413187197,25,17,0.500000000000,6.547816105666,6.023597081531,11.440573828891
Q_value,E01,Z2,M2025,REF,34,61,0.566666666667,32,27,0.586956521739,12.571413187197,26,18,0.529411764706,11.504457032509,1.066956154689,11.440573828891
Q_value,E01,Z2,M2025,REF,35,61,0.583333333333,32,27,0.586956521739,12.571413187197,27,19,0.558823529412,6.332740337532,6.238672849665,11.440573828891
Q_value,E01,Z2,M2025,REF,36,61,0.600000000000,32,27,0.586956521739,12.571413187197,28,20,0.588235294118,4.396060674007,8.175352513190,11.440573828891
Q_value,E01,Z2,M2025,REF,37,61,0.616666666667,32,27,0.586956521739,12.571413187197,30,21,0.617647058824,6.752772492751,5.818640694446,11.440573828891
Q_value,E01,Z2,M2025,REF,38,61,0.633333333333,33,28,0.608695652174,33.074799423666,31,22,0.647058823529,19.166128896293,13.908670527374,11.440573828891
Q_value,E01,Z2,M2025,REF,39,61,0.650000000000,34,29,0.630434782609,11.225533668025,32,23,0.676470588235,8.208175903136,3.017357764890,11.440573828891
Q_value,E01,Z2,M2025,REF,40,61,0.666666666667,34,29,0.630434782609,11.225533668025,33,24,0.705882352941,7.444659601199,3.780874066826,11.440573828891
Q_value,E01,Z2,M2025,REF,41,61,0.683333333333,34,29,0.630434782609,11.225533668025,46,25,0.735294117647,5.702245184474,5.523288483552,11.440573828891
Q_value,E01,Z2,M2025,REF,42,61,0.700000000000,34,29,0.630434782609,11.225533668025,47,26,0.764705882353,4.916449928969,6.309083739056,11.440573828891
Q_value,E01,Z2,M2025,REF,43,61,0.716666666667,34,29,0.630434782609,11.225533668025,48,27,0.794117647059,12.927168233903,1.701634565878,11.440573828891
Q_value,E01,Z2,M2025,REF,44,61,0.733333333333,35,30,0.652173913043,36.122972598668,49,28,0.823529411765,33.848555766667,2.274416832001,11.440573828891
Q_value,E01,Z2,M2025,REF,45,61,0.750000000000,36,31,0.673913043478,8.189830460835,50,29,0.852941176471,17.226974135708,9.037143674874,11.440573828891
Q_value,E01,Z2,M2025,REF,46,61,0.766666666667,37,32,0.695652173913,5.691883230628,51,30,0.882352941176,9.540809942436,3.848926711808,11.440573828891
Q_value,E01,Z2,M2025,REF,47,61,0.783333333333,38,33,0.717391304348,4.602789261382,51,30,0.882352941176,9.540809942436,4.938020681055,11.440573828891
Q_value,E01,Z2,M2025,REF,48,61,0.800000000000,41,34,0.739130434783,6.973969744279,51,30,0.882352941176,9.540809942436,2.566840198158,11.440573828891
Q_value,E01,Z2,M2025,REF,49,61,0.816666666667,42,35,0.760869565217,7.415338660177,51,30,0.882352941176,9.540809942436,2.125471282259,11.440573828891
Q_value,E01,Z2,M2025,REF,50,61,0.833333333333,48,36,0.782608695652,4.740277864160,52,31,0.911764705882,12.661726899524,7.921449035364,11.440573828891
Q_value,E01,Z2,M2025,REF,51,61,0.850000000000,49,37,0.804347826087,31.237802591124,53,32,0.941176470588,34.253667675677,3.015865084552,11.440573828891
Q_value,E01,Z2,M2025,REF,52,61,0.866666666667,50,38,0.826086956522,26.584541568414,53,32,0.941176470588,34.253667675677,7.669126107263,11.440573828891
Q_value,E01,Z2,M2025,REF,53,61,0.883333333333,51,39,0.847826086957,73.129958978402,53,32,0.941176470588,34.253667675677,38.876291302725,11.440573828891
Q_value,E01,Z2,M2025,REF,54,61,0.900000000000,52,40,0.869565217391,46.303070960336,53,32,0.941176470588,34.253667675677,12.049403284659,11.440573828891
Q_value,E01,Z2,M2025,REF,55,61,0.916666666667,53,41,0.891304347826,91.021082411492,53,32,0.941176470588,34.253667675677,56.767414735816,11.440573828891
Q_value,E01,Z2,M2025,REF,56,61,0.933333333333,54,42,0.913043478261,36.067643376145,53,32,0.941176470588,34.253667675677,1.813975700469,11.440573828891
Q_value,E01,Z2,M2025,REF,57,61,0.950000000000,55,43,0.934782608696,78.697299626535,53,32,0.941176470588,34.253667675677,44.443631950858,11.440573828891
Q_value,E01,Z2,M2025,REF,58,61,0.966666666667,56,44,0.956521739130,70.737945322118,53,32,0.941176470588,34.253667675677,36.484277646441,11.440573828891
Q_value,E01,Z2,M2025,REF,59,61,0.983333333333,57,45,0.978260869565,15.617397533671,54,33,0.970588235294,10.519752293283,5.097645240387,11.440573828891
Q_value,E01,Z2,M2025,REF,60,61,1.000000000000,58,46,1.000000000000,9.099171592416,55,34,1.000000000000,20.117087301133,11.017915708717,11.440573828891
SFR,E02,Z1,M2025,REF,0,80,0.000000000000,0,0,0.000000000000,27.447391354473,0,0,0.000000000000,10.270778447014,17.176612907460,2.389893941212
SFR,E02,Z1,M2025,REF,1,80,0.012658227848,1,1,0.016666666667,6.104176381052,1,1,0.023255813953,5.344007469087,0.760168911966,2.389893941212
SFR,E02,Z1,M2025,REF,2,80,0.025316455696,1,1,0.016666666667,6.104176381052,2,2,0.046511627907,5.869618511752,0.234557869300,2.389893941212
SFR,E02,Z1,M2025,REF,3,80,0.037974683544,2,2,0.033333333333,7.257668029280,3,3,0.069767441860,6.480938599100,0.776729430180,2.389893941212
SFR,E02,Z1,M2025,REF,4,80,0.050632911392,3,3,0.050000000000,7.717222397772,4,4,0.093023255814,8.451262457129,0.734040059357,2.389893941212
SFR,E02,Z1,M2025,REF,5,80,0.063291139241,3,3,0.050000000000,7.717222397772,5,5,0.116279069767,11.885594803634,4.168372405862,2.389893941212
SFR,E02,Z1,M2025,REF,6,80,0.075949367089,3,3,0.050000000000,7.717222397772,6,6,0.139534883721,7.946478101555,0.229255703782,2.389893941212
SFR,E02,Z1,M2025,REF,7,80,0.088607594937,4,4,0.066666666667,5.088392840397,7,7,0.162790697674,5.263278650985,0.174885810587,2.389893941212
SFR,E02,Z1,M2025,REF,8,80,0.101265822785,5,5,0.083333333333,9.089836816578,8,8,0.186046511628,13.143254906839,4.053418090261,2.389893941212
SFR,E02,Z1,M2025,REF,9,80,0.113924050633,6,6,0.100000000000,12.503842471894,9,9,0.209302325581,11.858518249602,0.645324222292,2.389893941212
SFR,E02,Z1,M2025,REF,10,80,0.126582278481,6,6,0.100000000000,12.503842471894,10,10,0.232558139535,12.196467354447,0.307375117447,2.389893941212
SFR,E02,Z1,M2025,REF,11,80,0.139240506329,6,6,0.100000000000,12.503842471894,11,11,0.255813953488,14.258132515250,1.754290043356,2.389893941212
SFR,E02,Z1,M2025,REF,12,80,0.151898734177,6,6,0.100000000000,12.503842471894,12,12,0.279069767442,12.772577396807,0.268734924913,2.389893941212
SFR,E02,Z1,M2025,REF,13,80,0.164556962025,6,6,0.100000000000,12.503842471894,13,13,0.302325581395,12.928204629820,0.424362157926,2.389893941212
SFR,E02,Z1,M2025,REF,14,80,0.177215189873,6,6,0.100000000000,12.503842471894,14,14,0.325581395349,12.689143525027,0.185301053133,2.389893941212
SFR,E02,Z1,M2025,REF,15,80,0.189873417722,7,7,0.116666666667,15.171999406206,15,15,0.348837209302,13.312087369354,1.859912036852,2.389893941212
SFR,E02,Z1,M2025,REF,16,80,0.202531645570,8,8,0.133333333333,18.201637423284,15,15,0.348837209302,13.312087369354,4.889550053930,2.389893941212
SFR,E02,Z1,M2025,REF,17,80,0.215189873418,9,9,0.150000000000,7.090400977046,16,16,0.372093023256,11.656961855224,4.566560878179,2.389893941212
SFR,E02,Z1,M2025,REF,18,80,0.227848101266,10,10,0.166666666667,15.315925649650,17,17,0.395348837209,14.824344417026,0.491581232624,2.389893941212
SFR,E02,Z1,M2025,REF,19,80,0.240506329114,10,10,0.166666666667,15.315925649650,18,18,0.418604651163,15.790557644137,0.474631994487,2.389893941212
SFR,E02,Z1,M2025,REF,20,80,0.253164556962,10,10,0.166666666667,15.315925649650,19,19,0.441860465116,16.338408110722,1.022482461072,2.389893941212
SFR,E02,Z1,M2025,REF,21,80,0.265822784810,11,11,0.183333333333,19.864482342887,20,20,0.465116279070,17.869403651995,1.995078690891,2.389893941212
SFR,E02,Z1,M2025,REF,22,80,0.278481012658,12,12,0.200000000000,25.376052344683,20,20,0.465116279070,17.869403651995,7.506648692688,2.389893941212
SFR,E02,Z1,M2025,REF,23,80,0.291139240506,13,13,0.216666666667,18.865416022571,20,20,0.465116279070,17.869403651995,0.996012370576,2.389893941212
SFR,E02,Z1,M2025,REF,24,80,0.303797468354,14,14,0.233333333333,13.426831882901,20,20,0.465116279070,17.869403651995,4.442571769094,2.389893941212
SFR,E02,Z1,M2025,REF,25,80,0.316455696203,15,15,0.250000000000,19.921966701777,20,20,0.465116279070,17.869403651995,2.052563049781,2.389893941212
SFR,E02,Z1,M2025,REF,26,80,0.329113924051,16,16,0.266666666667,17.505453148093,20,20,0.465116279070,17.869403651995,0.363950503902,2.389893941212
SFR,E02,Z1,M2025,REF,27,80,0.341772151899,17,17,0.283333333333,21.256713670566,20,20,0.465116279070,17.869403651995,3.387310018571,2.389893941212
SFR,E02,Z1,M2025,REF,28,80,0.354430379747,18,18,0.300000000000,17.140365111539,20,20,0.465116279070,17.869403651995,0.729038540456,2.389893941212
SFR,E02,Z1,M2025,REF,29,80,0.367088607595,19,19,0.316666666667,23.273312703667,20,20,0.465116279070,17.869403651995,5.403909051672,2.389893941212
SFR,E02,Z1,M2025,REF,30,80,0.379746835443,20,20,0.333333333333,20.042312180220,20,20,0.465116279070,17.869403651995,2.172908528225,2.389893941212
SFR,E02,Z1,M2025,REF,31,80,0.392405063291,21,21,0.350000000000,15.181246930422,20,20,0.465116279070,17.869403651995,2.688156721573,2.389893941212
SFR,E02,Z1,M2025,REF,32,80,0.405063291139,22,22,0.366666666667,21.948910366429,20,20,0.465116279070,17.869403651995,4.079506714434,2.389893941212
SFR,E02,Z1,M2025,REF,33,80,0.417721518987,23,23,0.383333333333,16.990350651854,21,21,0.488372093023,15.695511428228,1.294839223626,2.389893941212
SFR,E02,Z1,M2025,REF,34,80,0.430379746835,24,24,0.400000000000,13.136850996573,22,22,0.511627906977,12.721536207216,0.415314789357,2.389893941212
SFR,E02,Z1,M2025,REF,35,80,0.443037974684,25,25,0.416666666667,25.402761559992,23,23,0.534883720930,18.488078348500,6.914683211492,2.389893941212
SFR,E02,Z1,M2025,REF,36,80,0.455696202532,26,26,0.433333333333,17.884583064766,23,23,0.534883720930,18.488078348500,0.603495283734,2.389893941212
SFR,E02,Z1,M2025,REF,37,80,0.468354430380,27,27,0.450000000000,15.812707181010,23,23,0.534883720930,18.488078348500,2.675371167490,2.389893941212
SFR,E02,Z1,M2025,REF,38,80,0.481012658228,28,28,0.466666666667,16.584392472260,23,23,0.534883720930,18.488078348500,1.903685876240,2.389893941212
SFR,E02,Z1,M2025,REF,39,80,0.493670886076,29,29,0.483333333333,24.083574632173,23,23,0.534883720930,18.488078348500,5.595496283673,2.389893941212
SFR,E02,Z1,M2025,REF,40,80,0.506329113924,30,30,0.500000000000,21.558652344305,23,23,0.534883720930,18.488078348500,3.070573995805,2.389893941212
SFR,E02,Z1,M2025,REF,41,80,0.518987341772,31,31,0.516666666667,15.901996317359,23,23,0.534883720930,18.488078348500,2.586082031141,2.389893941212
SFR,E02,Z1,M2025,REF,42,80,0.531645569620,32,32,0.533333333333,22.099005446027,23,23,0.534883720930,18.488078348500,3.610927097527,2.389893941212
SFR,E02,Z1,M2025,REF,43,80,0.544303797468,33,33,0.550000000000,20.518662009335,23,23,0.534883720930,18.488078348500,2.030583660834,2.389893941212
SFR,E02,Z1,M2025,REF,44,80,0.556962025316,34,34,0.566666666667,23.768366875636,23,23,0.534883720930,18.488078348500,5.280288527136,2.389893941212
SFR,E02,Z1,M2025,REF,45,80,0.569620253165,35,35,0.583333333333,17.994766100830,23,23,0.534883720930,18.488078348500,0.493312247670,2.389893941212
SFR,E02,Z1,M2025,REF,46,80,0.582278481013,36,36,0.600000000000,14.272820943267,24,24,0.558139534884,14.573846160876,0.301025217609,2.389893941212
SFR,E02,Z1,M2025,REF,47,80,0.594936708861,36,36,0.600000000000,14.272820943267,25,25,0.581395348837,10.994091545611,3.278729397656,2.389893941212
SFR,E02,Z1,M2025,REF,48,80,0.607594936709,36,36,0.600000000000,14.272820943267,26,26,0.604651162791,10.623245735189,3.649575208078,2.389893941212
SFR,E02,Z1,M2025,REF,49,80,0.620253164557,36,36,0.600000000000,14.272820943267,27,27,0.627906976744,14.184248660057,0.088572283210,2.389893941212
SFR,E02,Z1,M2025,REF,50,80,0.632911392405,36,36,0.600000000000,14.272820943267,28,28,0.651162790698,16.758930760441,2.486109817174,2.389893941212
SFR,E02,Z1,M2025,REF,51,80,0.645569620253,37,37,0.616666666667,10.151540881743,29,29,0.674418604651,12.593213736335,2.441672854592,2.389893941212
SFR,E02,Z1,M2025,REF,52,80,0.658227848101,38,38,0.633333333333,7.496863617742,30,30,0.697674418605,7.033245959572,0.463617658170,2.389893941212
SFR,E02,Z1,M2025,REF,53,80,0.670886075949,38,38,0.633333333333,7.496863617742,31,31,0.720930232558,6.152025956253,1.344837661489,2.389893941212
SFR,E02,Z1,M2025,REF,54,80,0.683544303797,38,38,0.633333333333,7.496863617742,32,32,0.744186046512,6.863686145007,0.633177472734,2.389893941212
SFR,E02,Z1,M2025,REF,55,80,0.696202531646,38,38,0.633333333333,7.496863617742,33,33,0.767441860465,4.996627066284,2.500236551457,2.389893941212
SFR,E02,Z1,M2025,REF,56,80,0.708860759494,39,39,0.650000000000,8.877685585740,34,34,0.790697674419,9.592330989877,0.714645404137,2.389893941212
SFR,E02,Z1,M2025,REF,57,80,0.721518987342,40,40,0.666666666667,9.130678798129,34,34,0.790697674419,9.592330989877,0.461652191748,2.389893941212
SFR,E02,Z1,M2025,REF,58,80,0.734177215190,41,41,0.683333333333,9.958936706168,34,34,0.790697674419,9.592330989877,0.366605716291,2.389893941212
SFR,E02,Z1,M2025,REF,59,80,0.746835443038,42,42,0.700000000000,6.234493865598,35,35,0.813953488372,5.472238228599,0.762255637000,2.389893941212
SFR,E02,Z1,M2025,REF,60,80,0.759493670886,43,43,0.716666666667,2.662732453651,36,36,0.837209302326,4.781900350939,2.119167897288,2.389893941212
SFR,E02,Z1,M2025,REF,61,80,0.772151898734,44,44,0.733333333333,2.153140903040,37,37,0.860465116279,5.389578789876,3.236437886836,2.389893941212
SFR,E02,Z1,M2025,REF,62,80,0.784810126582,45,45,0.750000000000,21.855221001230,38,38,0.883720930233,11.175855011809,10.679365989420,2.389893941212
SFR,E02,Z1,M2025,REF,63,80,0.797468354430,46,46,0.766666666667,8.123955099490,38,38,0.883720930233,11.175855011809,3.051899912319,2.389893941212
SFR,E02,Z1,M2025,REF,64,80,0.810126582278,47,47,0.783333333333,7.290868842436,38,38,0.883720930233,11.175855011809,3.884986169374,2.389893941212
SFR,E02,Z1,M2025,REF,65,80,0.822784810127,48,48,0.800000000000,10.975009981498,38,38,0.883720930233,11.175855011809,0.200845030311,2.389893941212
SFR,E02,Z1,M2025,REF,66,80,0.835443037975,49,49,0.816666666667,18.729863180352,39,39,0.906976744186,17.794265157441,0.935598022911,2.389893941212
SFR,E02,Z1,M2025,REF,67,80,0.848101265823,50,50,0.833333333333,19.751115600517,39,39,0.906976744186,17.794265157441,1.956850443076,2.389893941212
SFR,E02,Z1,M2025,REF,68,80,0.860759493671,51,51,0.850000000000,18.061279020804,39,39,0.906976744186,17.794265157441,0.267013863362,2.389893941212
SFR,E02,Z1,M2025,REF,69,80,0.873417721519,52,52,0.866666666667,18.008989514847,39,39,0.906976744186,17.794265157441,0.214724357406,2.389893941212
SFR,E02,Z1,M2025,REF,70,80,0.886075949367,53,53,0.883333333333,28.696834085206,39,39,0.906976744186,17.794265157441,10.902568927765,2.389893941212
SFR,E02,Z1,M2025,REF,71,80,0.898734177215,54,54,0.900000000000,21.216549452171,39,39,0.906976744186,17.794265157441,3.422284294730,2.389893941212
SFR,E02,Z1,M2025,REF,72,80,0.911392405063,55,55,0.916666666667,19.431646281337,39,39,0.906976744186,17.794265157441,1.637381123896,2.389893941212
SFR,E02,Z1,M2025,REF,73,80,0.924050632911,56,56,0.933333333333,17.099968832302,39,39,0.906976744186,17.794265157441,0.694296325139,2.389893941212
SFR,E02,Z1,M2025,REF,74,80,0.936708860759,57,57,0.950000000000,15.684069086103,39,39,0.906976744186,17.794265157441,2.110196071338,2.389893941212
SFR,E02,Z1,M2025,REF,75,80,0.949367088608,58,58,0.966666666667,13.403921276267,40,40,0.930232558140,8.484830501269,4.919090774998,2.389893941212
SFR,E02,Z1,M2025,REF,76,80,0.962025316456,58,58,0.966666666667,13.403921276267,41,41,0.953488372093,11.719432221954,1.684489054313,2.389893941212
SFR,E02,Z1,M2025,REF,77,80,0.974683544304,58,58,0.966666666667,13.403921276267,42,42,0.976744186047,13.367130021291,0.036791254976,2.389893941212
SFR,E02,Z1,M2025,REF,78,80,0.987341772152,59,59,0.983333333333,9.309132877968,43,43,1.000000000000,8.584899167473,0.724233710494,2.389893941212
SFR,E02,Z1,M2025,REF,79,80,1.000000000000,60,60,1.000000000000,7.054773464338,43,43,1.000000000000,8.584899167473,1.530125703136,2.389893941212
SFR,E02,Z2,M2025,REF,0,79,0.000000000000,0,0,0.000000000000,27.447391354473,0,0,0.000000000000,9.176313469815,18.271077884658,3.787761224594
SFR,E02,Z2,M2025,REF,1,79,0.012820512821,1,1,0.016666666667,6.104176381052,1,1,0.023809523810,3.997846577945,2.106329803107,3.787761224594
SFR,E02,Z2,M2025,REF,2,79,0.025641025641,1,1,0.016666666667,6.104176381052,2,2,0.047619047619,3.400843501481,2.703332879572,3.787761224594
SFR,E02,Z2,M2025,REF,3,79,0.038461538462,1,1,0.016666666667,6.104176381052,3,3,0.071428571429,5.532534286827,0.571642094225,3.787761224594
SFR,E02,Z2,M2025,REF,4,79,0.051282051282,1,1,0.016666666667,6.104176381052,4,4,0.095238095238,6.055176914179,0.048999466873,3.787761224594
SFR,E02,Z2,M2025,REF,5,79,0.064102564103,2,2,0.033333333333,7.257668029280,5,5,0.119047619048,6.691655694334,0.566012334945,3.787761224594
SFR,E02,Z2,M2025,REF,6,79,0.076923076923,3,3,0.050000000000,7.717222397772,5,5,0.119047619048,6.691655694334,1.025566703438,3.787761224594
SFR,E02,Z2,M2025,REF,7,79,0.089743589744,4,4,0.066666666667,5.088392840397,6,6,0.142857142857,3.465583031435,1.622809808963,3.787761224594
SFR,E02,Z2,M2025,REF,8,79,0.102564102564,5,5,0.083333333333,9.089836816578,7,7,0.166666666667,6.343095405922,2.746741410656,3.787761224594
SFR,E02,Z2,M2025,REF,9,79,0.115384615385,6,6,0.100000000000,12.503842471894,8,8,0.190476190476,12.690299976331,0.186457504437,3.787761224594
SFR,E02,Z2,M2025,REF,10,79,0.128205128205,7,7,0.116666666667,15.171999406206,8,8,0.190476190476,12.690299976331,2.481699429875,3.787761224594
SFR,E02,Z2,M2025,REF,11,79,0.141025641026,8,8,0.133333333333,18.201637423284,8,8,0.190476190476,12.690299976331,5.511337446954,3.787761224594
SFR,E02,Z2,M2025,REF,12,79,0.153846153846,9,9,0.150000000000,7.090400977046,9,9,0.214285714286,7.449087392631,0.358686415586,3.787761224594
SFR,E02,Z2,M2025,REF,13,79,0.166666666667,9,9,0.150000000000,7.090400977046,10,10,0.238095238095,10.073939254765,2.983538277719,3.787761224594
SFR,E02,Z2,M2025,REF,14,79,0.179487179487,9,9,0.150000000000,7.090400977046,11,11,0.261904761905,8.464107350983,1.373706373937,3.787761224594
SFR,E02,Z2,M2025,REF,15,79,0.192307692308,10,10,0.166666666667,15.315925649650,12,12,0.285714285714,12.729005365531,2.586920284120,3.787761224594
SFR,E02,Z2,M2025,REF,16,79,0.205128205128,11,11,0.183333333333,19.864482342887,12,12,0.285714285714,12.729005365531,7.135476977356,3.787761224594
SFR,E02,Z2,M2025,REF,17,79,0.217948717949,12,12,0.200000000000,25.376052344683,12,12,0.285714285714,12.729005365531,12.647046979153,3.787761224594
SFR,E02,Z2,M2025,REF,18,79,0.230769230769,13,13,0.216666666667,18.865416022571,12,12,0.285714285714,12.729005365531,6.136410657040,3.787761224594
SFR,E02,Z2,M2025,REF,19,79,0.243589743590,14,14,0.233333333333,13.426831882901,12,12,0.285714285714,12.729005365531,0.697826517370,3.787761224594
SFR,E02,Z2,M2025,REF,20,79,0.256410256410,15,15,0.250000000000,19.921966701777,12,12,0.285714285714,12.729005365531,7.192961336246,3.787761224594
SFR,E02,Z2,M2025,REF,21,79,0.269230769231,16,16,0.266666666667,17.505453148093,12,12,0.285714285714,12.729005365531,4.776447782562,3.787761224594
SFR,E02,Z2,M2025,REF,22,79,0.282051282051,17,17,0.283333333333,21.256713670566,12,12,0.285714285714,12.729005365531,8.527708305035,3.787761224594
SFR,E02,Z2,M2025,REF,23,79,0.294871794872,18,18,0.300000000000,17.140365111539,12,12,0.285714285714,12.729005365531,4.411359746008,3.787761224594
SFR,E02,Z2,M2025,REF,24,79,0.307692307692,19,19,0.316666666667,23.273312703667,12,12,0.285714285714,12.729005365531,10.544307338136,3.787761224594
SFR,E02,Z2,M2025,REF,25,79,0.320512820513,20,20,0.333333333333,20.042312180220,12,12,0.285714285714,12.729005365531,7.313306814689,3.787761224594
SFR,E02,Z2,M2025,REF,26,79,0.333333333333,21,21,0.350000000000,15.181246930422,12,12,0.285714285714,12.729005365531,2.452241564892,3.787761224594
SFR,E02,Z2,M2025,REF,27,79,0.346153846154,22,22,0.366666666667,21.948910366429,12,12,0.285714285714,12.729005365531,9.219905000898,3.787761224594
SFR,E02,Z2,M2025,REF,28,79,0.358974358974,23,23,0.383333333333,16.990350651854,12,12,0.285714285714,12.729005365531,4.261345286324,3.787761224594
SFR,E02,Z2,M2025,REF,29,79,0.371794871795,24,24,0.400000000000,13.136850996573,12,12,0.285714285714,12.729005365531,0.407845631043,3.787761224594
SFR,E02,Z2,M2025,REF,30,79,0.384615384615,25,25,0.416666666667,25.402761559992,12,12,0.285714285714,12.729005365531,12.673756194461,3.787761224594
SFR,E02,Z2,M2025,REF,31,79,0.397435897436,26,26,0.433333333333,17.884583064766,12,12,0.285714285714,12.729005365531,5.155577699235,3.787761224594
SFR,E02,Z2,M2025,REF,32,79,0.410256410256,27,27,0.450000000000,15.812707181010,12,12,0.285714285714,12.729005365531,3.083701815479,3.787761224594
SFR,E02,Z2,M2025,REF,33,79,0.423076923077,28,28,0.466666666667,16.584392472260,12,12,0.285714285714,12.729005365531,3.855387106730,3.787761224594
SFR,E02,Z2,M2025,REF,34,79,0.435897435897,29,29,0.483333333333,24.083574632173,12,12,0.285714285714,12.729005365531,11.354569266643,3.787761224594
SFR,E02,Z2,M2025,REF,35,79,0.448717948718,30,30,0.500000000000,21.558652344305,12,12,0.285714285714,12.729005365531,8.829646978774,3.787761224594
SFR,E02,Z2,M2025,REF,36,79,0.461538461538,31,31,0.516666666667,15.901996317359,12,12,0.285714285714,12.729005365531,3.172990951828,3.787761224594
SFR,E02,Z2,M2025,REF,37,79,0.474358974359,32,32,0.533333333333,22.099005446027,12,12,0.285714285714,12.729005365531,9.370000080496,3.787761224594
SFR,E02,Z2,M2025,REF,38,79,0.487179487179,33,33,0.550000000000,20.518662009335,12,12,0.285714285714,12.729005365531,7.789656643804,3.787761224594
SFR,E02,Z2,M2025,REF,39,79,0.500000000000,34,34,0.566666666667,23.768366875636,12,12,0.285714285714,12.729005365531,11.039361510106,3.787761224594
SFR,E02,Z2,M2025,REF,40,79,0.512820512821,35,35,0.583333333333,17.994766100830,12,12,0.285714285714,12.729005365531,5.265760735299,3.787761224594
SFR,E02,Z2,M2025,REF,41,79,0.525641025641,36,36,0.600000000000,14.272820943267,13,13,0.309523809524,11.987014809848,2.285806133419,3.787761224594
SFR,E02,Z2,M2025,REF,42,79,0.538461538462,37,37,0.616666666667,10.151540881743,14,14,0.333333333333,9.287054772924,0.864486108819,3.787761224594
SFR,E02,Z2,M2025,REF,43,79,0.551282051282,37,37,0.616666666667,10.151540881743,15,15,0.357142857143,10.950501191192,0.798960309449,3.787761224594
SFR,E02,Z2,M2025,REF,44,79,0.564102564103,37,37,0.616666666667,10.151540881743,16,16,0.380952380952,9.040799624909,1.110741256834,3.787761224594
SFR,E02,Z2,M2025,REF,45,79,0.576923076923,37,37,0.616666666667,10.151540881743,17,17,0.404761904762,7.828325288693,2.323215593050,3.787761224594
SFR,E02,Z2,M2025,REF,46,79,0.589743589744,37,37,0.616666666667,10.151540881743,18,18,0.428571428571,9.985225629999,0.166315251744,3.787761224594
SFR,E02,Z2,M2025,REF,47,79,0.602564102564,38,38,0.633333333333,7.496863617742,19,19,0.452380952381,7.421519076609,0.075344541133,3.787761224594
SFR,E02,Z2,M2025,REF,48,79,0.615384615385,38,38,0.633333333333,7.496863617742,20,20,0.476190476190,9.020960143345,1.524096525603,3.787761224594
SFR,E02,Z2,M2025,REF,49,79,0.628205128205,38,38,0.633333333333,7.496863617742,21,21,0.500000000000,7.156146524139,0.340717093602,3.787761224594
SFR,E02,Z2,M2025,REF,50,79,0.641025641026,38,38,0.633333333333,7.496863617742,22,22,0.523809523810,5.920134250238,1.576729367503,3.787761224594
SFR,E02,Z2,M2025,REF,51,79,0.653846153846,39,39,0.650000000000,8.877685585740,23,23,0.547619047619,8.142449467446,0.735236118294,3.787761224594
SFR,E02,Z2,M2025,REF,52,79,0.666666666667,40,40,0.666666666667,9.130678798129,24,24,0.571428571429,7.758169188670,1.372509609459,3.787761224594
SFR,E02,Z2,M2025,REF,53,79,0.679487179487,41,41,0.683333333333,9.958936706168,25,25,0.595238095238,12.805100959424,2.846164253256,3.787761224594
SFR,E02,Z2,M2025,REF,54,79,0.692307692308,41,41,0.683333333333,9.958936706168,26,26,0.619047619048,11.653490901969,1.694554195801,3.787761224594
SFR,E02,Z2,M2025,REF,55,79,0.705128205128,41,41,0.683333333333,9.958936706168,27,27,0.642857142857,10.396166681783,0.437229975614,3.787761224594
SFR,E02,Z2,M2025,REF,56,79,0.717948717949,41,41,0.683333333333,9.958936706168,28,28,0.666666666667,9.042292959513,0.916643746655,3.787761224594
SFR,E02,Z2,M2025,REF,57,79,0.730769230769,42,42,0.700000000000,6.234493865598,29,29,0.690476190476,7.573049975218,1.338556109619,3.787761224594
SFR,E02,Z2,M2025,REF,58,79,0.743589743590,42,42,0.700000000000,6.234493865598,30,30,0.714285714286,6.771110720657,0.536616855059,3.787761224594
SFR,E02,Z2,M2025,REF,59,79,0.756410256410,43,43,0.716666666667,2.662732453651,31,31,0.738095238095,6.432085326000,3.769352872349,3.787761224594
SFR,E02,Z2,M2025,REF,60,79,0.769230769231,44,44,0.733333333333,2.153140903040,32,32,0.761904761905,8.492079200233,6.338938297194,3.787761224594
SFR,E02,Z2,M2025,REF,61,79,0.782051282051,45,45,0.750000000000,21.855221001230,33,33,0.785714285714,11.104060755603,10.751160245626,3.787761224594
SFR,E02,Z2,M2025,REF,62,79,0.794871794872,46,46,0.766666666667,8.123955099490,34,34,0.809523809524,8.746380378850,0.622425279360,3.787761224594
SFR,E02,Z2,M2025,REF,63,79,0.807692307692,47,47,0.783333333333,7.290868842436,35,35,0.833333333333,6.751400793561,0.539468048875,3.787761224594
SFR,E02,Z2,M2025,REF,64,79,0.820512820513,47,47,0.783333333333,7.290868842436,36,36,0.857142857143,8.982394545497,1.691525703062,3.787761224594
SFR,E02,Z2,M2025,REF,65,79,0.833333333333,48,48,0.800000000000,10.975009981498,37,37,0.880952380952,14.295606115962,3.320596134463,3.787761224594
SFR,E02,Z2,M2025,REF,66,79,0.846153846154,48,48,0.800000000000,10.975009981498,38,38,0.904761904762,12.223703323004,1.248693341505,3.787761224594
SFR,E02,Z2,M2025,REF,67,79,0.858974358974,49,49,0.816666666667,18.729863180352,39,39,0.928571428571,16.046425743984,2.683437436368,3.787761224594
SFR,E02,Z2,M2025,REF,68,79,0.871794871795,50,50,0.833333333333,19.751115600517,39,39,0.928571428571,16.046425743984,3.704689856533,3.787761224594
SFR,E02,Z2,M2025,REF,69,79,0.884615384615,51,51,0.850000000000,18.061279020804,39,39,0.928571428571,16.046425743984,2.014853276819,3.787761224594
SFR,E02,Z2,M2025,REF,70,79,0.897435897436,52,52,0.866666666667,18.008989514847,39,39,0.928571428571,16.046425743984,1.962563770863,3.787761224594
SFR,E02,Z2,M2025,REF,71,79,0.910256410256,53,53,0.883333333333,28.696834085206,40,40,0.952380952381,25.304067033544,3.392767051662,3.787761224594
SFR,E02,Z2,M2025,REF,72,79,0.923076923077,54,54,0.900000000000,21.216549452171,40,40,0.952380952381,25.304067033544,4.087517581373,3.787761224594
SFR,E02,Z2,M2025,REF,73,79,0.935897435897,55,55,0.916666666667,19.431646281337,40,40,0.952380952381,25.304067033544,5.872420752207,3.787761224594
SFR,E02,Z2,M2025,REF,74,79,0.948717948718,56,56,0.933333333333,17.099968832302,41,41,0.976190476190,13.097970089297,4.001998743005,3.787761224594
SFR,E02,Z2,M2025,REF,75,79,0.961538461538,57,57,0.950000000000,15.684069086103,41,41,0.976190476190,13.097970089297,2.586098996806,3.787761224594
SFR,E02,Z2,M2025,REF,76,79,0.974358974359,58,58,0.966666666667,13.403921276267,41,41,0.976190476190,13.097970089297,0.305951186970,3.787761224594
SFR,E02,Z2,M2025,REF,77,79,0.987179487179,59,59,0.983333333333,9.309132877968,42,42,1.000000000000,11.649602213308,2.340469335340,3.787761224594
SFR,E02,Z2,M2025,REF,78,79,1.000000000000,60,60,1.000000000000,7.054773464338,42,42,1.000000000000,11.649602213308,4.594828748970,3.787761224594
Q_value,E02,Z1,M2025,REF,0,62,0.000000000000,0,0,0.000000000000,3.447937054269,8,0,0.000000000000,9.386479626615,5.938542572346,12.210709184628
Q_value,E02,Z1,M2025,REF,1,62,0.016393442623,5,1,0.021739130435,7.455585348620,9,1,0.038461538462,6.908520605368,0.547064743253,12.210709184628
Q_value,E02,Z1,M2025,REF,2,62,0.032786885246,5,1,0.021739130435,7.455585348620,10,2,0.076923076923,7.055611178928,0.399974169692,12.210709184628
Q_value,E02,Z1,M2025,REF,3,62,0.049180327869,5,1,0.021739130435,7.455585348620,11,3,0.115384615385,8.849770266059,1.394184917439,12.210709184628
Q_value,E02,Z1,M2025,REF,4,62,0.065573770492,5,1,0.021739130435,7.455585348620,12,4,0.153846153846,9.444470290643,1.988884942023,12.210709184628
Q_value,E02,Z1,M2025,REF,5,62,0.081967213115,6,2,0.043478260870,16.992255148086,13,5,0.192307692308,14.820709754291,2.171545393795,12.210709184628
Q_value,E02,Z1,M2025,REF,6,62,0.098360655738,7,3,0.065217391304,19.801359836563,14,6,0.230769230769,14.493466377227,5.307893459336,12.210709184628
Q_value,E02,Z1,M2025,REF,7,62,0.114754098361,8,4,0.086956521739,27.015376883889,15,7,0.269230769231,25.756875615750,1.258501268139,12.210709184628
Q_value,E02,Z1,M2025,REF,8,62,0.131147540984,10,5,0.108695652174,21.603104881885,15,7,0.269230769231,25.756875615750,4.153770733865,12.210709184628
Q_value,E02,Z1,M2025,REF,9,62,0.147540983607,11,6,0.130434782609,86.322322079012,15,7,0.269230769231,25.756875615750,60.565446463262,12.210709184628
Q_value,E02,Z1,M2025,REF,10,62,0.163934426230,12,7,0.152173913043,81.656393483963,15,7,0.269230769231,25.756875615750,55.899517868213,12.210709184628
Q_value,E02,Z1,M2025,REF,11,62,0.180327868852,13,8,0.173913043478,23.709688313149,15,7,0.269230769231,25.756875615750,2.047187302600,12.210709184628
Q_value,E02,Z1,M2025,REF,12,62,0.196721311475,14,9,0.195652173913,21.957404367272,15,7,0.269230769231,25.756875615750,3.799471248478,12.210709184628
Q_value,E02,Z1,M2025,REF,13,62,0.213114754098,15,10,0.217391304348,38.689814008544,15,7,0.269230769231,25.756875615750,12.932938392794,12.210709184628
Q_value,E02,Z1,M2025,REF,14,62,0.229508196721,16,11,0.239130434783,62.103287577067,15,7,0.269230769231,25.756875615750,36.346411961317,12.210709184628
Q_value,E02,Z1,M2025,REF,15,62,0.245901639344,17,12,0.260869565217,61.210006703417,15,7,0.269230769231,25.756875615750,35.453131087667,12.210709184628
Q_value,E02,Z1,M2025,REF,16,62,0.262295081967,18,13,0.282608695652,16.842821272505,15,7,0.269230769231,25.756875615750,8.914054343245,12.210709184628
Q_value,E02,Z1,M2025,REF,17,62,0.278688524590,19,14,0.304347826087,27.901129670225,15,7,0.269230769231,25.756875615750,2.144254054475,12.210709184628
Q_value,E02,Z1,M2025,REF,18,62,0.295081967213,20,15,0.326086956522,25.587494683788,15,7,0.269230769231,25.756875615750,0.169380931962,12.210709184628
Q_value,E02,Z1,M2025,REF,19,62,0.311475409836,21,16,0.347826086957,39.623076202212,15,7,0.269230769231,25.756875615750,13.866200586462,12.210709184628
Q_value,E02,Z1,M2025,REF,20,62,0.327868852459,22,17,0.369565217391,40.501518096056,15,7,0.269230769231,25.756875615750,14.744642480306,12.210709184628
Q_value,E02,Z1,M2025,REF,21,62,0.344262295082,23,18,0.391304347826,15.409386217032,16,8,0.307692307692,12.437448421868,2.971937795163,12.210709184628
Q_value,E02,Z1,M2025,REF,22,62,0.360655737705,24,19,0.413043478261,11.716405323250,16,8,0.307692307692,12.437448421868,0.721043098618,12.210709184628
Q_value,E02,Z1,M2025,REF,23,62,0.377049180328,25,20,0.434782608696,22.384333347115,16,8,0.307692307692,12.437448421868,9.946884925246,12.210709184628
Q_value,E02,Z1,M2025,REF,24,62,0.393442622951,26,21,0.456521739130,76.246871403190,16,8,0.307692307692,12.437448421868,63.809422981321,12.210709184628
Q_value,E02,Z1,M2025,REF,25,62,0.409836065574,27,22,0.478260869565,15.199337384337,16,8,0.307692307692,12.437448421868,2.761888962469,12.210709184628
Q_value,E02,Z1,M2025,REF,26,62,0.426229508197,28,23,0.500000000000,10.450255706531,16,8,0.307692307692,12.437448421868,1.987192715338,12.210709184628
Q_value,E02,Z1,M2025,REF,27,62,0.442622950820,29,24,0.521739130435,13.055540223775,16,8,0.307692307692,12.437448421868,0.618091801907,12.210709184628
Q_value,E02,Z1,M2025,REF,28,62,0.459016393443,30,25,0.543478260870,22.366099472383,16,8,0.307692307692,12.437448421868,9.928651050515,12.210709184628
Q_value,E02,Z1,M2025,REF,29,62,0.475409836066,31,26,0.565217391304,64.001370286205,16,8,0.307692307692,12.437448421868,51.563921864336,12.210709184628
Q_value,E02,Z1,M2025,REF,30,62,0.491803278689,32,27,0.586956521739,12.571413187197,16,8,0.307692307692,12.437448421868,0.133964765329,12.210709184628
Q_value,E02,Z1,M2025,REF,31,62,0.508196721311,33,28,0.608695652174,33.074799423666,16,8,0.307692307692,12.437448421868,20.637351001798,12.210709184628
Q_value,E02,Z1,M2025,REF,32,62,0.524590163934,34,29,0.630434782609,11.225533668025,16,8,0.307692307692,12.437448421868,1.211914753843,12.210709184628
Q_value,E02,Z1,M2025,REF,33,62,0.540983606557,35,30,0.652173913043,36.122972598668,16,8,0.307692307692,12.437448421868,23.685524176800,12.210709184628
Q_value,E02,Z1,M2025,REF,34,62,0.557377049180,36,31,0.673913043478,8.189830460835,16,8,0.307692307692,12.437448421868,4.247617961034,12.210709184628
Q_value,E02,Z1,M2025,REF,35,62,0.573770491803,37,32,0.695652173913,5.691883230628,16,8,0.307692307692,12.437448421868,6.745565191240,12.210709184628
Q_value,E02,Z1,M2025,REF,36,62,0.590163934426,38,33,0.717391304348,4.602789261382,16,8,0.307692307692,12.437448421868,7.834659160487,12.210709184628
Q_value,E02,Z1,M2025,REF,37,62,0.606557377049,41,34,0.739130434783,6.973969744279,16,8,0.307692307692,12.437448421868,5.463478677590,12.210709184628
Q_value,E02,Z1,M2025,REF,38,62,0.622950819672,42,35,0.760869565217,7.415338660177,17,9,0.346153846154,19.725719051174,12.310380390997,12.210709184628
Q_value,E02,Z1,M2025,REF,39,62,0.639344262295,48,36,0.782608695652,4.740277864160,18,10,0.384615384615,18.393227351789,13.652949487629,12.210709184628
Q_value,E02,Z1,M2025,REF,40,62,0.655737704918,49,37,0.804347826087,31.237802591124,19,11,0.423076923077,27.385449949364,3.852352641760,12.210709184628
Q_value,E02,Z1,M2025,REF,41,62,0.672131147541,50,38,0.826086956522,26.584541568414,19,11,0.423076923077,27.385449949364,0.800908380950,12.210709184628
Q_value,E02,Z1,M2025,REF,42,62,0.688524590164,51,39,0.847826086957,73.129958978402,20,12,0.461538461538,33.612076301041,39.517882677360,12.210709184628
Q_value,E02,Z1,M2025,REF,43,62,0.704918032787,52,40,0.869565217391,46.303070960336,20,12,0.461538461538,33.612076301041,12.690994659295,12.210709184628
Q_value,E02,Z1,M2025,REF,44,62,0.721311475410,53,41,0.891304347826,91.021082411492,20,12,0.461538461538,33.612076301041,57.409006110451,12.210709184628
Q_value,E02,Z1,M2025,REF,45,62,0.737704918033,54,42,0.913043478261,36.067643376145,20,12,0.461538461538,33.612076301041,2.455567075104,12.210709184628
Q_value,E02,Z1,M2025,REF,46,62,0.754098360656,55,43,0.934782608696,78.697299626535,20,12,0.461538461538,33.612076301041,45.085223325493,12.210709184628
Q_value,E02,Z1,M2025,REF,47,62,0.770491803279,56,44,0.956521739130,70.737945322118,20,12,0.461538461538,33.612076301041,37.125869021077,12.210709184628
Q_value,E02,Z1,M2025,REF,48,62,0.786885245902,57,45,0.978260869565,15.617397533671,21,13,0.500000000000,21.143090523780,5.525692990110,12.210709184628
Q_value,E02,Z1,M2025,REF,49,62,0.803278688525,57,45,0.978260869565,15.617397533671,22,14,0.538461538462,24.683387081039,9.065989547368,12.210709184628
Q_value,E02,Z1,M2025,REF,50,62,0.819672131148,57,45,0.978260869565,15.617397533671,23,15,0.576923076923,24.772381724344,9.154984190673,12.210709184628
Q_value,E02,Z1,M2025,REF,51,62,0.836065573770,58,46,1.000000000000,9.099171592416,24,16,0.615384615385,6.579480669533,2.519690922883,12.210709184628
Q_value,E02,Z1,M2025,REF,52,62,0.852459016393,58,46,1.000000000000,9.099171592416,30,17,0.653846153846,8.325791643071,0.773379949345,12.210709184628
Q_value,E02,Z1,M2025,REF,53,62,0.868852459016,58,46,1.000000000000,9.099171592416,31,18,0.692307692308,6.227711500575,2.871460091841,12.210709184628
Q_value,E02,Z1,M2025,REF,54,62,0.885245901639,58,46,1.000000000000,9.099171592416,34,19,0.730769230769,6.140147133991,2.959024458425,12.210709184628
Q_value,E02,Z1,M2025,REF,55,62,0.901639344262,58,46,1.000000000000,9.099171592416,36,20,0.769230769231,4.933733682414,4.165437910002,12.210709184628
Q_value,E02,Z1,M2025,REF,56,62,0.918032786885,58,46,1.000000000000,9.099171592416,37,21,0.807692307692,5.553004646570,3.546166945846,12.210709184628
Q_value,E02,Z1,M2025,REF,57,62,0.934426229508,58,46,1.000000000000,9.099171592416,38,22,0.846153846154,7.765483569480,1.333688022936,12.210709184628
Q_value,E02,Z1,M2025,REF,58,62,0.950819672131,58,46,1.000000000000,9.099171592416,39,23,0.884615384615,7.398929951823,1.700241640593,12.210709184628
Q_value,E02,Z1,M2025,REF,59,62,0.967213114754,58,46,1.000000000000,9.099171592416,40,24,0.923076923077,6.624568640202,2.474602952214,12.210709184628
Q_value,E02,Z1,M2025,REF,60,62,0.983606557377,58,46,1.000000000000,9.099171592416,41,25,0.961538461538,9.096112078701,0.003059513715,12.210709184628
Q_value,E02,Z1,M2025,REF,61,62,1.000000000000,58,46,1.000000000000,9.099171592416,42,26,1.000000000000,10.856478329590,1.757306737174,12.210709184628
Q_value,E02,Z2,M2025,REF,0,58,0.000000000000,0,0,0.000000000000,3.447937054269,7,0,0.000000000000,4.342788928965,0.894851874696,12.760456017770
Q_value,E02,Z2,M2025,REF,1,58,0.017543859649,5,1,0.021739130435,7.455585348620,8,1,0.037037037037,7.690181071211,0.234595722591,12.760456017770
Q_value,E02,Z2,M2025,REF,2,58,0.035087719298,5,1,0.021739130435,7.455585348620,9,2,0.074074074074,6.430599383009,1.024985965611,12.760456017770
Q_value,E02,Z2,M2025,REF,3,58,0.052631578947,5,1,0.021739130435,7.455585348620,10,3,0.111111111111,11.649352052535,4.193766703915,12.760456017770
Q_value,E02,Z2,M2025,REF,4,58,0.070175438596,6,2,0.043478260870,16.992255148086,12,4,0.148148148148,16.523254046684,0.469001101402,12.760456017770
Q_value,E02,Z2,M2025,REF,5,58,0.087719298246,7,3,0.065217391304,19.801359836563,12,4,0.148148148148,16.523254046684,3.278105789879,12.760456017770
Q_value,E02,Z2,M2025,REF,6,58,0.105263157895,8,4,0.086956521739,27.015376883889,12,4,0.148148148148,16.523254046684,10.492122837205,12.760456017770
Q_value,E02,Z2,M2025,REF,7,58,0.122807017544,10,5,0.108695652174,21.603104881885,12,4,0.148148148148,16.523254046684,5.079850835202,12.760456017770
Q_value,E02,Z2,M2025,REF,8,58,0.140350877193,11,6,0.130434782609,86.322322079012,12,4,0.148148148148,16.523254046684,69.799068032328,12.760456017770
Q_value,E02,Z2,M2025,REF,9,58,0.157894736842,12,7,0.152173913043,81.656393483963,12,4,0.148148148148,16.523254046684,65.133139437279,12.760456017770
Q_value,E02,Z2,M2025,REF,10,58,0.175438596491,13,8,0.173913043478,23.709688313149,12,4,0.148148148148,16.523254046684,7.186434266466,12.760456017770
Q_value,E02,Z2,M2025,REF,11,58,0.192982456140,14,9,0.195652173913,21.957404367272,12,4,0.148148148148,16.523254046684,5.434150320588,12.760456017770
Q_value,E02,Z2,M2025,REF,12,58,0.210526315789,15,10,0.217391304348,38.689814008544,12,4,0.148148148148,16.523254046684,22.166559961860,12.760456017770
Q_value,E02,Z2,M2025,REF,13,58,0.228070175439,16,11,0.239130434783,62.103287577067,12,4,0.148148148148,16.523254046684,45.580033530383,12.760456017770
Q_value,E02,Z2,M2025,REF,14,58,0.245614035088,17,12,0.260869565217,61.210006703417,12,4,0.148148148148,16.523254046684,44.686752656733,12.760456017770
Q_value,E02,Z2,M2025,REF,15,58,0.263157894737,18,13,0.282608695652,16.842821272505,12,4,0.148148148148,16.523254046684,0.319567225822,12.760456017770
Q_value,E02,Z2,M2025,REF,16,58,0.280701754386,19,14,0.304347826087,27.901129670225,12,4,0.148148148148,16.523254046684,11.377875623541,12.760456017770
Q_value,E02,Z2,M2025,REF,17,58,0.298245614035,20,15,0.326086956522,25.587494683788,12,4,0.148148148148,16.523254046684,9.064240637104,12.760456017770
Q_value,E02,Z2,M2025,REF,18,58,0.315789473684,21,16,0.347826086957,39.623076202212,12,4,0.148148148148,16.523254046684,23.099822155528,12.760456017770
Q_value,E02,Z2,M2025,REF,19,58,0.333333333333,22,17,0.369565217391,40.501518096056,12,4,0.148148148148,16.523254046684,23.978264049372,12.760456017770
Q_value,E02,Z2,M2025,REF,20,58,0.350877192982,23,18,0.391304347826,15.409386217032,12,4,0.148148148148,16.523254046684,1.113867829652,12.760456017770
Q_value,E02,Z2,M2025,REF,21,58,0.368421052632,24,19,0.413043478261,11.716405323250,12,4,0.148148148148,16.523254046684,4.806848723434,12.760456017770
Q_value,E02,Z2,M2025,REF,22,58,0.385964912281,25,20,0.434782608696,22.384333347115,12,4,0.148148148148,16.523254046684,5.861079300431,12.760456017770
Q_value,E02,Z2,M2025,REF,23,58,0.403508771930,26,21,0.456521739130,76.246871403190,12,4,0.148148148148,16.523254046684,59.723617356506,12.760456017770
Q_value,E02,Z2,M2025,REF,24,58,0.421052631579,27,22,0.478260869565,15.199337384337,12,4,0.148148148148,16.523254046684,1.323916662346,12.760456017770
Q_value,E02,Z2,M2025,REF,25,58,0.438596491228,28,23,0.500000000000,10.450255706531,13,5,0.185185185185,9.507893330037,0.942362376494,12.760456017770
Q_value,E02,Z2,M2025,REF,26,58,0.456140350877,28,23,0.500000000000,10.450255706531,14,6,0.222222222222,11.571849944061,1.121594237530,12.760456017770
Q_value,E02,Z2,M2025,REF,27,58,0.473684210526,28,23,0.500000000000,10.450255706531,15,7,0.259259259259,7.790611717476,2.659643989055,12.760456017770
Q_value,E02,Z2,M2025,REF,28,58,0.491228070175,28,23,0.500000000000,10.450255706531,16,8,0.296296296296,8.336022087874,2.114233618657,12.760456017770
Q_value,E02,Z2,M2025,REF,29,58,0.508771929825,28,23,0.500000000000,10.450255706531,17,9,0.333333333333,7.711510152735,2.738745553796,12.760456017770
Q_value,E02,Z2,M2025,REF,30,58,0.526315789474,28,23,0.500000000000,10.450255706531,18,10,0.370370370370,6.988316205670,3.461939500861,12.760456017770
Q_value,E02,Z2,M2025,REF,31,58,0.543859649123,28,23,0.500000000000,10.450255706531,20,11,0.407407407407,11.519947144578,1.069691438047,12.760456017770
Q_value,E02,Z2,M2025,REF,32,58,0.561403508772,28,23,0.500000000000,10.450255706531,21,12,0.444444444444,9.231554318510,1.218701388021,12.760456017770
Q_value,E02,Z2,M2025,REF,33,58,0.578947368421,29,24,0.521739130435,13.055540223775,23,13,0.481481481481,13.748981229417,0.693441005642,12.760456017770
Q_value,E02,Z2,M2025,REF,34,58,0.596491228070,30,25,0.543478260870,22.366099472383,23,13,0.481481481481,13.748981229417,8.617118242966,12.760456017770
Q_value,E02,Z2,M2025,REF,35,58,0.614035087719,31,26,0.565217391304,64.001370286205,23,13,0.481481481481,13.748981229417,50.252389056788,12.760456017770
Q_value,E02,Z2,M2025,REF,36,58,0.631578947368,32,27,0.586956521739,12.571413187197,23,13,0.481481481481,13.748981229417,1.177568042220,12.760456017770
Q_value,E02,Z2,M2025,REF,37,58,0.649122807018,33,28,0.608695652174,33.074799423666,23,13,0.481481481481,13.748981229417,19.325818194249,12.760456017770
Q_value,E02,Z2,M2025,REF,38,58,0.666666666667,34,29,0.630434782609,11.225533668025,25,14,0.518518518519,7.144204834786,4.081328833239,12.760456017770
Q_value,E02,Z2,M2025,REF,39,58,0.684210526316,34,29,0.630434782609,11.225533668025,26,15,0.555555555556,11.415217628467,0.189683960442,12.760456017770
Q_value,E02,Z2,M2025,REF,40,58,0.701754385965,35,30,0.652173913043,36.122972598668,27,16,0.592592592593,11.065746897241,25.057225701427,12.760456017770
Q_value,E02,Z2,M2025,REF,41,58,0.719298245614,36,31,0.673913043478,8.189830460835,28,17,0.629629629630,8.122376928184,0.067453532650,12.760456017770
Q_value,E02,Z2,M2025,REF,42,58,0.736842105263,37,32,0.695652173913,5.691883230628,33,18,0.666666666667,7.650194975477,1.958311744848,12.760456017770
Q_value,E02,Z2,M2025,REF,43,58,0.754385964912,38,33,0.717391304348,4.602789261382,33,18,0.666666666667,7.650194975477,3.047405714095,12.760456017770
Q_value,E02,Z2,M2025,REF,44,58,0.771929824561,41,34,0.739130434783,6.973969744279,34,19,0.703703703704,15.049884409570,8.075914665291,12.760456017770
Q_value,E02,Z2,M2025,REF,45,58,0.789473684211,42,35,0.760869565217,7.415338660177,35,20,0.740740740741,11.684932347395,4.269593687218,12.760456017770
Q_value,E02,Z2,M2025,REF,46,58,0.807017543860,48,36,0.782608695652,4.740277864160,36,21,0.777777777778,14.345284319320,9.605006455161,12.760456017770
Q_value,E02,Z2,M2025,REF,47,58,0.824561403509,49,37,0.804347826087,31.237802591124,37,22,0.814814814815,31.899294220390,0.661491629266,12.760456017770
Q_value,E02,Z2,M2025,REF,48,58,0.842105263158,50,38,0.826086956522,26.584541568414,38,23,0.851851851852,25.864785121701,0.719756446713,12.760456017770
Q_value,E02,Z2,M2025,REF,49,58,0.859649122807,50,38,0.826086956522,26.584541568414,39,24,0.888888888889,31.145611087036,4.561069518623,12.760456017770
Q_value,E02,Z2,M2025,REF,50,58,0.877192982456,51,39,0.847826086957,73.129958978402,40,25,0.925925925926,72.725877587907,0.404081390494,12.760456017770
Q_value,E02,Z2,M2025,REF,51,58,0.894736842105,52,40,0.869565217391,46.303070960336,40,25,0.925925925926,72.725877587907,26.422806627571,12.760456017770
Q_value,E02,Z2,M2025,REF,52,58,0.912280701754,53,41,0.891304347826,91.021082411492,40,25,0.925925925926,72.725877587907,18.295204823585,12.760456017770
Q_value,E02,Z2,M2025,REF,53,58,0.929824561404,54,42,0.913043478261,36.067643376145,40,25,0.925925925926,72.725877587907,36.658234211762,12.760456017770
Q_value,E02,Z2,M2025,REF,54,58,0.947368421053,55,43,0.934782608696,78.697299626535,40,25,0.925925925926,72.725877587907,5.971422038627,12.760456017770
Q_value,E02,Z2,M2025,REF,55,58,0.964912280702,56,44,0.956521739130,70.737945322118,40,25,0.925925925926,72.725877587907,1.987932265790,12.760456017770
Q_value,E02,Z2,M2025,REF,56,58,0.982456140351,57,45,0.978260869565,15.617397533671,41,26,0.962962962963,47.478754422551,31.861356888880,12.760456017770
Q_value,E02,Z2,M2025,REF,57,58,1.000000000000,58,46,1.000000000000,9.099171592416,42,27,1.000000000000,43.594575243172,34.495403650756,12.760456017770
SFR,E03,Z1,M2025,REF,0,97,0.000000000000,0,0,0.000000000000,27.447391354473,0,0,0.000000000000,4.233997849604,23.213393504870,5.094629546741
SFR,E03,Z1,M2025,REF,1,97,0.010416666667,1,1,0.016666666667,6.104176381052,1,1,0.023255813953,4.149334520931,1.954841860122,5.094629546741
SFR,E03,Z1,M2025,REF,2,97,0.020833333333,2,2,0.033333333333,7.257668029280,2,2,0.046511627907,2.848568854231,4.409099175049,5.094629546741
SFR,E03,Z1,M2025,REF,3,97,0.031250000000,3,3,0.050000000000,7.717222397772,3,3,0.069767441860,2.095550198549,5.621672199223,5.094629546741
SFR,E03,Z1,M2025,REF,4,97,0.041666666667,4,4,0.066666666667,5.088392840397,4,4,0.093023255814,2.633704946817,2.454687893580,5.094629546741
SFR,E03,Z1,M2025,REF,5,97,0.052083333333,4,4,0.066666666667,5.088392840397,5,5,0.116279069767,2.491938625470,2.596454214927,5.094629546741
SFR,E03,Z1,M2025,REF,6,97,0.062500000000,4,4,0.066666666667,5.088392840397,6,6,0.139534883721,4.000151948662,1.088240891735,5.094629546741
SFR,E03,Z1,M2025,REF,7,97,0.072916666667,4,4,0.066666666667,5.088392840397,7,7,0.162790697674,4.263704381849,0.824688458549,5.094629546741
SFR,E03,Z1,M2025,REF,8,97,0.083333333333,4,4,0.066666666667,5.088392840397,8,8,0.186046511628,6.078131372390,0.989738531993,5.094629546741
SFR,E03,Z1,M2025,REF,9,97,0.093750000000,4,4,0.066666666667,5.088392840397,9,9,0.209302325581,5.674689948795,0.586297108398,5.094629546741
SFR,E03,Z1,M2025,REF,10,97,0.104166666667,4,4,0.066666666667,5.088392840397,10,10,0.232558139535,3.260834902217,1.827557938180,5.094629546741
SFR,E03,Z1,M2025,REF,11,97,0.114583333333,4,4,0.066666666667,5.088392840397,11,11,0.255813953488,5.411034769335,0.322641928937,5.094629546741
SFR,E03,Z1,M2025,REF,12,97,0.125000000000,4,4,0.066666666667,5.088392840397,12,12,0.279069767442,4.963302132747,0.125090707651,5.094629546741
SFR,E03,Z1,M2025,REF,13,97,0.135416666667,4,4,0.066666666667,5.088392840397,13,13,0.302325581395,4.530087297229,0.558305543168,5.094629546741
SFR,E03,Z1,M2025,REF,14,97,0.145833333333,4,4,0.066666666667,5.088392840397,14,14,0.325581395349,7.121070913914,2.032678073517,5.094629546741
SFR,E03,Z1,M2025,REF,15,97,0.156250000000,4,4,0.066666666667,5.088392840397,15,15,0.348837209302,5.776663609803,0.688270769405,5.094629546741
SFR,E03,Z1,M2025,REF,16,97,0.166666666667,5,5,0.083333333333,9.089836816578,16,16,0.372093023256,8.008839743544,1.080997073034,5.094629546741
SFR,E03,Z1,M2025,REF,17,97,0.177083333333,5,5,0.083333333333,9.089836816578,17,17,0.395348837209,6.119650873702,2.970185942876,5.094629546741
SFR,E03,Z1,M2025,REF,18,97,0.187500000000,6,6,0.100000000000,12.503842471894,18,18,0.418604651163,10.135668451032,2.368174020862,5.094629546741
SFR,E03,Z1,M2025,REF,19,97,0.197916666667,7,7,0.116666666667,15.171999406206,18,18,0.418604651163,10.135668451032,5.036330955174,5.094629546741
SFR,E03,Z1,M2025,REF,20,97,0.208333333333,8,8,0.133333333333,18.201637423284,18,18,0.418604651163,10.135668451032,8.065968972252,5.094629546741
SFR,E03,Z1,M2025,REF,21,97,0.218750000000,9,9,0.150000000000,7.090400977046,18,18,0.418604651163,10.135668451032,3.045267473987,5.094629546741
SFR,E03,Z1,M2025,REF,22,97,0.229166666667,10,10,0.166666666667,15.315925649650,18,18,0.418604651163,10.135668451032,5.180257198618,5.094629546741
SFR,E03,Z1,M2025,REF,23,97,0.239583333333,11,11,0.183333333333,19.864482342887,18,18,0.418604651163,10.135668451032,9.728813891854,5.094629546741
SFR,E03,Z1,M2025,REF,24,97,0.250000000000,12,12,0.200000000000,25.376052344683,18,18,0.418604651163,10.135668451032,15.240383893651,5.094629546741
SFR,E03,Z1,M2025,REF,25,97,0.260416666667,13,13,0.216666666667,18.865416022571,18,18,0.418604651163,10.135668451032,8.729747571539,5.094629546741
SFR,E03,Z1,M2025,REF,26,97,0.270833333333,14,14,0.233333333333,13.426831882901,18,18,0.418604651163,10.135668451032,3.291163431869,5.094629546741
SFR,E03,Z1,M2025,REF,27,97,0.281250000000,15,15,0.250000000000,19.921966701777,18,18,0.418604651163,10.135668451032,9.786298250744,5.094629546741
SFR,E03,Z1,M2025,REF,28,97,0.291666666667,16,16,0.266666666667,17.505453148093,18,18,0.418604651163,10.135668451032,7.369784697061,5.094629546741
SFR,E03,Z1,M2025,REF,29,97,0.302083333333,17,17,0.283333333333,21.256713670566,18,18,0.418604651163,10.135668451032,11.121045219534,5.094629546741
SFR,E03,Z1,M2025,REF,30,97,0.312500000000,18,18,0.300000000000,17.140365111539,18,18,0.418604651163,10.135668451032,7.004696660507,5.094629546741
SFR,E03,Z1,M2025,REF,31,97,0.322916666667,19,19,0.316666666667,23.273312703667,18,18,0.418604651163,10.135668451032,13.137644252635,5.094629546741
SFR,E03,Z1,M2025,REF,32,97,0.333333333333,20,20,0.333333333333,20.042312180220,18,18,0.418604651163,10.135668451032,9.906643729188,5.094629546741
SFR,E03,Z1,M2025,REF,33,97,0.343750000000,21,21,0.350000000000,15.181246930422,18,18,0.418604651163,10.135668451032,5.045578479390,5.094629546741
SFR,E03,Z1,M2025,REF,34,97,0.354166666667,22,22,0.366666666667,21.948910366429,18,18,0.418604651163,10.135668451032,11.813241915397,5.094629546741
SFR,E03,Z1,M2025,REF,35,97,0.364583333333,23,23,0.383333333333,16.990350651854,18,18,0.418604651163,10.135668451032,6.854682200822,5.094629546741
SFR,E03,Z1,M2025,REF,36,97,0.375000000000,24,24,0.400000000000,13.136850996573,18,18,0.418604651163,10.135668451032,3.001182545541,5.094629546741
SFR,E03,Z1,M2025,REF,37,97,0.385416666667,25,25,0.416666666667,25.402761559992,18,18,0.418604651163,10.135668451032,15.267093108959,5.094629546741
SFR,E03,Z1,M2025,REF,38,97,0.395833333333,26,26,0.433333333333,17.884583064766,18,18,0.418604651163,10.135668451032,7.748914613734,5.094629546741
SFR,E03,Z1,M2025,REF,39,97,0.406250000000,27,27,0.450000000000,15.812707181010,18,18,0.418604651163,10.135668451032,5.677038729978,5.094629546741
SFR,E03,Z1,M2025,REF,40,97,0.416666666667,28,28,0.466666666667,16.584392472260,18,18,0.418604651163,10.135668451032,6.448724021228,5.094629546741
SFR,E03,Z1,M2025,REF,41,97,0.427083333333,29,29,0.483333333333,24.083574632173,18,18,0.418604651163,10.135668451032,13.947906181141,5.094629546741
SFR,E03,Z1,M2025,REF,42,97,0.437500000000,30,30,0.500000000000,21.558652344305,18,18,0.418604651163,10.135668451032,11.422983893272,5.094629546741
SFR,E03,Z1,M2025,REF,43,97,0.447916666667,31,31,0.516666666667,15.901996317359,18,18,0.418604651163,10.135668451032,5.766327866327,5.094629546741
SFR,E03,Z1,M2025,REF,44,97,0.458333333333,32,32,0.533333333333,22.099005446027,18,18,0.418604651163,10.135668451032,11.963336994994,5.094629546741
SFR,E03,Z1,M2025,REF,45,97,0.468750000000,33,33,0.550000000000,20.518662009335,18,18,0.418604651163,10.135668451032,10.382993558302,5.094629546741
SFR,E03,Z1,M2025,REF,46,97,0.479166666667,34,34,0.566666666667,23.768366875636,18,18,0.418604651163,10.135668451032,13.632698424604,5.094629546741
SFR,E03,Z1,M2025,REF,47,97,0.489583333333,35,35,0.583333333333,17.994766100830,18,18,0.418604651163,10.135668451032,7.859097649798,5.094629546741
SFR,E03,Z1,M2025,REF,48,97,0.500000000000,36,36,0.600000000000,14.272820943267,18,18,0.418604651163,10.135668451032,4.137152492235,5.094629546741
SFR,E03,Z1,M2025,REF,49,97,0.510416666667,37,37,0.616666666667,10.151540881743,18,18,0.418604651163,10.135668451032,0.015872430711,5.094629546741
SFR,E03,Z1,M2025,REF,50,97,0.520833333333,38,38,0.633333333333,7.496863617742,18,18,0.418604651163,10.135668451032,2.638804833291,5.094629546741
SFR,E03,Z1,M2025,REF,51,97,0.531250000000,39,39,0.650000000000,8.877685585740,18,18,0.418604651163,10.135668451032,1.257982865292,5.094629546741
SFR,E03,Z1,M2025,REF,52,97,0.541666666667,40,40,0.666666666667,9.130678798129,18,18,0.418604651163,10.135668451032,1.004989652904,5.094629546741
SFR,E03,Z1,M2025,REF,53,97,0.552083333333,41,41,0.683333333333,9.958936706168,18,18,0.418604651163,10.135668451032,0.176731744864,5.094629546741
SFR,E03,Z1,M2025,REF,54,97,0.562500000000,42,42,0.700000000000,6.234493865598,18,18,0.418604651163,10.135668451032,3.901174585434,5.094629546741
SFR,E03,Z1,M2025,REF,55,97,0.572916666667,43,43,0.716666666667,2.662732453651,18,18,0.418604651163,10.135668451032,7.472935997381,5.094629546741
SFR,E03,Z1,M2025,REF,56,97,0.583333333333,44,44,0.733333333333,2.153140903040,18,18,0.418604651163,10.135668451032,7.982527547993,5.094629546741
SFR,E03,Z1,M2025,REF,57,97,0.593750000000,45,45,0.750000000000,21.855221001230,18,18,0.418604651163,10.135668451032,11.719552550197,5.094629546741
SFR,E03,Z1,M2025,REF,58,97,0.604166666667,46,46,0.766666666667,8.123955099490,18,18,0.418604651163,10.135668451032,2.011713351542,5.094629546741
SFR,E03,Z1,M2025,REF,59,97,0.614583333333,47,47,0.783333333333,7.290868842436,18,18,0.418604651163,10.135668451032,2.844799608597,5.094629546741
SFR,E03,Z1,M2025,REF,60,97,0.625000000000,48,48,0.800000000000,10.975009981498,18,18,0.418604651163,10.135668451032,0.839341530466,5.094629546741
SFR,E03,Z1,M2025,REF,61,97,0.635416666667,49,49,0.816666666667,18.729863180352,18,18,0.418604651163,10.135668451032,8.594194729320,5.094629546741
SFR,E03,Z1,M2025,REF,62,97,0.645833333333,50,50,0.833333333333,19.751115600517,18,18,0.418604651163,10.135668451032,9.615447149485,5.094629546741
SFR,E03,Z1,M2025,REF,63,97,0.656250000000,51,51,0.850000000000,18.061279020804,18,18,0.418604651163,10.135668451032,7.925610569771,5.094629546741
SFR,E03,Z1,M2025,REF,64,97,0.666666666667,52,52,0.866666666667,18.008989514847,18,18,0.418604651163,10.135668451032,7.873321063815,5.094629546741
SFR,E03,Z1,M2025,REF,65,97,0.677083333333,53,53,0.883333333333,28.696834085206,18,18,0.418604651163,10.135668451032,18.561165634174,5.094629546741
SFR,E03,Z1,M2025,REF,66,97,0.687500000000,54,54,0.900000000000,21.216549452171,18,18,0.418604651163,10.135668451032,11.080881001139,5.094629546741
SFR,E03,Z1,M2025,REF,67,97,0.697916666667,55,55,0.916666666667,19.431646281337,18,18,0.418604651163,10.135668451032,9.295977830305,5.094629546741
SFR,E03,Z1,M2025,REF,68,97,0.708333333333,56,56,0.933333333333,17.099968832302,18,18,0.418604651163,10.135668451032,6.964300381270,5.094629546741
SFR,E03,Z1,M2025,REF,69,97,0.718750000000,57,57,0.950000000000,15.684069086103,18,18,0.418604651163,10.135668451032,5.548400635071,5.094629546741
SFR,E03,Z1,M2025,REF,70,97,0.729166666667,58,58,0.966666666667,13.403921276267,18,18,0.418604651163,10.135668451032,3.268252825234,5.094629546741
SFR,E03,Z1,M2025,REF,71,97,0.739583333333,59,59,0.983333333333,9.309132877968,18,18,0.418604651163,10.135668451032,0.826535573065,5.094629546741
SFR,E03,Z1,M2025,REF,72,97,0.750000000000,60,60,1.000000000000,7.054773464338,19,19,0.441860465116,7.683868904280,0.629095439942,5.094629546741
SFR,E03,Z1,M2025,REF,73,97,0.760416666667,60,60,1.000000000000,7.054773464338,20,20,0.465116279070,7.045256630978,0.009516833360,5.094629546741
SFR,E03,Z1,M2025,REF,74,97,0.770833333333,60,60,1.000000000000,7.054773464338,21,21,0.488372093023,5.695968810056,1.358804654281,5.094629546741
SFR,E03,Z1,M2025,REF,75,97,0.781250000000,60,60,1.000000000000,7.054773464338,22,22,0.511627906977,6.685234156774,0.369539307564,5.094629546741
SFR,E03,Z1,M2025,REF,76,97,0.791666666667,60,60,1.000000000000,7.054773464338,23,23,0.534883720930,7.841680722693,0.786907258355,5.094629546741
SFR,E03,Z1,M2025,REF,77,97,0.802083333333,60,60,1.000000000000,7.054773464338,24,24,0.558139534884,4.457064837898,2.597708626440,5.094629546741
SFR,E03,Z1,M2025,REF,78,97,0.812500000000,60,60,1.000000000000,7.054773464338,25,25,0.581395348837,6.370546282274,0.684227182063,5.094629546741
SFR,E03,Z1,M2025,REF,79,97,0.822916666667,60,60,1.000000000000,7.054773464338,26,26,0.604651162791,5.271262765699,1.783510698639,5.094629546741
SFR,E03,Z1,M2025,REF,80,97,0.833333333333,60,60,1.000000000000,7.054773464338,27,27,0.627906976744,5.461047759957,1.593725704381,5.094629546741
SFR,E03,Z1,M2025,REF,81,97,0.843750000000,60,60,1.000000000000,7.054773464338,28,28,0.651162790698,3.645019435826,3.409754028511,5.094629546741
SFR,E03,Z1,M2025,REF,82,97,0.854166666667,60,60,1.000000000000,7.054773464338,29,29,0.674418604651,3.507342074244,3.547431390093,5.094629546741
SFR,E03,Z1,M2025,REF,83,97,0.864583333333,60,60,1.000000000000,7.054773464338,30,30,0.697674418605,1.774653776173,5.280119688164,5.094629546741
SFR,E03,Z1,M2025,REF,84,97,0.875000000000,60,60,1.000000000000,7.054773464338,31,31,0.720930232558,3.943231486269,3.111541978068,5.094629546741
SFR,E03,Z1,M2025,REF,85,97,0.885416666667,60,60,1.000000000000,7.054773464338,32,32,0.744186046512,6.457551003050,0.597222461288,5.094629546741
SFR,E03,Z1,M2025,REF,86,97,0.895833333333,60,60,1.000000000000,7.054773464338,33,33,0.767441860465,4.928800588959,2.125972875379,5.094629546741
SFR,E03,Z1,M2025,REF,87,97,0.906250000000,60,60,1.000000000000,7.054773464338,34,34,0.790697674419,5.361628707619,1.693144756719,5.094629546741
SFR,E03,Z1,M2025,REF,88,97,0.916666666667,60,60,1.000000000000,7.054773464338,35,35,0.813953488372,4.053191404147,3.001582060191,5.094629546741
SFR,E03,Z1,M2025,REF,89,97,0.927083333333,60,60,1.000000000000,7.054773464338,36,36,0.837209302326,4.233404270947,2.821369193390,5.094629546741
SFR,E03,Z1,M2025,REF,90,97,0.937500000000,60,60,1.000000000000,7.054773464338,37,37,0.860465116279,4.365980075704,2.688793388634,5.094629546741
SFR,E03,Z1,M2025,REF,91,97,0.947916666667,60,60,1.000000000000,7.054773464338,38,38,0.883720930233,5.565587688982,1.489185775356,5.094629546741
SFR,E03,Z1,M2025,REF,92,97,0.958333333333,60,60,1.000000000000,7.054773464338,39,39,0.906976744186,5.422017975067,1.632755489271,5.094629546741
SFR,E03,Z1,M2025,REF,93,97,0.968750000000,60,60,1.000000000000,7.054773464338,40,40,0.930232558140,4.598076598703,2.456696865634,5.094629546741
SFR,E03,Z1,M2025,REF,94,97,0.979166666667,60,60,1.000000000000,7.054773464338,41,41,0.953488372093,4.832085579039,2.222687885299,5.094629546741
SFR,E03,Z1,M2025,REF,95,97,0.989583333333,60,60,1.000000000000,7.054773464338,42,42,0.976744186047,3.901937540705,3.152835923633,5.094629546741
SFR,E03,Z1,M2025,REF,96,97,1.000000000000,60,60,1.000000000000,7.054773464338,43,43,1.000000000000,6.666365696847,0.388407767490,5.094629546741
SFR,E03,Z2,M2025,REF,0,81,0.000000000000,0,0,0.000000000000,27.447391354473,0,0,0.000000000000,13.546030546595,13.901360807878,2.700304078642
SFR,E03,Z2,M2025,REF,1,81,0.012500000000,1,1,0.016666666667,6.104176381052,1,1,0.021739130435,13.380848856115,7.276672475062,2.700304078642
SFR,E03,Z2,M2025,REF,2,81,0.025000000000,2,2,0.033333333333,7.257668029280,2,2,0.043478260870,10.546378562248,3.288710532968,2.700304078642
SFR,E03,Z2,M2025,REF,3,81,0.037500000000,3,3,0.050000000000,7.717222397772,3,3,0.065217391304,7.131540228888,0.585682168884,2.700304078642
SFR,E03,Z2,M2025,REF,4,81,0.050000000000,4,4,0.066666666667,5.088392840397,3,3,0.065217391304,7.131540228888,2.043147388491,2.700304078642
SFR,E03,Z2,M2025,REF,5,81,0.062500000000,5,5,0.083333333333,9.089836816578,4,4,0.086956521739,8.731794747713,0.358042068864,2.700304078642
SFR,E03,Z2,M2025,REF,6,81,0.075000000000,6,6,0.100000000000,12.503842471894,5,5,0.108695652174,16.738435219020,4.234592747126,2.700304078642
SFR,E03,Z2,M2025,REF,7,81,0.087500000000,6,6,0.100000000000,12.503842471894,6,6,0.130434782609,10.409535190342,2.094307281552,2.700304078642
SFR,E03,Z2,M2025,REF,8,81,0.100000000000,7,7,0.116666666667,15.171999406206,7,7,0.152173913043,13.391809329673,1.780190076533,2.700304078642
SFR,E03,Z2,M2025,REF,9,81,0.112500000000,8,8,0.133333333333,18.201637423284,7,7,0.152173913043,13.391809329673,4.809828093611,2.700304078642
SFR,E03,Z2,M2025,REF,10,81,0.125000000000,9,9,0.150000000000,7.090400977046,8,8,0.173913043478,6.877512995805,0.212887981241,2.700304078642
SFR,E03,Z2,M2025,REF,11,81,0.137500000000,9,9,0.150000000000,7.090400977046,9,9,0.195652173913,10.087544686857,2.997143709811,2.700304078642
SFR,E03,Z2,M2025,REF,12,81,0.150000000000,9,9,0.150000000000,7.090400977046,10,10,0.217391304348,6.337011695960,0.753389281086,2.700304078642
SFR,E03,Z2,M2025,REF,13,81,0.162500000000,9,9,0.150000000000,7.090400977046,11,11,0.239130434783,4.641561759106,2.448839217940,2.700304078642
SFR,E03,Z2,M2025,REF,14,81,0.175000000000,9,9,0.150000000000,7.090400977046,12,12,0.260869565217,6.118667599545,0.971733377501,2.700304078642
SFR,E03,Z2,M2025,REF,15,81,0.187500000000,9,9,0.150000000000,7.090400977046,13,13,0.282608695652,3.700271167484,3.390129809562,2.700304078642
SFR,E03,Z2,M2025,REF,16,81,0.200000000000,9,9,0.150000000000,7.090400977046,14,14,0.304347826087,7.279473322345,0.189072345299,2.700304078642
SFR,E03,Z2,M2025,REF,17,81,0.212500000000,9,9,0.150000000000,7.090400977046,15,15,0.326086956522,11.173093182483,4.082692205437,2.700304078642
SFR,E03,Z2,M2025,REF,18,81,0.225000000000,9,9,0.150000000000,7.090400977046,16,16,0.347826086957,10.532555352264,3.442154375219,2.700304078642
SFR,E03,Z2,M2025,REF,19,81,0.237500000000,9,9,0.150000000000,7.090400977046,17,17,0.369565217391,7.591937924399,0.501536947354,2.700304078642
SFR,E03,Z2,M2025,REF,20,81,0.250000000000,9,9,0.150000000000,7.090400977046,18,18,0.391304347826,7.806162414310,0.715761437265,2.700304078642
SFR,E03,Z2,M2025,REF,21,81,0.262500000000,10,10,0.166666666667,15.315925649650,19,19,0.413043478261,14.550875559365,0.765050090285,2.700304078642
SFR,E03,Z2,M2025,REF,22,81,0.275000000000,11,11,0.183333333333,19.864482342887,19,19,0.413043478261,14.550875559365,5.313606783522,2.700304078642
SFR,E03,Z2,M2025,REF,23,81,0.287500000000,12,12,0.200000000000,25.376052344683,19,19,0.413043478261,14.550875559365,10.825176785318,2.700304078642
SFR,E03,Z2,M2025,REF,24,81,0.300000000000,13,13,0.216666666667,18.865416022571,19,19,0.413043478261,14.550875559365,4.314540463206,2.700304078642
SFR,E03,Z2,M2025,REF,25,81,0.312500000000,14,14,0.233333333333,13.426831882901,20,20,0.434782608696,12.983182127189,0.443649755712,2.700304078642
SFR,E03,Z2,M2025,REF,26,81,0.325000000000,14,14,0.233333333333,13.426831882901,21,21,0.456521739130,9.620851917500,3.805979965402,2.700304078642
SFR,E03,Z2,M2025,REF,27,81,0.337500000000,14,14,0.233333333333,13.426831882901,22,22,0.478260869565,9.923944635287,3.502887247614,2.700304078642
SFR,E03,Z2,M2025,REF,28,81,0.350000000000,15,15,0.250000000000,19.921966701777,23,23,0.500000000000,16.357597453211,3.564369248565,2.700304078642
SFR,E03,Z2,M2025,REF,29,81,0.362500000000,16,16,0.266666666667,17.505453148093,23,23,0.500000000000,16.357597453211,1.147855694882,2.700304078642
SFR,E03,Z2,M2025,REF,30,81,0.375000000000,17,17,0.283333333333,21.256713670566,23,23,0.500000000000,16.357597453211,4.899116217355,2.700304078642
SFR,E03,Z2,M2025,REF,31,81,0.387500000000,18,18,0.300000000000,17.140365111539,23,23,0.500000000000,16.357597453211,0.782767658328,2.700304078642
SFR,E03,Z2,M2025,REF,32,81,0.400000000000,19,19,0.316666666667,23.273312703667,23,23,0.500000000000,16.357597453211,6.915715250456,2.700304078642
SFR,E03,Z2,M2025,REF,33,81,0.412500000000,20,20,0.333333333333,20.042312180220,23,23,0.500000000000,16.357597453211,3.684714727009,2.700304078642
SFR,E03,Z2,M2025,REF,34,81,0.425000000000,21,21,0.350000000000,15.181246930422,23,23,0.500000000000,16.357597453211,1.176350522789,2.700304078642
SFR,E03,Z2,M2025,REF,35,81,0.437500000000,22,22,0.366666666667,21.948910366429,23,23,0.500000000000,16.357597453211,5.591312913218,2.700304078642
SFR,E03,Z2,M2025,REF,36,81,0.450000000000,23,23,0.383333333333,16.990350651854,23,23,0.500000000000,16.357597453211,0.632753198643,2.700304078642
SFR,E03,Z2,M2025,REF,37,81,0.462500000000,24,24,0.400000000000,13.136850996573,24,24,0.521739130435,13.635780112852,0.498929116278,2.700304078642
SFR,E03,Z2,M2025,REF,38,81,0.475000000000,24,24,0.400000000000,13.136850996573,25,25,0.543478260870,9.784575376765,3.352275619809,2.700304078642
SFR,E03,Z2,M2025,REF,39,81,0.487500000000,24,24,0.400000000000,13.136850996573,26,26,0.565217391304,14.345877806023,1.209026809450,2.700304078642
SFR,E03,Z2,M2025,REF,40,81,0.500000000000,24,24,0.400000000000,13.136850996573,27,27,0.586956521739,12.726641946751,0.410209049823,2.700304078642
SFR,E03,Z2,M2025,REF,41,81,0.512500000000,24,24,0.400000000000,13.136850996573,28,28,0.608695652174,12.392651367663,0.744199628911,2.700304078642
SFR,E03,Z2,M2025,REF,42,81,0.525000000000,25,25,0.416666666667,25.402761559992,29,29,0.630434782609,15.909452197623,9.493309362369,2.700304078642
SFR,E03,Z2,M2025,REF,43,81,0.537500000000,26,26,0.433333333333,17.884583064766,29,29,0.630434782609,15.909452197623,1.975130867143,2.700304078642
SFR,E03,Z2,M2025,REF,44,81,0.550000000000,27,27,0.450000000000,15.812707181010,29,29,0.630434782609,15.909452197623,0.096745016613,2.700304078642
SFR,E03,Z2,M2025,REF,45,81,0.562500000000,28,28,0.466666666667,16.584392472260,29,29,0.630434782609,15.909452197623,0.674940274638,2.700304078642
SFR,E03,Z2,M2025,REF,46,81,0.575000000000,29,29,0.483333333333,24.083574632173,30,30,0.652173913043,20.393772419029,3.689802213144,2.700304078642
SFR,E03,Z2,M2025,REF,47,81,0.587500000000,30,30,0.500000000000,21.558652344305,30,30,0.652173913043,20.393772419029,1.164879925276,2.700304078642
SFR,E03,Z2,M2025,REF,48,81,0.600000000000,31,31,0.516666666667,15.901996317359,30,30,0.652173913043,20.393772419029,4.491776101670,2.700304078642
SFR,E03,Z2,M2025,REF,49,81,0.612500000000,32,32,0.533333333333,22.099005446027,30,30,0.652173913043,20.393772419029,1.705233026998,2.700304078642
SFR,E03,Z2,M2025,REF,50,81,0.625000000000,33,33,0.550000000000,20.518662009335,30,30,0.652173913043,20.393772419029,0.124889590306,2.700304078642
SFR,E03,Z2,M2025,REF,51,81,0.637500000000,34,34,0.566666666667,23.768366875636,30,30,0.652173913043,20.393772419029,3.374594456607,2.700304078642
SFR,E03,Z2,M2025,REF,52,81,0.650000000000,35,35,0.583333333333,17.994766100830,30,30,0.652173913043,20.393772419029,2.399006318199,2.700304078642
SFR,E03,Z2,M2025,REF,53,81,0.662500000000,36,36,0.600000000000,14.272820943267,31,31,0.673913043478,8.062269565887,6.210551377380,2.700304078642
SFR,E03,Z2,M2025,REF,54,81,0.675000000000,37,37,0.616666666667,10.151540881743,32,32,0.695652173913,9.181516105525,0.970024776218,2.700304078642
SFR,E03,Z2,M2025,REF,55,81,0.687500000000,38,38,0.633333333333,7.496863617742,33,33,0.717391304348,8.017672373366,0.520808755624,2.700304078642
SFR,E03,Z2,M2025,REF,56,81,0.700000000000,39,39,0.650000000000,8.877685585740,34,34,0.739130434783,9.609435976017,0.731750390278,2.700304078642
SFR,E03,Z2,M2025,REF,57,81,0.712500000000,40,40,0.666666666667,9.130678798129,34,34,0.739130434783,9.609435976017,0.478757177889,2.700304078642
SFR,E03,Z2,M2025,REF,58,81,0.725000000000,41,41,0.683333333333,9.958936706168,34,34,0.739130434783,9.609435976017,0.349500730151,2.700304078642
SFR,E03,Z2,M2025,REF,59,81,0.737500000000,42,42,0.700000000000,6.234493865598,35,35,0.760869565217,6.666718489561,0.432224623962,2.700304078642
SFR,E03,Z2,M2025,REF,60,81,0.750000000000,42,42,0.700000000000,6.234493865598,36,36,0.782608695652,6.818854147402,0.584360281803,2.700304078642
SFR,E03,Z2,M2025,REF,61,81,0.762500000000,43,43,0.716666666667,2.662732453651,37,37,0.804347826087,5.706024243482,3.043291789831,2.700304078642
SFR,E03,Z2,M2025,REF,62,81,0.775000000000,44,44,0.733333333333,2.153140903040,38,38,0.826086956522,5.548143274142,3.395002371102,2.700304078642
SFR,E03,Z2,M2025,REF,63,81,0.787500000000,45,45,0.750000000000,21.855221001230,39,39,0.847826086957,8.772261191772,13.082959809458,2.700304078642
SFR,E03,Z2,M2025,REF,64,81,0.800000000000,46,46,0.766666666667,8.123955099490,39,39,0.847826086957,8.772261191772,0.648306092281,2.700304078642
SFR,E03,Z2,M2025,REF,65,81,0.812500000000,47,47,0.783333333333,7.290868842436,39,39,0.847826086957,8.772261191772,1.481392349336,2.700304078642
SFR,E03,Z2,M2025,REF,66,81,0.825000000000,48,48,0.800000000000,10.975009981498,39,39,0.847826086957,8.772261191772,2.202748789727,2.700304078642
SFR,E03,Z2,M2025,REF,67,81,0.837500000000,49,49,0.816666666667,18.729863180352,40,40,0.869565217391,19.675291595413,0.945428415061,2.700304078642
SFR,E03,Z2,M2025,REF,68,81,0.850000000000,50,50,0.833333333333,19.751115600517,40,40,0.869565217391,19.675291595413,0.075824005104,2.700304078642
SFR,E03,Z2,M2025,REF,69,81,0.862500000000,51,51,0.850000000000,18.061279020804,40,40,0.869565217391,19.675291595413,1.614012574609,2.700304078642
SFR,E03,Z2,M2025,REF,70,81,0.875000000000,52,52,0.866666666667,18.008989514847,40,40,0.869565217391,19.675291595413,1.666302080566,2.700304078642
SFR,E03,Z2,M2025,REF,71,81,0.887500000000,53,53,0.883333333333,28.696834085206,40,40,0.869565217391,19.675291595413,9.021542489793,2.700304078642
SFR,E03,Z2,M2025,REF,72,81,0.900000000000,54,54,0.900000000000,21.216549452171,40,40,0.869565217391,19.675291595413,1.541257856758,2.700304078642
SFR,E03,Z2,M2025,REF,73,81,0.912500000000,55,55,0.916666666667,19.431646281337,40,40,0.869565217391,19.675291595413,0.243645314075,2.700304078642
SFR,E03,Z2,M2025,REF,74,81,0.925000000000,56,56,0.933333333333,17.099968832302,41,41,0.891304347826,15.292734344596,1.807234487706,2.700304078642
SFR,E03,Z2,M2025,REF,75,81,0.937500000000,57,57,0.950000000000,15.684069086103,41,41,0.891304347826,15.292734344596,0.391334741508,2.700304078642
SFR,E03,Z2,M2025,REF,76,81,0.950000000000,58,58,0.966666666667,13.403921276267,42,42,0.913043478261,6.539987384518,6.863933891749,2.700304078642
SFR,E03,Z2,M2025,REF,77,81,0.962500000000,58,58,0.966666666667,13.403921276267,43,43,0.934782608696,13.571416922203,0.167495645936,2.700304078642
SFR,E03,Z2,M2025,REF,78,81,0.975000000000,59,59,0.983333333333,9.309132877968,44,44,0.956521739130,9.235229177693,0.073903700274,2.700304078642
SFR,E03,Z2,M2025,REF,79,81,0.987500000000,59,59,0.983333333333,9.309132877968,45,45,0.978260869565,9.644227293453,0.335094415486,2.700304078642
SFR,E03,Z2,M2025,REF,80,81,1.000000000000,60,60,1.000000000000,7.054773464338,46,46,1.000000000000,14.052046672490,6.997273208153,2.700304078642
Q_value,E03,Z2,M2025,REF,0,49,0.000000000000,0,0,0.000000000000,3.447937054269,19,0,0.000000000000,5.478413439194,2.030476384925,23.397613981804
Q_value,E03,Z2,M2025,REF,1,49,0.020833333333,0,0,0.000000000000,3.447937054269,29,1,0.125000000000,4.213140817428,0.765203763159,23.397613981804
Q_value,E03,Z2,M2025,REF,2,49,0.041666666667,0,0,0.000000000000,3.447937054269,30,2,0.250000000000,3.879473989947,0.431536935678,23.397613981804
Q_value,E03,Z2,M2025,REF,3,49,0.062500000000,5,1,0.021739130435,7.455585348620,40,3,0.375000000000,8.025701309945,0.570115961325,23.397613981804
Q_value,E03,Z2,M2025,REF,4,49,0.083333333333,6,2,0.043478260870,16.992255148086,40,3,0.375000000000,8.025701309945,8.966553838140,23.397613981804
Q_value,E03,Z2,M2025,REF,5,49,0.104166666667,7,3,0.065217391304,19.801359836563,40,3,0.375000000000,8.025701309945,11.775658526617,23.397613981804
Q_value,E03,Z2,M2025,REF,6,49,0.125000000000,8,4,0.086956521739,27.015376883889,40,3,0.375000000000,8.025701309945,18.989675573943,23.397613981804
Q_value,E03,Z2,M2025,REF,7,49,0.145833333333,10,5,0.108695652174,21.603104881885,40,3,0.375000000000,8.025701309945,13.577403571940,23.397613981804
Q_value,E03,Z2,M2025,REF,8,49,0.166666666667,11,6,0.130434782609,86.322322079012,40,3,0.375000000000,8.025701309945,78.296620769066,23.397613981804
Q_value,E03,Z2,M2025,REF,9,49,0.187500000000,12,7,0.152173913043,81.656393483963,40,3,0.375000000000,8.025701309945,73.630692174017,23.397613981804
Q_value,E03,Z2,M2025,REF,10,49,0.208333333333,13,8,0.173913043478,23.709688313149,40,3,0.375000000000,8.025701309945,15.683987003204,23.397613981804
Q_value,E03,Z2,M2025,REF,11,49,0.229166666667,14,9,0.195652173913,21.957404367272,40,3,0.375000000000,8.025701309945,13.931703057326,23.397613981804
Q_value,E03,Z2,M2025,REF,12,49,0.250000000000,15,10,0.217391304348,38.689814008544,40,3,0.375000000000,8.025701309945,30.664112698599,23.397613981804
Q_value,E03,Z2,M2025,REF,13,49,0.270833333333,16,11,0.239130434783,62.103287577067,40,3,0.375000000000,8.025701309945,54.077586267122,23.397613981804
Q_value,E03,Z2,M2025,REF,14,49,0.291666666667,17,12,0.260869565217,61.210006703417,40,3,0.375000000000,8.025701309945,53.184305393471,23.397613981804
Q_value,E03,Z2,M2025,REF,15,49,0.312500000000,18,13,0.282608695652,16.842821272505,40,3,0.375000000000,8.025701309945,8.817119962560,23.397613981804
Q_value,E03,Z2,M2025,REF,16,49,0.333333333333,19,14,0.304347826087,27.901129670225,40,3,0.375000000000,8.025701309945,19.875428360280,23.397613981804
Q_value,E03,Z2,M2025,REF,17,49,0.354166666667,20,15,0.326086956522,25.587494683788,40,3,0.375000000000,8.025701309945,17.561793373842,23.397613981804
Q_value,E03,Z2,M2025,REF,18,49,0.375000000000,21,16,0.347826086957,39.623076202212,40,3,0.375000000000,8.025701309945,31.597374892266,23.397613981804
Q_value,E03,Z2,M2025,REF,19,49,0.395833333333,22,17,0.369565217391,40.501518096056,40,3,0.375000000000,8.025701309945,32.475816786110,23.397613981804
Q_value,E03,Z2,M2025,REF,20,49,0.416666666667,23,18,0.391304347826,15.409386217032,40,3,0.375000000000,8.025701309945,7.383684907086,23.397613981804
Q_value,E03,Z2,M2025,REF,21,49,0.437500000000,24,19,0.413043478261,11.716405323250,40,3,0.375000000000,8.025701309945,3.690704013305,23.397613981804
Q_value,E03,Z2,M2025,REF,22,49,0.458333333333,25,20,0.434782608696,22.384333347115,40,3,0.375000000000,8.025701309945,14.358632037169,23.397613981804
Q_value,E03,Z2,M2025,REF,23,49,0.479166666667,26,21,0.456521739130,76.246871403190,40,3,0.375000000000,8.025701309945,68.221170093244,23.397613981804
Q_value,E03,Z2,M2025,REF,24,49,0.500000000000,27,22,0.478260869565,15.199337384337,40,3,0.375000000000,8.025701309945,7.173636074392,23.397613981804
Q_value,E03,Z2,M2025,REF,25,49,0.520833333333,28,23,0.500000000000,10.450255706531,40,3,0.375000000000,8.025701309945,2.424554396586,23.397613981804
Q_value,E03,Z2,M2025,REF,26,49,0.541666666667,29,24,0.521739130435,13.055540223775,40,3,0.375000000000,8.025701309945,5.029838913830,23.397613981804
Q_value,E03,Z2,M2025,REF,27,49,0.562500000000,30,25,0.543478260870,22.366099472383,40,3,0.375000000000,8.025701309945,14.340398162438,23.397613981804
Q_value,E03,Z2,M2025,REF,28,49,0.583333333333,31,26,0.565217391304,64.001370286205,40,3,0.375000000000,8.025701309945,55.975668976259,23.397613981804
Q_value,E03,Z2,M2025,REF,29,49,0.604166666667,32,27,0.586956521739,12.571413187197,40,3,0.375000000000,8.025701309945,4.545711877252,23.397613981804
Q_value,E03,Z2,M2025,REF,30,49,0.625000000000,33,28,0.608695652174,33.074799423666,40,3,0.375000000000,8.025701309945,25.049098113721,23.397613981804
Q_value,E03,Z2,M2025,REF,31,49,0.645833333333,34,29,0.630434782609,11.225533668025,40,3,0.375000000000,8.025701309945,3.199832358080,23.397613981804
Q_value,E03,Z2,M2025,REF,32,49,0.666666666667,35,30,0.652173913043,36.122972598668,40,3,0.375000000000,8.025701309945,28.097271288723,23.397613981804
Q_value,E03,Z2,M2025,REF,33,49,0.687500000000,36,31,0.673913043478,8.189830460835,40,3,0.375000000000,8.025701309945,0.164129150889,23.397613981804
Q_value,E03,Z2,M2025,REF,34,49,0.708333333333,37,32,0.695652173913,5.691883230628,41,4,0.500000000000,6.380429043907,0.688545813279,23.397613981804
Q_value,E03,Z2,M2025,REF,35,49,0.729166666667,38,33,0.717391304348,4.602789261382,41,4,0.500000000000,6.380429043907,1.777639782526,23.397613981804
Q_value,E03,Z2,M2025,REF,36,49,0.750000000000,41,34,0.739130434783,6.973969744279,43,5,0.625000000000,7.340547062849,0.366577318571,23.397613981804
Q_value,E03,Z2,M2025,REF,37,49,0.770833333333,42,35,0.760869565217,7.415338660177,43,5,0.625000000000,7.340547062849,0.074791597327,23.397613981804
Q_value,E03,Z2,M2025,REF,38,49,0.791666666667,48,36,0.782608695652,4.740277864160,43,5,0.625000000000,7.340547062849,2.600269198689,23.397613981804
Q_value,E03,Z2,M2025,REF,39,49,0.812500000000,49,37,0.804347826087,31.237802591124,43,5,0.625000000000,7.340547062849,23.897255528275,23.397613981804
Q_value,E03,Z2,M2025,REF,40,49,0.833333333333,50,38,0.826086956522,26.584541568414,43,5,0.625000000000,7.340547062849,19.243994505565,23.397613981804
Q_value,E03,Z2,M2025,REF,41,49,0.854166666667,51,39,0.847826086957,73.129958978402,43,5,0.625000000000,7.340547062849,65.789411915552,23.397613981804
Q_value,E03,Z2,M2025,REF,42,49,0.875000000000,52,40,0.869565217391,46.303070960336,43,5,0.625000000000,7.340547062849,38.962523897487,23.397613981804
Q_value,E03,Z2,M2025,REF,43,49,0.895833333333,53,41,0.891304347826,91.021082411492,43,5,0.625000000000,7.340547062849,83.680535348643,23.397613981804
Q_value,E03,Z2,M2025,REF,44,49,0.916666666667,54,42,0.913043478261,36.067643376145,43,5,0.625000000000,7.340547062849,28.727096313296,23.397613981804
Q_value,E03,Z2,M2025,REF,45,49,0.937500000000,55,43,0.934782608696,78.697299626535,43,5,0.625000000000,7.340547062849,71.356752563685,23.397613981804
Q_value,E03,Z2,M2025,REF,46,49,0.958333333333,56,44,0.956521739130,70.737945322118,44,6,0.750000000000,2.935119482830,67.802825839288,23.397613981804
Q_value,E03,Z2,M2025,REF,47,49,0.979166666667,57,45,0.978260869565,15.617397533671,45,7,0.875000000000,4.692853330860,10.924544202811,23.397613981804
Q_value,E03,Z2,M2025,REF,48,49,1.000000000000,58,46,1.000000000000,9.099171592416,46,8,1.000000000000,5.066345965592,4.032825626824,23.397613981804
SFR,E04,Z1,M2025,REF,0,99,0.000000000000,0,0,0.000000000000,27.447391354473,0,0,0.000000000000,2.985745383265,24.461645971208,2.964137803547
SFR,E04,Z1,M2025,REF,1,99,0.010204081633,1,1,0.016666666667,6.104176381052,1,1,0.018181818182,2.336396052221,3.767780328831,2.964137803547
SFR,E04,Z1,M2025,REF,2,99,0.020408163265,1,1,0.016666666667,6.104176381052,2,2,0.036363636364,2.698591250004,3.405585131048,2.964137803547
SFR,E04,Z1,M2025,REF,3,99,0.030612244898,1,1,0.016666666667,6.104176381052,3,3,0.054545454545,3.061909100594,3.042267280458,2.964137803547
SFR,E04,Z1,M2025,REF,4,99,0.040816326531,1,1,0.016666666667,6.104176381052,4,4,0.072727272727,2.260032861239,3.844143519814,2.964137803547
SFR,E04,Z1,M2025,REF,5,99,0.051020408163,1,1,0.016666666667,6.104176381052,5,5,0.090909090909,4.192620957304,1.911555423748,2.964137803547
SFR,E04,Z1,M2025,REF,6,99,0.061224489796,1,1,0.016666666667,6.104176381052,6,6,0.109090909091,11.055027837423,4.950851456370,2.964137803547
SFR,E04,Z1,M2025,REF,7,99,0.071428571429,1,1,0.016666666667,6.104176381052,7,7,0.127272727273,8.324854066126,2.220677685073,2.964137803547
SFR,E04,Z1,M2025,REF,8,99,0.081632653061,1,1,0.016666666667,6.104176381052,8,8,0.145454545455,10.220581908013,4.116405526960,2.964137803547
SFR,E04,Z1,M2025,REF,9,99,0.091836734694,1,1,0.016666666667,6.104176381052,9,9,0.163636363636,4.560358910754,1.543817470298,2.964137803547
SFR,E04,Z1,M2025,REF,10,99,0.102040816327,1,1,0.016666666667,6.104176381052,10,10,0.181818181818,6.264559783748,0.160383402695,2.964137803547
SFR,E04,Z1,M2025,REF,11,99,0.112244897959,1,1,0.016666666667,6.104176381052,11,11,0.200000000000,3.095105785722,3.009070595330,2.964137803547
SFR,E04,Z1,M2025,REF,12,99,0.122448979592,1,1,0.016666666667,6.104176381052,12,12,0.218181818182,3.967792482169,2.136383898883,2.964137803547
SFR,E04,Z1,M2025,REF,13,99,0.132653061224,1,1,0.016666666667,6.104176381052,13,13,0.236363636364,2.979816958881,3.124359422172,2.964137803547
SFR,E04,Z1,M2025,REF,14,99,0.142857142857,1,1,0.016666666667,6.104176381052,14,14,0.254545454545,6.106272296654,0.002095915602,2.964137803547
SFR,E04,Z1,M2025,REF,15,99,0.153061224490,1,1,0.016666666667,6.104176381052,15,15,0.272727272727,5.345530867046,0.758645514007,2.964137803547
SFR,E04,Z1,M2025,REF,16,99,0.163265306122,2,2,0.033333333333,7.257668029280,16,16,0.290909090909,11.088975965441,3.831307936161,2.964137803547
SFR,E04,Z1,M2025,REF,17,99,0.173469387755,2,2,0.033333333333,7.257668029280,17,17,0.309090909091,6.611834900165,0.645833129115,2.964137803547
SFR,E04,Z1,M2025,REF,18,99,0.183673469388,2,2,0.033333333333,7.257668029280,18,18,0.327272727273,6.408989455600,0.848678573680,2.964137803547
SFR,E04,Z1,M2025,REF,19,99,0.193877551020,2,2,0.033333333333,7.257668029280,19,19,0.345454545455,7.230067174737,0.027600854543,2.964137803547
SFR,E04,Z1,M2025,REF,20,99,0.204081632653,2,2,0.033333333333,7.257668029280,20,20,0.363636363636,4.180017643208,3.077650386071,2.964137803547
SFR,E04,Z1,M2025,REF,21,99,0.214285714286,2,2,0.033333333333,7.257668029280,21,21,0.381818181818,7.417191990437,0.159523961157,2.964137803547
SFR,E04,Z1,M2025,REF,22,99,0.224489795918,3,3,0.050000000000,7.717222397772,22,22,0.400000000000,8.866734206926,1.149511809154,2.964137803547
SFR,E04,Z1,M2025,REF,23,99,0.234693877551,4,4,0.066666666667,5.088392840397,23,23,0.418181818182,5.094861043322,0.006468202925,2.964137803547
SFR,E04,Z1,M2025,REF,24,99,0.244897959184,4,4,0.066666666667,5.088392840397,24,24,0.436363636364,4.180722748259,0.907670092138,2.964137803547
SFR,E04,Z1,M2025,REF,25,99,0.255102040816,5,5,0.083333333333,9.089836816578,25,25,0.454545454545,9.351471712563,0.261634895985,2.964137803547
SFR,E04,Z1,M2025,REF,26,99,0.265306122449,5,5,0.083333333333,9.089836816578,26,26,0.472727272727,8.274417211711,0.815419604867,2.964137803547
SFR,E04,Z1,M2025,REF,27,99,0.275510204082,5,5,0.083333333333,9.089836816578,27,27,0.490909090909,8.533739895911,0.556096920667,2.964137803547
SFR,E04,Z1,M2025,REF,28,99,0.285714285714,5,5,0.083333333333,9.089836816578,28,28,0.509090909091,6.237955631384,2.851881185194,2.964137803547
SFR,E04,Z1,M2025,REF,29,99,0.295918367347,5,5,0.083333333333,9.089836816578,29,29,0.527272727273,8.477762447331,0.612074369247,2.964137803547
SFR,E04,Z1,M2025,REF,30,99,0.306122448980,6,6,0.100000000000,12.503842471894,30,30,0.545454545455,12.044649376060,0.459193095834,2.964137803547
SFR,E04,Z1,M2025,REF,31,99,0.316326530612,7,7,0.116666666667,15.171999406206,30,30,0.545454545455,12.044649376060,3.127350030146,2.964137803547
SFR,E04,Z1,M2025,REF,32,99,0.326530612245,8,8,0.133333333333,18.201637423284,30,30,0.545454545455,12.044649376060,6.156988047225,2.964137803547
SFR,E04,Z1,M2025,REF,33,99,0.336734693878,9,9,0.150000000000,7.090400977046,31,31,0.563636363636,7.199650103243,0.109249126198,2.964137803547
SFR,E04,Z1,M2025,REF,34,99,0.346938775510,9,9,0.150000000000,7.090400977046,32,32,0.581818181818,8.399400608621,1.308999631575,2.964137803547
SFR,E04,Z1,M2025,REF,35,99,0.357142857143,9,9,0.150000000000,7.090400977046,33,33,0.600000000000,8.337966011856,1.247565034811,2.964137803547
SFR,E04,Z1,M2025,REF,36,99,0.367346938776,9,9,0.150000000000,7.090400977046,34,34,0.618181818182,10.870479338933,3.780078361887,2.964137803547
SFR,E04,Z1,M2025,REF,37,99,0.377551020408,9,9,0.150000000000,7.090400977046,35,35,0.636363636364,10.279849832346,3.189448855301,2.964137803547
SFR,E04,Z1,M2025,REF,38,99,0.387755102041,9,9,0.150000000000,7.090400977046,36,36,0.654545454545,6.731004245199,0.359396731847,2.964137803547
SFR,E04,Z1,M2025,REF,39,99,0.397959183673,9,9,0.150000000000,7.090400977046,37,37,0.672727272727,5.991261881149,1.099139095897,2.964137803547
SFR,E04,Z1,M2025,REF,40,99,0.408163265306,9,9,0.150000000000,7.090400977046,38,38,0.690909090909,5.580159469025,1.510241508021,2.964137803547
SFR,E04,Z1,M2025,REF,41,99,0.418367346939,9,9,0.150000000000,7.090400977046,39,39,0.709090909091,6.193815170371,0.896585806675,2.964137803547
SFR,E04,Z1,M2025,REF,42,99,0.428571428571,9,9,0.150000000000,7.090400977046,40,40,0.727272727273,6.312835125967,0.777565851079,2.964137803547
SFR,E04,Z1,M2025,REF,43,99,0.438775510204,9,9,0.150000000000,7.090400977046,41,41,0.745454545455,5.502258546540,1.588142430505,2.964137803547
SFR,E04,Z1,M2025,REF,44,99,0.448979591837,9,9,0.150000000000,7.090400977046,42,42,0.763636363636,3.391864209445,3.698536767600,2.964137803547
SFR,E04,Z1,M2025,REF,45,99,0.459183673469,9,9,0.150000000000,7.090400977046,43,43,0.781818181818,5.032758115786,2.057642861260,2.964137803547
SFR,E04,Z1,M2025,REF,46,99,0.469387755102,9,9,0.150000000000,7.090400977046,44,44,0.800000000000,5.699565867209,1.390835109837,2.964137803547
SFR,E04,Z1,M2025,REF,47,99,0.479591836735,10,10,0.166666666667,15.315925649650,45,45,0.818181818182,10.184483546158,5.131442103493,2.964137803547
SFR,E04,Z1,M2025,REF,48,99,0.489795918367,11,11,0.183333333333,19.864482342887,46,46,0.836363636364,18.004465731764,1.860016611122,2.964137803547
SFR,E04,Z1,M2025,REF,49,99,0.500000000000,12,12,0.200000000000,25.376052344683,46,46,0.836363636364,18.004465731764,7.371586612919,2.964137803547
SFR,E04,Z1,M2025,REF,50,99,0.510204081633,13,13,0.216666666667,18.865416022571,46,46,0.836363636364,18.004465731764,0.860950290807,2.964137803547
SFR,E04,Z1,M2025,REF,51,99,0.520408163265,14,14,0.233333333333,13.426831882901,46,46,0.836363636364,18.004465731764,4.577633848863,2.964137803547
SFR,E04,Z1,M2025,REF,52,99,0.530612244898,15,15,0.250000000000,19.921966701777,46,46,0.836363636364,18.004465731764,1.917500970012,2.964137803547
SFR,E04,Z1,M2025,REF,53,99,0.540816326531,16,16,0.266666666667,17.505453148093,46,46,0.836363636364,18.004465731764,0.499012583671,2.964137803547
SFR,E04,Z1,M2025,REF,54,99,0.551020408163,17,17,0.283333333333,21.256713670566,46,46,0.836363636364,18.004465731764,3.252247938802,2.964137803547
SFR,E04,Z1,M2025,REF,55,99,0.561224489796,18,18,0.300000000000,17.140365111539,46,46,0.836363636364,18.004465731764,0.864100620226,2.964137803547
SFR,E04,Z1,M2025,REF,56,99,0.571428571429,19,19,0.316666666667,23.273312703667,46,46,0.836363636364,18.004465731764,5.268846971902,2.964137803547
SFR,E04,Z1,M2025,REF,57,99,0.581632653061,20,20,0.333333333333,20.042312180220,46,46,0.836363636364,18.004465731764,2.037846448456,2.964137803547
SFR,E04,Z1,M2025,REF,58,99,0.591836734694,21,21,0.350000000000,15.181246930422,46,46,0.836363636364,18.004465731764,2.823218801342,2.964137803547
SFR,E04,Z1,M2025,REF,59,99,0.602040816327,22,22,0.366666666667,21.948910366429,46,46,0.836363636364,18.004465731764,3.944444634665,2.964137803547
SFR,E04,Z1,M2025,REF,60,99,0.612244897959,23,23,0.383333333333,16.990350651854,46,46,0.836363636364,18.004465731764,1.014115079910,2.964137803547
SFR,E04,Z1,M2025,REF,61,99,0.622448979592,24,24,0.400000000000,13.136850996573,46,46,0.836363636364,18.004465731764,4.867614735191,2.964137803547
SFR,E04,Z1,M2025,REF,62,99,0.632653061224,25,25,0.416666666667,25.402761559992,46,46,0.836363636364,18.004465731764,7.398295828227,2.964137803547
SFR,E04,Z1,M2025,REF,63,99,0.642857142857,26,26,0.433333333333,17.884583064766,46,46,0.836363636364,18.004465731764,0.119882666998,2.964137803547
SFR,E04,Z1,M2025,REF,64,99,0.653061224490,27,27,0.450000000000,15.812707181010,46,46,0.836363636364,18.004465731764,2.191758550754,2.964137803547
SFR,E04,Z1,M2025,REF,65,99,0.663265306122,28,28,0.466666666667,16.584392472260,46,46,0.836363636364,18.004465731764,1.420073259504,2.964137803547
SFR,E04,Z1,M2025,REF,66,99,0.673469387755,29,29,0.483333333333,24.083574632173,46,46,0.836363636364,18.004465731764,6.079108900409,2.964137803547
SFR,E04,Z1,M2025,REF,67,99,0.683673469388,30,30,0.500000000000,21.558652344305,46,46,0.836363636364,18.004465731764,3.554186612540,2.964137803547
SFR,E04,Z1,M2025,REF,68,99,0.693877551020,31,31,0.516666666667,15.901996317359,46,46,0.836363636364,18.004465731764,2.102469414406,2.964137803547
SFR,E04,Z1,M2025,REF,69,99,0.704081632653,32,32,0.533333333333,22.099005446027,46,46,0.836363636364,18.004465731764,4.094539714262,2.964137803547
SFR,E04,Z1,M2025,REF,70,99,0.714285714286,33,33,0.550000000000,20.518662009335,46,46,0.836363636364,18.004465731764,2.514196277570,2.964137803547
SFR,E04,Z1,M2025,REF,71,99,0.724489795918,34,34,0.566666666667,23.768366875636,46,46,0.836363636364,18.004465731764,5.763901143872,2.964137803547
SFR,E04,Z1,M2025,REF,72,99,0.734693877551,35,35,0.583333333333,17.994766100830,46,46,0.836363636364,18.004465731764,0.009699630935,2.964137803547
SFR,E04,Z1,M2025,REF,73,99,0.744897959184,36,36,0.600000000000,14.272820943267,47,47,0.854545454545,16.159119114824,1.886298171557,2.964137803547
SFR,E04,Z1,M2025,REF,74,99,0.755102040816,37,37,0.616666666667,10.151540881743,48,48,0.872727272727,12.308386764549,2.156845882806,2.964137803547
SFR,E04,Z1,M2025,REF,75,99,0.765306122449,38,38,0.633333333333,7.496863617742,48,48,0.872727272727,12.308386764549,4.811523146807,2.964137803547
SFR,E04,Z1,M2025,REF,76,99,0.775510204082,39,39,0.650000000000,8.877685585740,48,48,0.872727272727,12.308386764549,3.430701178809,2.964137803547
SFR,E04,Z1,M2025,REF,77,99,0.785714285714,40,40,0.666666666667,9.130678798129,48,48,0.872727272727,12.308386764549,3.177707966420,2.964137803547
SFR,E04,Z1,M2025,REF,78,99,0.795918367347,41,41,0.683333333333,9.958936706168,48,48,0.872727272727,12.308386764549,2.349450058381,2.964137803547
SFR,E04,Z1,M2025,REF,79,99,0.806122448980,42,42,0.700000000000,6.234493865598,48,48,0.872727272727,12.308386764549,6.073892898950,2.964137803547
SFR,E04,Z1,M2025,REF,80,99,0.816326530612,43,43,0.716666666667,2.662732453651,48,48,0.872727272727,12.308386764549,9.645654310897,2.964137803547
SFR,E04,Z1,M2025,REF,81,99,0.826530612245,44,44,0.733333333333,2.153140903040,48,48,0.872727272727,12.308386764549,10.155245861509,2.964137803547
SFR,E04,Z1,M2025,REF,82,99,0.836734693878,45,45,0.750000000000,21.855221001230,48,48,0.872727272727,12.308386764549,9.546834236681,2.964137803547
SFR,E04,Z1,M2025,REF,83,99,0.846938775510,46,46,0.766666666667,8.123955099490,48,48,0.872727272727,12.308386764549,4.184431665059,2.964137803547
SFR,E04,Z1,M2025,REF,84,99,0.857142857143,47,47,0.783333333333,7.290868842436,48,48,0.872727272727,12.308386764549,5.017517922113,2.964137803547
SFR,E04,Z1,M2025,REF,85,99,0.867346938776,48,48,0.800000000000,10.975009981498,48,48,0.872727272727,12.308386764549,1.333376783050,2.964137803547
SFR,E04,Z1,M2025,REF,86,99,0.877551020408,49,49,0.816666666667,18.729863180352,49,49,0.890909090909,22.214320787078,3.484457606726,2.964137803547
SFR,E04,Z1,M2025,REF,87,99,0.887755102041,50,50,0.833333333333,19.751115600517,50,50,0.909090909091,20.227709828199,0.476594227682,2.964137803547
SFR,E04,Z1,M2025,REF,88,99,0.897959183673,51,51,0.850000000000,18.061279020804,50,50,0.909090909091,20.227709828199,2.166430807395,2.964137803547
SFR,E04,Z1,M2025,REF,89,99,0.908163265306,52,52,0.866666666667,18.008989514847,50,50,0.909090909091,20.227709828199,2.218720313352,2.964137803547
SFR,E04,Z1,M2025,REF,90,99,0.918367346939,53,53,0.883333333333,28.696834085206,51,51,0.927272727273,22.268568954536,6.428265130670,2.964137803547
SFR,E04,Z1,M2025,REF,91,99,0.928571428571,54,54,0.900000000000,21.216549452171,51,51,0.927272727273,22.268568954536,1.052019502365,2.964137803547
SFR,E04,Z1,M2025,REF,92,99,0.938775510204,55,55,0.916666666667,19.431646281337,51,51,0.927272727273,22.268568954536,2.836922673198,2.964137803547
SFR,E04,Z1,M2025,REF,93,99,0.948979591837,56,56,0.933333333333,17.099968832302,52,52,0.945454545455,13.580066248962,3.519902583339,2.964137803547
SFR,E04,Z1,M2025,REF,94,99,0.959183673469,57,57,0.950000000000,15.684069086103,52,52,0.945454545455,13.580066248962,2.104002837141,2.964137803547
SFR,E04,Z1,M2025,REF,95,99,0.969387755102,58,58,0.966666666667,13.403921276267,52,52,0.945454545455,13.580066248962,0.176144972696,2.964137803547
SFR,E04,Z1,M2025,REF,96,99,0.979591836735,59,59,0.983333333333,9.309132877968,53,53,0.963636363636,11.017530896623,1.708398018655,2.964137803547
SFR,E04,Z1,M2025,REF,97,99,0.989795918367,59,59,0.983333333333,9.309132877968,54,54,0.981818181818,13.230439562511,3.921306684543,2.964137803547
SFR,E04,Z1,M2025,REF,98,99,1.000000000000,60,60,1.000000000000,7.054773464338,55,55,1.000000000000,14.139101514730,7.084328050392,2.964137803547
SFR,E04,Z2,M2025,REF,0,86,0.000000000000,0,0,0.000000000000,27.447391354473,0,0,0.000000000000,13.882782315751,13.564609038722,2.891971173223
SFR,E04,Z2,M2025,REF,1,86,0.011764705882,1,1,0.016666666667,6.104176381052,1,1,0.018518518519,9.683017497357,3.578841116305,2.891971173223
SFR,E04,Z2,M2025,REF,2,86,0.023529411765,2,2,0.033333333333,7.257668029280,2,2,0.037037037037,8.809237856675,1.551569827395,2.891971173223
SFR,E04,Z2,M2025,REF,3,86,0.035294117647,3,3,0.050000000000,7.717222397772,3,3,0.055555555556,13.344555606360,5.627333208588,2.891971173223
SFR,E04,Z2,M2025,REF,4,86,0.047058823529,3,3,0.050000000000,7.717222397772,4,4,0.074074074074,17.829091186280,10.111868788507,2.891971173223
SFR,E04,Z2,M2025,REF,5,86,0.058823529412,3,3,0.050000000000,7.717222397772,5,5,0.092592592593,7.918794309420,0.201571911648,2.891971173223
SFR,E04,Z2,M2025,REF,6,86,0.070588235294,3,3,0.050000000000,7.717222397772,6,6,0.111111111111,8.313987008262,0.596764610489,2.891971173223
SFR,E04,Z2,M2025,REF,7,86,0.082352941176,4,4,0.066666666667,5.088392840397,7,7,0.129629629630,3.747876613270,1.340516227127,2.891971173223
SFR,E04,Z2,M2025,REF,8,86,0.094117647059,4,4,0.066666666667,5.088392840397,8,8,0.148148148148,5.018102628431,0.070290211967,2.891971173223
SFR,E04,Z2,M2025,REF,9,86,0.105882352941,4,4,0.066666666667,5.088392840397,9,9,0.166666666667,6.192841009011,1.104448168614,2.891971173223
SFR,E04,Z2,M2025,REF,10,86,0.117647058824,5,5,0.083333333333,9.089836816578,10,10,0.185185185185,7.153813600010,1.936023216568,2.891971173223
SFR,E04,Z2,M2025,REF,11,86,0.129411764706,6,6,0.100000000000,12.503842471894,11,11,0.203703703704,12.513960510303,0.010118038409,2.891971173223
SFR,E04,Z2,M2025,REF,12,86,0.141176470588,6,6,0.100000000000,12.503842471894,12,12,0.222222222222,12.043952826717,0.459889645177,2.891971173223
SFR,E04,Z2,M2025,REF,13,86,0.152941176471,6,6,0.100000000000,12.503842471894,13,13,0.240740740741,11.592006487300,0.911835984594,2.891971173223
SFR,E04,Z2,M2025,REF,14,86,0.164705882353,6,6,0.100000000000,12.503842471894,14,14,0.259259259259,12.320437586812,0.183404885082,2.891971173223
SFR,E04,Z2,M2025,REF,15,86,0.176470588235,7,7,0.116666666667,15.171999406206,15,15,0.277777777778,10.103211059894,5.068788346312,2.891971173223
SFR,E04,Z2,M2025,REF,16,86,0.188235294118,8,8,0.133333333333,18.201637423284,16,16,0.296296296296,10.770288827939,7.431348595345,2.891971173223
SFR,E04,Z2,M2025,REF,17,86,0.200000000000,9,9,0.150000000000,7.090400977046,17,17,0.314814814815,9.718312480938,2.627911503892,2.891971173223
SFR,E04,Z2,M2025,REF,18,86,0.211764705882,9,9,0.150000000000,7.090400977046,18,18,0.333333333333,7.877926723445,0.787525746400,2.891971173223
SFR,E04,Z2,M2025,REF,19,86,0.223529411765,10,10,0.166666666667,15.315925649650,19,19,0.351851851852,13.395638209296,1.920287440354,2.891971173223
SFR,E04,Z2,M2025,REF,20,86,0.235294117647,11,11,0.183333333333,19.864482342887,20,20,0.370370370370,20.677519707295,0.813037364408,2.891971173223
SFR,E04,Z2,M2025,REF,21,86,0.247058823529,12,12,0.200000000000,25.376052344683,20,20,0.370370370370,20.677519707295,4.698532637389,2.891971173223
SFR,E04,Z2,M2025,REF,22,86,0.258823529412,13,13,0.216666666667,18.865416022571,20,20,0.370370370370,20.677519707295,1.812103684724,2.891971173223
SFR,E04,Z2,M2025,REF,23,86,0.270588235294,14,14,0.233333333333,13.426831882901,20,20,0.370370370370,20.677519707295,7.250687824394,2.891971173223
SFR,E04,Z2,M2025,REF,24,86,0.282352941176,15,15,0.250000000000,19.921966701777,20,20,0.370370370370,20.677519707295,0.755553005518,2.891971173223
SFR,E04,Z2,M2025,REF,25,86,0.294117647059,16,16,0.266666666667,17.505453148093,20,20,0.370370370370,20.677519707295,3.172066559201,2.891971173223
SFR,E04,Z2,M2025,REF,26,86,0.305882352941,17,17,0.283333333333,21.256713670566,20,20,0.370370370370,20.677519707295,0.579193963271,2.891971173223
SFR,E04,Z2,M2025,REF,27,86,0.317647058824,18,18,0.300000000000,17.140365111539,20,20,0.370370370370,20.677519707295,3.537154595756,2.891971173223
SFR,E04,Z2,M2025,REF,28,86,0.329411764706,19,19,0.316666666667,23.273312703667,20,20,0.370370370370,20.677519707295,2.595792996372,2.891971173223
SFR,E04,Z2,M2025,REF,29,86,0.341176470588,20,20,0.333333333333,20.042312180220,20,20,0.370370370370,20.677519707295,0.635207527075,2.891971173223
SFR,E04,Z2,M2025,REF,30,86,0.352941176471,21,21,0.350000000000,15.181246930422,20,20,0.370370370370,20.677519707295,5.496272776872,2.891971173223
SFR,E04,Z2,M2025,REF,31,86,0.364705882353,22,22,0.366666666667,21.948910366429,20,20,0.370370370370,20.677519707295,1.271390659134,2.891971173223
SFR,E04,Z2,M2025,REF,32,86,0.376470588235,23,23,0.383333333333,16.990350651854,21,21,0.388888888889,14.652347166964,2.338003484890,2.891971173223
SFR,E04,Z2,M2025,REF,33,86,0.388235294118,24,24,0.400000000000,13.136850996573,22,22,0.407407407407,8.832706370156,4.304144626417,2.891971173223
SFR,E04,Z2,M2025,REF,34,86,0.400000000000,24,24,0.400000000000,13.136850996573,23,23,0.425925925926,4.904628608795,8.232222387778,2.891971173223
SFR,E04,Z2,M2025,REF,35,86,0.411764705882,24,24,0.400000000000,13.136850996573,24,24,0.444444444444,11.140019383388,1.996831613185,2.891971173223
SFR,E04,Z2,M2025,REF,36,86,0.423529411765,24,24,0.400000000000,13.136850996573,25,25,0.462962962963,12.209895364405,0.926955632169,2.891971173223
SFR,E04,Z2,M2025,REF,37,86,0.435294117647,24,24,0.400000000000,13.136850996573,26,26,0.481481481481,13.725437197897,0.588586201323,2.891971173223
SFR,E04,Z2,M2025,REF,38,86,0.447058823529,24,24,0.400000000000,13.136850996573,27,27,0.500000000000,8.714475054429,4.422375942144,2.891971173223
SFR,E04,Z2,M2025,REF,39,86,0.458823529412,25,25,0.416666666667,25.402761559992,28,28,0.518518518519,14.999607092240,10.403154467752,2.891971173223
SFR,E04,Z2,M2025,REF,40,86,0.470588235294,26,26,0.433333333333,17.884583064766,29,29,0.537037037037,15.471004622705,2.413578442061,2.891971173223
SFR,E04,Z2,M2025,REF,41,86,0.482352941176,27,27,0.450000000000,15.812707181010,29,29,0.537037037037,15.471004622705,0.341702558305,2.891971173223
SFR,E04,Z2,M2025,REF,42,86,0.494117647059,28,28,0.466666666667,16.584392472260,30,30,0.555555555556,17.301753353079,0.717360880819,2.891971173223
SFR,E04,Z2,M2025,REF,43,86,0.505882352941,29,29,0.483333333333,24.083574632173,30,30,0.555555555556,17.301753353079,6.781821279094,2.891971173223
SFR,E04,Z2,M2025,REF,44,86,0.517647058824,30,30,0.500000000000,21.558652344305,30,30,0.555555555556,17.301753353079,4.256898991226,2.891971173223
SFR,E04,Z2,M2025,REF,45,86,0.529411764706,31,31,0.516666666667,15.901996317359,30,30,0.555555555556,17.301753353079,1.399757035720,2.891971173223
SFR,E04,Z2,M2025,REF,46,86,0.541176470588,32,32,0.533333333333,22.099005446027,30,30,0.555555555556,17.301753353079,4.797252092948,2.891971173223
SFR,E04,Z2,M2025,REF,47,86,0.552941176471,33,33,0.550000000000,20.518662009335,30,30,0.555555555556,17.301753353079,3.216908656255,2.891971173223
SFR,E04,Z2,M2025,REF,48,86,0.564705882353,34,34,0.566666666667,23.768366875636,30,30,0.555555555556,17.301753353079,6.466613522557,2.891971173223
SFR,E04,Z2,M2025,REF,49,86,0.576470588235,35,35,0.583333333333,17.994766100830,30,30,0.555555555556,17.301753353079,0.693012747751,2.891971173223
SFR,E04,Z2,M2025,REF,50,86,0.588235294118,36,36,0.600000000000,14.272820943267,31,31,0.574074074074,11.199628067293,3.073192875975,2.891971173223
SFR,E04,Z2,M2025,REF,51,86,0.600000000000,36,36,0.600000000000,14.272820943267,32,32,0.592592592593,10.951613335891,3.321207607376,2.891971173223
SFR,E04,Z2,M2025,REF,52,86,0.611764705882,36,36,0.600000000000,14.272820943267,33,33,0.611111111111,12.430346571021,1.842474372246,2.891971173223
SFR,E04,Z2,M2025,REF,53,86,0.623529411765,36,36,0.600000000000,14.272820943267,34,34,0.629629629630,13.807754841939,0.465066101329,2.891971173223
SFR,E04,Z2,M2025,REF,54,86,0.635294117647,36,36,0.600000000000,14.272820943267,35,35,0.648148148148,12.649556062029,1.623264881238,2.891971173223
SFR,E04,Z2,M2025,REF,55,86,0.647058823529,36,36,0.600000000000,14.272820943267,36,36,0.666666666667,14.046087457398,0.226733485870,2.891971173223
SFR,E04,Z2,M2025,REF,56,86,0.658823529412,36,36,0.600000000000,14.272820943267,37,37,0.685185185185,12.772465073419,1.500355869848,2.891971173223
SFR,E04,Z2,M2025,REF,57,86,0.670588235294,37,37,0.616666666667,10.151540881743,38,38,0.703703703704,10.852888362319,0.701347480576,2.891971173223
SFR,E04,Z2,M2025,REF,58,86,0.682352941176,37,37,0.616666666667,10.151540881743,39,39,0.722222222222,12.893344606420,2.741803724677,2.891971173223
SFR,E04,Z2,M2025,REF,59,86,0.694117647059,37,37,0.616666666667,10.151540881743,40,40,0.740740740741,12.698969452387,2.547428570644,2.891971173223
SFR,E04,Z2,M2025,REF,60,86,0.705882352941,38,38,0.633333333333,7.496863617742,41,41,0.759259259259,8.057028197109,0.560164579368,2.891971173223
SFR,E04,Z2,M2025,REF,61,86,0.717647058824,39,39,0.650000000000,8.877685585740,41,41,0.759259259259,8.057028197109,0.820657388631,2.891971173223
SFR,E04,Z2,M2025,REF,62,86,0.729411764706,40,40,0.666666666667,9.130678798129,41,41,0.759259259259,8.057028197109,1.073650601020,2.891971173223
SFR,E04,Z2,M2025,REF,63,86,0.741176470588,41,41,0.683333333333,9.958936706168,41,41,0.759259259259,8.057028197109,1.901908509059,2.891971173223
SFR,E04,Z2,M2025,REF,64,86,0.752941176471,42,42,0.700000000000,6.234493865598,42,42,0.777777777778,7.270555602277,1.036061736679,2.891971173223
SFR,E04,Z2,M2025,REF,65,86,0.764705882353,43,43,0.716666666667,2.662732453651,42,42,0.777777777778,7.270555602277,4.607823148626,2.891971173223
SFR,E04,Z2,M2025,REF,66,86,0.776470588235,44,44,0.733333333333,2.153140903040,42,42,0.777777777778,7.270555602277,5.117414699238,2.891971173223
SFR,E04,Z2,M2025,REF,67,86,0.788235294118,45,45,0.750000000000,21.855221001230,42,42,0.777777777778,7.270555602277,14.584665398952,2.891971173223
SFR,E04,Z2,M2025,REF,68,86,0.800000000000,46,46,0.766666666667,8.123955099490,42,42,0.777777777778,7.270555602277,0.853399497213,2.891971173223
SFR,E04,Z2,M2025,REF,69,86,0.811764705882,47,47,0.783333333333,7.290868842436,43,43,0.796296296296,7.133091522322,0.157777320114,2.891971173223
SFR,E04,Z2,M2025,REF,70,86,0.823529411765,48,48,0.800000000000,10.975009981498,44,44,0.814814814815,11.138275066032,0.163265084534,2.891971173223
SFR,E04,Z2,M2025,REF,71,86,0.835294117647,48,48,0.800000000000,10.975009981498,45,45,0.833333333333,10.941847781917,0.033162199581,2.891971173223
SFR,E04,Z2,M2025,REF,72,86,0.847058823529,48,48,0.800000000000,10.975009981498,46,46,0.851851851852,11.071277495436,0.096267513938,2.891971173223
SFR,E04,Z2,M2025,REF,73,86,0.858823529412,48,48,0.800000000000,10.975009981498,47,47,0.870370370370,12.916895389818,1.941885408320,2.891971173223
SFR,E04,Z2,M2025,REF,74,86,0.870588235294,49,49,0.816666666667,18.729863180352,48,48,0.888888888889,19.631254341793,0.901391161442,2.891971173223
SFR,E04,Z2,M2025,REF,75,86,0.882352941176,50,50,0.833333333333,19.751115600517,48,48,0.888888888889,19.631254341793,0.119861258723,2.891971173223
SFR,E04,Z2,M2025,REF,76,86,0.894117647059,51,51,0.850000000000,18.061279020804,49,49,0.907407407407,17.182371688080,0.878907332723,2.891971173223
SFR,E04,Z2,M2025,REF,77,86,0.905882352941,52,52,0.866666666667,18.008989514847,49,49,0.907407407407,17.182371688080,0.826617826767,2.891971173223
SFR,E04,Z2,M2025,REF,78,86,0.917647058824,53,53,0.883333333333,28.696834085206,50,50,0.925925925926,24.981185099694,3.715648985511,2.891971173223
SFR,E04,Z2,M2025,REF,79,86,0.929411764706,54,54,0.900000000000,21.216549452171,51,51,0.944444444444,13.193980505946,8.022568946225,2.891971173223
SFR,E04,Z2,M2025,REF,80,86,0.941176470588,55,55,0.916666666667,19.431646281337,52,52,0.962962962963,18.077022004451,1.354624276886,2.891971173223
SFR,E04,Z2,M2025,REF,81,86,0.952941176471,56,56,0.933333333333,17.099968832302,52,52,0.962962962963,18.077022004451,0.977053172150,2.891971173223
SFR,E04,Z2,M2025,REF,82,86,0.964705882353,57,57,0.950000000000,15.684069086103,53,53,0.981481481481,15.295556530551,0.388512555553,2.891971173223
SFR,E04,Z2,M2025,REF,83,86,0.976470588235,58,58,0.966666666667,13.403921276267,53,53,0.981481481481,15.295556530551,1.891635254284,2.891971173223
SFR,E04,Z2,M2025,REF,84,86,0.988235294118,59,59,0.983333333333,9.309132877968,53,53,0.981481481481,15.295556530551,5.986423652583,2.891971173223
SFR,E04,Z2,M2025,REF,85,86,1.000000000000,60,60,1.000000000000,7.054773464338,54,54,1.000000000000,23.710951215604,16.656177751266,2.891971173223
Q_value,E04,Z1,M2025,REF,0,51,0.000000000000,0,0,0.000000000000,3.447937054269,14,0,0.000000000000,8.835632773755,5.387695719485,19.206858000008
Q_value,E04,Z1,M2025,REF,1,51,0.020000000000,5,1,0.021739130435,7.455585348620,16,1,0.083333333333,10.802634855101,3.347049506481,19.206858000008
Q_value,E04,Z1,M2025,REF,2,51,0.040000000000,5,1,0.021739130435,7.455585348620,21,2,0.166666666667,4.508207921244,2.947377427376,19.206858000008
Q_value,E04,Z1,M2025,REF,3,51,0.060000000000,5,1,0.021739130435,7.455585348620,26,3,0.250000000000,4.467066446997,2.988518901623,19.206858000008
Q_value,E04,Z1,M2025,REF,4,51,0.080000000000,5,1,0.021739130435,7.455585348620,30,4,0.333333333333,7.975648511291,0.520063162671,19.206858000008
Q_value,E04,Z1,M2025,REF,5,51,0.100000000000,5,1,0.021739130435,7.455585348620,34,5,0.416666666667,5.605453384188,1.850131964432,19.206858000008
Q_value,E04,Z1,M2025,REF,6,51,0.120000000000,6,2,0.043478260870,16.992255148086,46,6,0.500000000000,13.603693437931,3.388561710155,19.206858000008
Q_value,E04,Z1,M2025,REF,7,51,0.140000000000,7,3,0.065217391304,19.801359836563,46,6,0.500000000000,13.603693437931,6.197666398632,19.206858000008
Q_value,E04,Z1,M2025,REF,8,51,0.160000000000,8,4,0.086956521739,27.015376883889,46,6,0.500000000000,13.603693437931,13.411683445958,19.206858000008
Q_value,E04,Z1,M2025,REF,9,51,0.180000000000,10,5,0.108695652174,21.603104881885,46,6,0.500000000000,13.603693437931,7.999411443955,19.206858000008
Q_value,E04,Z1,M2025,REF,10,51,0.200000000000,11,6,0.130434782609,86.322322079012,46,6,0.500000000000,13.603693437931,72.718628641081,19.206858000008
Q_value,E04,Z1,M2025,REF,11,51,0.220000000000,12,7,0.152173913043,81.656393483963,46,6,0.500000000000,13.603693437931,68.052700046032,19.206858000008
Q_value,E04,Z1,M2025,REF,12,51,0.240000000000,13,8,0.173913043478,23.709688313149,46,6,0.500000000000,13.603693437931,10.105994875219,19.206858000008
Q_value,E04,Z1,M2025,REF,13,51,0.260000000000,14,9,0.195652173913,21.957404367272,46,6,0.500000000000,13.603693437931,8.353710929341,19.206858000008
Q_value,E04,Z1,M2025,REF,14,51,0.280000000000,15,10,0.217391304348,38.689814008544,46,6,0.500000000000,13.603693437931,25.086120570613,19.206858000008
Q_value,E04,Z1,M2025,REF,15,51,0.300000000000,16,11,0.239130434783,62.103287577067,46,6,0.500000000000,13.603693437931,48.499594139136,19.206858000008
Q_value,E04,Z1,M2025,REF,16,51,0.320000000000,17,12,0.260869565217,61.210006703417,46,6,0.500000000000,13.603693437931,47.606313265486,19.206858000008
Q_value,E04,Z1,M2025,REF,17,51,0.340000000000,18,13,0.282608695652,16.842821272505,46,6,0.500000000000,13.603693437931,3.239127834574,19.206858000008
Q_value,E04,Z1,M2025,REF,18,51,0.360000000000,19,14,0.304347826087,27.901129670225,46,6,0.500000000000,13.603693437931,14.297436232294,19.206858000008
Q_value,E04,Z1,M2025,REF,19,51,0.380000000000,20,15,0.326086956522,25.587494683788,46,6,0.500000000000,13.603693437931,11.983801245857,19.206858000008
Q_value,E04,Z1,M2025,REF,20,51,0.400000000000,21,16,0.347826086957,39.623076202212,46,6,0.500000000000,13.603693437931,26.019382764281,19.206858000008
Q_value,E04,Z1,M2025,REF,21,51,0.420000000000,22,17,0.369565217391,40.501518096056,46,6,0.500000000000,13.603693437931,26.897824658125,19.206858000008
Q_value,E04,Z1,M2025,REF,22,51,0.440000000000,23,18,0.391304347826,15.409386217032,46,6,0.500000000000,13.603693437931,1.805692779101,19.206858000008
Q_value,E04,Z1,M2025,REF,23,51,0.460000000000,24,19,0.413043478261,11.716405323250,46,6,0.500000000000,13.603693437931,1.887288114681,19.206858000008
Q_value,E04,Z1,M2025,REF,24,51,0.480000000000,25,20,0.434782608696,22.384333347115,46,6,0.500000000000,13.603693437931,8.780639909184,19.206858000008
Q_value,E04,Z1,M2025,REF,25,51,0.500000000000,26,21,0.456521739130,76.246871403190,46,6,0.500000000000,13.603693437931,62.643177965259,19.206858000008
Q_value,E04,Z1,M2025,REF,26,51,0.520000000000,27,22,0.478260869565,15.199337384337,46,6,0.500000000000,13.603693437931,1.595643946406,19.206858000008
Q_value,E04,Z1,M2025,REF,27,51,0.540000000000,28,23,0.500000000000,10.450255706531,46,6,0.500000000000,13.603693437931,3.153437731400,19.206858000008
Q_value,E04,Z1,M2025,REF,28,51,0.560000000000,29,24,0.521739130435,13.055540223775,46,6,0.500000000000,13.603693437931,0.548153214156,19.206858000008
Q_value,E04,Z1,M2025,REF,29,51,0.580000000000,30,25,0.543478260870,22.366099472383,46,6,0.500000000000,13.603693437931,8.762406034452,19.206858000008
Q_value,E04,Z1,M2025,REF,30,51,0.600000000000,31,26,0.565217391304,64.001370286205,46,6,0.500000000000,13.603693437931,50.397676848274,19.206858000008
Q_value,E04,Z1,M2025,REF,31,51,0.620000000000,32,27,0.586956521739,12.571413187197,46,6,0.500000000000,13.603693437931,1.032280250734,19.206858000008
Q_value,E04,Z1,M2025,REF,32,51,0.640000000000,33,28,0.608695652174,33.074799423666,46,6,0.500000000000,13.603693437931,19.471105985735,19.206858000008
Q_value,E04,Z1,M2025,REF,33,51,0.660000000000,34,29,0.630434782609,11.225533668025,46,6,0.500000000000,13.603693437931,2.378159769906,19.206858000008
Q_value,E04,Z1,M2025,REF,34,51,0.680000000000,35,30,0.652173913043,36.122972598668,46,6,0.500000000000,13.603693437931,22.519279160737,19.206858000008
Q_value,E04,Z1,M2025,REF,35,51,0.700000000000,36,31,0.673913043478,8.189830460835,47,7,0.583333333333,7.940450749574,0.249379711260,19.206858000008
Q_value,E04,Z1,M2025,REF,36,51,0.720000000000,37,32,0.695652173913,5.691883230628,48,8,0.666666666667,5.106008662725,0.585874567903,19.206858000008
Q_value,E04,Z1,M2025,REF,37,51,0.740000000000,38,33,0.717391304348,4.602789261382,48,8,0.666666666667,5.106008662725,0.503219401344,19.206858000008
Q_value,E04,Z1,M2025,REF,38,51,0.760000000000,41,34,0.739130434783,6.973969744279,48,8,0.666666666667,5.106008662725,1.867961081553,19.206858000008
Q_value,E04,Z1,M2025,REF,39,51,0.780000000000,42,35,0.760869565217,7.415338660177,48,8,0.666666666667,5.106008662725,2.309329997451,19.206858000008
Q_value,E04,Z1,M2025,REF,40,51,0.800000000000,48,36,0.782608695652,4.740277864160,48,8,0.666666666667,5.106008662725,0.365730798565,19.206858000008
Q_value,E04,Z1,M2025,REF,41,51,0.820000000000,49,37,0.804347826087,31.237802591124,49,9,0.750000000000,10.495944344588,20.741858246537,19.206858000008
Q_value,E04,Z1,M2025,REF,42,51,0.840000000000,50,38,0.826086956522,26.584541568414,50,10,0.833333333333,8.938287897284,17.646253671130,19.206858000008
Q_value,E04,Z1,M2025,REF,43,51,0.860000000000,51,39,0.847826086957,73.129958978402,51,11,0.916666666667,11.086426476599,62.043532501802,19.206858000008
Q_value,E04,Z1,M2025,REF,44,51,0.880000000000,52,40,0.869565217391,46.303070960336,51,11,0.916666666667,11.086426476599,35.216644483736,19.206858000008
Q_value,E04,Z1,M2025,REF,45,51,0.900000000000,53,41,0.891304347826,91.021082411492,51,11,0.916666666667,11.086426476599,79.934655934893,19.206858000008
Q_value,E04,Z1,M2025,REF,46,51,0.920000000000,54,42,0.913043478261,36.067643376145,51,11,0.916666666667,11.086426476599,24.981216899546,19.206858000008
Q_value,E04,Z1,M2025,REF,47,51,0.940000000000,55,43,0.934782608696,78.697299626535,51,11,0.916666666667,11.086426476599,67.610873149935,19.206858000008
Q_value,E04,Z1,M2025,REF,48,51,0.960000000000,56,44,0.956521739130,70.737945322118,51,11,0.916666666667,11.086426476599,59.651518845518,19.206858000008
Q_value,E04,Z1,M2025,REF,49,51,0.980000000000,57,45,0.978260869565,15.617397533671,51,11,0.916666666667,11.086426476599,4.530971057071,19.206858000008
Q_value,E04,Z1,M2025,REF,50,51,1.000000000000,58,46,1.000000000000,9.099171592416,52,12,1.000000000000,3.662170533065,5.437001059351,19.206858000008
Q_value,E04,Z2,M2025,REF,0,54,0.000000000000,0,0,0.000000000000,3.447937054269,11,0,0.000000000000,8.546870162833,5.098933108564,13.883202368572
Q_value,E04,Z2,M2025,REF,1,54,0.018867924528,0,0,0.000000000000,3.447937054269,13,1,0.062500000000,3.894108516730,0.446171462461,13.883202368572
Q_value,E04,Z2,M2025,REF,2,54,0.037735849057,5,1,0.021739130435,7.455585348620,14,2,0.125000000000,14.517396416840,7.061811068220,13.883202368572
Q_value,E04,Z2,M2025,REF,3,54,0.056603773585,5,1,0.021739130435,7.455585348620,20,3,0.187500000000,9.544573995971,2.088988647351,13.883202368572
Q_value,E04,Z2,M2025,REF,4,54,0.075471698113,5,1,0.021739130435,7.455585348620,21,4,0.250000000000,4.900786490460,2.554798858160,13.883202368572
Q_value,E04,Z2,M2025,REF,5,54,0.094339622642,5,1,0.021739130435,7.455585348620,35,5,0.312500000000,5.686351739653,1.769233608967,13.883202368572
Q_value,E04,Z2,M2025,REF,6,54,0.113207547170,5,1,0.021739130435,7.455585348620,43,6,0.375000000000,5.046720109758,2.408865238863,13.883202368572
Q_value,E04,Z2,M2025,REF,7,54,0.132075471698,5,1,0.021739130435,7.455585348620,44,7,0.437500000000,10.157766167357,2.702180818737,13.883202368572
Q_value,E04,Z2,M2025,REF,8,54,0.150943396226,5,1,0.021739130435,7.455585348620,45,8,0.500000000000,8.732872877143,1.277287528523,13.883202368572
Q_value,E04,Z2,M2025,REF,9,54,0.169811320755,6,2,0.043478260870,16.992255148086,46,9,0.562500000000,15.892975601238,1.099279546847,13.883202368572
Q_value,E04,Z2,M2025,REF,10,54,0.188679245283,7,3,0.065217391304,19.801359836563,47,10,0.625000000000,22.494453902605,2.693094066042,13.883202368572
Q_value,E04,Z2,M2025,REF,11,54,0.207547169811,8,4,0.086956521739,27.015376883889,47,10,0.625000000000,22.494453902605,4.520922981284,13.883202368572
Q_value,E04,Z2,M2025,REF,12,54,0.226415094340,10,5,0.108695652174,21.603104881885,47,10,0.625000000000,22.494453902605,0.891349020719,13.883202368572
Q_value,E04,Z2,M2025,REF,13,54,0.245283018868,11,6,0.130434782609,86.322322079012,47,10,0.625000000000,22.494453902605,63.827868176407,13.883202368572
Q_value,E04,Z2,M2025,REF,14,54,0.264150943396,12,7,0.152173913043,81.656393483963,47,10,0.625000000000,22.494453902605,59.161939581358,13.883202368572
Q_value,E04,Z2,M2025,REF,15,54,0.283018867925,13,8,0.173913043478,23.709688313149,47,10,0.625000000000,22.494453902605,1.215234410545,13.883202368572
Q_value,E04,Z2,M2025,REF,16,54,0.301886792453,14,9,0.195652173913,21.957404367272,47,10,0.625000000000,22.494453902605,0.537049535333,13.883202368572
Q_value,E04,Z2,M2025,REF,17,54,0.320754716981,15,10,0.217391304348,38.689814008544,47,10,0.625000000000,22.494453902605,16.195360105939,13.883202368572
Q_value,E04,Z2,M2025,REF,18,54,0.339622641509,16,11,0.239130434783,62.103287577067,47,10,0.625000000000,22.494453902605,39.608833674462,13.883202368572
Q_value,E04,Z2,M2025,REF,19,54,0.358490566038,17,12,0.260869565217,61.210006703417,47,10,0.625000000000,22.494453902605,38.715552800812,13.883202368572
Q_value,E04,Z2,M2025,REF,20,54,0.377358490566,18,13,0.282608695652,16.842821272505,47,10,0.625000000000,22.494453902605,5.651632630099,13.883202368572
Q_value,E04,Z2,M2025,REF,21,54,0.396226415094,19,14,0.304347826087,27.901129670225,47,10,0.625000000000,22.494453902605,5.406675767620,13.883202368572
Q_value,E04,Z2,M2025,REF,22,54,0.415094339623,20,15,0.326086956522,25.587494683788,47,10,0.625000000000,22.494453902605,3.093040781183,13.883202368572
Q_value,E04,Z2,M2025,REF,23,54,0.433962264151,21,16,0.347826086957,39.623076202212,47,10,0.625000000000,22.494453902605,17.128622299607,13.883202368572
Q_value,E04,Z2,M2025,REF,24,54,0.452830188679,22,17,0.369565217391,40.501518096056,47,10,0.625000000000,22.494453902605,18.007064193451,13.883202368572
Q_value,E04,Z2,M2025,REF,25,54,0.471698113208,23,18,0.391304347826,15.409386217032,48,11,0.687500000000,16.287017523941,0.877631306909,13.883202368572
Q_value,E04,Z2,M2025,REF,26,54,0.490566037736,24,19,0.413043478261,11.716405323250,48,11,0.687500000000,16.287017523941,4.570612200691,13.883202368572
Q_value,E04,Z2,M2025,REF,27,54,0.509433962264,25,20,0.434782608696,22.384333347115,48,11,0.687500000000,16.287017523941,6.097315823174,13.883202368572
Q_value,E04,Z2,M2025,REF,28,54,0.528301886792,26,21,0.456521739130,76.246871403190,48,11,0.687500000000,16.287017523941,59.959853879249,13.883202368572
Q_value,E04,Z2,M2025,REF,29,54,0.547169811321,27,22,0.478260869565,15.199337384337,49,12,0.750000000000,15.079785162959,0.119552221378,13.883202368572
Q_value,E04,Z2,M2025,REF,30,54,0.566037735849,28,23,0.500000000000,10.450255706531,49,12,0.750000000000,15.079785162959,4.629529456428,13.883202368572
Q_value,E04,Z2,M2025,REF,31,54,0.584905660377,29,24,0.521739130435,13.055540223775,49,12,0.750000000000,15.079785162959,2.024244939184,13.883202368572
Q_value,E04,Z2,M2025,REF,32,54,0.603773584906,30,25,0.543478260870,22.366099472383,49,12,0.750000000000,15.079785162959,7.286314309424,13.883202368572
Q_value,E04,Z2,M2025,REF,33,54,0.622641509434,31,26,0.565217391304,64.001370286205,49,12,0.750000000000,15.079785162959,48.921585123246,13.883202368572
Q_value,E04,Z2,M2025,REF,34,54,0.641509433962,32,27,0.586956521739,12.571413187197,49,12,0.750000000000,15.079785162959,2.508371975762,13.883202368572
Q_value,E04,Z2,M2025,REF,35,54,0.660377358491,33,28,0.608695652174,33.074799423666,49,12,0.750000000000,15.079785162959,17.995014260707,13.883202368572
Q_value,E04,Z2,M2025,REF,36,54,0.679245283019,34,29,0.630434782609,11.225533668025,49,12,0.750000000000,15.079785162959,3.854251494934,13.883202368572
Q_value,E04,Z2,M2025,REF,37,54,0.698113207547,35,30,0.652173913043,36.122972598668,49,12,0.750000000000,15.079785162959,21.043187435709,13.883202368572
Q_value,E04,Z2,M2025,REF,38,54,0.716981132075,36,31,0.673913043478,8.189830460835,49,12,0.750000000000,15.079785162959,6.889954702124,13.883202368572
Q_value,E04,Z2,M2025,REF,39,54,0.735849056604,37,32,0.695652173913,5.691883230628,49,12,0.750000000000,15.079785162959,9.387901932330,13.883202368572
Q_value,E04,Z2,M2025,REF,40,54,0.754716981132,38,33,0.717391304348,4.602789261382,49,12,0.750000000000,15.079785162959,10.476995901577,13.883202368572
Q_value,E04,Z2,M2025,REF,41,54,0.773584905660,41,34,0.739130434783,6.973969744279,49,12,0.750000000000,15.079785162959,8.105815418680,13.883202368572
Q_value,E04,Z2,M2025,REF,42,54,0.792452830189,42,35,0.760869565217,7.415338660177,49,12,0.750000000000,15.079785162959,7.664446502782,13.883202368572
Q_value,E04,Z2,M2025,REF,43,54,0.811320754717,48,36,0.782608695652,4.740277864160,49,12,0.750000000000,15.079785162959,10.339507298799,13.883202368572
Q_value,E04,Z2,M2025,REF,44,54,0.830188679245,49,37,0.804347826087,31.237802591124,50,13,0.812500000000,35.790015178007,4.552212586882,13.883202368572
Q_value,E04,Z2,M2025,REF,45,54,0.849056603774,50,38,0.826086956522,26.584541568414,50,13,0.812500000000,35.790015178007,9.205473609593,13.883202368572
Q_value,E04,Z2,M2025,REF,46,54,0.867924528302,51,39,0.847826086957,73.129958978402,50,13,0.812500000000,35.790015178007,37.339943800395,13.883202368572
Q_value,E04,Z2,M2025,REF,47,54,0.886792452830,52,40,0.869565217391,46.303070960336,50,13,0.812500000000,35.790015178007,10.513055782329,13.883202368572
Q_value,E04,Z2,M2025,REF,48,54,0.905660377358,53,41,0.891304347826,91.021082411492,50,13,0.812500000000,35.790015178007,55.231067233486,13.883202368572
Q_value,E04,Z2,M2025,REF,49,54,0.924528301887,54,42,0.913043478261,36.067643376145,50,13,0.812500000000,35.790015178007,0.277628198139,13.883202368572
Q_value,E04,Z2,M2025,REF,50,54,0.943396226415,55,43,0.934782608696,78.697299626535,50,13,0.812500000000,35.790015178007,42.907284448528,13.883202368572
Q_value,E04,Z2,M2025,REF,51,54,0.962264150943,56,44,0.956521739130,70.737945322118,51,14,0.875000000000,26.330540026020,44.407405296097,13.883202368572
Q_value,E04,Z2,M2025,REF,52,54,0.981132075472,57,45,0.978260869565,15.617397533671,52,15,0.937500000000,11.800486372391,3.816911161280,13.883202368572
Q_value,E04,Z2,M2025,REF,53,54,1.000000000000,58,46,1.000000000000,9.099171592416,53,16,1.000000000000,3.571101900896,5.528069691520,13.883202368572
SFR,E05,Z1,M2025,REF,0,82,0.000000000000,0,0,0.000000000000,27.447391354473,0,0,0.000000000000,7.634686924790,19.812704429683,2.574559318067
SFR,E05,Z1,M2025,REF,1,82,0.012345679012,1,1,0.016666666667,6.104176381052,1,1,0.021739130435,6.086842259247,0.017334121805,2.574559318067
SFR,E05,Z1,M2025,REF,2,82,0.024691358025,2,2,0.033333333333,7.257668029280,1,1,0.021739130435,6.086842259247,1.170825770032,2.574559318067
SFR,E05,Z1,M2025,REF,3,82,0.037037037037,3,3,0.050000000000,7.717222397772,1,1,0.021739130435,6.086842259247,1.630380138525,2.574559318067
SFR,E05,Z1,M2025,REF,4,82,0.049382716049,4,4,0.066666666667,5.088392840397,2,2,0.043478260870,3.386864776601,1.701528063796,2.574559318067
SFR,E05,Z1,M2025,REF,5,82,0.061728395062,4,4,0.066666666667,5.088392840397,3,3,0.065217391304,3.746452486168,1.341940354229,2.574559318067
SFR,E05,Z1,M2025,REF,6,82,0.074074074074,4,4,0.066666666667,5.088392840397,4,4,0.086956521739,3.109815448760,1.978577391638,2.574559318067
SFR,E05,Z1,M2025,REF,7,82,0.086419753086,4,4,0.066666666667,5.088392840397,5,5,0.108695652174,4.267525897964,0.820866942433,2.574559318067
SFR,E05,Z1,M2025,REF,8,82,0.098765432099,4,4,0.066666666667,5.088392840397,6,6,0.130434782609,5.771037038413,0.682644198016,2.574559318067
SFR,E05,Z1,M2025,REF,9,82,0.111111111111,4,4,0.066666666667,5.088392840397,7,7,0.152173913043,5.388929764511,0.300536924114,2.574559318067
SFR,E05,Z1,M2025,REF,10,82,0.123456790123,4,4,0.066666666667,5.088392840397,8,8,0.173913043478,4.820349048719,0.268043791679,2.574559318067
SFR,E05,Z1,M2025,REF,11,82,0.135802469136,5,5,0.083333333333,9.089836816578,9,9,0.195652173913,7.899858360370,1.189978456208,2.574559318067
SFR,E05,Z1,M2025,REF,12,82,0.148148148148,5,5,0.083333333333,9.089836816578,10,10,0.217391304348,9.853223527832,0.763386711254,2.574559318067
SFR,E05,Z1,M2025,REF,13,82,0.160493827160,6,6,0.100000000000,12.503842471894,11,11,0.239130434783,11.465120297978,1.038722173916,2.574559318067
SFR,E05,Z1,M2025,REF,14,82,0.172839506173,6,6,0.100000000000,12.503842471894,12,12,0.260869565217,11.450585153251,1.053257318643,2.574559318067
SFR,E05,Z1,M2025,REF,15,82,0.185185185185,7,7,0.116666666667,15.171999406206,13,13,0.282608695652,14.502801323983,0.669198082223,2.574559318067
SFR,E05,Z1,M2025,REF,16,82,0.197530864198,8,8,0.133333333333,18.201637423284,13,13,0.282608695652,14.502801323983,3.698836099302,2.574559318067
SFR,E05,Z1,M2025,REF,17,82,0.209876543210,9,9,0.150000000000,7.090400977046,14,14,0.304347826087,11.833754936684,4.743353959639,2.574559318067
SFR,E05,Z1,M2025,REF,18,82,0.222222222222,10,10,0.166666666667,15.315925649650,15,15,0.326086956522,12.694608315440,2.621317334210,2.574559318067
SFR,E05,Z1,M2025,REF,19,82,0.234567901235,11,11,0.183333333333,19.864482342887,16,16,0.347826086957,20.832627612796,0.968145269910,2.574559318067
SFR,E05,Z1,M2025,REF,20,82,0.246913580247,12,12,0.200000000000,25.376052344683,16,16,0.347826086957,20.832627612796,4.543424731887,2.574559318067
SFR,E05,Z1,M2025,REF,21,82,0.259259259259,13,13,0.216666666667,18.865416022571,16,16,0.347826086957,20.832627612796,1.967211590225,2.574559318067
SFR,E05,Z1,M2025,REF,22,82,0.271604938272,14,14,0.233333333333,13.426831882901,16,16,0.347826086957,20.832627612796,7.405795729895,2.574559318067
SFR,E05,Z1,M2025,REF,23,82,0.283950617284,15,15,0.250000000000,19.921966701777,16,16,0.347826086957,20.832627612796,0.910660911020,2.574559318067
SFR,E05,Z1,M2025,REF,24,82,0.296296296296,16,16,0.266666666667,17.505453148093,16,16,0.347826086957,20.832627612796,3.327174464703,2.574559318067
SFR,E05,Z1,M2025,REF,25,82,0.308641975309,17,17,0.283333333333,21.256713670566,16,16,0.347826086957,20.832627612796,0.424086057770,2.574559318067
SFR,E05,Z1,M2025,REF,26,82,0.320987654321,18,18,0.300000000000,17.140365111539,16,16,0.347826086957,20.832627612796,3.692262501257,2.574559318067
SFR,E05,Z1,M2025,REF,27,82,0.333333333333,19,19,0.316666666667,23.273312703667,16,16,0.347826086957,20.832627612796,2.440685090870,2.574559318067
SFR,E05,Z1,M2025,REF,28,82,0.345679012346,20,20,0.333333333333,20.042312180220,16,16,0.347826086957,20.832627612796,0.790315432576,2.574559318067
SFR,E05,Z1,M2025,REF,29,82,0.358024691358,21,21,0.350000000000,15.181246930422,16,16,0.347826086957,20.832627612796,5.651380682374,2.574559318067
SFR,E05,Z1,M2025,REF,30,82,0.370370370370,22,22,0.366666666667,21.948910366429,16,16,0.347826086957,20.832627612796,1.116282753633,2.574559318067
SFR,E05,Z1,M2025,REF,31,82,0.382716049383,23,23,0.383333333333,16.990350651854,17,17,0.369565217391,15.021137185190,1.969213466665,2.574559318067
SFR,E05,Z1,M2025,REF,32,82,0.395061728395,24,24,0.400000000000,13.136850996573,18,18,0.391304347826,13.495730572774,0.358879576201,2.574559318067
SFR,E05,Z1,M2025,REF,33,82,0.407407407407,25,25,0.416666666667,25.402761559992,19,19,0.413043478261,23.306637079558,2.096124480433,2.574559318067
SFR,E05,Z1,M2025,REF,34,82,0.419753086420,26,26,0.433333333333,17.884583064766,20,20,0.434782608696,18.826671038464,0.942087973698,2.574559318067
SFR,E05,Z1,M2025,REF,35,82,0.432098765432,27,27,0.450000000000,15.812707181010,20,20,0.434782608696,18.826671038464,3.013963857454,2.574559318067
SFR,E05,Z1,M2025,REF,36,82,0.444444444444,28,28,0.466666666667,16.584392472260,20,20,0.434782608696,18.826671038464,2.242278566203,2.574559318067
SFR,E05,Z1,M2025,REF,37,82,0.456790123457,29,29,0.483333333333,24.083574632173,20,20,0.434782608696,18.826671038464,5.256903593709,2.574559318067
SFR,E05,Z1,M2025,REF,38,82,0.469135802469,30,30,0.500000000000,21.558652344305,20,20,0.434782608696,18.826671038464,2.731981305841,2.574559318067
SFR,E05,Z1,M2025,REF,39,82,0.481481481481,31,31,0.516666666667,15.901996317359,20,20,0.434782608696,18.826671038464,2.924674721105,2.574559318067
SFR,E05,Z1,M2025,REF,40,82,0.493827160494,32,32,0.533333333333,22.099005446027,20,20,0.434782608696,18.826671038464,3.272334407563,2.574559318067
SFR,E05,Z1,M2025,REF,41,82,0.506172839506,33,33,0.550000000000,20.518662009335,20,20,0.434782608696,18.826671038464,1.691990970871,2.574559318067
SFR,E05,Z1,M2025,REF,42,82,0.518518518519,34,34,0.566666666667,23.768366875636,20,20,0.434782608696,18.826671038464,4.941695837172,2.574559318067
SFR,E05,Z1,M2025,REF,43,82,0.530864197531,35,35,0.583333333333,17.994766100830,20,20,0.434782608696,18.826671038464,0.831904937634,2.574559318067
SFR,E05,Z1,M2025,REF,44,82,0.543209876543,36,36,0.600000000000,14.272820943267,21,21,0.456521739130,10.475748007859,3.797072935408,2.574559318067
SFR,E05,Z1,M2025,REF,45,82,0.555555555556,37,37,0.616666666667,10.151540881743,22,22,0.478260869565,9.502021264765,0.649519616978,2.574559318067
SFR,E05,Z1,M2025,REF,46,82,0.567901234568,37,37,0.616666666667,10.151540881743,23,23,0.500000000000,13.412014893947,3.260474012204,2.574559318067
SFR,E05,Z1,M2025,REF,47,82,0.580246913580,38,38,0.633333333333,7.496863617742,24,24,0.521739130435,7.670688605614,0.173824987872,2.574559318067
SFR,E05,Z1,M2025,REF,48,82,0.592592592593,39,39,0.650000000000,8.877685585740,25,25,0.543478260870,8.143551831907,0.734133753833,2.574559318067
SFR,E05,Z1,M2025,REF,49,82,0.604938271605,40,40,0.666666666667,9.130678798129,26,26,0.565217391304,9.682052596497,0.551373798369,2.574559318067
SFR,E05,Z1,M2025,REF,50,82,0.617283950617,40,40,0.666666666667,9.130678798129,27,27,0.586956521739,6.911214260599,2.219464537530,2.574559318067
SFR,E05,Z1,M2025,REF,51,82,0.629629629630,41,41,0.683333333333,9.958936706168,28,28,0.608695652174,10.691779543429,0.732842837261,2.574559318067
SFR,E05,Z1,M2025,REF,52,82,0.641975308642,42,42,0.700000000000,6.234493865598,29,29,0.630434782609,5.497528090706,0.736965774892,2.574559318067
SFR,E05,Z1,M2025,REF,53,82,0.654320987654,42,42,0.700000000000,6.234493865598,30,30,0.652173913043,7.357916760691,1.123422895093,2.574559318067
SFR,E05,Z1,M2025,REF,54,82,0.666666666667,42,42,0.700000000000,6.234493865598,31,31,0.673913043478,11.705436088944,5.470942223346,2.574559318067
SFR,E05,Z1,M2025,REF,55,82,0.679012345679,42,42,0.700000000000,6.234493865598,32,32,0.695652173913,8.121416124257,1.886922258659,2.574559318067
SFR,E05,Z1,M2025,REF,56,82,0.691358024691,42,42,0.700000000000,6.234493865598,33,33,0.717391304348,6.524243160787,0.289749295189,2.574559318067
SFR,E05,Z1,M2025,REF,57,82,0.703703703704,43,43,0.716666666667,2.662732453651,34,34,0.739130434783,4.125113287120,1.462380833469,2.574559318067
SFR,E05,Z1,M2025,REF,58,82,0.716049382716,43,43,0.716666666667,2.662732453651,35,35,0.760869565217,1.423802743711,1.238929709940,2.574559318067
SFR,E05,Z1,M2025,REF,59,82,0.728395061728,43,43,0.716666666667,2.662732453651,36,36,0.782608695652,3.369467230001,0.706734776350,2.574559318067
SFR,E05,Z1,M2025,REF,60,82,0.740740740741,43,43,0.716666666667,2.662732453651,37,37,0.804347826087,4.033158267142,1.370425813491,2.574559318067
SFR,E05,Z1,M2025,REF,61,82,0.753086419753,43,43,0.716666666667,2.662732453651,38,38,0.826086956522,3.525632557178,0.862900103526,2.574559318067
SFR,E05,Z1,M2025,REF,62,82,0.765432098765,43,43,0.716666666667,2.662732453651,39,39,0.847826086957,3.179412000210,0.516679546558,2.574559318067
SFR,E05,Z1,M2025,REF,63,82,0.777777777778,43,43,0.716666666667,2.662732453651,40,40,0.869565217391,5.024000157852,2.361267704201,2.574559318067
SFR,E05,Z1,M2025,REF,64,82,0.790123456790,44,44,0.733333333333,2.153140903040,41,41,0.891304347826,3.683369002909,1.530228099870,2.574559318067
SFR,E05,Z1,M2025,REF,65,82,0.802469135802,45,45,0.750000000000,21.855221001230,42,42,0.913043478261,7.491804418452,14.363416582777,2.574559318067
SFR,E05,Z1,M2025,REF,66,82,0.814814814815,46,46,0.766666666667,8.123955099490,42,42,0.913043478261,7.491804418452,0.632150681038,2.574559318067
SFR,E05,Z1,M2025,REF,67,82,0.827160493827,47,47,0.783333333333,7.290868842436,43,43,0.934782608696,6.309496218234,0.981372624201,2.574559318067
SFR,E05,Z1,M2025,REF,68,82,0.839506172840,48,48,0.800000000000,10.975009981498,44,44,0.956521739130,9.332559962885,1.642450018613,2.574559318067
SFR,E05,Z1,M2025,REF,69,82,0.851851851852,48,48,0.800000000000,10.975009981498,45,45,0.978260869565,9.560758038522,1.414251942977,2.574559318067
SFR,E05,Z1,M2025,REF,70,82,0.864197530864,49,49,0.816666666667,18.729863180352,46,46,1.000000000000,16.538818429255,2.191044751097,2.574559318067
SFR,E05,Z1,M2025,REF,71,82,0.876543209877,50,50,0.833333333333,19.751115600517,46,46,1.000000000000,16.538818429255,3.212297171262,2.574559318067
SFR,E05,Z1,M2025,REF,72,82,0.888888888889,51,51,0.850000000000,18.061279020804,46,46,1.000000000000,16.538818429255,1.522460591549,2.574559318067
SFR,E05,Z1,M2025,REF,73,82,0.901234567901,52,52,0.866666666667,18.008989514847,46,46,1.000000000000,16.538818429255,1.470171085592,2.574559318067
SFR,E05,Z1,M2025,REF,74,82,0.913580246914,53,53,0.883333333333,28.696834085206,46,46,1.000000000000,16.538818429255,12.158015655951,2.574559318067
SFR,E05,Z1,M2025,REF,75,82,0.925925925926,54,54,0.900000000000,21.216549452171,46,46,1.000000000000,16.538818429255,4.677731022916,2.574559318067
SFR,E05,Z1,M2025,REF,76,82,0.938271604938,55,55,0.916666666667,19.431646281337,46,46,1.000000000000,16.538818429255,2.892827852082,2.574559318067
SFR,E05,Z1,M2025,REF,77,82,0.950617283951,56,56,0.933333333333,17.099968832302,46,46,1.000000000000,16.538818429255,0.561150403047,2.574559318067
SFR,E05,Z1,M2025,REF,78,82,0.962962962963,57,57,0.950000000000,15.684069086103,46,46,1.000000000000,16.538818429255,0.854749343152,2.574559318067
SFR,E05,Z1,M2025,REF,79,82,0.975308641975,58,58,0.966666666667,13.403921276267,46,46,1.000000000000,16.538818429255,3.134897152988,2.574559318067
SFR,E05,Z1,M2025,REF,80,82,0.987654320988,59,59,0.983333333333,9.309132877968,46,46,1.000000000000,16.538818429255,7.229685551287,2.574559318067
SFR,E05,Z1,M2025,REF,81,82,1.000000000000,60,60,1.000000000000,7.054773464338,46,46,1.000000000000,16.538818429255,9.484044964917,2.574559318067
SFR,E05,Z2,M2025,REF,0,68,0.000000000000,0,0,0.000000000000,27.447391354473,0,0,0.000000000000,5.619157278236,21.828234076237,3.302779708518
SFR,E05,Z2,M2025,REF,1,68,0.014925373134,1,1,0.016666666667,6.104176381052,0,0,0.000000000000,5.619157278236,0.485019102816,3.302779708518
SFR,E05,Z2,M2025,REF,2,68,0.029850746269,2,2,0.033333333333,7.257668029280,0,0,0.000000000000,5.619157278236,1.638510751044,3.302779708518
SFR,E05,Z2,M2025,REF,3,68,0.044776119403,3,3,0.050000000000,7.717222397772,1,1,0.026315789474,10.142306233486,2.425083835714,3.302779708518
SFR,E05,Z2,M2025,REF,4,68,0.059701492537,4,4,0.066666666667,5.088392840397,2,2,0.052631578947,4.442436008338,0.645956832059,3.302779708518
SFR,E05,Z2,M2025,REF,5,68,0.074626865672,5,5,0.083333333333,9.089836816578,3,3,0.078947368421,6.717664876904,2.372171939674,3.302779708518
SFR,E05,Z2,M2025,REF,6,68,0.089552238806,6,6,0.100000000000,12.503842471894,4,4,0.105263157895,10.862773162511,1.641069309383,3.302779708518
SFR,E05,Z2,M2025,REF,7,68,0.104477611940,7,7,0.116666666667,15.171999406206,5,5,0.131578947368,16.789668530918,1.617669124712,3.302779708518
SFR,E05,Z2,M2025,REF,8,68,0.119402985075,8,8,0.133333333333,18.201637423284,5,5,0.131578947368,16.789668530918,1.411968892367,3.302779708518
SFR,E05,Z2,M2025,REF,9,68,0.134328358209,9,9,0.150000000000,7.090400977046,6,6,0.157894736842,11.468228402298,4.377827425252,3.302779708518
SFR,E05,Z2,M2025,REF,10,68,0.149253731343,10,10,0.166666666667,15.315925649650,7,7,0.184210526316,18.924909600263,3.608983950613,3.302779708518
SFR,E05,Z2,M2025,REF,11,68,0.164179104478,11,11,0.183333333333,19.864482342887,7,7,0.184210526316,18.924909600263,0.939572742623,3.302779708518
SFR,E05,Z2,M2025,REF,12,68,0.179104477612,12,12,0.200000000000,25.376052344683,8,8,0.210526315789,27.973555396867,2.597503052184,3.302779708518
SFR,E05,Z2,M2025,REF,13,68,0.194029850746,13,13,0.216666666667,18.865416022571,9,9,0.236842105263,19.545157346035,0.679741323464,3.302779708518
SFR,E05,Z2,M2025,REF,14,68,0.208955223881,14,14,0.233333333333,13.426831882901,9,9,0.236842105263,19.545157346035,6.118325463134,3.302779708518
SFR,E05,Z2,M2025,REF,15,68,0.223880597015,15,15,0.250000000000,19.921966701777,9,9,0.236842105263,19.545157346035,0.376809355742,3.302779708518
SFR,E05,Z2,M2025,REF,16,68,0.238805970149,16,16,0.266666666667,17.505453148093,9,9,0.236842105263,19.545157346035,2.039704197942,3.302779708518
SFR,E05,Z2,M2025,REF,17,68,0.253731343284,17,17,0.283333333333,21.256713670566,9,9,0.236842105263,19.545157346035,1.711556324531,3.302779708518
SFR,E05,Z2,M2025,REF,18,68,0.268656716418,18,18,0.300000000000,17.140365111539,9,9,0.236842105263,19.545157346035,2.404792234496,3.302779708518
SFR,E05,Z2,M2025,REF,19,68,0.283582089552,19,19,0.316666666667,23.273312703667,9,9,0.236842105263,19.545157346035,3.728155357632,3.302779708518
SFR,E05,Z2,M2025,REF,20,68,0.298507462687,20,20,0.333333333333,20.042312180220,9,9,0.236842105263,19.545157346035,0.497154834185,3.302779708518
SFR,E05,Z2,M2025,REF,21,68,0.313432835821,21,21,0.350000000000,15.181246930422,9,9,0.236842105263,19.545157346035,4.363910415613,3.302779708518
SFR,E05,Z2,M2025,REF,22,68,0.328358208955,22,22,0.366666666667,21.948910366429,9,9,0.236842105263,19.545157346035,2.403753020394,3.302779708518
SFR,E05,Z2,M2025,REF,23,68,0.343283582090,23,23,0.383333333333,16.990350651854,9,9,0.236842105263,19.545157346035,2.554806694180,3.302779708518
SFR,E05,Z2,M2025,REF,24,68,0.358208955224,24,24,0.400000000000,13.136850996573,10,10,0.263157894737,14.381190888015,1.244339891442,3.302779708518
SFR,E05,Z2,M2025,REF,25,68,0.373134328358,25,25,0.416666666667,25.402761559992,11,11,0.289473684211,24.068980011453,1.333781548539,3.302779708518
SFR,E05,Z2,M2025,REF,26,68,0.388059701493,25,25,0.416666666667,25.402761559992,12,12,0.315789473684,31.124391545854,5.721629985863,3.302779708518
SFR,E05,Z2,M2025,REF,27,68,0.402985074627,26,26,0.433333333333,17.884583064766,13,13,0.342105263158,19.404347592449,1.519764527683,3.302779708518
SFR,E05,Z2,M2025,REF,28,68,0.417910447761,27,27,0.450000000000,15.812707181010,14,14,0.368421052632,19.154814124512,3.342106943502,3.302779708518
SFR,E05,Z2,M2025,REF,29,68,0.432835820896,28,28,0.466666666667,16.584392472260,14,14,0.368421052632,19.154814124512,2.570421652252,3.302779708518
SFR,E05,Z2,M2025,REF,30,68,0.447761194030,29,29,0.483333333333,24.083574632173,15,15,0.394736842105,33.917068896861,9.833494264688,3.302779708518
SFR,E05,Z2,M2025,REF,31,68,0.462686567164,29,29,0.483333333333,24.083574632173,16,16,0.421052631579,32.861387755317,8.777813123143,3.302779708518
SFR,E05,Z2,M2025,REF,32,68,0.477611940299,29,29,0.483333333333,24.083574632173,17,17,0.447368421053,22.959243594715,1.124331037458,3.302779708518
SFR,E05,Z2,M2025,REF,33,68,0.492537313433,29,29,0.483333333333,24.083574632173,18,18,0.473684210526,29.380758598891,5.297183966718,3.302779708518
SFR,E05,Z2,M2025,REF,34,68,0.507462686567,29,29,0.483333333333,24.083574632173,19,19,0.500000000000,29.658578466953,5.575003834780,3.302779708518
SFR,E05,Z2,M2025,REF,35,68,0.522388059701,29,29,0.483333333333,24.083574632173,20,20,0.526315789474,33.069932554571,8.986357922398,3.302779708518
SFR,E05,Z2,M2025,REF,36,68,0.537313432836,30,30,0.500000000000,21.558652344305,21,21,0.552631578947,22.657322238578,1.098669894273,3.302779708518
SFR,E05,Z2,M2025,REF,37,68,0.552238805970,31,31,0.516666666667,15.901996317359,22,22,0.578947368421,22.148361872086,6.246365554727,3.302779708518
SFR,E05,Z2,M2025,REF,38,68,0.567164179104,32,32,0.533333333333,22.099005446027,22,22,0.578947368421,22.148361872086,0.049356426059,3.302779708518
SFR,E05,Z2,M2025,REF,39,68,0.582089552239,33,33,0.550000000000,20.518662009335,22,22,0.578947368421,22.148361872086,1.629699862752,3.302779708518
SFR,E05,Z2,M2025,REF,40,68,0.597014925373,34,34,0.566666666667,23.768366875636,22,22,0.578947368421,22.148361872086,1.620005003550,3.302779708518
SFR,E05,Z2,M2025,REF,41,68,0.611940298507,35,35,0.583333333333,17.994766100830,23,23,0.605263157895,20.097078048288,2.102311947458,3.302779708518
SFR,E05,Z2,M2025,REF,42,68,0.626865671642,36,36,0.600000000000,14.272820943267,24,24,0.631578947368,14.422789478600,0.149968535333,3.302779708518
SFR,E05,Z2,M2025,REF,43,68,0.641791044776,36,36,0.600000000000,14.272820943267,25,25,0.657894736842,16.612218134197,2.339397190929,3.302779708518
SFR,E05,Z2,M2025,REF,44,68,0.656716417910,37,37,0.616666666667,10.151540881743,26,26,0.684210526316,9.079626301328,1.071914580415,3.302779708518
SFR,E05,Z2,M2025,REF,45,68,0.671641791045,38,38,0.633333333333,7.496863617742,27,27,0.710526315789,8.805363122691,1.308499504949,3.302779708518
SFR,E05,Z2,M2025,REF,46,68,0.686567164179,39,39,0.650000000000,8.877685585740,27,27,0.710526315789,8.805363122691,0.072322463049,3.302779708518
SFR,E05,Z2,M2025,REF,47,68,0.701492537313,40,40,0.666666666667,9.130678798129,27,27,0.710526315789,8.805363122691,0.325315675438,3.302779708518
SFR,E05,Z2,M2025,REF,48,68,0.716417910448,41,41,0.683333333333,9.958936706168,27,27,0.710526315789,8.805363122691,1.153573583477,3.302779708518
SFR,E05,Z2,M2025,REF,49,68,0.731343283582,42,42,0.700000000000,6.234493865598,28,28,0.736842105263,6.296172617415,0.061678751817,3.302779708518
SFR,E05,Z2,M2025,REF,50,68,0.746268656716,43,43,0.716666666667,2.662732453651,28,28,0.736842105263,6.296172617415,3.633440163764,3.302779708518
SFR,E05,Z2,M2025,REF,51,68,0.761194029851,44,44,0.733333333333,2.153140903040,28,28,0.736842105263,6.296172617415,4.143031714376,3.302779708518
SFR,E05,Z2,M2025,REF,52,68,0.776119402985,45,45,0.750000000000,21.855221001230,29,29,0.763157894737,15.998339011787,5.856881989443,3.302779708518
SFR,E05,Z2,M2025,REF,53,68,0.791044776119,46,46,0.766666666667,8.123955099490,30,30,0.789473684211,6.958589303909,1.165365795582,3.302779708518
SFR,E05,Z2,M2025,REF,54,68,0.805970149254,47,47,0.783333333333,7.290868842436,31,31,0.815789473684,3.178237207027,4.112631635409,3.302779708518
SFR,E05,Z2,M2025,REF,55,68,0.820895522388,48,48,0.800000000000,10.975009981498,32,32,0.842105263158,9.051145089330,1.923864892168,3.302779708518
SFR,E05,Z2,M2025,REF,56,68,0.835820895522,49,49,0.816666666667,18.729863180352,33,33,0.868421052632,28.782176414614,10.052313234262,3.302779708518
SFR,E05,Z2,M2025,REF,57,68,0.850746268657,50,50,0.833333333333,19.751115600517,34,34,0.894736842105,23.129011205262,3.377895604745,3.302779708518
SFR,E05,Z2,M2025,REF,58,68,0.865671641791,51,51,0.850000000000,18.061279020804,35,35,0.921052631579,14.964045160248,3.097233860556,3.302779708518
SFR,E05,Z2,M2025,REF,59,68,0.880597014925,52,52,0.866666666667,18.008989514847,36,36,0.947368421053,19.420563934636,1.411574419789,3.302779708518
SFR,E05,Z2,M2025,REF,60,68,0.895522388060,53,53,0.883333333333,28.696834085206,36,36,0.947368421053,19.420563934636,9.276270150570,3.302779708518
SFR,E05,Z2,M2025,REF,61,68,0.910447761194,54,54,0.900000000000,21.216549452171,36,36,0.947368421053,19.420563934636,1.795985517535,3.302779708518
SFR,E05,Z2,M2025,REF,62,68,0.925373134328,55,55,0.916666666667,19.431646281337,36,36,0.947368421053,19.420563934636,0.011082346701,3.302779708518
SFR,E05,Z2,M2025,REF,63,68,0.940298507463,56,56,0.933333333333,17.099968832302,37,37,0.973684210526,17.017460090606,0.082508741696,3.302779708518
SFR,E05,Z2,M2025,REF,64,68,0.955223880597,57,57,0.950000000000,15.684069086103,37,37,0.973684210526,17.017460090606,1.333391004502,3.302779708518
SFR,E05,Z2,M2025,REF,65,68,0.970149253731,58,58,0.966666666667,13.403921276267,37,37,0.973684210526,17.017460090606,3.613538814339,3.302779708518
SFR,E05,Z2,M2025,REF,66,68,0.985074626866,59,59,0.983333333333,9.309132877968,37,37,0.973684210526,17.017460090606,7.708327212638,3.302779708518
SFR,E05,Z2,M2025,REF,67,68,1.000000000000,60,60,1.000000000000,7.054773464338,38,38,1.000000000000,22.024868616835,14.970095152498,3.302779708518
Q_value,E05,Z1,M2025,REF,0,58,0.000000000000,0,0,0.000000000000,3.447937054269,6,0,0.000000000000,6.108582554775,2.660645500506,12.075403939299
Q_value,E05,Z1,M2025,REF,1,58,0.017543859649,5,1,0.021739130435,7.455585348620,6,0,0.000000000000,6.108582554775,1.347002793845,12.075403939299
Q_value,E05,Z1,M2025,REF,2,58,0.035087719298,6,2,0.043478260870,16.992255148086,7,1,0.038461538462,20.235522387392,3.243267239307,12.075403939299
Q_value,E05,Z1,M2025,REF,3,58,0.052631578947,6,2,0.043478260870,16.992255148086,8,2,0.076923076923,12.104712029606,4.887543118479,12.075403939299
Q_value,E05,Z1,M2025,REF,4,58,0.070175438596,7,3,0.065217391304,19.801359836563,9,3,0.115384615385,17.475956520511,2.325403316051,12.075403939299
Q_value,E05,Z1,M2025,REF,5,58,0.087719298246,8,4,0.086956521739,27.015376883889,10,4,0.153846153846,59.751654607209,32.736277723320,12.075403939299
Q_value,E05,Z1,M2025,REF,6,58,0.105263157895,8,4,0.086956521739,27.015376883889,11,5,0.192307692308,31.777495055449,4.762118171561,12.075403939299
Q_value,E05,Z1,M2025,REF,7,58,0.122807017544,8,4,0.086956521739,27.015376883889,12,6,0.230769230769,31.726718694372,4.711341810483,12.075403939299
Q_value,E05,Z1,M2025,REF,8,58,0.140350877193,8,4,0.086956521739,27.015376883889,13,7,0.269230769231,29.645086135268,2.629709251379,12.075403939299
Q_value,E05,Z1,M2025,REF,9,58,0.157894736842,10,5,0.108695652174,21.603104881885,14,8,0.307692307692,37.847797067336,16.244692185451,12.075403939299
Q_value,E05,Z1,M2025,REF,10,58,0.175438596491,11,6,0.130434782609,86.322322079012,15,9,0.346153846154,94.157940830262,7.835618751250,12.075403939299
Q_value,E05,Z1,M2025,REF,11,58,0.192982456140,12,7,0.152173913043,81.656393483963,16,10,0.384615384615,95.857820143026,14.201426659063,12.075403939299
Q_value,E05,Z1,M2025,REF,12,58,0.210526315789,13,8,0.173913043478,23.709688313149,17,11,0.423076923077,45.169754415312,21.460066102163,12.075403939299
Q_value,E05,Z1,M2025,REF,13,58,0.228070175439,14,9,0.195652173913,21.957404367272,18,12,0.461538461538,39.895908202811,17.938503835539,12.075403939299
Q_value,E05,Z1,M2025,REF,14,58,0.245614035088,15,10,0.217391304348,38.689814008544,18,12,0.461538461538,39.895908202811,1.206094194266,12.075403939299
Q_value,E05,Z1,M2025,REF,15,58,0.263157894737,16,11,0.239130434783,62.103287577067,18,12,0.461538461538,39.895908202811,22.207379374256,12.075403939299
Q_value,E05,Z1,M2025,REF,16,58,0.280701754386,17,12,0.260869565217,61.210006703417,18,12,0.461538461538,39.895908202811,21.314098500606,12.075403939299
Q_value,E05,Z1,M2025,REF,17,58,0.298245614035,18,13,0.282608695652,16.842821272505,19,13,0.500000000000,26.734040897490,9.891219624985,12.075403939299
Q_value,E05,Z1,M2025,REF,18,58,0.315789473684,19,14,0.304347826087,27.901129670225,19,13,0.500000000000,26.734040897490,1.167088772735,12.075403939299
Q_value,E05,Z1,M2025,REF,19,58,0.333333333333,20,15,0.326086956522,25.587494683788,19,13,0.500000000000,26.734040897490,1.146546213703,12.075403939299
Q_value,E05,Z1,M2025,REF,20,58,0.350877192982,21,16,0.347826086957,39.623076202212,19,13,0.500000000000,26.734040897490,12.889035304721,12.075403939299
Q_value,E05,Z1,M2025,REF,21,58,0.368421052632,22,17,0.369565217391,40.501518096056,19,13,0.500000000000,26.734040897490,13.767477198565,12.075403939299
Q_value,E05,Z1,M2025,REF,22,58,0.385964912281,23,18,0.391304347826,15.409386217032,20,14,0.538461538462,21.273813906750,5.864427689718,12.075403939299
Q_value,E05,Z1,M2025,REF,23,58,0.403508771930,24,19,0.413043478261,11.716405323250,20,14,0.538461538462,21.273813906750,9.557408583500,12.075403939299
Q_value,E05,Z1,M2025,REF,24,58,0.421052631579,25,20,0.434782608696,22.384333347115,20,14,0.538461538462,21.273813906750,1.110519440365,12.075403939299
Q_value,E05,Z1,M2025,REF,25,58,0.438596491228,26,21,0.456521739130,76.246871403190,21,15,0.576923076923,21.254459348533,54.992412054657,12.075403939299
Q_value,E05,Z1,M2025,REF,26,58,0.456140350877,27,22,0.478260869565,15.199337384337,22,16,0.615384615385,19.346231062888,4.146893678551,12.075403939299
Q_value,E05,Z1,M2025,REF,27,58,0.473684210526,28,23,0.500000000000,10.450255706531,22,16,0.615384615385,19.346231062888,8.895975356357,12.075403939299
Q_value,E05,Z1,M2025,REF,28,58,0.491228070175,29,24,0.521739130435,13.055540223775,22,16,0.615384615385,19.346231062888,6.290690839113,12.075403939299
Q_value,E05,Z1,M2025,REF,29,58,0.508771929825,30,25,0.543478260870,22.366099472383,22,16,0.615384615385,19.346231062888,3.019868409495,12.075403939299
Q_value,E05,Z1,M2025,REF,30,58,0.526315789474,31,26,0.565217391304,64.001370286205,22,16,0.615384615385,19.346231062888,44.655139223317,12.075403939299
Q_value,E05,Z1,M2025,REF,31,58,0.543859649123,32,27,0.586956521739,12.571413187197,22,16,0.615384615385,19.346231062888,6.774817875691,12.075403939299
Q_value,E05,Z1,M2025,REF,32,58,0.561403508772,33,28,0.608695652174,33.074799423666,22,16,0.615384615385,19.346231062888,13.728568360778,12.075403939299
Q_value,E05,Z1,M2025,REF,33,58,0.578947368421,34,29,0.630434782609,11.225533668025,22,16,0.615384615385,19.346231062888,8.120697394863,12.075403939299
Q_value,E05,Z1,M2025,REF,34,58,0.596491228070,35,30,0.652173913043,36.122972598668,22,16,0.615384615385,19.346231062888,16.776741535780,12.075403939299
Q_value,E05,Z1,M2025,REF,35,58,0.614035087719,36,31,0.673913043478,8.189830460835,22,16,0.615384615385,19.346231062888,11.156400602053,12.075403939299
Q_value,E05,Z1,M2025,REF,36,58,0.631578947368,37,32,0.695652173913,5.691883230628,22,16,0.615384615385,19.346231062888,13.654347832260,12.075403939299
Q_value,E05,Z1,M2025,REF,37,58,0.649122807018,38,33,0.717391304348,4.602789261382,22,16,0.615384615385,19.346231062888,14.743441801506,12.075403939299
Q_value,E05,Z1,M2025,REF,38,58,0.666666666667,41,34,0.739130434783,6.973969744279,22,16,0.615384615385,19.346231062888,12.372261318609,12.075403939299
Q_value,E05,Z1,M2025,REF,39,58,0.684210526316,42,35,0.760869565217,7.415338660177,22,16,0.615384615385,19.346231062888,11.930892402711,12.075403939299
Q_value,E05,Z1,M2025,REF,40,58,0.701754385965,48,36,0.782608695652,4.740277864160,22,16,0.615384615385,19.346231062888,14.605953198728,12.075403939299
Q_value,E05,Z1,M2025,REF,41,58,0.719298245614,49,37,0.804347826087,31.237802591124,23,17,0.653846153846,34.402183477315,3.164380886191,12.075403939299
Q_value,E05,Z1,M2025,REF,42,58,0.736842105263,50,38,0.826086956522,26.584541568414,23,17,0.653846153846,34.402183477315,7.817641908901,12.075403939299
Q_value,E05,Z1,M2025,REF,43,58,0.754385964912,51,39,0.847826086957,73.129958978402,23,17,0.653846153846,34.402183477315,38.727775501087,12.075403939299
Q_value,E05,Z1,M2025,REF,44,58,0.771929824561,52,40,0.869565217391,46.303070960336,23,17,0.653846153846,34.402183477315,11.900887483021,12.075403939299
Q_value,E05,Z1,M2025,REF,45,58,0.789473684211,53,41,0.891304347826,91.021082411492,23,17,0.653846153846,34.402183477315,56.618898934177,12.075403939299
Q_value,E05,Z1,M2025,REF,46,58,0.807017543860,54,42,0.913043478261,36.067643376145,23,17,0.653846153846,34.402183477315,1.665459898830,12.075403939299
Q_value,E05,Z1,M2025,REF,47,58,0.824561403509,55,43,0.934782608696,78.697299626535,23,17,0.653846153846,34.402183477315,44.295116149220,12.075403939299
Q_value,E05,Z1,M2025,REF,48,58,0.842105263158,56,44,0.956521739130,70.737945322118,23,17,0.653846153846,34.402183477315,36.335761844803,12.075403939299
Q_value,E05,Z1,M2025,REF,49,58,0.859649122807,57,45,0.978260869565,15.617397533671,24,18,0.692307692308,16.711948244630,1.094550710959,12.075403939299
Q_value,E05,Z1,M2025,REF,50,58,0.877192982456,57,45,0.978260869565,15.617397533671,25,19,0.730769230769,18.761366204736,3.143968671065,12.075403939299
Q_value,E05,Z1,M2025,REF,51,58,0.894736842105,58,46,1.000000000000,9.099171592416,26,20,0.769230769231,10.291543052753,1.192371460337,12.075403939299
Q_value,E05,Z1,M2025,REF,52,58,0.912280701754,58,46,1.000000000000,9.099171592416,27,21,0.807692307692,11.636277266355,2.537105673939,12.075403939299
Q_value,E05,Z1,M2025,REF,53,58,0.929824561404,58,46,1.000000000000,9.099171592416,28,22,0.846153846154,8.453061637232,0.646109955184,12.075403939299
Q_value,E05,Z1,M2025,REF,54,58,0.947368421053,58,46,1.000000000000,9.099171592416,31,23,0.884615384615,7.801520919333,1.297650673083,12.075403939299
Q_value,E05,Z1,M2025,REF,55,58,0.964912280702,58,46,1.000000000000,9.099171592416,43,24,0.923076923077,11.518018095373,2.418846502957,12.075403939299
Q_value,E05,Z1,M2025,REF,56,58,0.982456140351,58,46,1.000000000000,9.099171592416,44,25,0.961538461538,5.960277374978,3.138894217438,12.075403939299
Q_value,E05,Z1,M2025,REF,57,58,1.000000000000,58,46,1.000000000000,9.099171592416,46,26,1.000000000000,7.691176824548,1.407994767868,12.075403939299
Q_value,E05,Z2,M2025,REF,0,51,0.000000000000,0,0,0.000000000000,3.447937054269,4,0,0.000000000000,8.846262784934,5.398325730665,13.085127504181
Q_value,E05,Z2,M2025,REF,1,51,0.020000000000,5,1,0.021739130435,7.455585348620,4,0,0.000000000000,8.846262784934,1.390677436314,13.085127504181
Q_value,E05,Z2,M2025,REF,2,51,0.040000000000,6,2,0.043478260870,16.992255148086,5,1,0.035714285714,22.924041432007,5.931786283922,13.085127504181
Q_value,E05,Z2,M2025,REF,3,51,0.060000000000,7,3,0.065217391304,19.801359836563,5,1,0.035714285714,22.924041432007,3.122681595445,13.085127504181
Q_value,E05,Z2,M2025,REF,4,51,0.080000000000,8,4,0.086956521739,27.015376883889,5,1,0.035714285714,22.924041432007,4.091335451881,13.085127504181
Q_value,E05,Z2,M2025,REF,5,51,0.100000000000,10,5,0.108695652174,21.603104881885,6,2,0.071428571429,10.949777805681,10.653327076204,13.085127504181
Q_value,E05,Z2,M2025,REF,6,51,0.120000000000,11,6,0.130434782609,86.322322079012,7,3,0.107142857143,43.327740221788,42.994581857224,13.085127504181
Q_value,E05,Z2,M2025,REF,7,51,0.140000000000,12,7,0.152173913043,81.656393483963,7,3,0.107142857143,43.327740221788,38.328653262175,13.085127504181
Q_value,E05,Z2,M2025,REF,8,51,0.160000000000,13,8,0.173913043478,23.709688313149,8,4,0.142857142857,22.346260594766,1.363427718383,13.085127504181
Q_value,E05,Z2,M2025,REF,9,51,0.180000000000,14,9,0.195652173913,21.957404367272,9,5,0.178571428571,21.561011575451,0.396392791821,13.085127504181
Q_value,E05,Z2,M2025,REF,10,51,0.200000000000,14,9,0.195652173913,21.957404367272,10,6,0.214285714286,22.501093182803,0.543688815532,13.085127504181
Q_value,E05,Z2,M2025,REF,11,51,0.220000000000,15,10,0.217391304348,38.689814008544,11,7,0.250000000000,31.484133442674,7.205680565870,13.085127504181
Q_value,E05,Z2,M2025,REF,12,51,0.240000000000,16,11,0.239130434783,62.103287577067,11,7,0.250000000000,31.484133442674,30.619154134393,13.085127504181
Q_value,E05,Z2,M2025,REF,13,51,0.260000000000,17,12,0.260869565217,61.210006703417,11,7,0.250000000000,31.484133442674,29.725873260743,13.085127504181
Q_value,E05,Z2,M2025,REF,14,51,0.280000000000,18,13,0.282608695652,16.842821272505,12,8,0.285714285714,19.510385121265,2.667563848760,13.085127504181
Q_value,E05,Z2,M2025,REF,15,51,0.300000000000,18,13,0.282608695652,16.842821272505,13,9,0.321428571429,20.707313006760,3.864491734255,13.085127504181
Q_value,E05,Z2,M2025,REF,16,51,0.320000000000,18,13,0.282608695652,16.842821272505,14,10,0.357142857143,18.757710033929,1.914888761423,13.085127504181
Q_value,E05,Z2,M2025,REF,17,51,0.340000000000,19,14,0.304347826087,27.901129670225,15,11,0.392857142857,25.254542799183,2.646586871042,13.085127504181
Q_value,E05,Z2,M2025,REF,18,51,0.360000000000,20,15,0.326086956522,25.587494683788,15,11,0.392857142857,25.254542799183,0.332951884605,13.085127504181
Q_value,E05,Z2,M2025,REF,19,51,0.380000000000,21,16,0.347826086957,39.623076202212,15,11,0.392857142857,25.254542799183,14.368533403029,13.085127504181
Q_value,E05,Z2,M2025,REF,20,51,0.400000000000,22,17,0.369565217391,40.501518096056,15,11,0.392857142857,25.254542799183,15.246975296873,13.085127504181
Q_value,E05,Z2,M2025,REF,21,51,0.420000000000,23,18,0.391304347826,15.409386217032,16,12,0.428571428571,15.745844515942,0.336458298910,13.085127504181
Q_value,E05,Z2,M2025,REF,22,51,0.440000000000,24,19,0.413043478261,11.716405323250,16,12,0.428571428571,15.745844515942,4.029439192692,13.085127504181
Q_value,E05,Z2,M2025,REF,23,51,0.460000000000,25,20,0.434782608696,22.384333347115,17,13,0.464285714286,28.320510299527,5.936176952412,13.085127504181
Q_value,E05,Z2,M2025,REF,24,51,0.480000000000,26,21,0.456521739130,76.246871403190,17,13,0.464285714286,28.320510299527,47.926361103663,13.085127504181
Q_value,E05,Z2,M2025,REF,25,51,0.500000000000,27,22,0.478260869565,15.199337384337,18,14,0.500000000000,21.428765748330,6.229428363993,13.085127504181
Q_value,E05,Z2,M2025,REF,26,51,0.520000000000,28,23,0.500000000000,10.450255706531,19,15,0.535714285714,12.910333096181,2.460077389650,13.085127504181
Q_value,E05,Z2,M2025,REF,27,51,0.540000000000,29,24,0.521739130435,13.055540223775,19,15,0.535714285714,12.910333096181,0.145207127594,13.085127504181
Q_value,E05,Z2,M2025,REF,28,51,0.560000000000,30,25,0.543478260870,22.366099472383,20,16,0.571428571429,19.108164429547,3.257935042836,13.085127504181
Q_value,E05,Z2,M2025,REF,29,51,0.580000000000,31,26,0.565217391304,64.001370286205,20,16,0.571428571429,19.108164429547,44.893205856657,13.085127504181
Q_value,E05,Z2,M2025,REF,30,51,0.600000000000,32,27,0.586956521739,12.571413187197,21,17,0.607142857143,15.537761039122,2.966347851925,13.085127504181
Q_value,E05,Z2,M2025,REF,31,51,0.620000000000,33,28,0.608695652174,33.074799423666,22,18,0.642857142857,37.545218576817,4.470419153150,13.085127504181
Q_value,E05,Z2,M2025,REF,32,51,0.640000000000,34,29,0.630434782609,11.225533668025,23,19,0.678571428571,11.115796963927,0.109736704098,13.085127504181
Q_value,E05,Z2,M2025,REF,33,51,0.660000000000,35,30,0.652173913043,36.122972598668,24,20,0.714285714286,18.354650075449,17.768322523219,13.085127504181
Q_value,E05,Z2,M2025,REF,34,51,0.680000000000,36,31,0.673913043478,8.189830460835,25,21,0.750000000000,12.969775259711,4.779944798877,13.085127504181
Q_value,E05,Z2,M2025,REF,35,51,0.700000000000,37,32,0.695652173913,5.691883230628,32,22,0.785714285714,6.674336144201,0.982452913573,13.085127504181
Q_value,E05,Z2,M2025,REF,36,51,0.720000000000,38,33,0.717391304348,4.602789261382,32,22,0.785714285714,6.674336144201,2.071546882820,13.085127504181
Q_value,E05,Z2,M2025,REF,37,51,0.740000000000,41,34,0.739130434783,6.973969744279,32,22,0.785714285714,6.674336144201,0.299633600077,13.085127504181
Q_value,E05,Z2,M2025,REF,38,51,0.760000000000,42,35,0.760869565217,7.415338660177,32,22,0.785714285714,6.674336144201,0.741002515976,13.085127504181
Q_value,E05,Z2,M2025,REF,39,51,0.780000000000,48,36,0.782608695652,4.740277864160,32,22,0.785714285714,6.674336144201,1.934058280041,13.085127504181
Q_value,E05,Z2,M2025,REF,40,51,0.800000000000,49,37,0.804347826087,31.237802591124,33,23,0.821428571429,19.085106385079,12.152696206045,13.085127504181
Q_value,E05,Z2,M2025,REF,41,51,0.820000000000,50,38,0.826086956522,26.584541568414,34,24,0.857142857143,22.270062514986,4.314479053428,13.085127504181
Q_value,E05,Z2,M2025,REF,42,51,0.840000000000,51,39,0.847826086957,73.129958978402,34,24,0.857142857143,22.270062514986,50.859896463415,13.085127504181
Q_value,E05,Z2,M2025,REF,43,51,0.860000000000,52,40,0.869565217391,46.303070960336,34,24,0.857142857143,22.270062514986,24.033008445350,13.085127504181
Q_value,E05,Z2,M2025,REF,44,51,0.880000000000,53,41,0.891304347826,91.021082411492,34,24,0.857142857143,22.270062514986,68.751019896506,13.085127504181
Q_value,E05,Z2,M2025,REF,45,51,0.900000000000,54,42,0.913043478261,36.067643376145,34,24,0.857142857143,22.270062514986,13.797580861159,13.085127504181
Q_value,E05,Z2,M2025,REF,46,51,0.920000000000,55,43,0.934782608696,78.697299626535,34,24,0.857142857143,22.270062514986,56.427237111548,13.085127504181
Q_value,E05,Z2,M2025,REF,47,51,0.940000000000,56,44,0.956521739130,70.737945322118,35,25,0.892857142857,21.746944349535,48.991000972582,13.085127504181
Q_value,E05,Z2,M2025,REF,48,51,0.960000000000,57,45,0.978260869565,15.617397533671,36,26,0.928571428571,19.911200951213,4.293803417542,13.085127504181
Q_value,E05,Z2,M2025,REF,49,51,0.980000000000,58,46,1.000000000000,9.099171592416,37,27,0.964285714286,9.532047159093,0.432875566677,13.085127504181
Q_value,E05,Z2,M2025,REF,50,51,1.000000000000,58,46,1.000000000000,9.099171592416,38,28,1.000000000000,18.241743978672,9.142572386256,13.085127504181
SFR,E06,Z1,M2025,REF,0,99,0.000000000000,0,0,0.000000000000,27.447391354473,0,0,0.000000000000,10.559755301844,16.887636052629,4.761469970725
SFR,E06,Z1,M2025,REF,1,99,0.010204081633,1,1,0.016666666667,6.104176381052,0,0,0.000000000000,10.559755301844,4.455578920791,4.761469970725
SFR,E06,Z1,M2025,REF,2,99,0.020408163265,2,2,0.033333333333,7.257668029280,0,0,0.000000000000,10.559755301844,3.302087272564,4.761469970725
SFR,E06,Z1,M2025,REF,3,99,0.030612244898,3,3,0.050000000000,7.717222397772,0,0,0.000000000000,10.559755301844,2.842532904071,4.761469970725
SFR,E06,Z1,M2025,REF,4,99,0.040816326531,4,4,0.066666666667,5.088392840397,0,0,0.000000000000,10.559755301844,5.471362461447,4.761469970725
SFR,E06,Z1,M2025,REF,5,99,0.051020408163,5,5,0.083333333333,9.089836816578,0,0,0.000000000000,10.559755301844,1.469918485266,4.761469970725
SFR,E06,Z1,M2025,REF,6,99,0.061224489796,6,6,0.100000000000,12.503842471894,0,0,0.000000000000,10.559755301844,1.944087170050,4.761469970725
SFR,E06,Z1,M2025,REF,7,99,0.071428571429,7,7,0.116666666667,15.171999406206,0,0,0.000000000000,10.559755301844,4.612244104362,4.761469970725
SFR,E06,Z1,M2025,REF,8,99,0.081632653061,8,8,0.133333333333,18.201637423284,0,0,0.000000000000,10.559755301844,7.641882121441,4.761469970725
SFR,E06,Z1,M2025,REF,9,99,0.091836734694,9,9,0.150000000000,7.090400977046,0,0,0.000000000000,10.559755301844,3.469354324798,4.761469970725
SFR,E06,Z1,M2025,REF,10,99,0.102040816327,10,10,0.166666666667,15.315925649650,0,0,0.000000000000,10.559755301844,4.756170347806,4.761469970725
SFR,E06,Z1,M2025,REF,11,99,0.112244897959,11,11,0.183333333333,19.864482342887,0,0,0.000000000000,10.559755301844,9.304727041043,4.761469970725
SFR,E06,Z1,M2025,REF,12,99,0.122448979592,12,12,0.200000000000,25.376052344683,0,0,0.000000000000,10.559755301844,14.816297042840,4.761469970725
SFR,E06,Z1,M2025,REF,13,99,0.132653061224,13,13,0.216666666667,18.865416022571,0,0,0.000000000000,10.559755301844,8.305660720727,4.761469970725
SFR,E06,Z1,M2025,REF,14,99,0.142857142857,14,14,0.233333333333,13.426831882901,0,0,0.000000000000,10.559755301844,2.867076581057,4.761469970725
SFR,E06,Z1,M2025,REF,15,99,0.153061224490,15,15,0.250000000000,19.921966701777,0,0,0.000000000000,10.559755301844,9.362211399933,4.761469970725
SFR,E06,Z1,M2025,REF,16,99,0.163265306122,16,16,0.266666666667,17.505453148093,0,0,0.000000000000,10.559755301844,6.945697846249,4.761469970725
SFR,E06,Z1,M2025,REF,17,99,0.173469387755,17,17,0.283333333333,21.256713670566,0,0,0.000000000000,10.559755301844,10.696958368722,4.761469970725
SFR,E06,Z1,M2025,REF,18,99,0.183673469388,18,18,0.300000000000,17.140365111539,0,0,0.000000000000,10.559755301844,6.580609809695,4.761469970725
SFR,E06,Z1,M2025,REF,19,99,0.193877551020,19,19,0.316666666667,23.273312703667,0,0,0.000000000000,10.559755301844,12.713557401823,4.761469970725
SFR,E06,Z1,M2025,REF,20,99,0.204081632653,20,20,0.333333333333,20.042312180220,0,0,0.000000000000,10.559755301844,9.482556878376,4.761469970725
SFR,E06,Z1,M2025,REF,21,99,0.214285714286,21,21,0.350000000000,15.181246930422,0,0,0.000000000000,10.559755301844,4.621491628578,4.761469970725
SFR,E06,Z1,M2025,REF,22,99,0.224489795918,22,22,0.366666666667,21.948910366429,0,0,0.000000000000,10.559755301844,11.389155064585,4.761469970725
SFR,E06,Z1,M2025,REF,23,99,0.234693877551,23,23,0.383333333333,16.990350651854,0,0,0.000000000000,10.559755301844,6.430595350010,4.761469970725
SFR,E06,Z1,M2025,REF,24,99,0.244897959184,24,24,0.400000000000,13.136850996573,0,0,0.000000000000,10.559755301844,2.577095694729,4.761469970725
SFR,E06,Z1,M2025,REF,25,99,0.255102040816,25,25,0.416666666667,25.402761559992,0,0,0.000000000000,10.559755301844,14.843006258148,4.761469970725
SFR,E06,Z1,M2025,REF,26,99,0.265306122449,26,26,0.433333333333,17.884583064766,0,0,0.000000000000,10.559755301844,7.324827762922,4.761469970725
SFR,E06,Z1,M2025,REF,27,99,0.275510204082,27,27,0.450000000000,15.812707181010,0,0,0.000000000000,10.559755301844,5.252951879166,4.761469970725
SFR,E06,Z1,M2025,REF,28,99,0.285714285714,28,28,0.466666666667,16.584392472260,0,0,0.000000000000,10.559755301844,6.024637170417,4.761469970725
SFR,E06,Z1,M2025,REF,29,99,0.295918367347,29,29,0.483333333333,24.083574632173,0,0,0.000000000000,10.559755301844,13.523819330329,4.761469970725
SFR,E06,Z1,M2025,REF,30,99,0.306122448980,30,30,0.500000000000,21.558652344305,0,0,0.000000000000,10.559755301844,10.998897042461,4.761469970725
SFR,E06,Z1,M2025,REF,31,99,0.316326530612,31,31,0.516666666667,15.901996317359,0,0,0.000000000000,10.559755301844,5.342241015515,4.761469970725
SFR,E06,Z1,M2025,REF,32,99,0.326530612245,32,32,0.533333333333,22.099005446027,0,0,0.000000000000,10.559755301844,11.539250144183,4.761469970725
SFR,E06,Z1,M2025,REF,33,99,0.336734693878,33,33,0.550000000000,20.518662009335,0,0,0.000000000000,10.559755301844,9.958906707491,4.761469970725
SFR,E06,Z1,M2025,REF,34,99,0.346938775510,34,34,0.566666666667,23.768366875636,0,0,0.000000000000,10.559755301844,13.208611573792,4.761469970725
SFR,E06,Z1,M2025,REF,35,99,0.357142857143,35,35,0.583333333333,17.994766100830,0,0,0.000000000000,10.559755301844,7.435010798986,4.761469970725
SFR,E06,Z1,M2025,REF,36,99,0.367346938776,36,36,0.600000000000,14.272820943267,0,0,0.000000000000,10.559755301844,3.713065641423,4.761469970725
SFR,E06,Z1,M2025,REF,37,99,0.377551020408,37,37,0.616666666667,10.151540881743,0,0,0.000000000000,10.559755301844,0.408214420101,4.761469970725
SFR,E06,Z1,M2025,REF,38,99,0.387755102041,38,38,0.633333333333,7.496863617742,0,0,0.000000000000,10.559755301844,3.062891684102,4.761469970725
SFR,E06,Z1,M2025,REF,39,99,0.397959183673,39,39,0.650000000000,8.877685585740,0,0,0.000000000000,10.559755301844,1.682069716104,4.761469970725
SFR,E06,Z1,M2025,REF,40,99,0.408163265306,40,40,0.666666666667,9.130678798129,0,0,0.000000000000,10.559755301844,1.429076503715,4.761469970725
SFR,E06,Z1,M2025,REF,41,99,0.418367346939,41,41,0.683333333333,9.958936706168,0,0,0.000000000000,10.559755301844,0.600818595676,4.761469970725
SFR,E06,Z1,M2025,REF,42,99,0.428571428571,42,42,0.700000000000,6.234493865598,1,1,0.021739130435,4.843356173930,1.391137691669,4.761469970725
SFR,E06,Z1,M2025,REF,43,99,0.438775510204,43,43,0.716666666667,2.662732453651,2,2,0.043478260870,3.323516799229,0.660784345578,4.761469970725
SFR,E06,Z1,M2025,REF,44,99,0.448979591837,43,43,0.716666666667,2.662732453651,3,3,0.065217391304,2.485953097651,0.176779356000,4.761469970725
SFR,E06,Z1,M2025,REF,45,99,0.459183673469,43,43,0.716666666667,2.662732453651,4,4,0.086956521739,4.625374588090,1.962642134439,4.761469970725
SFR,E06,Z1,M2025,REF,46,99,0.469387755102,43,43,0.716666666667,2.662732453651,5,5,0.108695652174,5.805123457528,3.142391003876,4.761469970725
SFR,E06,Z1,M2025,REF,47,99,0.479591836735,43,43,0.716666666667,2.662732453651,6,6,0.130434782609,4.719267941828,2.056535488177,4.761469970725
SFR,E06,Z1,M2025,REF,48,99,0.489795918367,43,43,0.716666666667,2.662732453651,7,7,0.152173913043,3.447368004752,0.784635551101,4.761469970725
SFR,E06,Z1,M2025,REF,49,99,0.500000000000,43,43,0.716666666667,2.662732453651,8,8,0.173913043478,5.084834934546,2.422102480894,4.761469970725
SFR,E06,Z1,M2025,REF,50,99,0.510204081633,43,43,0.716666666667,2.662732453651,9,9,0.195652173913,2.975909063205,0.313176609554,4.761469970725
SFR,E06,Z1,M2025,REF,51,99,0.520408163265,43,43,0.716666666667,2.662732453651,10,10,0.217391304348,3.272222597036,0.609490143384,4.761469970725
SFR,E06,Z1,M2025,REF,52,99,0.530612244898,44,44,0.733333333333,2.153140903040,11,11,0.239130434783,2.020765336200,0.132375566840,4.761469970725
SFR,E06,Z1,M2025,REF,53,99,0.540816326531,44,44,0.733333333333,2.153140903040,12,12,0.260869565217,1.637234278156,0.515906624884,4.761469970725
SFR,E06,Z1,M2025,REF,54,99,0.551020408163,44,44,0.733333333333,2.153140903040,13,13,0.282608695652,1.729001839603,0.424139063437,4.761469970725
SFR,E06,Z1,M2025,REF,55,99,0.561224489796,44,44,0.733333333333,2.153140903040,14,14,0.304347826087,2.783042359619,0.629901456579,4.761469970725
SFR,E06,Z1,M2025,REF,56,99,0.571428571429,44,44,0.733333333333,2.153140903040,15,15,0.326086956522,2.453881455758,0.300740552719,4.761469970725
SFR,E06,Z1,M2025,REF,57,99,0.581632653061,44,44,0.733333333333,2.153140903040,16,16,0.347826086957,2.186692152666,0.033551249626,4.761469970725
SFR,E06,Z1,M2025,REF,58,99,0.591836734694,44,44,0.733333333333,2.153140903040,17,17,0.369565217391,2.712296642157,0.559155739118,4.761469970725
SFR,E06,Z1,M2025,REF,59,99,0.602040816327,44,44,0.733333333333,2.153140903040,18,18,0.391304347826,1.177093003743,0.976047899297,4.761469970725
SFR,E06,Z1,M2025,REF,60,99,0.612244897959,44,44,0.733333333333,2.153140903040,19,19,0.413043478261,1.367306832578,0.785834070461,4.761469970725
SFR,E06,Z1,M2025,REF,61,99,0.622448979592,44,44,0.733333333333,2.153140903040,20,20,0.434782608696,1.594231458624,0.558909444416,4.761469970725
SFR,E06,Z1,M2025,REF,62,99,0.632653061224,44,44,0.733333333333,2.153140903040,21,21,0.456521739130,3.443245128175,1.290104225136,4.761469970725
SFR,E06,Z1,M2025,REF,63,99,0.642857142857,44,44,0.733333333333,2.153140903040,22,22,0.478260869565,1.987083436915,0.166057466124,4.761469970725
SFR,E06,Z1,M2025,REF,64,99,0.653061224490,44,44,0.733333333333,2.153140903040,23,23,0.500000000000,2.524989062169,0.371848159129,4.761469970725
SFR,E06,Z1,M2025,REF,65,99,0.663265306122,44,44,0.733333333333,2.153140903040,24,24,0.521739130435,3.250758535919,1.097617632880,4.761469970725
SFR,E06,Z1,M2025,REF,66,99,0.673469387755,44,44,0.733333333333,2.153140903040,25,25,0.543478260870,3.862031250166,1.708890347126,4.761469970725
SFR,E06,Z1,M2025,REF,67,99,0.683673469388,44,44,0.733333333333,2.153140903040,26,26,0.565217391304,5.002670824944,2.849529921904,4.761469970725
SFR,E06,Z1,M2025,REF,68,99,0.693877551020,45,45,0.750000000000,21.855221001230,27,27,0.586956521739,6.127472205163,15.727748796067,4.761469970725
SFR,E06,Z1,M2025,REF,69,99,0.704081632653,46,46,0.766666666667,8.123955099490,28,28,0.608695652174,8.153672710846,0.029717611356,4.761469970725
SFR,E06,Z1,M2025,REF,70,99,0.714285714286,47,47,0.783333333333,7.290868842436,29,29,0.630434782609,8.271909153419,0.981040310983,4.761469970725
SFR,E06,Z1,M2025,REF,71,99,0.724489795918,48,48,0.800000000000,10.975009981498,30,30,0.652173913043,9.076219940940,1.898790040559,4.761469970725
SFR,E06,Z1,M2025,REF,72,99,0.734693877551,49,49,0.816666666667,18.729863180352,30,30,0.652173913043,9.076219940940,9.653643239412,4.761469970725
SFR,E06,Z1,M2025,REF,73,99,0.744897959184,50,50,0.833333333333,19.751115600517,30,30,0.652173913043,9.076219940940,10.674895659577,4.761469970725
SFR,E06,Z1,M2025,REF,74,99,0.755102040816,51,51,0.850000000000,18.061279020804,30,30,0.652173913043,9.076219940940,8.985059079864,4.761469970725
SFR,E06,Z1,M2025,REF,75,99,0.765306122449,52,52,0.866666666667,18.008989514847,30,30,0.652173913043,9.076219940940,8.932769573907,4.761469970725
SFR,E06,Z1,M2025,REF,76,99,0.775510204082,53,53,0.883333333333,28.696834085206,30,30,0.652173913043,9.076219940940,19.620614144266,4.761469970725
SFR,E06,Z1,M2025,REF,77,99,0.785714285714,54,54,0.900000000000,21.216549452171,30,30,0.652173913043,9.076219940940,12.140329511231,4.761469970725
SFR,E06,Z1,M2025,REF,78,99,0.795918367347,55,55,0.916666666667,19.431646281337,30,30,0.652173913043,9.076219940940,10.355426340398,4.761469970725
SFR,E06,Z1,M2025,REF,79,99,0.806122448980,56,56,0.933333333333,17.099968832302,30,30,0.652173913043,9.076219940940,8.023748891362,4.761469970725
SFR,E06,Z1,M2025,REF,80,99,0.816326530612,57,57,0.950000000000,15.684069086103,30,30,0.652173913043,9.076219940940,6.607849145164,4.761469970725
SFR,E06,Z1,M2025,REF,81,99,0.826530612245,58,58,0.966666666667,13.403921276267,30,30,0.652173913043,9.076219940940,4.327701335327,4.761469970725
SFR,E06,Z1,M2025,REF,82,99,0.836734693878,59,59,0.983333333333,9.309132877968,30,30,0.652173913043,9.076219940940,0.232912937028,4.761469970725
SFR,E06,Z1,M2025,REF,83,99,0.846938775510,60,60,1.000000000000,7.054773464338,31,31,0.673913043478,5.169262128480,1.885511335857,4.761469970725
SFR,E06,Z1,M2025,REF,84,99,0.857142857143,60,60,1.000000000000,7.054773464338,32,32,0.695652173913,5.326126063129,1.728647401208,4.761469970725
SFR,E06,Z1,M2025,REF,85,99,0.867346938776,60,60,1.000000000000,7.054773464338,33,33,0.717391304348,5.611989457063,1.442784007274,4.761469970725
SFR,E06,Z1,M2025,REF,86,99,0.877551020408,60,60,1.000000000000,7.054773464338,34,34,0.739130434783,3.921668157970,3.133105306367,4.761469970725
SFR,E06,Z1,M2025,REF,87,99,0.887755102041,60,60,1.000000000000,7.054773464338,35,35,0.760869565217,3.377911153749,3.676862310589,4.761469970725
SFR,E06,Z1,M2025,REF,88,99,0.897959183673,60,60,1.000000000000,7.054773464338,36,36,0.782608695652,4.062926957140,2.991846507198,4.761469970725
SFR,E06,Z1,M2025,REF,89,99,0.908163265306,60,60,1.000000000000,7.054773464338,37,37,0.804347826087,2.839129782247,4.215643682091,4.761469970725
SFR,E06,Z1,M2025,REF,90,99,0.918367346939,60,60,1.000000000000,7.054773464338,38,38,0.826086956522,4.225374537853,2.829398926484,4.761469970725
SFR,E06,Z1,M2025,REF,91,99,0.928571428571,60,60,1.000000000000,7.054773464338,39,39,0.847826086957,2.249700347520,4.805073116818,4.761469970725
SFR,E06,Z1,M2025,REF,92,99,0.938775510204,60,60,1.000000000000,7.054773464338,40,40,0.869565217391,3.847865567460,3.206907896877,4.761469970725
SFR,E06,Z1,M2025,REF,93,99,0.948979591837,60,60,1.000000000000,7.054773464338,41,41,0.891304347826,3.518362092470,3.536411371868,4.761469970725
SFR,E06,Z1,M2025,REF,94,99,0.959183673469,60,60,1.000000000000,7.054773464338,42,42,0.913043478261,5.023245140497,2.031528323841,4.761469970725
SFR,E06,Z1,M2025,REF,95,99,0.969387755102,60,60,1.000000000000,7.054773464338,43,43,0.934782608696,6.390713688285,0.664059776053,4.761469970725
SFR,E06,Z1,M2025,REF,96,99,0.979591836735,60,60,1.000000000000,7.054773464338,44,44,0.956521739130,8.229140627401,1.174367163063,4.761469970725
SFR,E06,Z1,M2025,REF,97,99,0.989795918367,60,60,1.000000000000,7.054773464338,45,45,0.978260869565,6.936415714034,0.118357750304,4.761469970725
SFR,E06,Z1,M2025,REF,98,99,1.000000000000,60,60,1.000000000000,7.054773464338,46,46,1.000000000000,7.592423611291,0.537650146953,4.761469970725
SFR,E06,Z2,M2025,REF,0,86,0.000000000000,0,0,0.000000000000,27.447391354473,0,0,0.000000000000,26.761126313201,0.686265041273,2.902939905557
SFR,E06,Z2,M2025,REF,1,86,0.011764705882,1,1,0.016666666667,6.104176381052,1,1,0.019230769231,14.322679307110,8.218502926057,2.902939905557
SFR,E06,Z2,M2025,REF,2,86,0.023529411765,2,2,0.033333333333,7.257668029280,2,2,0.038461538462,7.006560666013,0.251107363267,2.902939905557
SFR,E06,Z2,M2025,REF,3,86,0.035294117647,3,3,0.050000000000,7.717222397772,2,2,0.038461538462,7.006560666013,0.710661731759,2.902939905557
SFR,E06,Z2,M2025,REF,4,86,0.047058823529,4,4,0.066666666667,5.088392840397,3,3,0.057692307692,6.831213653200,1.742820812803,2.902939905557
SFR,E06,Z2,M2025,REF,5,86,0.058823529412,5,5,0.083333333333,9.089836816578,3,3,0.057692307692,6.831213653200,2.258623163378,2.902939905557
SFR,E06,Z2,M2025,REF,6,86,0.070588235294,6,6,0.100000000000,12.503842471894,3,3,0.057692307692,6.831213653200,5.672628818694,2.902939905557
SFR,E06,Z2,M2025,REF,7,86,0.082352941176,7,7,0.116666666667,15.171999406206,4,4,0.076923076923,23.118313113957,7.946313707751,2.902939905557
SFR,E06,Z2,M2025,REF,8,86,0.094117647059,8,8,0.133333333333,18.201637423284,5,5,0.096153846154,26.254236070931,8.052598647647,2.902939905557
SFR,E06,Z2,M2025,REF,9,86,0.105882352941,8,8,0.133333333333,18.201637423284,6,6,0.115384615385,25.139281458166,6.937644034881,2.902939905557
SFR,E06,Z2,M2025,REF,10,86,0.117647058824,8,8,0.133333333333,18.201637423284,7,7,0.134615384615,14.681286977538,3.520350445747,2.902939905557
SFR,E06,Z2,M2025,REF,11,86,0.129411764706,9,9,0.150000000000,7.090400977046,8,8,0.153846153846,12.000540189121,4.910139212075,2.902939905557
SFR,E06,Z2,M2025,REF,12,86,0.141176470588,9,9,0.150000000000,7.090400977046,9,9,0.173076923077,3.623660645392,3.466740331654,2.902939905557
SFR,E06,Z2,M2025,REF,13,86,0.152941176471,9,9,0.150000000000,7.090400977046,10,10,0.192307692308,5.119830961943,1.970570015103,2.902939905557
SFR,E06,Z2,M2025,REF,14,86,0.164705882353,9,9,0.150000000000,7.090400977046,11,11,0.211538461538,3.839102403096,3.251298573950,2.902939905557
SFR,E06,Z2,M2025,REF,15,86,0.176470588235,9,9,0.150000000000,7.090400977046,12,12,0.230769230769,7.342640062290,0.252239085244,2.902939905557
SFR,E06,Z2,M2025,REF,16,86,0.188235294118,9,9,0.150000000000,7.090400977046,13,13,0.250000000000,12.088157125394,4.997756148349,2.902939905557
SFR,E06,Z2,M2025,REF,17,86,0.200000000000,9,9,0.150000000000,7.090400977046,14,14,0.269230769231,9.007300413408,1.916899436363,2.902939905557
SFR,E06,Z2,M2025,REF,18,86,0.211764705882,9,9,0.150000000000,7.090400977046,15,15,0.288461538462,8.049466779068,0.959065802022,2.902939905557
SFR,E06,Z2,M2025,REF,19,86,0.223529411765,9,9,0.150000000000,7.090400977046,16,16,0.307692307692,12.498923415987,5.408522438941,2.902939905557
SFR,E06,Z2,M2025,REF,20,86,0.235294117647,9,9,0.150000000000,7.090400977046,17,17,0.326923076923,9.669209946323,2.578808969278,2.902939905557
SFR,E06,Z2,M2025,REF,21,86,0.247058823529,9,9,0.150000000000,7.090400977046,18,18,0.346153846154,11.478981532214,4.388580555168,2.902939905557
SFR,E06,Z2,M2025,REF,22,86,0.258823529412,9,9,0.150000000000,7.090400977046,19,19,0.365384615385,8.550492278632,1.460091301586,2.902939905557
SFR,E06,Z2,M2025,REF,23,86,0.270588235294,9,9,0.150000000000,7.090400977046,20,20,0.384615384615,6.405934216836,0.684466760210,2.902939905557
SFR,E06,Z2,M2025,REF,24,86,0.282352941176,10,10,0.166666666667,15.315925649650,21,21,0.403846153846,11.880842090718,3.435083558932,2.902939905557
SFR,E06,Z2,M2025,REF,25,86,0.294117647059,11,11,0.183333333333,19.864482342887,22,22,0.423076923077,26.612119265226,6.747636922339,2.902939905557
SFR,E06,Z2,M2025,REF,26,86,0.305882352941,12,12,0.200000000000,25.376052344683,23,23,0.442307692308,24.622604960594,0.753447384089,2.902939905557
SFR,E06,Z2,M2025,REF,27,86,0.317647058824,13,13,0.216666666667,18.865416022571,24,24,0.461538461538,12.913483726643,5.951932295928,2.902939905557
SFR,E06,Z2,M2025,REF,28,86,0.329411764706,14,14,0.233333333333,13.426831882901,25,25,0.480769230769,14.722429531457,1.295597648556,2.902939905557
SFR,E06,Z2,M2025,REF,29,86,0.341176470588,15,15,0.250000000000,19.921966701777,26,26,0.500000000000,17.507907929914,2.414058771862,2.902939905557
SFR,E06,Z2,M2025,REF,30,86,0.352941176471,16,16,0.266666666667,17.505453148093,26,26,0.500000000000,17.507907929914,0.002454781821,2.902939905557
SFR,E06,Z2,M2025,REF,31,86,0.364705882353,17,17,0.283333333333,21.256713670566,26,26,0.500000000000,17.507907929914,3.748805740652,2.902939905557
SFR,E06,Z2,M2025,REF,32,86,0.376470588235,18,18,0.300000000000,17.140365111539,26,26,0.500000000000,17.507907929914,0.367542818375,2.902939905557
SFR,E06,Z2,M2025,REF,33,86,0.388235294118,19,19,0.316666666667,23.273312703667,26,26,0.500000000000,17.507907929914,5.765404773753,2.902939905557
SFR,E06,Z2,M2025,REF,34,86,0.400000000000,20,20,0.333333333333,20.042312180220,26,26,0.500000000000,17.507907929914,2.534404250306,2.902939905557
SFR,E06,Z2,M2025,REF,35,86,0.411764705882,21,21,0.350000000000,15.181246930422,26,26,0.500000000000,17.507907929914,2.326660999492,2.902939905557
SFR,E06,Z2,M2025,REF,36,86,0.423529411765,22,22,0.366666666667,21.948910366429,26,26,0.500000000000,17.507907929914,4.441002436515,2.902939905557
SFR,E06,Z2,M2025,REF,37,86,0.435294117647,23,23,0.383333333333,16.990350651854,26,26,0.500000000000,17.507907929914,0.517557278060,2.902939905557
SFR,E06,Z2,M2025,REF,38,86,0.447058823529,24,24,0.400000000000,13.136850996573,26,26,0.500000000000,17.507907929914,4.371056933341,2.902939905557
SFR,E06,Z2,M2025,REF,39,86,0.458823529412,25,25,0.416666666667,25.402761559992,27,27,0.519230769231,26.131640942269,0.728879382277,2.902939905557
SFR,E06,Z2,M2025,REF,40,86,0.470588235294,26,26,0.433333333333,17.884583064766,28,28,0.538461538462,19.849926311577,1.965343246811,2.902939905557
SFR,E06,Z2,M2025,REF,41,86,0.482352941176,27,27,0.450000000000,15.812707181010,28,28,0.538461538462,19.849926311577,4.037219130567,2.902939905557
SFR,E06,Z2,M2025,REF,42,86,0.494117647059,28,28,0.466666666667,16.584392472260,28,28,0.538461538462,19.849926311577,3.265533839317,2.902939905557
SFR,E06,Z2,M2025,REF,43,86,0.505882352941,29,29,0.483333333333,24.083574632173,29,29,0.557692307692,24.243881197098,0.160306564925,2.902939905557
SFR,E06,Z2,M2025,REF,44,86,0.517647058824,30,30,0.500000000000,21.558652344305,29,29,0.557692307692,24.243881197098,2.685228852794,2.902939905557
SFR,E06,Z2,M2025,REF,45,86,0.529411764706,31,31,0.516666666667,15.901996317359,30,30,0.576923076923,13.139815297577,2.762181019782,2.902939905557
SFR,E06,Z2,M2025,REF,46,86,0.541176470588,31,31,0.516666666667,15.901996317359,31,31,0.596153846154,15.717680620023,0.184315697336,2.902939905557
SFR,E06,Z2,M2025,REF,47,86,0.552941176471,32,32,0.533333333333,22.099005446027,32,32,0.615384615385,18.653352200239,3.445653245788,2.902939905557
SFR,E06,Z2,M2025,REF,48,86,0.564705882353,33,33,0.550000000000,20.518662009335,32,32,0.615384615385,18.653352200239,1.865309809096,2.902939905557
SFR,E06,Z2,M2025,REF,49,86,0.576470588235,34,34,0.566666666667,23.768366875636,32,32,0.615384615385,18.653352200239,5.115014675397,2.902939905557
SFR,E06,Z2,M2025,REF,50,86,0.588235294118,35,35,0.583333333333,17.994766100830,32,32,0.615384615385,18.653352200239,0.658586099409,2.902939905557
SFR,E06,Z2,M2025,REF,51,86,0.600000000000,36,36,0.600000000000,14.272820943267,32,32,0.615384615385,18.653352200239,4.380531256972,2.902939905557
SFR,E06,Z2,M2025,REF,52,86,0.611764705882,37,37,0.616666666667,10.151540881743,33,33,0.634615384615,9.774944954964,0.376595926779,2.902939905557
SFR,E06,Z2,M2025,REF,53,86,0.623529411765,38,38,0.633333333333,7.496863617742,33,33,0.634615384615,9.774944954964,2.278081337223,2.902939905557
SFR,E06,Z2,M2025,REF,54,86,0.635294117647,39,39,0.650000000000,8.877685585740,33,33,0.634615384615,9.774944954964,0.897259369225,2.902939905557
SFR,E06,Z2,M2025,REF,55,86,0.647058823529,40,40,0.666666666667,9.130678798129,33,33,0.634615384615,9.774944954964,0.644266156836,2.902939905557
SFR,E06,Z2,M2025,REF,56,86,0.658823529412,41,41,0.683333333333,9.958936706168,34,34,0.653846153846,10.376304575882,0.417367869714,2.902939905557
SFR,E06,Z2,M2025,REF,57,86,0.670588235294,42,42,0.700000000000,6.234493865598,35,35,0.673076923077,7.938768674981,1.704274809382,2.902939905557
SFR,E06,Z2,M2025,REF,58,86,0.682352941176,43,43,0.716666666667,2.662732453651,35,35,0.673076923077,7.938768674981,5.276036221329,2.902939905557
SFR,E06,Z2,M2025,REF,59,86,0.694117647059,44,44,0.733333333333,2.153140903040,35,35,0.673076923077,7.938768674981,5.785627771941,2.902939905557
SFR,E06,Z2,M2025,REF,60,86,0.705882352941,45,45,0.750000000000,21.855221001230,36,36,0.692307692308,18.396042436666,3.459178564564,2.902939905557
SFR,E06,Z2,M2025,REF,61,86,0.717647058824,46,46,0.766666666667,8.123955099490,37,37,0.711538461538,8.222589051166,0.098633951675,2.902939905557
SFR,E06,Z2,M2025,REF,62,86,0.729411764706,47,47,0.783333333333,7.290868842436,37,37,0.711538461538,8.222589051166,0.931720208730,2.902939905557
SFR,E06,Z2,M2025,REF,63,86,0.741176470588,48,48,0.800000000000,10.975009981498,38,38,0.730769230769,12.890235328797,1.915225347298,2.902939905557
SFR,E06,Z2,M2025,REF,64,86,0.752941176471,48,48,0.800000000000,10.975009981498,39,39,0.750000000000,8.809782323391,2.165227658108,2.902939905557
SFR,E06,Z2,M2025,REF,65,86,0.764705882353,48,48,0.800000000000,10.975009981498,40,40,0.769230769231,11.265830935502,0.290820954003,2.902939905557
SFR,E06,Z2,M2025,REF,66,86,0.776470588235,48,48,0.800000000000,10.975009981498,41,41,0.788461538462,10.287548486879,0.687461494619,2.902939905557
SFR,E06,Z2,M2025,REF,67,86,0.788235294118,48,48,0.800000000000,10.975009981498,42,42,0.807692307692,10.428460861770,0.546549119729,2.902939905557
SFR,E06,Z2,M2025,REF,68,86,0.800000000000,48,48,0.800000000000,10.975009981498,43,43,0.826923076923,10.514614354836,0.460395626662,2.902939905557
SFR,E06,Z2,M2025,REF,69,86,0.811764705882,48,48,0.800000000000,10.975009981498,44,44,0.846153846154,12.295146876626,1.320136895128,2.902939905557
SFR,E06,Z2,M2025,REF,70,86,0.823529411765,49,49,0.816666666667,18.729863180352,45,45,0.865384615385,14.346051019000,4.383812161352,2.902939905557
SFR,E06,Z2,M2025,REF,71,86,0.835294117647,50,50,0.833333333333,19.751115600517,45,45,0.865384615385,14.346051019000,5.405064581517,2.902939905557
SFR,E06,Z2,M2025,REF,72,86,0.847058823529,51,51,0.850000000000,18.061279020804,45,45,0.865384615385,14.346051019000,3.715228001804,2.902939905557
SFR,E06,Z2,M2025,REF,73,86,0.858823529412,52,52,0.866666666667,18.008989514847,45,45,0.865384615385,14.346051019000,3.662938495847,2.902939905557
SFR,E06,Z2,M2025,REF,74,86,0.870588235294,53,53,0.883333333333,28.696834085206,45,45,0.865384615385,14.346051019000,14.350783066206,2.902939905557
SFR,E06,Z2,M2025,REF,75,86,0.882352941176,54,54,0.900000000000,21.216549452171,45,45,0.865384615385,14.346051019000,6.870498433171,2.902939905557
SFR,E06,Z2,M2025,REF,76,86,0.894117647059,55,55,0.916666666667,19.431646281337,45,45,0.865384615385,14.346051019000,5.085595262338,2.902939905557
SFR,E06,Z2,M2025,REF,77,86,0.905882352941,56,56,0.933333333333,17.099968832302,45,45,0.865384615385,14.346051019000,2.753917813302,2.902939905557
SFR,E06,Z2,M2025,REF,78,86,0.917647058824,57,57,0.950000000000,15.684069086103,45,45,0.865384615385,14.346051019000,1.338018067104,2.902939905557
SFR,E06,Z2,M2025,REF,79,86,0.929411764706,58,58,0.966666666667,13.403921276267,46,46,0.884615384615,12.952395181563,0.451526094704,2.902939905557
SFR,E06,Z2,M2025,REF,80,86,0.941176470588,58,58,0.966666666667,13.403921276267,47,47,0.903846153846,14.396544071122,0.992622794855,2.902939905557
SFR,E06,Z2,M2025,REF,81,86,0.952941176471,59,59,0.983333333333,9.309132877968,48,48,0.923076923077,6.460948881251,2.848183996717,2.902939905557
SFR,E06,Z2,M2025,REF,82,86,0.964705882353,59,59,0.983333333333,9.309132877968,49,49,0.942307692308,8.237177577988,1.071955299979,2.902939905557
SFR,E06,Z2,M2025,REF,83,86,0.976470588235,59,59,0.983333333333,9.309132877968,50,50,0.961538461538,8.246176088414,1.062956789554,2.902939905557
SFR,E06,Z2,M2025,REF,84,86,0.988235294118,60,60,1.000000000000,7.054773464338,51,51,0.980769230769,6.335922409066,0.718851055272,2.902939905557
SFR,E06,Z2,M2025,REF,85,86,1.000000000000,60,60,1.000000000000,7.054773464338,52,52,1.000000000000,14.571349407843,7.516575943506,2.902939905557
Q_value,E06,Z1,M2025,REF,0,47,0.000000000000,0,0,0.000000000000,3.447937054269,28,0,0.000000000000,8.191245397591,4.743308343322,24.231447162063
Q_value,E06,Z1,M2025,REF,1,47,0.021739130435,5,1,0.021739130435,7.455585348620,28,0,0.000000000000,8.191245397591,0.735660048971,24.231447162063
Q_value,E06,Z1,M2025,REF,2,47,0.043478260870,6,2,0.043478260870,16.992255148086,28,0,0.000000000000,8.191245397591,8.801009750495,24.231447162063
Q_value,E06,Z1,M2025,REF,3,47,0.065217391304,7,3,0.065217391304,19.801359836563,28,0,0.000000000000,8.191245397591,11.610114438972,24.231447162063
Q_value,E06,Z1,M2025,REF,4,47,0.086956521739,8,4,0.086956521739,27.015376883889,28,0,0.000000000000,8.191245397591,18.824131486298,24.231447162063
Q_value,E06,Z1,M2025,REF,5,47,0.108695652174,10,5,0.108695652174,21.603104881885,28,0,0.000000000000,8.191245397591,13.411859484294,24.231447162063
Q_value,E06,Z1,M2025,REF,6,47,0.130434782609,11,6,0.130434782609,86.322322079012,28,0,0.000000000000,8.191245397591,78.131076681421,24.231447162063
Q_value,E06,Z1,M2025,REF,7,47,0.152173913043,12,7,0.152173913043,81.656393483963,28,0,0.000000000000,8.191245397591,73.465148086372,24.231447162063
Q_value,E06,Z1,M2025,REF,8,47,0.173913043478,13,8,0.173913043478,23.709688313149,28,0,0.000000000000,8.191245397591,15.518442915559,24.231447162063
Q_value,E06,Z1,M2025,REF,9,47,0.195652173913,14,9,0.195652173913,21.957404367272,28,0,0.000000000000,8.191245397591,13.766158969681,24.231447162063
Q_value,E06,Z1,M2025,REF,10,47,0.217391304348,15,10,0.217391304348,38.689814008544,28,0,0.000000000000,8.191245397591,30.498568610953,24.231447162063
Q_value,E06,Z1,M2025,REF,11,47,0.239130434783,16,11,0.239130434783,62.103287577067,28,0,0.000000000000,8.191245397591,53.912042179476,24.231447162063
Q_value,E06,Z1,M2025,REF,12,47,0.260869565217,17,12,0.260869565217,61.210006703417,28,0,0.000000000000,8.191245397591,53.018761305826,24.231447162063
Q_value,E06,Z1,M2025,REF,13,47,0.282608695652,18,13,0.282608695652,16.842821272505,28,0,0.000000000000,8.191245397591,8.651575874914,24.231447162063
Q_value,E06,Z1,M2025,REF,14,47,0.304347826087,19,14,0.304347826087,27.901129670225,28,0,0.000000000000,8.191245397591,19.709884272634,24.231447162063
Q_value,E06,Z1,M2025,REF,15,47,0.326086956522,20,15,0.326086956522,25.587494683788,28,0,0.000000000000,8.191245397591,17.396249286197,24.231447162063
Q_value,E06,Z1,M2025,REF,16,47,0.347826086957,21,16,0.347826086957,39.623076202212,28,0,0.000000000000,8.191245397591,31.431830804621,24.231447162063
Q_value,E06,Z1,M2025,REF,17,47,0.369565217391,22,17,0.369565217391,40.501518096056,28,0,0.000000000000,8.191245397591,32.310272698465,24.231447162063
Q_value,E06,Z1,M2025,REF,18,47,0.391304347826,23,18,0.391304347826,15.409386217032,28,0,0.000000000000,8.191245397591,7.218140819441,24.231447162063
Q_value,E06,Z1,M2025,REF,19,47,0.413043478261,24,19,0.413043478261,11.716405323250,28,0,0.000000000000,8.191245397591,3.525159925659,24.231447162063
Q_value,E06,Z1,M2025,REF,20,47,0.434782608696,25,20,0.434782608696,22.384333347115,28,0,0.000000000000,8.191245397591,14.193087949524,24.231447162063
Q_value,E06,Z1,M2025,REF,21,47,0.456521739130,26,21,0.456521739130,76.246871403190,28,0,0.000000000000,8.191245397591,68.055626005599,24.231447162063
Q_value,E06,Z1,M2025,REF,22,47,0.478260869565,27,22,0.478260869565,15.199337384337,28,0,0.000000000000,8.191245397591,7.008091986746,24.231447162063
Q_value,E06,Z1,M2025,REF,23,47,0.500000000000,28,23,0.500000000000,10.450255706531,28,0,0.000000000000,8.191245397591,2.259010308940,24.231447162063
Q_value,E06,Z1,M2025,REF,24,47,0.521739130435,29,24,0.521739130435,13.055540223775,28,0,0.000000000000,8.191245397591,4.864294826184,24.231447162063
Q_value,E06,Z1,M2025,REF,25,47,0.543478260870,30,25,0.543478260870,22.366099472383,28,0,0.000000000000,8.191245397591,14.174854074792,24.231447162063
Q_value,E06,Z1,M2025,REF,26,47,0.565217391304,31,26,0.565217391304,64.001370286205,28,0,0.000000000000,8.191245397591,55.810124888614,24.231447162063
Q_value,E06,Z1,M2025,REF,27,47,0.586956521739,32,27,0.586956521739,12.571413187197,28,0,0.000000000000,8.191245397591,4.380167789606,24.231447162063
Q_value,E06,Z1,M2025,REF,28,47,0.608695652174,33,28,0.608695652174,33.074799423666,28,0,0.000000000000,8.191245397591,24.883554026075,24.231447162063
Q_value,E06,Z1,M2025,REF,29,47,0.630434782609,34,29,0.630434782609,11.225533668025,28,0,0.000000000000,8.191245397591,3.034288270434,24.231447162063
Q_value,E06,Z1,M2025,REF,30,47,0.652173913043,35,30,0.652173913043,36.122972598668,28,0,0.000000000000,8.191245397591,27.931727201077,24.231447162063
Q_value,E06,Z1,M2025,REF,31,47,0.673913043478,36,31,0.673913043478,8.189830460835,28,0,0.000000000000,8.191245397591,0.001414936756,24.231447162063
Q_value,E06,Z1,M2025,REF,32,47,0.695652173913,37,32,0.695652173913,5.691883230628,28,0,0.000000000000,8.191245397591,2.499362166963,24.231447162063
Q_value,E06,Z1,M2025,REF,33,47,0.717391304348,38,33,0.717391304348,4.602789261382,28,0,0.000000000000,8.191245397591,3.588456136209,24.231447162063
Q_value,E06,Z1,M2025,REF,34,47,0.739130434783,41,34,0.739130434783,6.973969744279,28,0,0.000000000000,8.191245397591,1.217275653312,24.231447162063
Q_value,E06,Z1,M2025,REF,35,47,0.760869565217,42,35,0.760869565217,7.415338660177,28,0,0.000000000000,8.191245397591,0.775906737414,24.231447162063
Q_value,E06,Z1,M2025,REF,36,47,0.782608695652,48,36,0.782608695652,4.740277864160,28,0,0.000000000000,8.191245397591,3.450967533431,24.231447162063
Q_value,E06,Z1,M2025,REF,37,47,0.804347826087,49,37,0.804347826087,31.237802591124,28,0,0.000000000000,8.191245397591,23.046557193533,24.231447162063
Q_value,E06,Z1,M2025,REF,38,47,0.826086956522,50,38,0.826086956522,26.584541568414,28,0,0.000000000000,8.191245397591,18.393296170823,24.231447162063
Q_value,E06,Z1,M2025,REF,39,47,0.847826086957,51,39,0.847826086957,73.129958978402,28,0,0.000000000000,8.191245397591,64.938713580811,24.231447162063
Q_value,E06,Z1,M2025,REF,40,47,0.869565217391,52,40,0.869565217391,46.303070960336,28,0,0.000000000000,8.191245397591,38.111825562745,24.231447162063
Q_value,E06,Z1,M2025,REF,41,47,0.891304347826,53,41,0.891304347826,91.021082411492,28,0,0.000000000000,8.191245397591,82.829837013901,24.231447162063
Q_value,E06,Z1,M2025,REF,42,47,0.913043478261,54,42,0.913043478261,36.067643376145,28,0,0.000000000000,8.191245397591,27.876397978554,24.231447162063
Q_value,E06,Z1,M2025,REF,43,47,0.934782608696,55,43,0.934782608696,78.697299626535,28,0,0.000000000000,8.191245397591,70.506054228944,24.231447162063
Q_value,E06,Z1,M2025,REF,44,47,0.956521739130,56,44,0.956521739130,70.737945322118,28,0,0.000000000000,8.191245397591,62.546699924527,24.231447162063
Q_value,E06,Z1,M2025,REF,45,47,0.978260869565,57,45,0.978260869565,15.617397533671,29,1,0.500000000000,4.830907739795,10.786489793876,24.231447162063
Q_value,E06,Z1,M2025,REF,46,47,1.000000000000,58,46,1.000000000000,9.099171592416,43,2,1.000000000000,4.064632898416,5.034538694000,24.231447162063
Q_value,E06,Z2,M2025,REF,0,57,0.000000000000,0,0,0.000000000000,3.447937054269,10,0,0.000000000000,5.438998511860,1.991061457590,13.741274539938
Q_value,E06,Z2,M2025,REF,1,57,0.017857142857,5,1,0.021739130435,7.455585348620,12,1,0.052631578947,7.551287172473,0.095701823853,13.741274539938
Q_value,E06,Z2,M2025,REF,2,57,0.035714285714,5,1,0.021739130435,7.455585348620,14,2,0.105263157895,8.035007904964,0.579422556344,13.741274539938
Q_value,E06,Z2,M2025,REF,3,57,0.053571428571,5,1,0.021739130435,7.455585348620,15,3,0.157894736842,5.118081336015,2.337504012605,13.741274539938
Q_value,E06,Z2,M2025,REF,4,57,0.071428571429,5,1,0.021739130435,7.455585348620,17,4,0.210526315789,8.547960447160,1.092375098540,13.741274539938
Q_value,E06,Z2,M2025,REF,5,57,0.089285714286,5,1,0.021739130435,7.455585348620,18,5,0.263157894737,5.843579281536,1.612006067084,13.741274539938
Q_value,E06,Z2,M2025,REF,6,57,0.107142857143,6,2,0.043478260870,16.992255148086,22,6,0.315789473684,19.897616849429,2.905361701344,13.741274539938
Q_value,E06,Z2,M2025,REF,7,57,0.125000000000,7,3,0.065217391304,19.801359836563,22,6,0.315789473684,19.897616849429,0.096257012867,13.741274539938
Q_value,E06,Z2,M2025,REF,8,57,0.142857142857,8,4,0.086956521739,27.015376883889,22,6,0.315789473684,19.897616849429,7.117760034460,13.741274539938
Q_value,E06,Z2,M2025,REF,9,57,0.160714285714,10,5,0.108695652174,21.603104881885,22,6,0.315789473684,19.897616849429,1.705488032456,13.741274539938
Q_value,E06,Z2,M2025,REF,10,57,0.178571428571,11,6,0.130434782609,86.322322079012,22,6,0.315789473684,19.897616849429,66.424705229583,13.741274539938
Q_value,E06,Z2,M2025,REF,11,57,0.196428571429,12,7,0.152173913043,81.656393483963,22,6,0.315789473684,19.897616849429,61.758776634534,13.741274539938
Q_value,E06,Z2,M2025,REF,12,57,0.214285714286,13,8,0.173913043478,23.709688313149,22,6,0.315789473684,19.897616849429,3.812071463720,13.741274539938
Q_value,E06,Z2,M2025,REF,13,57,0.232142857143,14,9,0.195652173913,21.957404367272,22,6,0.315789473684,19.897616849429,2.059787517843,13.741274539938
Q_value,E06,Z2,M2025,REF,14,57,0.250000000000,15,10,0.217391304348,38.689814008544,22,6,0.315789473684,19.897616849429,18.792197159115,13.741274539938
Q_value,E06,Z2,M2025,REF,15,57,0.267857142857,16,11,0.239130434783,62.103287577067,22,6,0.315789473684,19.897616849429,42.205670727638,13.741274539938
Q_value,E06,Z2,M2025,REF,16,57,0.285714285714,17,12,0.260869565217,61.210006703417,22,6,0.315789473684,19.897616849429,41.312389853987,13.741274539938
Q_value,E06,Z2,M2025,REF,17,57,0.303571428571,18,13,0.282608695652,16.842821272505,22,6,0.315789473684,19.897616849429,3.054795576924,13.741274539938
Q_value,E06,Z2,M2025,REF,18,57,0.321428571429,19,14,0.304347826087,27.901129670225,22,6,0.315789473684,19.897616849429,8.003512820796,13.741274539938
Q_value,E06,Z2,M2025,REF,19,57,0.339285714286,20,15,0.326086956522,25.587494683788,22,6,0.315789473684,19.897616849429,5.689877834358,13.741274539938
Q_value,E06,Z2,M2025,REF,20,57,0.357142857143,21,16,0.347826086957,39.623076202212,22,6,0.315789473684,19.897616849429,19.725459352783,13.741274539938
Q_value,E06,Z2,M2025,REF,21,57,0.375000000000,22,17,0.369565217391,40.501518096056,22,6,0.315789473684,19.897616849429,20.603901246626,13.741274539938
Q_value,E06,Z2,M2025,REF,22,57,0.392857142857,23,18,0.391304347826,15.409386217032,22,6,0.315789473684,19.897616849429,4.488230632397,13.741274539938
Q_value,E06,Z2,M2025,REF,23,57,0.410714285714,24,19,0.413043478261,11.716405323250,22,6,0.315789473684,19.897616849429,8.181211526179,13.741274539938
Q_value,E06,Z2,M2025,REF,24,57,0.428571428571,25,20,0.434782608696,22.384333347115,22,6,0.315789473684,19.897616849429,2.486716497686,13.741274539938
Q_value,E06,Z2,M2025,REF,25,57,0.446428571429,26,21,0.456521739130,76.246871403190,22,6,0.315789473684,19.897616849429,56.349254553760,13.741274539938
Q_value,E06,Z2,M2025,REF,26,57,0.464285714286,27,22,0.478260869565,15.199337384337,22,6,0.315789473684,19.897616849429,4.698279465092,13.741274539938
Q_value,E06,Z2,M2025,REF,27,57,0.482142857143,28,23,0.500000000000,10.450255706531,22,6,0.315789473684,19.897616849429,9.447361142898,13.741274539938
Q_value,E06,Z2,M2025,REF,28,57,0.500000000000,29,24,0.521739130435,13.055540223775,22,6,0.315789473684,19.897616849429,6.842076625654,13.741274539938
Q_value,E06,Z2,M2025,REF,29,57,0.517857142857,30,25,0.543478260870,22.366099472383,22,6,0.315789473684,19.897616849429,2.468482622954,13.741274539938
Q_value,E06,Z2,M2025,REF,30,57,0.535714285714,31,26,0.565217391304,64.001370286205,22,6,0.315789473684,19.897616849429,44.103753436775,13.741274539938
Q_value,E06,Z2,M2025,REF,31,57,0.553571428571,32,27,0.586956521739,12.571413187197,22,6,0.315789473684,19.897616849429,7.326203662232,13.741274539938
Q_value,E06,Z2,M2025,REF,32,57,0.571428571429,33,28,0.608695652174,33.074799423666,22,6,0.315789473684,19.897616849429,13.177182574237,13.741274539938
Q_value,E06,Z2,M2025,REF,33,57,0.589285714286,34,29,0.630434782609,11.225533668025,22,6,0.315789473684,19.897616849429,8.672083181404,13.741274539938
Q_value,E06,Z2,M2025,REF,34,57,0.607142857143,35,30,0.652173913043,36.122972598668,22,6,0.315789473684,19.897616849429,16.225355749239,13.741274539938
Q_value,E06,Z2,M2025,REF,35,57,0.625000000000,36,31,0.673913043478,8.189830460835,23,7,0.368421052632,7.398799669135,0.791030791699,13.741274539938
Q_value,E06,Z2,M2025,REF,36,57,0.642857142857,37,32,0.695652173913,5.691883230628,23,7,0.368421052632,7.398799669135,1.706916438507,13.741274539938
Q_value,E06,Z2,M2025,REF,37,57,0.660714285714,38,33,0.717391304348,4.602789261382,23,7,0.368421052632,7.398799669135,2.796010407754,13.741274539938
Q_value,E06,Z2,M2025,REF,38,57,0.678571428571,41,34,0.739130434783,6.973969744279,23,7,0.368421052632,7.398799669135,0.424829924857,13.741274539938
Q_value,E06,Z2,M2025,REF,39,57,0.696428571429,42,35,0.760869565217,7.415338660177,24,8,0.421052631579,9.599590330480,2.184251670304,13.741274539938
Q_value,E06,Z2,M2025,REF,40,57,0.714285714286,48,36,0.782608695652,4.740277864160,25,9,0.473684210526,9.330925129949,4.590647265789,13.741274539938
Q_value,E06,Z2,M2025,REF,41,57,0.732142857143,49,37,0.804347826087,31.237802591124,26,10,0.526315789474,18.854130387097,12.383672204027,13.741274539938
Q_value,E06,Z2,M2025,REF,42,57,0.750000000000,50,38,0.826086956522,26.584541568414,27,11,0.578947368421,27.428084439896,0.843542871482,13.741274539938
Q_value,E06,Z2,M2025,REF,43,57,0.767857142857,51,39,0.847826086957,73.129958978402,27,11,0.578947368421,27.428084439896,45.701874538506,13.741274539938
Q_value,E06,Z2,M2025,REF,44,57,0.785714285714,52,40,0.869565217391,46.303070960336,27,11,0.578947368421,27.428084439896,18.874986520440,13.741274539938
Q_value,E06,Z2,M2025,REF,45,57,0.803571428571,53,41,0.891304347826,91.021082411492,27,11,0.578947368421,27.428084439896,63.592997971597,13.741274539938
Q_value,E06,Z2,M2025,REF,46,57,0.821428571429,54,42,0.913043478261,36.067643376145,27,11,0.578947368421,27.428084439896,8.639558936249,13.741274539938
Q_value,E06,Z2,M2025,REF,47,57,0.839285714286,55,43,0.934782608696,78.697299626535,27,11,0.578947368421,27.428084439896,51.269215186639,13.741274539938
Q_value,E06,Z2,M2025,REF,48,57,0.857142857143,56,44,0.956521739130,70.737945322118,27,11,0.578947368421,27.428084439896,43.309860882222,13.741274539938
Q_value,E06,Z2,M2025,REF,49,57,0.875000000000,57,45,0.978260869565,15.617397533671,28,12,0.631578947368,16.021612105297,0.404214571627,13.741274539938
Q_value,E06,Z2,M2025,REF,50,57,0.892857142857,58,46,1.000000000000,9.099171592416,29,13,0.684210526316,7.059900433850,2.039271158566,13.741274539938
Q_value,E06,Z2,M2025,REF,51,57,0.910714285714,58,46,1.000000000000,9.099171592416,38,14,0.736842105263,4.605265101265,4.493906491151,13.741274539938
Q_value,E06,Z2,M2025,REF,52,57,0.928571428571,58,46,1.000000000000,9.099171592416,40,15,0.789473684211,4.795471167946,4.303700424470,13.741274539938
Q_value,E06,Z2,M2025,REF,53,57,0.946428571429,58,46,1.000000000000,9.099171592416,42,16,0.842105263158,5.213796814154,3.885374778262,13.741274539938
Q_value,E06,Z2,M2025,REF,54,57,0.964285714286,58,46,1.000000000000,9.099171592416,45,17,0.894736842105,3.674208606571,5.424962985845,13.741274539938
Q_value,E06,Z2,M2025,REF,55,57,0.982142857143,58,46,1.000000000000,9.099171592416,46,18,0.947368421053,8.389427117449,0.709744474967,13.741274539938
Q_value,E06,Z2,M2025,REF,56,57,1.000000000000,58,46,1.000000000000,9.099171592416,47,19,1.000000000000,16.538974988370,7.439803395954,13.741274539938
SFR,E07,Z1,M2025,REF,0,82,0.000000000000,0,0,0.000000000000,27.447391354473,0,0,0.000000000000,10.328438976779,17.118952377694,3.900765378247
SFR,E07,Z1,M2025,REF,1,82,0.012345679012,1,1,0.016666666667,6.104176381052,1,1,0.027777777778,6.417105534150,0.312929153097,3.900765378247
SFR,E07,Z1,M2025,REF,2,82,0.024691358025,1,1,0.016666666667,6.104176381052,2,2,0.055555555556,5.343687936885,0.760488444168,3.900765378247
SFR,E07,Z1,M2025,REF,3,82,0.037037037037,1,1,0.016666666667,6.104176381052,3,3,0.083333333333,4.472018138557,1.632158242495,3.900765378247
SFR,E07,Z1,M2025,REF,4,82,0.049382716049,1,1,0.016666666667,6.104176381052,4,4,0.111111111111,7.559905638371,1.455729257318,3.900765378247
SFR,E07,Z1,M2025,REF,5,82,0.061728395062,1,1,0.016666666667,6.104176381052,5,5,0.138888888889,4.694407394483,1.409768986569,3.900765378247
SFR,E07,Z1,M2025,REF,6,82,0.074074074074,1,1,0.016666666667,6.104176381052,6,6,0.166666666667,7.362627532727,1.258451151674,3.900765378247
SFR,E07,Z1,M2025,REF,7,82,0.086419753086,1,1,0.016666666667,6.104176381052,7,7,0.194444444444,4.762663412162,1.341512968890,3.900765378247
SFR,E07,Z1,M2025,REF,8,82,0.098765432099,1,1,0.016666666667,6.104176381052,8,8,0.222222222222,6.616402435383,0.512226054330,3.900765378247
SFR,E07,Z1,M2025,REF,9,82,0.111111111111,1,1,0.016666666667,6.104176381052,9,9,0.250000000000,5.288474431105,0.815701949948,3.900765378247
SFR,E07,Z1,M2025,REF,10,82,0.123456790123,2,2,0.033333333333,7.257668029280,10,10,0.277777777778,8.059352719751,0.801684690471,3.900765378247
SFR,E07,Z1,M2025,REF,11,82,0.135802469136,3,3,0.050000000000,7.717222397772,10,10,0.277777777778,8.059352719751,0.342130321978,3.900765378247
SFR,E07,Z1,M2025,REF,12,82,0.148148148148,4,4,0.066666666667,5.088392840397,11,11,0.305555555556,5.220499477087,0.132106636689,3.900765378247
SFR,E07,Z1,M2025,REF,13,82,0.160493827160,4,4,0.066666666667,5.088392840397,12,12,0.333333333333,6.800556356450,1.712163516053,3.900765378247
SFR,E07,Z1,M2025,REF,14,82,0.172839506173,5,5,0.083333333333,9.089836816578,13,13,0.361111111111,6.981498562877,2.108338253701,3.900765378247
SFR,E07,Z1,M2025,REF,15,82,0.185185185185,6,6,0.100000000000,12.503842471894,14,14,0.388888888889,13.184675457446,0.680832985552,3.900765378247
SFR,E07,Z1,M2025,REF,16,82,0.197530864198,7,7,0.116666666667,15.171999406206,14,14,0.388888888889,13.184675457446,1.987323948760,3.900765378247
SFR,E07,Z1,M2025,REF,17,82,0.209876543210,8,8,0.133333333333,18.201637423284,14,14,0.388888888889,13.184675457446,5.016961965839,3.900765378247
SFR,E07,Z1,M2025,REF,18,82,0.222222222222,9,9,0.150000000000,7.090400977046,14,14,0.388888888889,13.184675457446,6.094274480400,3.900765378247
SFR,E07,Z1,M2025,REF,19,82,0.234567901235,10,10,0.166666666667,15.315925649650,14,14,0.388888888889,13.184675457446,2.131250192204,3.900765378247
SFR,E07,Z1,M2025,REF,20,82,0.246913580247,11,11,0.183333333333,19.864482342887,14,14,0.388888888889,13.184675457446,6.679806885441,3.900765378247
SFR,E07,Z1,M2025,REF,21,82,0.259259259259,12,12,0.200000000000,25.376052344683,14,14,0.388888888889,13.184675457446,12.191376887238,3.900765378247
SFR,E07,Z1,M2025,REF,22,82,0.271604938272,13,13,0.216666666667,18.865416022571,14,14,0.388888888889,13.184675457446,5.680740565125,3.900765378247
SFR,E07,Z1,M2025,REF,23,82,0.283950617284,14,14,0.233333333333,13.426831882901,14,14,0.388888888889,13.184675457446,0.242156425455,3.900765378247
SFR,E07,Z1,M2025,REF,24,82,0.296296296296,15,15,0.250000000000,19.921966701777,14,14,0.388888888889,13.184675457446,6.737291244331,3.900765378247
SFR,E07,Z1,M2025,REF,25,82,0.308641975309,16,16,0.266666666667,17.505453148093,14,14,0.388888888889,13.184675457446,4.320777690647,3.900765378247
SFR,E07,Z1,M2025,REF,26,82,0.320987654321,17,17,0.283333333333,21.256713670566,14,14,0.388888888889,13.184675457446,8.072038213120,3.900765378247
SFR,E07,Z1,M2025,REF,27,82,0.333333333333,18,18,0.300000000000,17.140365111539,14,14,0.388888888889,13.184675457446,3.955689654093,3.900765378247
SFR,E07,Z1,M2025,REF,28,82,0.345679012346,19,19,0.316666666667,23.273312703667,14,14,0.388888888889,13.184675457446,10.088637246221,3.900765378247
SFR,E07,Z1,M2025,REF,29,82,0.358024691358,20,20,0.333333333333,20.042312180220,14,14,0.388888888889,13.184675457446,6.857636722774,3.900765378247
SFR,E07,Z1,M2025,REF,30,82,0.370370370370,21,21,0.350000000000,15.181246930422,14,14,0.388888888889,13.184675457446,1.996571472976,3.900765378247
SFR,E07,Z1,M2025,REF,31,82,0.382716049383,22,22,0.366666666667,21.948910366429,14,14,0.388888888889,13.184675457446,8.764234908983,3.900765378247
SFR,E07,Z1,M2025,REF,32,82,0.395061728395,23,23,0.383333333333,16.990350651854,14,14,0.388888888889,13.184675457446,3.805675194408,3.900765378247
SFR,E07,Z1,M2025,REF,33,82,0.407407407407,24,24,0.400000000000,13.136850996573,14,14,0.388888888889,13.184675457446,0.047824460872,3.900765378247
SFR,E07,Z1,M2025,REF,34,82,0.419753086420,25,25,0.416666666667,25.402761559992,14,14,0.388888888889,13.184675457446,12.218086102546,3.900765378247
SFR,E07,Z1,M2025,REF,35,82,0.432098765432,26,26,0.433333333333,17.884583064766,14,14,0.388888888889,13.184675457446,4.699907607320,3.900765378247
SFR,E07,Z1,M2025,REF,36,82,0.444444444444,27,27,0.450000000000,15.812707181010,14,14,0.388888888889,13.184675457446,2.628031723564,3.900765378247
SFR,E07,Z1,M2025,REF,37,82,0.456790123457,28,28,0.466666666667,16.584392472260,14,14,0.388888888889,13.184675457446,3.399717014815,3.900765378247
SFR,E07,Z1,M2025,REF,38,82,0.469135802469,29,29,0.483333333333,24.083574632173,14,14,0.388888888889,13.184675457446,10.898899174727,3.900765378247
SFR,E07,Z1,M2025,REF,39,82,0.481481481481,30,30,0.500000000000,21.558652344305,14,14,0.388888888889,13.184675457446,8.373976886859,3.900765378247
SFR,E07,Z1,M2025,REF,40,82,0.493827160494,31,31,0.516666666667,15.901996317359,14,14,0.388888888889,13.184675457446,2.717320859913,3.900765378247
SFR,E07,Z1,M2025,REF,41,82,0.506172839506,32,32,0.533333333333,22.099005446027,14,14,0.388888888889,13.184675457446,8.914329988581,3.900765378247
SFR,E07,Z1,M2025,REF,42,82,0.518518518519,33,33,0.550000000000,20.518662009335,14,14,0.388888888889,13.184675457446,7.333986551889,3.900765378247
SFR,E07,Z1,M2025,REF,43,82,0.530864197531,34,34,0.566666666667,23.768366875636,14,14,0.388888888889,13.184675457446,10.583691418190,3.900765378247
SFR,E07,Z1,M2025,REF,44,82,0.543209876543,35,35,0.583333333333,17.994766100830,14,14,0.388888888889,13.184675457446,4.810090643384,3.900765378247
SFR,E07,Z1,M2025,REF,45,82,0.555555555556,36,36,0.600000000000,14.272820943267,14,14,0.388888888889,13.184675457446,1.088145485821,3.900765378247
SFR,E07,Z1,M2025,REF,46,82,0.567901234568,37,37,0.616666666667,10.151540881743,15,15,0.416666666667,10.776022618606,0.624481736863,3.900765378247
SFR,E07,Z1,M2025,REF,47,82,0.580246913580,38,38,0.633333333333,7.496863617742,16,16,0.444444444444,8.811043464613,1.314179846871,3.900765378247
SFR,E07,Z1,M2025,REF,48,82,0.592592592593,39,39,0.650000000000,8.877685585740,16,16,0.444444444444,8.811043464613,0.066642121127,3.900765378247
SFR,E07,Z1,M2025,REF,49,82,0.604938271605,40,40,0.666666666667,9.130678798129,16,16,0.444444444444,8.811043464613,0.319635333516,3.900765378247
SFR,E07,Z1,M2025,REF,50,82,0.617283950617,41,41,0.683333333333,9.958936706168,16,16,0.444444444444,8.811043464613,1.147893241555,3.900765378247
SFR,E07,Z1,M2025,REF,51,82,0.629629629630,42,42,0.700000000000,6.234493865598,16,16,0.444444444444,8.811043464613,2.576549599015,3.900765378247
SFR,E07,Z1,M2025,REF,52,82,0.641975308642,43,43,0.716666666667,2.662732453651,16,16,0.444444444444,8.811043464613,6.148311010962,3.900765378247
SFR,E07,Z1,M2025,REF,53,82,0.654320987654,44,44,0.733333333333,2.153140903040,16,16,0.444444444444,8.811043464613,6.657902561573,3.900765378247
SFR,E07,Z1,M2025,REF,54,82,0.666666666667,45,45,0.750000000000,21.855221001230,16,16,0.444444444444,8.811043464613,13.044177536617,3.900765378247
SFR,E07,Z1,M2025,REF,55,82,0.679012345679,46,46,0.766666666667,8.123955099490,16,16,0.444444444444,8.811043464613,0.687088365123,3.900765378247
SFR,E07,Z1,M2025,REF,56,82,0.691358024691,47,47,0.783333333333,7.290868842436,16,16,0.444444444444,8.811043464613,1.520174622177,3.900765378247
SFR,E07,Z1,M2025,REF,57,82,0.703703703704,48,48,0.800000000000,10.975009981498,17,17,0.472222222222,11.371569197943,0.396559216445,3.900765378247
SFR,E07,Z1,M2025,REF,58,82,0.716049382716,49,49,0.816666666667,18.729863180352,18,18,0.500000000000,25.065842098110,6.335978917758,3.900765378247
SFR,E07,Z1,M2025,REF,59,82,0.728395061728,50,50,0.833333333333,19.751115600517,18,18,0.500000000000,25.065842098110,5.314726497593,3.900765378247
SFR,E07,Z1,M2025,REF,60,82,0.740740740741,51,51,0.850000000000,18.061279020804,19,19,0.527777777778,14.246530119382,3.814748901421,3.900765378247
SFR,E07,Z1,M2025,REF,61,82,0.753086419753,52,52,0.866666666667,18.008989514847,19,19,0.527777777778,14.246530119382,3.762459395465,3.900765378247
SFR,E07,Z1,M2025,REF,62,82,0.765432098765,53,53,0.883333333333,28.696834085206,20,20,0.555555555556,25.883366916748,2.813467168458,3.900765378247
SFR,E07,Z1,M2025,REF,63,82,0.777777777778,54,54,0.900000000000,21.216549452171,21,21,0.583333333333,25.040074604894,3.823525152723,3.900765378247
SFR,E07,Z1,M2025,REF,64,82,0.790123456790,55,55,0.916666666667,19.431646281337,21,21,0.583333333333,25.040074604894,5.608428323557,3.900765378247
SFR,E07,Z1,M2025,REF,65,82,0.802469135802,56,56,0.933333333333,17.099968832302,22,22,0.611111111111,10.375740806802,6.724228025500,3.900765378247
SFR,E07,Z1,M2025,REF,66,82,0.814814814815,57,57,0.950000000000,15.684069086103,22,22,0.611111111111,10.375740806802,5.308328279302,3.900765378247
SFR,E07,Z1,M2025,REF,67,82,0.827160493827,58,58,0.966666666667,13.403921276267,22,22,0.611111111111,10.375740806802,3.028180469465,3.900765378247
SFR,E07,Z1,M2025,REF,68,82,0.839506172840,59,59,0.983333333333,9.309132877968,23,23,0.638888888889,6.245538996442,3.063593881525,3.900765378247
SFR,E07,Z1,M2025,REF,69,82,0.851851851852,59,59,0.983333333333,9.309132877968,24,24,0.666666666667,8.830204130278,0.478928747689,3.900765378247
SFR,E07,Z1,M2025,REF,70,82,0.864197530864,59,59,0.983333333333,9.309132877968,25,25,0.694444444444,8.820403344547,0.488729533420,3.900765378247
SFR,E07,Z1,M2025,REF,71,82,0.876543209877,60,60,1.000000000000,7.054773464338,26,26,0.722222222222,6.626155725915,0.428617738422,3.900765378247
SFR,E07,Z1,M2025,REF,72,82,0.888888888889,60,60,1.000000000000,7.054773464338,27,27,0.750000000000,3.246531362368,3.808242101969,3.900765378247
SFR,E07,Z1,M2025,REF,73,82,0.901234567901,60,60,1.000000000000,7.054773464338,28,28,0.777777777778,4.054392780741,3.000380683596,3.900765378247
SFR,E07,Z1,M2025,REF,74,82,0.913580246914,60,60,1.000000000000,7.054773464338,29,29,0.805555555556,4.199701581319,2.855071883018,3.900765378247
SFR,E07,Z1,M2025,REF,75,82,0.925925925926,60,60,1.000000000000,7.054773464338,30,30,0.833333333333,2.162387664412,4.892385799926,3.900765378247
SFR,E07,Z1,M2025,REF,76,82,0.938271604938,60,60,1.000000000000,7.054773464338,31,31,0.861111111111,3.971667335276,3.083106129062,3.900765378247
SFR,E07,Z1,M2025,REF,77,82,0.950617283951,60,60,1.000000000000,7.054773464338,32,32,0.888888888889,5.626247789138,1.428525675200,3.900765378247
SFR,E07,Z1,M2025,REF,78,82,0.962962962963,60,60,1.000000000000,7.054773464338,33,33,0.916666666667,4.533387572173,2.521385892164,3.900765378247
SFR,E07,Z1,M2025,REF,79,82,0.975308641975,60,60,1.000000000000,7.054773464338,34,34,0.944444444444,3.864332437387,3.190441026951,3.900765378247
SFR,E07,Z1,M2025,REF,80,82,0.987654320988,60,60,1.000000000000,7.054773464338,35,35,0.972222222222,3.127076618671,3.927696845667,3.900765378247
SFR,E07,Z1,M2025,REF,81,82,1.000000000000,60,60,1.000000000000,7.054773464338,36,36,1.000000000000,6.128411316921,0.926362147416,3.900765378247
SFR,E07,Z2,M2025,REF,0,71,0.000000000000,0,0,0.000000000000,27.447391354473,0,0,0.000000000000,7.809329564732,19.638061789741,2.666264986675
SFR,E07,Z2,M2025,REF,1,71,0.014285714286,1,1,0.016666666667,6.104176381052,1,1,0.023809523810,3.148613178797,2.955563202255,2.666264986675
SFR,E07,Z2,M2025,REF,2,71,0.028571428571,1,1,0.016666666667,6.104176381052,2,2,0.047619047619,3.340411805620,2.763764575433,2.666264986675
SFR,E07,Z2,M2025,REF,3,71,0.042857142857,2,2,0.033333333333,7.257668029280,3,3,0.071428571429,16.363803736153,9.106135706873,2.666264986675
SFR,E07,Z2,M2025,REF,4,71,0.057142857143,3,3,0.050000000000,7.717222397772,4,4,0.095238095238,8.791701691492,1.074479293719,2.666264986675
SFR,E07,Z2,M2025,REF,5,71,0.071428571429,4,4,0.066666666667,5.088392840397,5,5,0.119047619048,6.031297786141,0.942904945743,2.666264986675
SFR,E07,Z2,M2025,REF,6,71,0.085714285714,4,4,0.066666666667,5.088392840397,6,6,0.142857142857,4.236428767386,0.851964073011,2.666264986675
SFR,E07,Z2,M2025,REF,7,71,0.100000000000,4,4,0.066666666667,5.088392840397,7,7,0.166666666667,4.279243455850,0.809149384547,2.666264986675
SFR,E07,Z2,M2025,REF,8,71,0.114285714286,5,5,0.083333333333,9.089836816578,8,8,0.190476190476,5.820397748503,3.269439068075,2.666264986675
SFR,E07,Z2,M2025,REF,9,71,0.128571428571,6,6,0.100000000000,12.503842471894,9,9,0.214285714286,14.078199589736,1.574357117842,2.666264986675
SFR,E07,Z2,M2025,REF,10,71,0.142857142857,7,7,0.116666666667,15.171999406206,9,9,0.214285714286,14.078199589736,1.093799816470,2.666264986675
SFR,E07,Z2,M2025,REF,11,71,0.157142857143,8,8,0.133333333333,18.201637423284,9,9,0.214285714286,14.078199589736,4.123437833548,2.666264986675
SFR,E07,Z2,M2025,REF,12,71,0.171428571429,9,9,0.150000000000,7.090400977046,10,10,0.238095238095,9.994571285293,2.904170308247,2.666264986675
SFR,E07,Z2,M2025,REF,13,71,0.185714285714,10,10,0.166666666667,15.315925649650,11,11,0.261904761905,11.510363129419,3.805562520232,2.666264986675
SFR,E07,Z2,M2025,REF,14,71,0.200000000000,10,10,0.166666666667,15.315925649650,12,12,0.285714285714,12.864167574346,2.451758075305,2.666264986675
SFR,E07,Z2,M2025,REF,15,71,0.214285714286,11,11,0.183333333333,19.864482342887,13,13,0.309523809524,11.166050149361,8.698432193525,2.666264986675
SFR,E07,Z2,M2025,REF,16,71,0.228571428571,12,12,0.200000000000,25.376052344683,14,14,0.333333333333,27.535112289232,2.159059944548,2.666264986675
SFR,E07,Z2,M2025,REF,17,71,0.242857142857,13,13,0.216666666667,18.865416022571,15,15,0.357142857143,16.400569451776,2.464846570795,2.666264986675
SFR,E07,Z2,M2025,REF,18,71,0.257142857143,14,14,0.233333333333,13.426831882901,15,15,0.357142857143,16.400569451776,2.973737568875,2.666264986675
SFR,E07,Z2,M2025,REF,19,71,0.271428571429,15,15,0.250000000000,19.921966701777,16,16,0.380952380952,16.417383853555,3.504582848222,2.666264986675
SFR,E07,Z2,M2025,REF,20,71,0.285714285714,16,16,0.266666666667,17.505453148093,16,16,0.380952380952,16.417383853555,1.088069294538,2.666264986675
SFR,E07,Z2,M2025,REF,21,71,0.300000000000,17,17,0.283333333333,21.256713670566,16,16,0.380952380952,16.417383853555,4.839329817011,2.666264986675
SFR,E07,Z2,M2025,REF,22,71,0.314285714286,18,18,0.300000000000,17.140365111539,16,16,0.380952380952,16.417383853555,0.722981257984,2.666264986675
SFR,E07,Z2,M2025,REF,23,71,0.328571428571,19,19,0.316666666667,23.273312703667,16,16,0.380952380952,16.417383853555,6.855928850112,2.666264986675
SFR,E07,Z2,M2025,REF,24,71,0.342857142857,20,20,0.333333333333,20.042312180220,16,16,0.380952380952,16.417383853555,3.624928326665,2.666264986675
SFR,E07,Z2,M2025,REF,25,71,0.357142857143,21,21,0.350000000000,15.181246930422,16,16,0.380952380952,16.417383853555,1.236136923133,2.666264986675
SFR,E07,Z2,M2025,REF,26,71,0.371428571429,22,22,0.366666666667,21.948910366429,16,16,0.380952380952,16.417383853555,5.531526512874,2.666264986675
SFR,E07,Z2,M2025,REF,27,71,0.385714285714,23,23,0.383333333333,16.990350651854,16,16,0.380952380952,16.417383853555,0.572966798300,2.666264986675
SFR,E07,Z2,M2025,REF,28,71,0.400000000000,24,24,0.400000000000,13.136850996573,17,17,0.404761904762,12.967455146995,0.169395849579,2.666264986675
SFR,E07,Z2,M2025,REF,29,71,0.414285714286,24,24,0.400000000000,13.136850996573,18,18,0.428571428571,10.307794002633,2.829056993940,2.666264986675
SFR,E07,Z2,M2025,REF,30,71,0.428571428571,24,24,0.400000000000,13.136850996573,19,19,0.452380952381,11.070723676387,2.066127320186,2.666264986675
SFR,E07,Z2,M2025,REF,31,71,0.442857142857,24,24,0.400000000000,13.136850996573,20,20,0.476190476190,10.808438319625,2.328412676948,2.666264986675
SFR,E07,Z2,M2025,REF,32,71,0.457142857143,24,24,0.400000000000,13.136850996573,21,21,0.500000000000,14.861321324198,1.724470327625,2.666264986675
SFR,E07,Z2,M2025,REF,33,71,0.471428571429,25,25,0.416666666667,25.402761559992,22,22,0.523809523810,25.887865888426,0.485104328434,2.666264986675
SFR,E07,Z2,M2025,REF,34,71,0.485714285714,26,26,0.433333333333,17.884583064766,23,23,0.547619047619,15.905419951377,1.979163113389,2.666264986675
SFR,E07,Z2,M2025,REF,35,71,0.500000000000,27,27,0.450000000000,15.812707181010,23,23,0.547619047619,15.905419951377,0.092712770367,2.666264986675
SFR,E07,Z2,M2025,REF,36,71,0.514285714286,28,28,0.466666666667,16.584392472260,24,24,0.571428571429,14.955553736424,1.628838735836,2.666264986675
SFR,E07,Z2,M2025,REF,37,71,0.528571428571,29,29,0.483333333333,24.083574632173,25,25,0.595238095238,25.199008232442,1.115433600268,2.666264986675
SFR,E07,Z2,M2025,REF,38,71,0.542857142857,30,30,0.500000000000,21.558652344305,26,26,0.619047619048,19.507930827006,2.050721517299,2.666264986675
SFR,E07,Z2,M2025,REF,39,71,0.557142857143,31,31,0.516666666667,15.901996317359,26,26,0.619047619048,19.507930827006,3.605934509647,2.666264986675
SFR,E07,Z2,M2025,REF,40,71,0.571428571429,32,32,0.533333333333,22.099005446027,26,26,0.619047619048,19.507930827006,2.591074619021,2.666264986675
SFR,E07,Z2,M2025,REF,41,71,0.585714285714,33,33,0.550000000000,20.518662009335,26,26,0.619047619048,19.507930827006,1.010731182329,2.666264986675
SFR,E07,Z2,M2025,REF,42,71,0.600000000000,34,34,0.566666666667,23.768366875636,26,26,0.619047619048,19.507930827006,4.260436048630,2.666264986675
SFR,E07,Z2,M2025,REF,43,71,0.614285714286,35,35,0.583333333333,17.994766100830,27,27,0.642857142857,16.895900327350,1.098865773480,2.666264986675
SFR,E07,Z2,M2025,REF,44,71,0.628571428571,36,36,0.600000000000,14.272820943267,27,27,0.642857142857,16.895900327350,2.623079384082,2.666264986675
SFR,E07,Z2,M2025,REF,45,71,0.642857142857,37,37,0.616666666667,10.151540881743,28,28,0.666666666667,11.304818127622,1.153277245879,2.666264986675
SFR,E07,Z2,M2025,REF,46,71,0.657142857143,38,38,0.633333333333,7.496863617742,29,29,0.690476190476,8.330372504943,0.833508887201,2.666264986675
SFR,E07,Z2,M2025,REF,47,71,0.671428571429,39,39,0.650000000000,8.877685585740,29,29,0.690476190476,8.330372504943,0.547313080797,2.666264986675
SFR,E07,Z2,M2025,REF,48,71,0.685714285714,40,40,0.666666666667,9.130678798129,29,29,0.690476190476,8.330372504943,0.800306293186,2.666264986675
SFR,E07,Z2,M2025,REF,49,71,0.700000000000,41,41,0.683333333333,9.958936706168,30,30,0.714285714286,12.003256496010,2.044319789841,2.666264986675
SFR,E07,Z2,M2025,REF,50,71,0.714285714286,42,42,0.700000000000,6.234493865598,31,31,0.738095238095,7.476511513790,1.242017648191,2.666264986675
SFR,E07,Z2,M2025,REF,51,71,0.728571428571,42,42,0.700000000000,6.234493865598,32,32,0.761904761905,5.490143135071,0.744350730527,2.666264986675
SFR,E07,Z2,M2025,REF,52,71,0.742857142857,43,43,0.716666666667,2.662732453651,33,33,0.785714285714,3.841342767818,1.178610314166,2.666264986675
SFR,E07,Z2,M2025,REF,53,71,0.757142857143,44,44,0.733333333333,2.153140903040,33,33,0.785714285714,3.841342767818,1.688201864778,2.666264986675
SFR,E07,Z2,M2025,REF,54,71,0.771428571429,45,45,0.750000000000,21.855221001230,34,34,0.809523809524,5.871222095628,15.983998905601,2.666264986675
SFR,E07,Z2,M2025,REF,55,71,0.785714285714,46,46,0.766666666667,8.123955099490,34,34,0.809523809524,5.871222095628,2.252733003862,2.666264986675
SFR,E07,Z2,M2025,REF,56,71,0.800000000000,47,47,0.783333333333,7.290868842436,34,34,0.809523809524,5.871222095628,1.419646746807,2.666264986675
SFR,E07,Z2,M2025,REF,57,71,0.814285714286,48,48,0.800000000000,10.975009981498,35,35,0.833333333333,12.600471917929,1.625461936431,2.666264986675
SFR,E07,Z2,M2025,REF,58,71,0.828571428571,49,49,0.816666666667,18.729863180352,36,36,0.857142857143,15.221000236677,3.508862943675,2.666264986675
SFR,E07,Z2,M2025,REF,59,71,0.842857142857,50,50,0.833333333333,19.751115600517,37,37,0.880952380952,19.056533569493,0.694582031024,2.666264986675
SFR,E07,Z2,M2025,REF,60,71,0.857142857143,51,51,0.850000000000,18.061279020804,37,37,0.880952380952,19.056533569493,0.995254548689,2.666264986675
SFR,E07,Z2,M2025,REF,61,71,0.871428571429,52,52,0.866666666667,18.008989514847,37,37,0.880952380952,19.056533569493,1.047544054646,2.666264986675
SFR,E07,Z2,M2025,REF,62,71,0.885714285714,53,53,0.883333333333,28.696834085206,37,37,0.880952380952,19.056533569493,9.640300515713,2.666264986675
SFR,E07,Z2,M2025,REF,63,71,0.900000000000,54,54,0.900000000000,21.216549452171,37,37,0.880952380952,19.056533569493,2.160015882678,2.666264986675
SFR,E07,Z2,M2025,REF,64,71,0.914285714286,55,55,0.916666666667,19.431646281337,37,37,0.880952380952,19.056533569493,0.375112711844,2.666264986675
SFR,E07,Z2,M2025,REF,65,71,0.928571428571,56,56,0.933333333333,17.099968832302,38,38,0.904761904762,15.938287676492,1.161681155810,2.666264986675
SFR,E07,Z2,M2025,REF,66,71,0.942857142857,56,56,0.933333333333,17.099968832302,39,39,0.928571428571,17.404095951965,0.304127119663,2.666264986675
SFR,E07,Z2,M2025,REF,67,71,0.957142857143,57,57,0.950000000000,15.684069086103,40,40,0.952380952381,15.592741524576,0.091327561528,2.666264986675
SFR,E07,Z2,M2025,REF,68,71,0.971428571429,58,58,0.966666666667,13.403921276267,41,41,0.976190476190,15.665187575347,2.261266299081,2.666264986675
SFR,E07,Z2,M2025,REF,69,71,0.985714285714,59,59,0.983333333333,9.309132877968,42,42,1.000000000000,8.858888791135,0.450244086833,2.666264986675
SFR,E07,Z2,M2025,REF,70,71,1.000000000000,60,60,1.000000000000,7.054773464338,42,42,1.000000000000,8.858888791135,1.804115326797,2.666264986675
Q_value,E07,Z1,M2025,REF,0,47,0.000000000000,0,0,0.000000000000,3.447937054269,18,0,0.000000000000,6.762375647136,3.314438592866,25.204074211976
Q_value,E07,Z1,M2025,REF,1,47,0.021739130435,5,1,0.021739130435,7.455585348620,18,0,0.000000000000,6.762375647136,0.693209701485,25.204074211976
Q_value,E07,Z1,M2025,REF,2,47,0.043478260870,6,2,0.043478260870,16.992255148086,18,0,0.000000000000,6.762375647136,10.229879500950,25.204074211976
Q_value,E07,Z1,M2025,REF,3,47,0.065217391304,7,3,0.065217391304,19.801359836563,18,0,0.000000000000,6.762375647136,13.038984189427,25.204074211976
Q_value,E07,Z1,M2025,REF,4,47,0.086956521739,8,4,0.086956521739,27.015376883889,18,0,0.000000000000,6.762375647136,20.253001236753,25.204074211976
Q_value,E07,Z1,M2025,REF,5,47,0.108695652174,10,5,0.108695652174,21.603104881885,18,0,0.000000000000,6.762375647136,14.840729234750,25.204074211976
Q_value,E07,Z1,M2025,REF,6,47,0.130434782609,11,6,0.130434782609,86.322322079012,18,0,0.000000000000,6.762375647136,79.559946431876,25.204074211976
Q_value,E07,Z1,M2025,REF,7,47,0.152173913043,12,7,0.152173913043,81.656393483963,18,0,0.000000000000,6.762375647136,74.894017836827,25.204074211976
Q_value,E07,Z1,M2025,REF,8,47,0.173913043478,13,8,0.173913043478,23.709688313149,18,0,0.000000000000,6.762375647136,16.947312666014,25.204074211976
Q_value,E07,Z1,M2025,REF,9,47,0.195652173913,14,9,0.195652173913,21.957404367272,18,0,0.000000000000,6.762375647136,15.195028720136,25.204074211976
Q_value,E07,Z1,M2025,REF,10,47,0.217391304348,15,10,0.217391304348,38.689814008544,18,0,0.000000000000,6.762375647136,31.927438361408,25.204074211976
Q_value,E07,Z1,M2025,REF,11,47,0.239130434783,16,11,0.239130434783,62.103287577067,18,0,0.000000000000,6.762375647136,55.340911929931,25.204074211976
Q_value,E07,Z1,M2025,REF,12,47,0.260869565217,17,12,0.260869565217,61.210006703417,18,0,0.000000000000,6.762375647136,54.447631056281,25.204074211976
Q_value,E07,Z1,M2025,REF,13,47,0.282608695652,18,13,0.282608695652,16.842821272505,18,0,0.000000000000,6.762375647136,10.080445625370,25.204074211976
Q_value,E07,Z1,M2025,REF,14,47,0.304347826087,19,14,0.304347826087,27.901129670225,18,0,0.000000000000,6.762375647136,21.138754023089,25.204074211976
Q_value,E07,Z1,M2025,REF,15,47,0.326086956522,20,15,0.326086956522,25.587494683788,18,0,0.000000000000,6.762375647136,18.825119036652,25.204074211976
Q_value,E07,Z1,M2025,REF,16,47,0.347826086957,21,16,0.347826086957,39.623076202212,18,0,0.000000000000,6.762375647136,32.860700555076,25.204074211976
Q_value,E07,Z1,M2025,REF,17,47,0.369565217391,22,17,0.369565217391,40.501518096056,18,0,0.000000000000,6.762375647136,33.739142448920,25.204074211976
Q_value,E07,Z1,M2025,REF,18,47,0.391304347826,23,18,0.391304347826,15.409386217032,18,0,0.000000000000,6.762375647136,8.647010569896,25.204074211976
Q_value,E07,Z1,M2025,REF,19,47,0.413043478261,24,19,0.413043478261,11.716405323250,18,0,0.000000000000,6.762375647136,4.954029676114,25.204074211976
Q_value,E07,Z1,M2025,REF,20,47,0.434782608696,25,20,0.434782608696,22.384333347115,18,0,0.000000000000,6.762375647136,15.621957699979,25.204074211976
Q_value,E07,Z1,M2025,REF,21,47,0.456521739130,26,21,0.456521739130,76.246871403190,18,0,0.000000000000,6.762375647136,69.484495756054,25.204074211976
Q_value,E07,Z1,M2025,REF,22,47,0.478260869565,27,22,0.478260869565,15.199337384337,18,0,0.000000000000,6.762375647136,8.436961737202,25.204074211976
Q_value,E07,Z1,M2025,REF,23,47,0.500000000000,28,23,0.500000000000,10.450255706531,18,0,0.000000000000,6.762375647136,3.687880059395,25.204074211976
Q_value,E07,Z1,M2025,REF,24,47,0.521739130435,29,24,0.521739130435,13.055540223775,18,0,0.000000000000,6.762375647136,6.293164576640,25.204074211976
Q_value,E07,Z1,M2025,REF,25,47,0.543478260870,30,25,0.543478260870,22.366099472383,18,0,0.000000000000,6.762375647136,15.603723825247,25.204074211976
Q_value,E07,Z1,M2025,REF,26,47,0.565217391304,31,26,0.565217391304,64.001370286205,18,0,0.000000000000,6.762375647136,57.238994639069,25.204074211976
Q_value,E07,Z1,M2025,REF,27,47,0.586956521739,32,27,0.586956521739,12.571413187197,18,0,0.000000000000,6.762375647136,5.809037540061,25.204074211976
Q_value,E07,Z1,M2025,REF,28,47,0.608695652174,33,28,0.608695652174,33.074799423666,18,0,0.000000000000,6.762375647136,26.312423776531,25.204074211976
Q_value,E07,Z1,M2025,REF,29,47,0.630434782609,34,29,0.630434782609,11.225533668025,18,0,0.000000000000,6.762375647136,4.463158020890,25.204074211976
Q_value,E07,Z1,M2025,REF,30,47,0.652173913043,35,30,0.652173913043,36.122972598668,18,0,0.000000000000,6.762375647136,29.360596951533,25.204074211976
Q_value,E07,Z1,M2025,REF,31,47,0.673913043478,36,31,0.673913043478,8.189830460835,18,0,0.000000000000,6.762375647136,1.427454813699,25.204074211976
Q_value,E07,Z1,M2025,REF,32,47,0.695652173913,37,32,0.695652173913,5.691883230628,18,0,0.000000000000,6.762375647136,1.070492416507,25.204074211976
Q_value,E07,Z1,M2025,REF,33,47,0.717391304348,38,33,0.717391304348,4.602789261382,18,0,0.000000000000,6.762375647136,2.159586385754,25.204074211976
Q_value,E07,Z1,M2025,REF,34,47,0.739130434783,41,34,0.739130434783,6.973969744279,18,0,0.000000000000,6.762375647136,0.211594097143,25.204074211976
Q_value,E07,Z1,M2025,REF,35,47,0.760869565217,42,35,0.760869565217,7.415338660177,18,0,0.000000000000,6.762375647136,0.652963013041,25.204074211976
Q_value,E07,Z1,M2025,REF,36,47,0.782608695652,48,36,0.782608695652,4.740277864160,18,0,0.000000000000,6.762375647136,2.022097782976,25.204074211976
Q_value,E07,Z1,M2025,REF,37,47,0.804347826087,49,37,0.804347826087,31.237802591124,18,0,0.000000000000,6.762375647136,24.475426943989,25.204074211976
Q_value,E07,Z1,M2025,REF,38,47,0.826086956522,50,38,0.826086956522,26.584541568414,18,0,0.000000000000,6.762375647136,19.822165921278,25.204074211976
Q_value,E07,Z1,M2025,REF,39,47,0.847826086957,51,39,0.847826086957,73.129958978402,18,0,0.000000000000,6.762375647136,66.367583331266,25.204074211976
Q_value,E07,Z1,M2025,REF,40,47,0.869565217391,52,40,0.869565217391,46.303070960336,18,0,0.000000000000,6.762375647136,39.540695313200,25.204074211976
Q_value,E07,Z1,M2025,REF,41,47,0.891304347826,53,41,0.891304347826,91.021082411492,18,0,0.000000000000,6.762375647136,84.258706764357,25.204074211976
Q_value,E07,Z1,M2025,REF,42,47,0.913043478261,54,42,0.913043478261,36.067643376145,18,0,0.000000000000,6.762375647136,29.305267729010,25.204074211976
Q_value,E07,Z1,M2025,REF,43,47,0.934782608696,55,43,0.934782608696,78.697299626535,18,0,0.000000000000,6.762375647136,71.934923979399,25.204074211976
Q_value,E07,Z1,M2025,REF,44,47,0.956521739130,56,44,0.956521739130,70.737945322118,18,0,0.000000000000,6.762375647136,63.975569674982,25.204074211976
Q_value,E07,Z1,M2025,REF,45,47,0.978260869565,57,45,0.978260869565,15.617397533671,18,0,0.000000000000,6.762375647136,8.855021886535,25.204074211976
Q_value,E07,Z1,M2025,REF,46,47,1.000000000000,58,46,1.000000000000,9.099171592416,21,1,1.000000000000,3.827359659118,5.271811933298,25.204074211976
Q_value,E07,Z2,M2025,REF,0,49,0.000000000000,0,0,0.000000000000,3.447937054269,9,0,0.000000000000,17.798317390243,14.350380335974,15.173517064807
Q_value,E07,Z2,M2025,REF,1,49,0.020833333333,5,1,0.021739130435,7.455585348620,9,0,0.000000000000,17.798317390243,10.342732041623,15.173517064807
Q_value,E07,Z2,M2025,REF,2,49,0.041666666667,6,2,0.043478260870,16.992255148086,9,0,0.000000000000,17.798317390243,0.806062242158,15.173517064807
Q_value,E07,Z2,M2025,REF,3,49,0.062500000000,7,3,0.065217391304,19.801359836563,9,0,0.000000000000,17.798317390243,2.003042446319,15.173517064807
Q_value,E07,Z2,M2025,REF,4,49,0.083333333333,8,4,0.086956521739,27.015376883889,9,0,0.000000000000,17.798317390243,9.217059493645,15.173517064807
Q_value,E07,Z2,M2025,REF,5,49,0.104166666667,10,5,0.108695652174,21.603104881885,10,1,0.050000000000,13.505618481330,8.097486400555,15.173517064807
Q_value,E07,Z2,M2025,REF,6,49,0.125000000000,11,6,0.130434782609,86.322322079012,11,2,0.100000000000,31.780744516759,54.541577562253,15.173517064807
Q_value,E07,Z2,M2025,REF,7,49,0.145833333333,12,7,0.152173913043,81.656393483963,11,2,0.100000000000,31.780744516759,49.875648967204,15.173517064807
Q_value,E07,Z2,M2025,REF,8,49,0.166666666667,13,8,0.173913043478,23.709688313149,11,2,0.100000000000,31.780744516759,8.071056203610,15.173517064807
Q_value,E07,Z2,M2025,REF,9,49,0.187500000000,14,9,0.195652173913,21.957404367272,11,2,0.100000000000,31.780744516759,9.823340149487,15.173517064807
Q_value,E07,Z2,M2025,REF,10,49,0.208333333333,15,10,0.217391304348,38.689814008544,11,2,0.100000000000,31.780744516759,6.909069491785,15.173517064807
Q_value,E07,Z2,M2025,REF,11,49,0.229166666667,16,11,0.239130434783,62.103287577067,11,2,0.100000000000,31.780744516759,30.322543060308,15.173517064807
Q_value,E07,Z2,M2025,REF,12,49,0.250000000000,17,12,0.260869565217,61.210006703417,11,2,0.100000000000,31.780744516759,29.429262186657,15.173517064807
Q_value,E07,Z2,M2025,REF,13,49,0.270833333333,18,13,0.282608695652,16.842821272505,11,2,0.100000000000,31.780744516759,14.937923244254,15.173517064807
Q_value,E07,Z2,M2025,REF,14,49,0.291666666667,19,14,0.304347826087,27.901129670225,11,2,0.100000000000,31.780744516759,3.879614846534,15.173517064807
Q_value,E07,Z2,M2025,REF,15,49,0.312500000000,20,15,0.326086956522,25.587494683788,11,2,0.100000000000,31.780744516759,6.193249832972,15.173517064807
Q_value,E07,Z2,M2025,REF,16,49,0.333333333333,21,16,0.347826086957,39.623076202212,11,2,0.100000000000,31.780744516759,7.842331685453,15.173517064807
Q_value,E07,Z2,M2025,REF,17,49,0.354166666667,22,17,0.369565217391,40.501518096056,11,2,0.100000000000,31.780744516759,8.720773579296,15.173517064807
Q_value,E07,Z2,M2025,REF,18,49,0.375000000000,23,18,0.391304347826,15.409386217032,12,3,0.150000000000,22.223714493093,6.814328276061,15.173517064807
Q_value,E07,Z2,M2025,REF,19,49,0.395833333333,24,19,0.413043478261,11.716405323250,12,3,0.150000000000,22.223714493093,10.507309169842,15.173517064807
Q_value,E07,Z2,M2025,REF,20,49,0.416666666667,25,20,0.434782608696,22.384333347115,12,3,0.150000000000,22.223714493093,0.160618854022,15.173517064807
Q_value,E07,Z2,M2025,REF,21,49,0.437500000000,26,21,0.456521739130,76.246871403190,12,3,0.150000000000,22.223714493093,54.023156910097,15.173517064807
Q_value,E07,Z2,M2025,REF,22,49,0.458333333333,27,22,0.478260869565,15.199337384337,12,3,0.150000000000,22.223714493093,7.024377108755,15.173517064807
Q_value,E07,Z2,M2025,REF,23,49,0.479166666667,28,23,0.500000000000,10.450255706531,13,4,0.200000000000,6.270844847532,4.179410858999,15.173517064807
Q_value,E07,Z2,M2025,REF,24,49,0.500000000000,29,24,0.521739130435,13.055540223775,14,5,0.250000000000,16.128868587050,3.073328363274,15.173517064807
Q_value,E07,Z2,M2025,REF,25,49,0.520833333333,30,25,0.543478260870,22.366099472383,14,5,0.250000000000,16.128868587050,6.237230885334,15.173517064807
Q_value,E07,Z2,M2025,REF,26,49,0.541666666667,31,26,0.565217391304,64.001370286205,14,5,0.250000000000,16.128868587050,47.872501699155,15.173517064807
Q_value,E07,Z2,M2025,REF,27,49,0.562500000000,32,27,0.586956521739,12.571413187197,14,5,0.250000000000,16.128868587050,3.557455399852,15.173517064807
Q_value,E07,Z2,M2025,REF,28,49,0.583333333333,33,28,0.608695652174,33.074799423666,14,5,0.250000000000,16.128868587050,16.945930836617,15.173517064807
Q_value,E07,Z2,M2025,REF,29,49,0.604166666667,34,29,0.630434782609,11.225533668025,15,6,0.300000000000,7.314161633598,3.911372034427,15.173517064807
Q_value,E07,Z2,M2025,REF,30,49,0.625000000000,35,30,0.652173913043,36.122972598668,16,7,0.350000000000,14.854398430893,21.268574167775,15.173517064807
Q_value,E07,Z2,M2025,REF,31,49,0.645833333333,36,31,0.673913043478,8.189830460835,17,8,0.400000000000,10.165436846571,1.975606385737,15.173517064807
Q_value,E07,Z2,M2025,REF,32,49,0.666666666667,37,32,0.695652173913,5.691883230628,18,9,0.450000000000,5.250704877356,0.441178353272,15.173517064807
Q_value,E07,Z2,M2025,REF,33,49,0.687500000000,38,33,0.717391304348,4.602789261382,19,10,0.500000000000,3.536282362502,1.066506898880,15.173517064807
Q_value,E07,Z2,M2025,REF,34,49,0.708333333333,41,34,0.739130434783,6.973969744279,22,11,0.550000000000,9.632325214200,2.658355469922,15.173517064807
Q_value,E07,Z2,M2025,REF,35,49,0.729166666667,42,35,0.760869565217,7.415338660177,25,12,0.600000000000,5.717164342907,1.698174317270,15.173517064807
Q_value,E07,Z2,M2025,REF,36,49,0.750000000000,48,36,0.782608695652,4.740277864160,26,13,0.650000000000,1.007471554826,3.732806309334,15.173517064807
Q_value,E07,Z2,M2025,REF,37,49,0.770833333333,49,37,0.804347826087,31.237802591124,35,14,0.700000000000,22.310605824907,8.927196766217,15.173517064807
Q_value,E07,Z2,M2025,REF,38,49,0.791666666667,50,38,0.826086956522,26.584541568414,36,15,0.750000000000,21.242631790853,5.341909777560,15.173517064807
Q_value,E07,Z2,M2025,REF,39,49,0.812500000000,50,38,0.826086956522,26.584541568414,37,16,0.800000000000,18.772831047813,7.811710520601,15.173517064807
Q_value,E07,Z2,M2025,REF,40,49,0.833333333333,50,38,0.826086956522,26.584541568414,38,17,0.850000000000,13.922354562330,12.662187006084,15.173517064807
Q_value,E07,Z2,M2025,REF,41,49,0.854166666667,51,39,0.847826086957,73.129958978402,39,18,0.900000000000,28.133154105721,44.996804872680,15.173517064807
Q_value,E07,Z2,M2025,REF,42,49,0.875000000000,52,40,0.869565217391,46.303070960336,39,18,0.900000000000,28.133154105721,18.169916854614,15.173517064807
Q_value,E07,Z2,M2025,REF,43,49,0.895833333333,53,41,0.891304347826,91.021082411492,39,18,0.900000000000,28.133154105721,62.887928305771,15.173517064807
Q_value,E07,Z2,M2025,REF,44,49,0.916666666667,54,42,0.913043478261,36.067643376145,39,18,0.900000000000,28.133154105721,7.934489270424,15.173517064807
Q_value,E07,Z2,M2025,REF,45,49,0.937500000000,55,43,0.934782608696,78.697299626535,39,18,0.900000000000,28.133154105721,50.564145520813,15.173517064807
Q_value,E07,Z2,M2025,REF,46,49,0.958333333333,56,44,0.956521739130,70.737945322118,39,18,0.900000000000,28.133154105721,42.604791216396,15.173517064807
Q_value,E07,Z2,M2025,REF,47,49,0.979166666667,57,45,0.978260869565,15.617397533671,40,19,0.950000000000,6.937330621988,8.680066911682,15.173517064807
Q_value,E07,Z2,M2025,REF,48,49,1.000000000000,58,46,1.000000000000,9.099171592416,41,20,1.000000000000,9.508984676421,0.409813084005,15.173517064807
SFR,V01,Z1,M2025,REF,0,90,0.000000000000,0,0,0.000000000000,27.447391354473,0,0,0.000000000000,5.789178232169,21.658213122305,2.719483827863
SFR,V01,Z1,M2025,REF,1,90,0.011235955056,1,1,0.016666666667,6.104176381052,1,1,0.022222222222,7.879038625035,1.774862243983,2.719483827863
SFR,V01,Z1,M2025,REF,2,90,0.022471910112,1,1,0.016666666667,6.104176381052,2,2,0.044444444444,2.283869069198,3.820307311855,2.719483827863
SFR,V01,Z1,M2025,REF,3,90,0.033707865169,1,1,0.016666666667,6.104176381052,3,3,0.066666666667,2.178343263910,3.925833117142,2.719483827863
SFR,V01,Z1,M2025,REF,4,90,0.044943820225,1,1,0.016666666667,6.104176381052,4,4,0.088888888889,3.374649688852,2.729526692201,2.719483827863
SFR,V01,Z1,M2025,REF,5,90,0.056179775281,2,2,0.033333333333,7.257668029280,5,5,0.111111111111,7.745321710355,0.487653681075,2.719483827863
SFR,V01,Z1,M2025,REF,6,90,0.067415730337,3,3,0.050000000000,7.717222397772,6,6,0.133333333333,9.165727793855,1.448505396082,2.719483827863
SFR,V01,Z1,M2025,REF,7,90,0.078651685393,3,3,0.050000000000,7.717222397772,7,7,0.155555555556,10.801142630902,3.083920233130,2.719483827863
SFR,V01,Z1,M2025,REF,8,90,0.089887640449,3,3,0.050000000000,7.717222397772,8,8,0.177777777778,8.167371550323,0.450149152551,2.719483827863
SFR,V01,Z1,M2025,REF,9,90,0.101123595506,4,4,0.066666666667,5.088392840397,9,9,0.200000000000,4.761217833542,0.327175006855,2.719483827863
SFR,V01,Z1,M2025,REF,10,90,0.112359550562,4,4,0.066666666667,5.088392840397,10,10,0.222222222222,4.871703376702,0.216689463696,2.719483827863
SFR,V01,Z1,M2025,REF,11,90,0.123595505618,4,4,0.066666666667,5.088392840397,11,11,0.244444444444,6.478424009099,1.390031168701,2.719483827863
SFR,V01,Z1,M2025,REF,12,90,0.134831460674,4,4,0.066666666667,5.088392840397,12,12,0.266666666667,3.846771411113,1.241621429284,2.719483827863
SFR,V01,Z1,M2025,REF,13,90,0.146067415730,4,4,0.066666666667,5.088392840397,13,13,0.288888888889,5.924461510582,0.836068670185,2.719483827863
SFR,V01,Z1,M2025,REF,14,90,0.157303370787,4,4,0.066666666667,5.088392840397,14,14,0.311111111111,6.372082134846,1.283689294449,2.719483827863
SFR,V01,Z1,M2025,REF,15,90,0.168539325843,4,4,0.066666666667,5.088392840397,15,15,0.333333333333,5.692277090470,0.603884250073,2.719483827863
SFR,V01,Z1,M2025,REF,16,90,0.179775280899,4,4,0.066666666667,5.088392840397,16,16,0.355555555556,4.244969517228,0.843423323169,2.719483827863
SFR,V01,Z1,M2025,REF,17,90,0.191011235955,4,4,0.066666666667,5.088392840397,17,17,0.377777777778,6.293025311847,1.204632471450,2.719483827863
SFR,V01,Z1,M2025,REF,18,90,0.202247191011,5,5,0.083333333333,9.089836816578,18,18,0.400000000000,10.561410173659,1.471573357082,2.719483827863
SFR,V01,Z1,M2025,REF,19,90,0.213483146067,5,5,0.083333333333,9.089836816578,19,19,0.422222222222,12.622456494454,3.532619677876,2.719483827863
SFR,V01,Z1,M2025,REF,20,90,0.224719101124,5,5,0.083333333333,9.089836816578,20,20,0.444444444444,6.863543137578,2.226293679000,2.719483827863
SFR,V01,Z1,M2025,REF,21,90,0.235955056180,5,5,0.083333333333,9.089836816578,21,21,0.466666666667,10.973135085018,1.883298268440,2.719483827863
SFR,V01,Z1,M2025,REF,22,90,0.247191011236,5,5,0.083333333333,9.089836816578,22,22,0.488888888889,9.249149350636,0.159312534058,2.719483827863
SFR,V01,Z1,M2025,REF,23,90,0.258426966292,6,6,0.100000000000,12.503842471894,23,23,0.511111111111,10.567701414819,1.936141057075,2.719483827863
SFR,V01,Z1,M2025,REF,24,90,0.269662921348,7,7,0.116666666667,15.171999406206,24,24,0.533333333333,13.169230347265,2.002769058941,2.719483827863
SFR,V01,Z1,M2025,REF,25,90,0.280898876404,8,8,0.133333333333,18.201637423284,24,24,0.533333333333,13.169230347265,5.032407076019,2.719483827863
SFR,V01,Z1,M2025,REF,26,90,0.292134831461,9,9,0.150000000000,7.090400977046,25,25,0.555555555556,9.208241752135,2.117840775089,2.719483827863
SFR,V01,Z1,M2025,REF,27,90,0.303370786517,9,9,0.150000000000,7.090400977046,26,26,0.577777777778,8.903064171458,1.812663194413,2.719483827863
SFR,V01,Z1,M2025,REF,28,90,0.314606741573,9,9,0.150000000000,7.090400977046,27,27,0.600000000000,6.570793403548,0.519607573498,2.719483827863
SFR,V01,Z1,M2025,REF,29,90,0.325842696629,9,9,0.150000000000,7.090400977046,28,28,0.622222222222,6.519758599545,0.570642377501,2.719483827863
SFR,V01,Z1,M2025,REF,30,90,0.337078651685,9,9,0.150000000000,7.090400977046,29,29,0.644444444444,5.922406084349,1.167994892697,2.719483827863
SFR,V01,Z1,M2025,REF,31,90,0.348314606742,9,9,0.150000000000,7.090400977046,30,30,0.666666666667,6.942786208045,0.147614769001,2.719483827863
SFR,V01,Z1,M2025,REF,32,90,0.359550561798,9,9,0.150000000000,7.090400977046,31,31,0.688888888889,5.280234792286,1.810166184760,2.719483827863
SFR,V01,Z1,M2025,REF,33,90,0.370786516854,9,9,0.150000000000,7.090400977046,32,32,0.711111111111,6.606322236087,0.484078740958,2.719483827863
SFR,V01,Z1,M2025,REF,34,90,0.382022471910,9,9,0.150000000000,7.090400977046,33,33,0.733333333333,4.848251486474,2.242149490571,2.719483827863
SFR,V01,Z1,M2025,REF,35,90,0.393258426966,9,9,0.150000000000,7.090400977046,34,34,0.755555555556,2.607397567402,4.483003409643,2.719483827863
SFR,V01,Z1,M2025,REF,36,90,0.404494382022,9,9,0.150000000000,7.090400977046,35,35,0.777777777778,3.545215171957,3.545185805089,2.719483827863
SFR,V01,Z1,M2025,REF,37,90,0.415730337079,9,9,0.150000000000,7.090400977046,36,36,0.800000000000,5.647595383676,1.442805593370,2.719483827863
SFR,V01,Z1,M2025,REF,38,90,0.426966292135,9,9,0.150000000000,7.090400977046,37,37,0.822222222222,8.547465133289,1.457064156244,2.719483827863
SFR,V01,Z1,M2025,REF,39,90,0.438202247191,10,10,0.166666666667,15.315925649650,38,38,0.844444444444,12.181971347951,3.133954301700,2.719483827863
SFR,V01,Z1,M2025,REF,40,90,0.449438202247,11,11,0.183333333333,19.864482342887,39,39,0.866666666667,17.441848028669,2.422634314218,2.719483827863
SFR,V01,Z1,M2025,REF,41,90,0.460674157303,12,12,0.200000000000,25.376052344683,39,39,0.866666666667,17.441848028669,7.934204316015,2.719483827863
SFR,V01,Z1,M2025,REF,42,90,0.471910112360,13,13,0.216666666667,18.865416022571,39,39,0.866666666667,17.441848028669,1.423567993902,2.719483827863
SFR,V01,Z1,M2025,REF,43,90,0.483146067416,14,14,0.233333333333,13.426831882901,39,39,0.866666666667,17.441848028669,4.015016145768,2.719483827863
SFR,V01,Z1,M2025,REF,44,90,0.494382022472,15,15,0.250000000000,19.921966701777,39,39,0.866666666667,17.441848028669,2.480118673108,2.719483827863
SFR,V01,Z1,M2025,REF,45,90,0.505617977528,16,16,0.266666666667,17.505453148093,39,39,0.866666666667,17.441848028669,0.063605119424,2.719483827863
SFR,V01,Z1,M2025,REF,46,90,0.516853932584,17,17,0.283333333333,21.256713670566,39,39,0.866666666667,17.441848028669,3.814865641897,2.719483827863
SFR,V01,Z1,M2025,REF,47,90,0.528089887640,18,18,0.300000000000,17.140365111539,39,39,0.866666666667,17.441848028669,0.301482917130,2.719483827863
SFR,V01,Z1,M2025,REF,48,90,0.539325842697,19,19,0.316666666667,23.273312703667,39,39,0.866666666667,17.441848028669,5.831464674998,2.719483827863
SFR,V01,Z1,M2025,REF,49,90,0.550561797753,20,20,0.333333333333,20.042312180220,39,39,0.866666666667,17.441848028669,2.600464151551,2.719483827863
SFR,V01,Z1,M2025,REF,50,90,0.561797752809,21,21,0.350000000000,15.181246930422,39,39,0.866666666667,17.441848028669,2.260601098247,2.719483827863
SFR,V01,Z1,M2025,REF,51,90,0.573033707865,22,22,0.366666666667,21.948910366429,39,39,0.866666666667,17.441848028669,4.507062337760,2.719483827863
SFR,V01,Z1,M2025,REF,52,90,0.584269662921,23,23,0.383333333333,16.990350651854,39,39,0.866666666667,17.441848028669,0.451497376815,2.719483827863
SFR,V01,Z1,M2025,REF,53,90,0.595505617978,24,24,0.400000000000,13.136850996573,39,39,0.866666666667,17.441848028669,4.304997032096,2.719483827863
SFR,V01,Z1,M2025,REF,54,90,0.606741573034,25,25,0.416666666667,25.402761559992,39,39,0.866666666667,17.441848028669,7.960913531323,2.719483827863
SFR,V01,Z1,M2025,REF,55,90,0.617977528090,26,26,0.433333333333,17.884583064766,39,39,0.866666666667,17.441848028669,0.442735036097,2.719483827863
SFR,V01,Z1,M2025,REF,56,90,0.629213483146,27,27,0.450000000000,15.812707181010,39,39,0.866666666667,17.441848028669,1.629140847659,2.719483827863
SFR,V01,Z1,M2025,REF,57,90,0.640449438202,28,28,0.466666666667,16.584392472260,39,39,0.866666666667,17.441848028669,0.857455556408,2.719483827863
SFR,V01,Z1,M2025,REF,58,90,0.651685393258,29,29,0.483333333333,24.083574632173,39,39,0.866666666667,17.441848028669,6.641726603504,2.719483827863
SFR,V01,Z1,M2025,REF,59,90,0.662921348315,30,30,0.500000000000,21.558652344305,39,39,0.866666666667,17.441848028669,4.116804315636,2.719483827863
SFR,V01,Z1,M2025,REF,60,90,0.674157303371,31,31,0.516666666667,15.901996317359,39,39,0.866666666667,17.441848028669,1.539851711310,2.719483827863
SFR,V01,Z1,M2025,REF,61,90,0.685393258427,32,32,0.533333333333,22.099005446027,39,39,0.866666666667,17.441848028669,4.657157417358,2.719483827863
SFR,V01,Z1,M2025,REF,62,90,0.696629213483,33,33,0.550000000000,20.518662009335,39,39,0.866666666667,17.441848028669,3.076813980666,2.719483827863
SFR,V01,Z1,M2025,REF,63,90,0.707865168539,34,34,0.566666666667,23.768366875636,39,39,0.866666666667,17.441848028669,6.326518846967,2.719483827863
SFR,V01,Z1,M2025,REF,64,90,0.719101123596,35,35,0.583333333333,17.994766100830,39,39,0.866666666667,17.441848028669,0.552918072161,2.719483827863
SFR,V01,Z1,M2025,REF,65,90,0.730337078652,36,36,0.600000000000,14.272820943267,40,40,0.888888888889,15.997958847924,1.725137904657,2.719483827863
SFR,V01,Z1,M2025,REF,66,90,0.741573033708,37,37,0.616666666667,10.151540881743,41,41,0.911111111111,8.916160944075,1.235379937668,2.719483827863
SFR,V01,Z1,M2025,REF,67,90,0.752808988764,38,38,0.633333333333,7.496863617742,41,41,0.911111111111,8.916160944075,1.419297326334,2.719483827863
SFR,V01,Z1,M2025,REF,68,90,0.764044943820,39,39,0.650000000000,8.877685585740,41,41,0.911111111111,8.916160944075,0.038475358335,2.719483827863
SFR,V01,Z1,M2025,REF,69,90,0.775280898876,40,40,0.666666666667,9.130678798129,41,41,0.911111111111,8.916160944075,0.214517854054,2.719483827863
SFR,V01,Z1,M2025,REF,70,90,0.786516853933,41,41,0.683333333333,9.958936706168,41,41,0.911111111111,8.916160944075,1.042775762093,2.719483827863
SFR,V01,Z1,M2025,REF,71,90,0.797752808989,42,42,0.700000000000,6.234493865598,41,41,0.911111111111,8.916160944075,2.681667078477,2.719483827863
SFR,V01,Z1,M2025,REF,72,90,0.808988764045,43,43,0.716666666667,2.662732453651,41,41,0.911111111111,8.916160944075,6.253428490424,2.719483827863
SFR,V01,Z1,M2025,REF,73,90,0.820224719101,44,44,0.733333333333,2.153140903040,41,41,0.911111111111,8.916160944075,6.763020041035,2.719483827863
SFR,V01,Z1,M2025,REF,74,90,0.831460674157,45,45,0.750000000000,21.855221001230,41,41,0.911111111111,8.916160944075,12.939060057155,2.719483827863
SFR,V01,Z1,M2025,REF,75,90,0.842696629213,46,46,0.766666666667,8.123955099490,41,41,0.911111111111,8.916160944075,0.792205844585,2.719483827863
SFR,V01,Z1,M2025,REF,76,90,0.853932584270,47,47,0.783333333333,7.290868842436,41,41,0.911111111111,8.916160944075,1.625292101639,2.719483827863
SFR,V01,Z1,M2025,REF,77,90,0.865168539326,48,48,0.800000000000,10.975009981498,41,41,0.911111111111,8.916160944075,2.058849037423,2.719483827863
SFR,V01,Z1,M2025,REF,78,90,0.876404494382,49,49,0.816666666667,18.729863180352,42,42,0.933333333333,16.918469915040,1.811393265312,2.719483827863
SFR,V01,Z1,M2025,REF,79,90,0.887640449438,50,50,0.833333333333,19.751115600517,42,42,0.933333333333,16.918469915040,2.832645685477,2.719483827863
SFR,V01,Z1,M2025,REF,80,90,0.898876404494,51,51,0.850000000000,18.061279020804,42,42,0.933333333333,16.918469915040,1.142809105763,2.719483827863
SFR,V01,Z1,M2025,REF,81,90,0.910112359551,52,52,0.866666666667,18.008989514847,42,42,0.933333333333,16.918469915040,1.090519599807,2.719483827863
SFR,V01,Z1,M2025,REF,82,90,0.921348314607,53,53,0.883333333333,28.696834085206,42,42,0.933333333333,16.918469915040,11.778364170166,2.719483827863
SFR,V01,Z1,M2025,REF,83,90,0.932584269663,54,54,0.900000000000,21.216549452171,42,42,0.933333333333,16.918469915040,4.298079537131,2.719483827863
SFR,V01,Z1,M2025,REF,84,90,0.943820224719,55,55,0.916666666667,19.431646281337,42,42,0.933333333333,16.918469915040,2.513176366297,2.719483827863
SFR,V01,Z1,M2025,REF,85,90,0.955056179775,56,56,0.933333333333,17.099968832302,42,42,0.933333333333,16.918469915040,0.181498917262,2.719483827863
SFR,V01,Z1,M2025,REF,86,90,0.966292134831,57,57,0.950000000000,15.684069086103,43,43,0.955555555556,15.073722856390,0.610346229714,2.719483827863
SFR,V01,Z1,M2025,REF,87,90,0.977528089888,58,58,0.966666666667,13.403921276267,44,44,0.977777777778,19.884943784644,6.481022508377,2.719483827863
SFR,V01,Z1,M2025,REF,88,90,0.988764044944,59,59,0.983333333333,9.309132877968,45,45,1.000000000000,6.929156863535,2.379976014432,2.719483827863
SFR,V01,Z1,M2025,REF,89,90,1.000000000000,60,60,1.000000000000,7.054773464338,45,45,1.000000000000,6.929156863535,0.125616600802,2.719483827863
SFR,V01,Z2,M2025,REF,0,82,0.000000000000,0,0,0.000000000000,27.447391354473,0,0,0.000000000000,3.702366625181,23.745024729292,2.987461475331
SFR,V01,Z2,M2025,REF,1,82,0.012345679012,1,1,0.016666666667,6.104176381052,1,1,0.023809523810,5.270466384906,0.833709996146,2.987461475331
SFR,V01,Z2,M2025,REF,2,82,0.024691358025,1,1,0.016666666667,6.104176381052,2,2,0.047619047619,5.884627835920,0.219548545132,2.987461475331
SFR,V01,Z2,M2025,REF,3,82,0.037037037037,2,2,0.033333333333,7.257668029280,3,3,0.071428571429,6.942158220383,0.315509808897,2.987461475331
SFR,V01,Z2,M2025,REF,4,82,0.049382716049,3,3,0.050000000000,7.717222397772,4,4,0.095238095238,6.934714842546,0.782507555226,2.987461475331
SFR,V01,Z2,M2025,REF,5,82,0.061728395062,4,4,0.066666666667,5.088392840397,5,5,0.119047619048,6.776692923655,1.688300083258,2.987461475331
SFR,V01,Z2,M2025,REF,6,82,0.074074074074,5,5,0.083333333333,9.089836816578,6,6,0.142857142857,7.997235362534,1.092601454044,2.987461475331
SFR,V01,Z2,M2025,REF,7,82,0.086419753086,5,5,0.083333333333,9.089836816578,7,7,0.166666666667,11.127190198242,2.037353381664,2.987461475331
SFR,V01,Z2,M2025,REF,8,82,0.098765432099,5,5,0.083333333333,9.089836816578,8,8,0.190476190476,7.945759260340,1.144077556238,2.987461475331
SFR,V01,Z2,M2025,REF,9,82,0.111111111111,5,5,0.083333333333,9.089836816578,9,9,0.214285714286,9.476744250633,0.386907434055,2.987461475331
SFR,V01,Z2,M2025,REF,10,82,0.123456790123,5,5,0.083333333333,9.089836816578,10,10,0.238095238095,9.281760635494,0.191923818916,2.987461475331
SFR,V01,Z2,M2025,REF,11,82,0.135802469136,5,5,0.083333333333,9.089836816578,11,11,0.261904761905,11.280794765991,2.190957949413,2.987461475331
SFR,V01,Z2,M2025,REF,12,82,0.148148148148,5,5,0.083333333333,9.089836816578,12,12,0.285714285714,7.256866711754,1.832970104824,2.987461475331
SFR,V01,Z2,M2025,REF,13,82,0.160493827160,6,6,0.100000000000,12.503842471894,13,13,0.309523809524,11.595682240805,0.908160231089,2.987461475331
SFR,V01,Z2,M2025,REF,14,82,0.172839506173,7,7,0.116666666667,15.171999406206,14,14,0.333333333333,8.895407721103,6.276591685103,2.987461475331
SFR,V01,Z2,M2025,REF,15,82,0.185185185185,8,8,0.133333333333,18.201637423284,15,15,0.357142857143,11.178931725622,7.022705697663,2.987461475331
SFR,V01,Z2,M2025,REF,16,82,0.197530864198,9,9,0.150000000000,7.090400977046,16,16,0.380952380952,11.132880248052,4.042479271006,2.987461475331
SFR,V01,Z2,M2025,REF,17,82,0.209876543210,10,10,0.166666666667,15.315925649650,17,17,0.404761904762,17.838526885226,2.522601235575,2.987461475331
SFR,V01,Z2,M2025,REF,18,82,0.222222222222,11,11,0.183333333333,19.864482342887,17,17,0.404761904762,17.838526885226,2.025955457661,2.987461475331
SFR,V01,Z2,M2025,REF,19,82,0.234567901235,12,12,0.200000000000,25.376052344683,17,17,0.404761904762,17.838526885226,7.537525459458,2.987461475331
SFR,V01,Z2,M2025,REF,20,82,0.246913580247,13,13,0.216666666667,18.865416022571,17,17,0.404761904762,17.838526885226,1.026889137345,2.987461475331
SFR,V01,Z2,M2025,REF,21,82,0.259259259259,14,14,0.233333333333,13.426831882901,17,17,0.404761904762,17.838526885226,4.411695002324,2.987461475331
SFR,V01,Z2,M2025,REF,22,82,0.271604938272,15,15,0.250000000000,19.921966701777,17,17,0.404761904762,17.838526885226,2.083439816551,2.987461475331
SFR,V01,Z2,M2025,REF,23,82,0.283950617284,16,16,0.266666666667,17.505453148093,17,17,0.404761904762,17.838526885226,0.333073737132,2.987461475331
SFR,V01,Z2,M2025,REF,24,82,0.296296296296,17,17,0.283333333333,21.256713670566,17,17,0.404761904762,17.838526885226,3.418186785340,2.987461475331
SFR,V01,Z2,M2025,REF,25,82,0.308641975309,18,18,0.300000000000,17.140365111539,17,17,0.404761904762,17.838526885226,0.698161773687,2.987461475331
SFR,V01,Z2,M2025,REF,26,82,0.320987654321,19,19,0.316666666667,23.273312703667,17,17,0.404761904762,17.838526885226,5.434785818441,2.987461475331
SFR,V01,Z2,M2025,REF,27,82,0.333333333333,20,20,0.333333333333,20.042312180220,17,17,0.404761904762,17.838526885226,2.203785294994,2.987461475331
SFR,V01,Z2,M2025,REF,28,82,0.345679012346,21,21,0.350000000000,15.181246930422,17,17,0.404761904762,17.838526885226,2.657279954803,2.987461475331
SFR,V01,Z2,M2025,REF,29,82,0.358024691358,22,22,0.366666666667,21.948910366429,17,17,0.404761904762,17.838526885226,4.110383481203,2.987461475331
SFR,V01,Z2,M2025,REF,30,82,0.370370370370,23,23,0.383333333333,16.990350651854,17,17,0.404761904762,17.838526885226,0.848176233371,2.987461475331
SFR,V01,Z2,M2025,REF,31,82,0.382716049383,24,24,0.400000000000,13.136850996573,17,17,0.404761904762,17.838526885226,4.701675888652,2.987461475331
SFR,V01,Z2,M2025,REF,32,82,0.395061728395,25,25,0.416666666667,25.402761559992,17,17,0.404761904762,17.838526885226,7.564234674766,2.987461475331
SFR,V01,Z2,M2025,REF,33,82,0.407407407407,26,26,0.433333333333,17.884583064766,17,17,0.404761904762,17.838526885226,0.046056179540,2.987461475331
SFR,V01,Z2,M2025,REF,34,82,0.419753086420,27,27,0.450000000000,15.812707181010,17,17,0.404761904762,17.838526885226,2.025819704215,2.987461475331
SFR,V01,Z2,M2025,REF,35,82,0.432098765432,28,28,0.466666666667,16.584392472260,17,17,0.404761904762,17.838526885226,1.254134412965,2.987461475331
SFR,V01,Z2,M2025,REF,36,82,0.444444444444,29,29,0.483333333333,24.083574632173,17,17,0.404761904762,17.838526885226,6.245047746948,2.987461475331
SFR,V01,Z2,M2025,REF,37,82,0.456790123457,30,30,0.500000000000,21.558652344305,17,17,0.404761904762,17.838526885226,3.720125459079,2.987461475331
SFR,V01,Z2,M2025,REF,38,82,0.469135802469,31,31,0.516666666667,15.901996317359,17,17,0.404761904762,17.838526885226,1.936530567867,2.987461475331
SFR,V01,Z2,M2025,REF,39,82,0.481481481481,32,32,0.533333333333,22.099005446027,17,17,0.404761904762,17.838526885226,4.260478560801,2.987461475331
SFR,V01,Z2,M2025,REF,40,82,0.493827160494,33,33,0.550000000000,20.518662009335,17,17,0.404761904762,17.838526885226,2.680135124109,2.987461475331
SFR,V01,Z2,M2025,REF,41,82,0.506172839506,34,34,0.566666666667,23.768366875636,17,17,0.404761904762,17.838526885226,5.929839990411,2.987461475331
SFR,V01,Z2,M2025,REF,42,82,0.518518518519,35,35,0.583333333333,17.994766100830,17,17,0.404761904762,17.838526885226,0.156239215604,2.987461475331
SFR,V01,Z2,M2025,REF,43,82,0.530864197531,36,36,0.600000000000,14.272820943267,18,18,0.428571428571,11.491149166626,2.781671776642,2.987461475331
SFR,V01,Z2,M2025,REF,44,82,0.543209876543,36,36,0.600000000000,14.272820943267,19,19,0.452380952381,15.501426046584,1.228605103316,2.987461475331
SFR,V01,Z2,M2025,REF,45,82,0.555555555556,37,37,0.616666666667,10.151540881743,20,20,0.476190476190,8.377709338486,1.773831543257,2.987461475331
SFR,V01,Z2,M2025,REF,46,82,0.567901234568,38,38,0.633333333333,7.496863617742,20,20,0.476190476190,8.377709338486,0.880845720745,2.987461475331
SFR,V01,Z2,M2025,REF,47,82,0.580246913580,39,39,0.650000000000,8.877685585740,20,20,0.476190476190,8.377709338486,0.499976247254,2.987461475331
SFR,V01,Z2,M2025,REF,48,82,0.592592592593,40,40,0.666666666667,9.130678798129,20,20,0.476190476190,8.377709338486,0.752969459643,2.987461475331
SFR,V01,Z2,M2025,REF,49,82,0.604938271605,41,41,0.683333333333,9.958936706168,20,20,0.476190476190,8.377709338486,1.581227367682,2.987461475331
SFR,V01,Z2,M2025,REF,50,82,0.617283950617,42,42,0.700000000000,6.234493865598,20,20,0.476190476190,8.377709338486,2.143215472888,2.987461475331
SFR,V01,Z2,M2025,REF,51,82,0.629629629630,43,43,0.716666666667,2.662732453651,20,20,0.476190476190,8.377709338486,5.714976884835,2.987461475331
SFR,V01,Z2,M2025,REF,52,82,0.641975308642,44,44,0.733333333333,2.153140903040,21,21,0.500000000000,9.433977103717,7.280836200677,2.987461475331
SFR,V01,Z2,M2025,REF,53,82,0.654320987654,45,45,0.750000000000,21.855221001230,22,22,0.523809523810,12.859772444463,8.995448556767,2.987461475331
SFR,V01,Z2,M2025,REF,54,82,0.666666666667,46,46,0.766666666667,8.123955099490,23,23,0.547619047619,8.732631089081,0.608675989590,2.987461475331
SFR,V01,Z2,M2025,REF,55,82,0.679012345679,47,47,0.783333333333,7.290868842436,24,24,0.571428571429,7.564664381608,0.273795539172,2.987461475331
SFR,V01,Z2,M2025,REF,56,82,0.691358024691,47,47,0.783333333333,7.290868842436,25,25,0.595238095238,7.285342768667,0.005526073769,2.987461475331
SFR,V01,Z2,M2025,REF,57,82,0.703703703704,48,48,0.800000000000,10.975009981498,26,26,0.619047619048,9.950838730677,1.024171250822,2.987461475331
SFR,V01,Z2,M2025,REF,58,82,0.716049382716,49,49,0.816666666667,18.729863180352,27,27,0.642857142857,14.326949357830,4.402913822522,2.987461475331
SFR,V01,Z2,M2025,REF,59,82,0.728395061728,50,50,0.833333333333,19.751115600517,27,27,0.642857142857,14.326949357830,5.424166242687,2.987461475331
SFR,V01,Z2,M2025,REF,60,82,0.740740740741,51,51,0.850000000000,18.061279020804,27,27,0.642857142857,14.326949357830,3.734329662973,2.987461475331
SFR,V01,Z2,M2025,REF,61,82,0.753086419753,52,52,0.866666666667,18.008989514847,27,27,0.642857142857,14.326949357830,3.682040157017,2.987461475331
SFR,V01,Z2,M2025,REF,62,82,0.765432098765,53,53,0.883333333333,28.696834085206,27,27,0.642857142857,14.326949357830,14.369884727376,2.987461475331
SFR,V01,Z2,M2025,REF,63,82,0.777777777778,54,54,0.900000000000,21.216549452171,27,27,0.642857142857,14.326949357830,6.889600094341,2.987461475331
SFR,V01,Z2,M2025,REF,64,82,0.790123456790,55,55,0.916666666667,19.431646281337,27,27,0.642857142857,14.326949357830,5.104696923507,2.987461475331
SFR,V01,Z2,M2025,REF,65,82,0.802469135802,56,56,0.933333333333,17.099968832302,27,27,0.642857142857,14.326949357830,2.773019474472,2.987461475331
SFR,V01,Z2,M2025,REF,66,82,0.814814814815,57,57,0.950000000000,15.684069086103,27,27,0.642857142857,14.326949357830,1.357119728273,2.987461475331
SFR,V01,Z2,M2025,REF,67,82,0.827160493827,58,58,0.966666666667,13.403921276267,28,28,0.666666666667,13.426810826345,0.022889550078,2.987461475331
SFR,V01,Z2,M2025,REF,68,82,0.839506172840,58,58,0.966666666667,13.403921276267,29,29,0.690476190476,12.057716871498,1.346204404769,2.987461475331
SFR,V01,Z2,M2025,REF,69,82,0.851851851852,59,59,0.983333333333,9.309132877968,30,30,0.714285714286,8.889862769502,0.419270108466,2.987461475331
SFR,V01,Z2,M2025,REF,70,82,0.864197530864,59,59,0.983333333333,9.309132877968,31,31,0.738095238095,7.869457687161,1.439675190807,2.987461475331
SFR,V01,Z2,M2025,REF,71,82,0.876543209877,59,59,0.983333333333,9.309132877968,32,32,0.761904761905,12.390820808043,3.081687930075,2.987461475331
SFR,V01,Z2,M2025,REF,72,82,0.888888888889,59,59,0.983333333333,9.309132877968,33,33,0.785714285714,9.043564441222,0.265568436746,2.987461475331
SFR,V01,Z2,M2025,REF,73,82,0.901234567901,59,59,0.983333333333,9.309132877968,34,34,0.809523809524,11.513238933627,2.204106055659,2.987461475331
SFR,V01,Z2,M2025,REF,74,82,0.913580246914,59,59,0.983333333333,9.309132877968,35,35,0.833333333333,12.853607012858,3.544474134891,2.987461475331
SFR,V01,Z2,M2025,REF,75,82,0.925925925926,59,59,0.983333333333,9.309132877968,36,36,0.857142857143,11.751132142461,2.441999264494,2.987461475331
SFR,V01,Z2,M2025,REF,76,82,0.938271604938,59,59,0.983333333333,9.309132877968,37,37,0.880952380952,8.779634326449,0.529498551518,2.987461475331
SFR,V01,Z2,M2025,REF,77,82,0.950617283951,59,59,0.983333333333,9.309132877968,38,38,0.904761904762,10.633182370953,1.324049492986,2.987461475331
SFR,V01,Z2,M2025,REF,78,82,0.962962962963,59,59,0.983333333333,9.309132877968,39,39,0.928571428571,10.886230266842,1.577097388874,2.987461475331
SFR,V01,Z2,M2025,REF,79,82,0.975308641975,59,59,0.983333333333,9.309132877968,40,40,0.952380952381,9.602657676944,0.293524798976,2.987461475331
SFR,V01,Z2,M2025,REF,80,82,0.987654320988,59,59,0.983333333333,9.309132877968,41,41,0.976190476190,10.612628681883,1.303495803916,2.987461475331
SFR,V01,Z2,M2025,REF,81,82,1.000000000000,60,60,1.000000000000,7.054773464338,42,42,1.000000000000,14.405943294224,7.351169829887,2.987461475331
Q_value,V01,Z1,M2025,REF,0,49,0.000000000000,0,0,0.000000000000,3.447937054269,19,0,0.000000000000,4.363456559115,0.915519504846,14.886112785423
Q_value,V01,Z1,M2025,REF,1,49,0.020833333333,5,1,0.021739130435,7.455585348620,23,1,0.076923076923,5.980514784014,1.475070564606,14.886112785423
Q_value,V01,Z1,M2025,REF,2,49,0.041666666667,5,1,0.021739130435,7.455585348620,24,2,0.153846153846,6.204331694714,1.251253653906,14.886112785423
Q_value,V01,Z1,M2025,REF,3,49,0.062500000000,5,1,0.021739130435,7.455585348620,25,3,0.230769230769,6.330417917991,1.125167430629,14.886112785423
Q_value,V01,Z1,M2025,REF,4,49,0.083333333333,6,2,0.043478260870,16.992255148086,36,4,0.307692307692,11.860698543287,5.131556604798,14.886112785423
Q_value,V01,Z1,M2025,REF,5,49,0.104166666667,7,3,0.065217391304,19.801359836563,37,5,0.384615384615,4.575299798818,15.226060037745,14.886112785423
Q_value,V01,Z1,M2025,REF,6,49,0.125000000000,8,4,0.086956521739,27.015376883889,38,6,0.461538461538,35.415891094798,8.400514210909,14.886112785423
Q_value,V01,Z1,M2025,REF,7,49,0.145833333333,10,5,0.108695652174,21.603104881885,38,6,0.461538461538,35.415891094798,13.812786212912,14.886112785423
Q_value,V01,Z1,M2025,REF,8,49,0.166666666667,11,6,0.130434782609,86.322322079012,38,6,0.461538461538,35.415891094798,50.906430984214,14.886112785423
Q_value,V01,Z1,M2025,REF,9,49,0.187500000000,12,7,0.152173913043,81.656393483963,38,6,0.461538461538,35.415891094798,46.240502389165,14.886112785423
Q_value,V01,Z1,M2025,REF,10,49,0.208333333333,13,8,0.173913043478,23.709688313149,38,6,0.461538461538,35.415891094798,11.706202781648,14.886112785423
Q_value,V01,Z1,M2025,REF,11,49,0.229166666667,14,9,0.195652173913,21.957404367272,38,6,0.461538461538,35.415891094798,13.458486727526,14.886112785423
Q_value,V01,Z1,M2025,REF,12,49,0.250000000000,15,10,0.217391304348,38.689814008544,38,6,0.461538461538,35.415891094798,3.273922913746,14.886112785423
Q_value,V01,Z1,M2025,REF,13,49,0.270833333333,16,11,0.239130434783,62.103287577067,38,6,0.461538461538,35.415891094798,26.687396482269,14.886112785423
Q_value,V01,Z1,M2025,REF,14,49,0.291666666667,17,12,0.260869565217,61.210006703417,38,6,0.461538461538,35.415891094798,25.794115608619,14.886112785423
Q_value,V01,Z1,M2025,REF,15,49,0.312500000000,18,13,0.282608695652,16.842821272505,38,6,0.461538461538,35.415891094798,18.573069822292,14.886112785423
Q_value,V01,Z1,M2025,REF,16,49,0.333333333333,19,14,0.304347826087,27.901129670225,38,6,0.461538461538,35.415891094798,7.514761424573,14.886112785423
Q_value,V01,Z1,M2025,REF,17,49,0.354166666667,20,15,0.326086956522,25.587494683788,38,6,0.461538461538,35.415891094798,9.828396411010,14.886112785423
Q_value,V01,Z1,M2025,REF,18,49,0.375000000000,21,16,0.347826086957,39.623076202212,38,6,0.461538461538,35.415891094798,4.207185107414,14.886112785423
Q_value,V01,Z1,M2025,REF,19,49,0.395833333333,22,17,0.369565217391,40.501518096056,38,6,0.461538461538,35.415891094798,5.085627001258,14.886112785423
Q_value,V01,Z1,M2025,REF,20,49,0.416666666667,23,18,0.391304347826,15.409386217032,39,7,0.538461538462,17.874893546504,2.465507329472,14.886112785423
Q_value,V01,Z1,M2025,REF,21,49,0.437500000000,24,19,0.413043478261,11.716405323250,39,7,0.538461538462,17.874893546504,6.158488223254,14.886112785423
Q_value,V01,Z1,M2025,REF,22,49,0.458333333333,25,20,0.434782608696,22.384333347115,39,7,0.538461538462,17.874893546504,4.509439800611,14.886112785423
Q_value,V01,Z1,M2025,REF,23,49,0.479166666667,26,21,0.456521739130,76.246871403190,39,7,0.538461538462,17.874893546504,58.371977856685,14.886112785423
Q_value,V01,Z1,M2025,REF,24,49,0.500000000000,27,22,0.478260869565,15.199337384337,40,8,0.615384615385,13.615031732502,1.584305651835,14.886112785423
Q_value,V01,Z1,M2025,REF,25,49,0.520833333333,28,23,0.500000000000,10.450255706531,40,8,0.615384615385,13.615031732502,3.164776025971,14.886112785423
Q_value,V01,Z1,M2025,REF,26,49,0.541666666667,29,24,0.521739130435,13.055540223775,40,8,0.615384615385,13.615031732502,0.559491508727,14.886112785423
Q_value,V01,Z1,M2025,REF,27,49,0.562500000000,30,25,0.543478260870,22.366099472383,40,8,0.615384615385,13.615031732502,8.751067739881,14.886112785423
Q_value,V01,Z1,M2025,REF,28,49,0.583333333333,31,26,0.565217391304,64.001370286205,40,8,0.615384615385,13.615031732502,50.386338553703,14.886112785423
Q_value,V01,Z1,M2025,REF,29,49,0.604166666667,32,27,0.586956521739,12.571413187197,40,8,0.615384615385,13.615031732502,1.043618545305,14.886112785423
Q_value,V01,Z1,M2025,REF,30,49,0.625000000000,33,28,0.608695652174,33.074799423666,40,8,0.615384615385,13.615031732502,19.459767691164,14.886112785423
Q_value,V01,Z1,M2025,REF,31,49,0.645833333333,34,29,0.630434782609,11.225533668025,40,8,0.615384615385,13.615031732502,2.389498064477,14.886112785423
Q_value,V01,Z1,M2025,REF,32,49,0.666666666667,35,30,0.652173913043,36.122972598668,40,8,0.615384615385,13.615031732502,22.507940866166,14.886112785423
Q_value,V01,Z1,M2025,REF,33,49,0.687500000000,36,31,0.673913043478,8.189830460835,40,8,0.615384615385,13.615031732502,5.425201271667,14.886112785423
Q_value,V01,Z1,M2025,REF,34,49,0.708333333333,37,32,0.695652173913,5.691883230628,40,8,0.615384615385,13.615031732502,7.923148501874,14.886112785423
Q_value,V01,Z1,M2025,REF,35,49,0.729166666667,38,33,0.717391304348,4.602789261382,40,8,0.615384615385,13.615031732502,9.012242471120,14.886112785423
Q_value,V01,Z1,M2025,REF,36,49,0.750000000000,41,34,0.739130434783,6.973969744279,40,8,0.615384615385,13.615031732502,6.641061988223,14.886112785423
Q_value,V01,Z1,M2025,REF,37,49,0.770833333333,42,35,0.760869565217,7.415338660177,40,8,0.615384615385,13.615031732502,6.199693072325,14.886112785423
Q_value,V01,Z1,M2025,REF,38,49,0.791666666667,48,36,0.782608695652,4.740277864160,41,9,0.692307692308,17.692361013496,12.952083149336,14.886112785423
Q_value,V01,Z1,M2025,REF,39,49,0.812500000000,49,37,0.804347826087,31.237802591124,42,10,0.769230769231,27.416588237764,3.821214353360,14.886112785423
Q_value,V01,Z1,M2025,REF,40,49,0.833333333333,50,38,0.826086956522,26.584541568414,42,10,0.769230769231,27.416588237764,0.832046669350,14.886112785423
Q_value,V01,Z1,M2025,REF,41,49,0.854166666667,51,39,0.847826086957,73.129958978402,43,11,0.846153846154,29.505624817069,43.624334161332,14.886112785423
Q_value,V01,Z1,M2025,REF,42,49,0.875000000000,52,40,0.869565217391,46.303070960336,43,11,0.846153846154,29.505624817069,16.797446143267,14.886112785423
Q_value,V01,Z1,M2025,REF,43,49,0.895833333333,53,41,0.891304347826,91.021082411492,43,11,0.846153846154,29.505624817069,61.515457594423,14.886112785423
Q_value,V01,Z1,M2025,REF,44,49,0.916666666667,54,42,0.913043478261,36.067643376145,43,11,0.846153846154,29.505624817069,6.562018559076,14.886112785423
Q_value,V01,Z1,M2025,REF,45,49,0.937500000000,55,43,0.934782608696,78.697299626535,43,11,0.846153846154,29.505624817069,49.191674809465,14.886112785423
Q_value,V01,Z1,M2025,REF,46,49,0.958333333333,56,44,0.956521739130,70.737945322118,43,11,0.846153846154,29.505624817069,41.232320505048,14.886112785423
Q_value,V01,Z1,M2025,REF,47,49,0.979166666667,57,45,0.978260869565,15.617397533671,44,12,0.923076923077,11.636629725951,3.980767807720,14.886112785423
Q_value,V01,Z1,M2025,REF,48,49,1.000000000000,58,46,1.000000000000,9.099171592416,45,13,1.000000000000,7.356599895594,1.742571696822,14.886112785423
Q_value,V01,Z2,M2025,REF,0,54,0.000000000000,0,0,0.000000000000,3.447937054269,3,0,0.000000000000,10.689132193822,7.241195139552,14.989573441787
Q_value,V01,Z2,M2025,REF,1,54,0.018867924528,5,1,0.021739130435,7.455585348620,6,1,0.040000000000,9.386409997581,1.930824648961,14.989573441787
Q_value,V01,Z2,M2025,REF,2,54,0.037735849057,6,2,0.043478260870,16.992255148086,7,2,0.080000000000,23.895169377036,6.902914228950,14.989573441787
Q_value,V01,Z2,M2025,REF,3,54,0.056603773585,7,3,0.065217391304,19.801359836563,7,2,0.080000000000,23.895169377036,4.093809540473,14.989573441787
Q_value,V01,Z2,M2025,REF,4,54,0.075471698113,8,4,0.086956521739,27.015376883889,7,2,0.080000000000,23.895169377036,3.120207506853,14.989573441787
Q_value,V01,Z2,M2025,REF,5,54,0.094339622642,10,5,0.108695652174,21.603104881885,7,2,0.080000000000,23.895169377036,2.292064495150,14.989573441787
Q_value,V01,Z2,M2025,REF,6,54,0.113207547170,11,6,0.130434782609,86.322322079012,7,2,0.080000000000,23.895169377036,62.427152701976,14.989573441787
Q_value,V01,Z2,M2025,REF,7,54,0.132075471698,12,7,0.152173913043,81.656393483963,7,2,0.080000000000,23.895169377036,57.761224106927,14.989573441787
Q_value,V01,Z2,M2025,REF,8,54,0.150943396226,13,8,0.173913043478,23.709688313149,7,2,0.080000000000,23.895169377036,0.185481063886,14.989573441787
Q_value,V01,Z2,M2025,REF,9,54,0.169811320755,14,9,0.195652173913,21.957404367272,7,2,0.080000000000,23.895169377036,1.937765009764,14.989573441787
Q_value,V01,Z2,M2025,REF,10,54,0.188679245283,15,10,0.217391304348,38.689814008544,7,2,0.080000000000,23.895169377036,14.794644631509,14.989573441787
Q_value,V01,Z2,M2025,REF,11,54,0.207547169811,16,11,0.239130434783,62.103287577067,7,2,0.080000000000,23.895169377036,38.208118200031,14.989573441787
Q_value,V01,Z2,M2025,REF,12,54,0.226415094340,17,12,0.260869565217,61.210006703417,7,2,0.080000000000,23.895169377036,37.314837326381,14.989573441787
Q_value,V01,Z2,M2025,REF,13,54,0.245283018868,18,13,0.282608695652,16.842821272505,7,2,0.080000000000,23.895169377036,7.052348104530,14.989573441787
Q_value,V01,Z2,M2025,REF,14,54,0.264150943396,19,14,0.304347826087,27.901129670225,7,2,0.080000000000,23.895169377036,4.005960293189,14.989573441787
Q_value,V01,Z2,M2025,REF,15,54,0.283018867925,20,15,0.326086956522,25.587494683788,7,2,0.080000000000,23.895169377036,1.692325306752,14.989573441787
Q_value,V01,Z2,M2025,REF,16,54,0.301886792453,21,16,0.347826086957,39.623076202212,7,2,0.080000000000,23.895169377036,15.727906825176,14.989573441787
Q_value,V01,Z2,M2025,REF,17,54,0.320754716981,22,17,0.369565217391,40.501518096056,7,2,0.080000000000,23.895169377036,16.606348719020,14.989573441787
Q_value,V01,Z2,M2025,REF,18,54,0.339622641509,23,18,0.391304347826,15.409386217032,8,3,0.120000000000,8.771747829509,6.637638387523,14.989573441787
Q_value,V01,Z2,M2025,REF,19,54,0.358490566038,24,19,0.413043478261,11.716405323250,9,4,0.160000000000,14.613683853194,2.897278529944,14.989573441787
Q_value,V01,Z2,M2025,REF,20,54,0.377358490566,25,20,0.434782608696,22.384333347115,11,5,0.200000000000,21.297449417680,1.086883929435,14.989573441787
Q_value,V01,Z2,M2025,REF,21,54,0.396226415094,26,21,0.456521739130,76.246871403190,11,5,0.200000000000,21.297449417680,54.949421985510,14.989573441787
Q_value,V01,Z2,M2025,REF,22,54,0.415094339623,27,22,0.478260869565,15.199337384337,12,6,0.240000000000,5.990270899363,9.209066484975,14.989573441787
Q_value,V01,Z2,M2025,REF,23,54,0.433962264151,28,23,0.500000000000,10.450255706531,16,7,0.280000000000,11.142681402044,0.692425695513,14.989573441787
Q_value,V01,Z2,M2025,REF,24,54,0.452830188679,29,24,0.521739130435,13.055540223775,16,7,0.280000000000,11.142681402044,1.912858821731,14.989573441787
Q_value,V01,Z2,M2025,REF,25,54,0.471698113208,30,25,0.543478260870,22.366099472383,18,8,0.320000000000,18.791904654396,3.574194817987,14.989573441787
Q_value,V01,Z2,M2025,REF,26,54,0.490566037736,31,26,0.565217391304,64.001370286205,18,8,0.320000000000,18.791904654396,45.209465631809,14.989573441787
Q_value,V01,Z2,M2025,REF,27,54,0.509433962264,32,27,0.586956521739,12.571413187197,19,9,0.360000000000,17.377507004854,4.806093817657,14.989573441787
Q_value,V01,Z2,M2025,REF,28,54,0.528301886792,33,28,0.608695652174,33.074799423666,19,9,0.360000000000,17.377507004854,15.697292418812,14.989573441787
Q_value,V01,Z2,M2025,REF,29,54,0.547169811321,34,29,0.630434782609,11.225533668025,19,9,0.360000000000,17.377507004854,6.151973336829,14.989573441787
Q_value,V01,Z2,M2025,REF,30,54,0.566037735849,35,30,0.652173913043,36.122972598668,19,9,0.360000000000,17.377507004854,18.745465593814,14.989573441787
Q_value,V01,Z2,M2025,REF,31,54,0.584905660377,36,31,0.673913043478,8.189830460835,20,10,0.400000000000,5.898007457485,2.291823003350,14.989573441787
Q_value,V01,Z2,M2025,REF,32,54,0.603773584906,36,31,0.673913043478,8.189830460835,23,11,0.440000000000,8.170188467994,0.019641992840,14.989573441787
Q_value,V01,Z2,M2025,REF,33,54,0.622641509434,36,31,0.673913043478,8.189830460835,24,12,0.480000000000,7.261197391785,0.928633069050,14.989573441787
Q_value,V01,Z2,M2025,REF,34,54,0.641509433962,36,31,0.673913043478,8.189830460835,25,13,0.520000000000,11.928094305435,3.738263844601,14.989573441787
Q_value,V01,Z2,M2025,REF,35,54,0.660377358491,37,32,0.695652173913,5.691883230628,26,14,0.560000000000,4.645871591408,1.046011639220,14.989573441787
Q_value,V01,Z2,M2025,REF,36,54,0.679245283019,38,33,0.717391304348,4.602789261382,27,15,0.600000000000,4.551065530045,0.051723731336,14.989573441787
Q_value,V01,Z2,M2025,REF,37,54,0.698113207547,38,33,0.717391304348,4.602789261382,32,16,0.640000000000,4.213464387637,0.389324873745,14.989573441787
Q_value,V01,Z2,M2025,REF,38,54,0.716981132075,41,34,0.739130434783,6.973969744279,34,17,0.680000000000,13.359196371560,6.385226627282,14.989573441787
Q_value,V01,Z2,M2025,REF,39,54,0.735849056604,42,35,0.760869565217,7.415338660177,35,18,0.720000000000,13.362327760313,5.946989100137,14.989573441787
Q_value,V01,Z2,M2025,REF,40,54,0.754716981132,42,35,0.760869565217,7.415338660177,36,19,0.760000000000,7.815762316840,0.400423656663,14.989573441787
Q_value,V01,Z2,M2025,REF,41,54,0.773584905660,42,35,0.760869565217,7.415338660177,37,20,0.800000000000,6.582811381343,0.832527278834,14.989573441787
Q_value,V01,Z2,M2025,REF,42,54,0.792452830189,48,36,0.782608695652,4.740277864160,38,21,0.840000000000,10.444949933753,5.704672069593,14.989573441787
Q_value,V01,Z2,M2025,REF,43,54,0.811320754717,49,37,0.804347826087,31.237802591124,39,22,0.880000000000,16.645819913718,14.591982677406,14.989573441787
Q_value,V01,Z2,M2025,REF,44,54,0.830188679245,50,38,0.826086956522,26.584541568414,40,23,0.920000000000,17.040491058042,9.544050510372,14.989573441787
Q_value,V01,Z2,M2025,REF,45,54,0.849056603774,51,39,0.847826086957,73.129958978402,40,23,0.920000000000,17.040491058042,56.089467920359,14.989573441787
Q_value,V01,Z2,M2025,REF,46,54,0.867924528302,52,40,0.869565217391,46.303070960336,40,23,0.920000000000,17.040491058042,29.262579902293,14.989573441787
Q_value,V01,Z2,M2025,REF,47,54,0.886792452830,53,41,0.891304347826,91.021082411492,40,23,0.920000000000,17.040491058042,73.980591353450,14.989573441787
Q_value,V01,Z2,M2025,REF,48,54,0.905660377358,54,42,0.913043478261,36.067643376145,40,23,0.920000000000,17.040491058042,19.027152318103,14.989573441787
Q_value,V01,Z2,M2025,REF,49,54,0.924528301887,55,43,0.934782608696,78.697299626535,40,23,0.920000000000,17.040491058042,61.656808568492,14.989573441787
Q_value,V01,Z2,M2025,REF,50,54,0.943396226415,56,44,0.956521739130,70.737945322118,40,23,0.920000000000,17.040491058042,53.697454264075,14.989573441787
Q_value,V01,Z2,M2025,REF,51,54,0.962264150943,57,45,0.978260869565,15.617397533671,40,23,0.920000000000,17.040491058042,1.423093524372,14.989573441787
Q_value,V01,Z2,M2025,REF,52,54,0.981132075472,58,46,1.000000000000,9.099171592416,41,24,0.960000000000,10.395689562788,1.296517970372,14.989573441787
Q_value,V01,Z2,M2025,REF,53,54,1.000000000000,58,46,1.000000000000,9.099171592416,42,25,1.000000000000,15.365990252359,6.266818659943,14.989573441787
SFR,V02,Z1,M2025,REF,0,106,0.000000000000,0,0,0.000000000000,27.447391354473,0,0,0.000000000000,6.116331575827,21.331059778647,2.622563216710
SFR,V02,Z1,M2025,REF,1,106,0.009523809524,1,1,0.016666666667,6.104176381052,0,0,0.000000000000,6.116331575827,0.012155194774,2.622563216710
SFR,V02,Z1,M2025,REF,2,106,0.019047619048,2,2,0.033333333333,7.257668029280,0,0,0.000000000000,6.116331575827,1.141336453453,2.622563216710
SFR,V02,Z1,M2025,REF,3,106,0.028571428571,3,3,0.050000000000,7.717222397772,0,0,0.000000000000,6.116331575827,1.600890821946,2.622563216710
SFR,V02,Z1,M2025,REF,4,106,0.038095238095,4,4,0.066666666667,5.088392840397,1,1,0.015151515152,4.942137389351,0.146255451046,2.622563216710
SFR,V02,Z1,M2025,REF,5,106,0.047619047619,4,4,0.066666666667,5.088392840397,2,2,0.030303030303,4.696362740944,0.392030099454,2.622563216710
SFR,V02,Z1,M2025,REF,6,106,0.057142857143,5,5,0.083333333333,9.089836816578,3,3,0.045454545455,11.395046373549,2.305209556971,2.622563216710
SFR,V02,Z1,M2025,REF,7,106,0.066666666667,5,5,0.083333333333,9.089836816578,4,4,0.060606060606,10.034066866991,0.944230050413,2.622563216710
SFR,V02,Z1,M2025,REF,8,106,0.076190476190,5,5,0.083333333333,9.089836816578,5,5,0.075757575758,9.690491482524,0.600654665946,2.622563216710
SFR,V02,Z1,M2025,REF,9,106,0.085714285714,5,5,0.083333333333,9.089836816578,6,6,0.090909090909,6.138721599638,2.951115216940,2.622563216710
SFR,V02,Z1,M2025,REF,10,106,0.095238095238,5,5,0.083333333333,9.089836816578,7,7,0.106060606061,13.242893383297,4.153056566719,2.622563216710
SFR,V02,Z1,M2025,REF,11,106,0.104761904762,5,5,0.083333333333,9.089836816578,8,8,0.121212121212,7.412326297563,1.677510519015,2.622563216710
SFR,V02,Z1,M2025,REF,12,106,0.114285714286,5,5,0.083333333333,9.089836816578,9,9,0.136363636364,9.678171364972,0.588334548394,2.622563216710
SFR,V02,Z1,M2025,REF,13,106,0.123809523810,6,6,0.100000000000,12.503842471894,10,10,0.151515151515,10.614139535525,1.889702936369,2.622563216710
SFR,V02,Z1,M2025,REF,14,106,0.133333333333,7,7,0.116666666667,15.171999406206,11,11,0.166666666667,15.267065601958,0.095066195752,2.622563216710
SFR,V02,Z1,M2025,REF,15,106,0.142857142857,8,8,0.133333333333,18.201637423284,12,12,0.181818181818,13.921365985271,4.280271438014,2.622563216710
SFR,V02,Z1,M2025,REF,16,106,0.152380952381,9,9,0.150000000000,7.090400977046,13,13,0.196969696970,9.735640093266,2.645239116220,2.622563216710
SFR,V02,Z1,M2025,REF,17,106,0.161904761905,9,9,0.150000000000,7.090400977046,14,14,0.212121212121,9.888107922030,2.797706944984,2.622563216710
SFR,V02,Z1,M2025,REF,18,106,0.171428571429,9,9,0.150000000000,7.090400977046,15,15,0.227272727273,10.308107134205,3.217706157159,2.622563216710
SFR,V02,Z1,M2025,REF,19,106,0.180952380952,10,10,0.166666666667,15.315925649650,16,16,0.242424242424,8.419139891923,6.896785757727,2.622563216710
SFR,V02,Z1,M2025,REF,20,106,0.190476190476,11,11,0.183333333333,19.864482342887,17,17,0.257575757576,21.056332166124,1.191849823237,2.622563216710
SFR,V02,Z1,M2025,REF,21,106,0.200000000000,12,12,0.200000000000,25.376052344683,17,17,0.257575757576,21.056332166124,4.319720178560,2.622563216710
SFR,V02,Z1,M2025,REF,22,106,0.209523809524,13,13,0.216666666667,18.865416022571,17,17,0.257575757576,21.056332166124,2.190916143553,2.622563216710
SFR,V02,Z1,M2025,REF,23,106,0.219047619048,14,14,0.233333333333,13.426831882901,17,17,0.257575757576,21.056332166124,7.629500283222,2.622563216710
SFR,V02,Z1,M2025,REF,24,106,0.228571428571,15,15,0.250000000000,19.921966701777,17,17,0.257575757576,21.056332166124,1.134365464347,2.622563216710
SFR,V02,Z1,M2025,REF,25,106,0.238095238095,16,16,0.266666666667,17.505453148093,17,17,0.257575757576,21.056332166124,3.550879018030,2.622563216710
SFR,V02,Z1,M2025,REF,26,106,0.247619047619,17,17,0.283333333333,21.256713670566,17,17,0.257575757576,21.056332166124,0.200381504442,2.622563216710
SFR,V02,Z1,M2025,REF,27,106,0.257142857143,18,18,0.300000000000,17.140365111539,17,17,0.257575757576,21.056332166124,3.915967054585,2.622563216710
SFR,V02,Z1,M2025,REF,28,106,0.266666666667,19,19,0.316666666667,23.273312703667,17,17,0.257575757576,21.056332166124,2.216980537543,2.622563216710
SFR,V02,Z1,M2025,REF,29,106,0.276190476190,20,20,0.333333333333,20.042312180220,17,17,0.257575757576,21.056332166124,1.014019985903,2.622563216710
SFR,V02,Z1,M2025,REF,30,106,0.285714285714,21,21,0.350000000000,15.181246930422,17,17,0.257575757576,21.056332166124,5.875085235701,2.622563216710
SFR,V02,Z1,M2025,REF,31,106,0.295238095238,22,22,0.366666666667,21.948910366429,17,17,0.257575757576,21.056332166124,0.892578200305,2.622563216710
SFR,V02,Z1,M2025,REF,32,106,0.304761904762,23,23,0.383333333333,16.990350651854,17,17,0.257575757576,21.056332166124,4.065981514269,2.622563216710
SFR,V02,Z1,M2025,REF,33,106,0.314285714286,24,24,0.400000000000,13.136850996573,17,17,0.257575757576,21.056332166124,7.919481169550,2.622563216710
SFR,V02,Z1,M2025,REF,34,106,0.323809523810,25,25,0.416666666667,25.402761559992,17,17,0.257575757576,21.056332166124,4.346429393868,2.622563216710
SFR,V02,Z1,M2025,REF,35,106,0.333333333333,26,26,0.433333333333,17.884583064766,17,17,0.257575757576,21.056332166124,3.171749101357,2.622563216710
SFR,V02,Z1,M2025,REF,36,106,0.342857142857,27,27,0.450000000000,15.812707181010,17,17,0.257575757576,21.056332166124,5.243624985113,2.622563216710
SFR,V02,Z1,M2025,REF,37,106,0.352380952381,28,28,0.466666666667,16.584392472260,17,17,0.257575757576,21.056332166124,4.471939693863,2.622563216710
SFR,V02,Z1,M2025,REF,38,106,0.361904761905,29,29,0.483333333333,24.083574632173,17,17,0.257575757576,21.056332166124,3.027242466050,2.622563216710
SFR,V02,Z1,M2025,REF,39,106,0.371428571429,30,30,0.500000000000,21.558652344305,17,17,0.257575757576,21.056332166124,0.502320178181,2.622563216710
SFR,V02,Z1,M2025,REF,40,106,0.380952380952,31,31,0.516666666667,15.901996317359,17,17,0.257575757576,21.056332166124,5.154335848765,2.622563216710
SFR,V02,Z1,M2025,REF,41,106,0.390476190476,32,32,0.533333333333,22.099005446027,17,17,0.257575757576,21.056332166124,1.042673279903,2.622563216710
SFR,V02,Z1,M2025,REF,42,106,0.400000000000,33,33,0.550000000000,20.518662009335,17,17,0.257575757576,21.056332166124,0.537670156789,2.622563216710
SFR,V02,Z1,M2025,REF,43,106,0.409523809524,34,34,0.566666666667,23.768366875636,17,17,0.257575757576,21.056332166124,2.712034709513,2.622563216710
SFR,V02,Z1,M2025,REF,44,106,0.419047619048,35,35,0.583333333333,17.994766100830,18,18,0.272727272727,15.593254387064,2.401511713766,2.622563216710
SFR,V02,Z1,M2025,REF,45,106,0.428571428571,36,36,0.600000000000,14.272820943267,19,19,0.287878787879,9.354644226444,4.918176716823,2.622563216710
SFR,V02,Z1,M2025,REF,46,106,0.438095238095,36,36,0.600000000000,14.272820943267,20,20,0.303030303030,14.481533996622,0.208713053355,2.622563216710
SFR,V02,Z1,M2025,REF,47,106,0.447619047619,37,37,0.616666666667,10.151540881743,21,21,0.318181818182,9.399827512456,0.751713369287,2.622563216710
SFR,V02,Z1,M2025,REF,48,106,0.457142857143,37,37,0.616666666667,10.151540881743,22,22,0.333333333333,12.709918841517,2.558377959774,2.622563216710
SFR,V02,Z1,M2025,REF,49,106,0.466666666667,37,37,0.616666666667,10.151540881743,23,23,0.348484848485,10.879228841900,0.727687960157,2.622563216710
SFR,V02,Z1,M2025,REF,50,106,0.476190476190,38,38,0.633333333333,7.496863617742,24,24,0.363636363636,9.393205274764,1.896341657022,2.622563216710
SFR,V02,Z1,M2025,REF,51,106,0.485714285714,39,39,0.650000000000,8.877685585740,24,24,0.363636363636,9.393205274764,0.515519689024,2.622563216710
SFR,V02,Z1,M2025,REF,52,106,0.495238095238,40,40,0.666666666667,9.130678798129,24,24,0.363636363636,9.393205274764,0.262526476635,2.622563216710
SFR,V02,Z1,M2025,REF,53,106,0.504761904762,41,41,0.683333333333,9.958936706168,24,24,0.363636363636,9.393205274764,0.565731431404,2.622563216710
SFR,V02,Z1,M2025,REF,54,106,0.514285714286,42,42,0.700000000000,6.234493865598,25,25,0.378787878788,8.210410160866,1.975916295268,2.622563216710
SFR,V02,Z1,M2025,REF,55,106,0.523809523810,43,43,0.716666666667,2.662732453651,25,25,0.378787878788,8.210410160866,5.547677707215,2.622563216710
SFR,V02,Z1,M2025,REF,56,106,0.533333333333,44,44,0.733333333333,2.153140903040,25,25,0.378787878788,8.210410160866,6.057269257826,2.622563216710
SFR,V02,Z1,M2025,REF,57,106,0.542857142857,45,45,0.750000000000,21.855221001230,26,26,0.393939393939,19.529499461195,2.325721540035,2.622563216710
SFR,V02,Z1,M2025,REF,58,106,0.552380952381,45,45,0.750000000000,21.855221001230,27,27,0.409090909091,18.217276093187,3.637944908042,2.622563216710
SFR,V02,Z1,M2025,REF,59,106,0.561904761905,46,46,0.766666666667,8.123955099490,28,28,0.424242424242,9.541020438160,1.417065338670,2.622563216710
SFR,V02,Z1,M2025,REF,60,106,0.571428571429,47,47,0.783333333333,7.290868842436,28,28,0.424242424242,9.541020438160,2.250151595724,2.622563216710
SFR,V02,Z1,M2025,REF,61,106,0.580952380952,48,48,0.800000000000,10.975009981498,29,29,0.439393939394,14.636215241332,3.661205259833,2.622563216710
SFR,V02,Z1,M2025,REF,62,106,0.590476190476,49,49,0.816666666667,18.729863180352,30,30,0.454545454545,20.315676239345,1.585813058994,2.622563216710
SFR,V02,Z1,M2025,REF,63,106,0.600000000000,50,50,0.833333333333,19.751115600517,30,30,0.454545454545,20.315676239345,0.564560638828,2.622563216710
SFR,V02,Z1,M2025,REF,64,106,0.609523809524,51,51,0.850000000000,18.061279020804,30,30,0.454545454545,20.315676239345,2.254397218542,2.622563216710
SFR,V02,Z1,M2025,REF,65,106,0.619047619048,52,52,0.866666666667,18.008989514847,30,30,0.454545454545,20.315676239345,2.306686724498,2.622563216710
SFR,V02,Z1,M2025,REF,66,106,0.628571428571,53,53,0.883333333333,28.696834085206,30,30,0.454545454545,20.315676239345,8.381157845861,2.622563216710
SFR,V02,Z1,M2025,REF,67,106,0.638095238095,54,54,0.900000000000,21.216549452171,30,30,0.454545454545,20.315676239345,0.900873212826,2.622563216710
SFR,V02,Z1,M2025,REF,68,106,0.647619047619,55,55,0.916666666667,19.431646281337,30,30,0.454545454545,20.315676239345,0.884029958008,2.622563216710
SFR,V02,Z1,M2025,REF,69,106,0.657142857143,56,56,0.933333333333,17.099968832302,31,31,0.469696969697,16.739221796481,0.360747035821,2.622563216710
SFR,V02,Z1,M2025,REF,70,106,0.666666666667,57,57,0.950000000000,15.684069086103,31,31,0.469696969697,16.739221796481,1.055152710378,2.622563216710
SFR,V02,Z1,M2025,REF,71,106,0.676190476190,58,58,0.966666666667,13.403921276267,32,32,0.484848484848,9.857193819878,3.546727456389,2.622563216710
SFR,V02,Z1,M2025,REF,72,106,0.685714285714,58,58,0.966666666667,13.403921276267,33,33,0.500000000000,15.715388749414,2.311467473147,2.622563216710
SFR,V02,Z1,M2025,REF,73,106,0.695238095238,59,59,0.983333333333,9.309132877968,34,34,0.515151515152,6.478748499563,2.830384378405,2.622563216710
SFR,V02,Z1,M2025,REF,74,106,0.704761904762,59,59,0.983333333333,9.309132877968,35,35,0.530303030303,6.720601754072,2.588531123896,2.622563216710
SFR,V02,Z1,M2025,REF,75,106,0.714285714286,59,59,0.983333333333,9.309132877968,36,36,0.545454545455,7.888727194259,1.420405683709,2.622563216710
SFR,V02,Z1,M2025,REF,76,106,0.723809523810,59,59,0.983333333333,9.309132877968,37,37,0.560606060606,10.657244026059,1.348111148091,2.622563216710
SFR,V02,Z1,M2025,REF,77,106,0.733333333333,59,59,0.983333333333,9.309132877968,38,38,0.575757575758,9.034266516938,0.274866361029,2.622563216710
SFR,V02,Z1,M2025,REF,78,106,0.742857142857,59,59,0.983333333333,9.309132877968,39,39,0.590909090909,9.279736989437,0.029395888531,2.622563216710
SFR,V02,Z1,M2025,REF,79,106,0.752380952381,59,59,0.983333333333,9.309132877968,40,40,0.606060606061,10.929683599863,1.620550721895,2.622563216710
SFR,V02,Z1,M2025,REF,80,106,0.761904761905,59,59,0.983333333333,9.309132877968,41,41,0.621212121212,8.191923327853,1.117209550114,2.622563216710
SFR,V02,Z1,M2025,REF,81,106,0.771428571429,59,59,0.983333333333,9.309132877968,42,42,0.636363636364,8.552542566243,0.756590311724,2.622563216710
SFR,V02,Z1,M2025,REF,82,106,0.780952380952,59,59,0.983333333333,9.309132877968,43,43,0.651515151515,9.095108786697,0.214024091271,2.622563216710
SFR,V02,Z1,M2025,REF,83,106,0.790476190476,59,59,0.983333333333,9.309132877968,44,44,0.666666666667,9.913507699819,0.604374821852,2.622563216710
SFR,V02,Z1,M2025,REF,84,106,0.800000000000,60,60,1.000000000000,7.054773464338,45,45,0.681818181818,7.473804314856,0.419030850518,2.622563216710
SFR,V02,Z1,M2025,REF,85,106,0.809523809524,60,60,1.000000000000,7.054773464338,46,46,0.696969696970,4.756345573110,2.298427891228,2.622563216710
SFR,V02,Z1,M2025,REF,86,106,0.819047619048,60,60,1.000000000000,7.054773464338,47,47,0.712121212121,3.346379193379,3.708394270958,2.622563216710
SFR,V02,Z1,M2025,REF,87,106,0.828571428571,60,60,1.000000000000,7.054773464338,48,48,0.727272727273,2.089706673446,4.965066790891,2.622563216710
SFR,V02,Z1,M2025,REF,88,106,0.838095238095,60,60,1.000000000000,7.054773464338,49,49,0.742424242424,2.840107990165,4.214665474173,2.622563216710
SFR,V02,Z1,M2025,REF,89,106,0.847619047619,60,60,1.000000000000,7.054773464338,50,50,0.757575757576,2.317632308108,4.737141156230,2.622563216710
SFR,V02,Z1,M2025,REF,90,106,0.857142857143,60,60,1.000000000000,7.054773464338,51,51,0.772727272727,3.099787110136,3.954986354202,2.622563216710
SFR,V02,Z1,M2025,REF,91,106,0.866666666667,60,60,1.000000000000,7.054773464338,52,52,0.787878787879,2.415927538944,4.638845925394,2.622563216710
SFR,V02,Z1,M2025,REF,92,106,0.876190476190,60,60,1.000000000000,7.054773464338,53,53,0.803030303030,2.522035079500,4.532738384838,2.622563216710
SFR,V02,Z1,M2025,REF,93,106,0.885714285714,60,60,1.000000000000,7.054773464338,54,54,0.818181818182,2.546329348848,4.508444115490,2.622563216710
SFR,V02,Z1,M2025,REF,94,106,0.895238095238,60,60,1.000000000000,7.054773464338,55,55,0.833333333333,3.581659888946,3.473113575392,2.622563216710
SFR,V02,Z1,M2025,REF,95,106,0.904761904762,60,60,1.000000000000,7.054773464338,56,56,0.848484848485,3.388341044365,3.666432419973,2.622563216710
SFR,V02,Z1,M2025,REF,96,106,0.914285714286,60,60,1.000000000000,7.054773464338,57,57,0.863636363636,3.644878489947,3.409894974390,2.622563216710
SFR,V02,Z1,M2025,REF,97,106,0.923809523810,60,60,1.000000000000,7.054773464338,58,58,0.878787878788,3.931631091004,3.123142373333,2.622563216710
SFR,V02,Z1,M2025,REF,98,106,0.933333333333,60,60,1.000000000000,7.054773464338,59,59,0.893939393939,4.554674304347,2.500099159990,2.622563216710
SFR,V02,Z1,M2025,REF,99,106,0.942857142857,60,60,1.000000000000,7.054773464338,60,60,0.909090909091,6.089394880238,0.965378584100,2.622563216710
SFR,V02,Z1,M2025,REF,100,106,0.952380952381,60,60,1.000000000000,7.054773464338,61,61,0.924242424242,5.289046155025,1.765727309313,2.622563216710
SFR,V02,Z1,M2025,REF,101,106,0.961904761905,60,60,1.000000000000,7.054773464338,62,62,0.939393939394,4.539137444325,2.515636020012,2.622563216710
SFR,V02,Z1,M2025,REF,102,106,0.971428571429,60,60,1.000000000000,7.054773464338,63,63,0.954545454545,7.716780152770,0.662006688432,2.622563216710
SFR,V02,Z1,M2025,REF,103,106,0.980952380952,60,60,1.000000000000,7.054773464338,64,64,0.969696969697,5.164104637645,1.890668826693,2.622563216710
SFR,V02,Z1,M2025,REF,104,106,0.990476190476,60,60,1.000000000000,7.054773464338,65,65,0.984848484848,6.892724310505,0.162049153833,2.622563216710
SFR,V02,Z1,M2025,REF,105,106,1.000000000000,60,60,1.000000000000,7.054773464338,66,66,1.000000000000,5.804315532689,1.250457931649,2.622563216710
SFR,V02,Z2,M2025,REF,0,76,0.000000000000,0,0,0.000000000000,27.447391354473,0,0,0.000000000000,10.590602837391,16.856788517083,3.419135766326
SFR,V02,Z2,M2025,REF,1,76,0.013333333333,1,1,0.016666666667,6.104176381052,1,1,0.019607843137,11.439848840805,5.335672459753,3.419135766326
SFR,V02,Z2,M2025,REF,2,76,0.026666666667,2,2,0.033333333333,7.257668029280,2,2,0.039215686275,4.416687950138,2.840980079142,3.419135766326
SFR,V02,Z2,M2025,REF,3,76,0.040000000000,3,3,0.050000000000,7.717222397772,3,3,0.058823529412,5.432432422692,2.284789975081,3.419135766326
SFR,V02,Z2,M2025,REF,4,76,0.053333333333,4,4,0.066666666667,5.088392840397,4,4,0.078431372549,5.913303054670,0.824910214272,3.419135766326
SFR,V02,Z2,M2025,REF,5,76,0.066666666667,5,5,0.083333333333,9.089836816578,5,5,0.098039215686,9.296527119814,0.206690303236,3.419135766326
SFR,V02,Z2,M2025,REF,6,76,0.080000000000,5,5,0.083333333333,9.089836816578,6,6,0.117647058824,7.902297425296,1.187539391282,3.419135766326
SFR,V02,Z2,M2025,REF,7,76,0.093333333333,5,5,0.083333333333,9.089836816578,7,7,0.137254901961,10.331713245921,1.241876429343,3.419135766326
SFR,V02,Z2,M2025,REF,8,76,0.106666666667,6,6,0.100000000000,12.503842471894,8,8,0.156862745098,14.523912559678,2.020070087784,3.419135766326
SFR,V02,Z2,M2025,REF,9,76,0.120000000000,6,6,0.100000000000,12.503842471894,9,9,0.176470588235,12.368241807117,0.135600664777,3.419135766326
SFR,V02,Z2,M2025,REF,10,76,0.133333333333,6,6,0.100000000000,12.503842471894,10,10,0.196078431373,12.558046176393,0.054203704499,3.419135766326
SFR,V02,Z2,M2025,REF,11,76,0.146666666667,7,7,0.116666666667,15.171999406206,11,11,0.215686274510,14.276007702155,0.895991704051,3.419135766326
SFR,V02,Z2,M2025,REF,12,76,0.160000000000,7,7,0.116666666667,15.171999406206,12,12,0.235294117647,15.777025568120,0.605026161914,3.419135766326
SFR,V02,Z2,M2025,REF,13,76,0.173333333333,8,8,0.133333333333,18.201637423284,13,13,0.254901960784,13.298952717563,4.902684705722,3.419135766326
SFR,V02,Z2,M2025,REF,14,76,0.186666666667,9,9,0.150000000000,7.090400977046,14,14,0.274509803922,11.162159660430,4.071758683384,3.419135766326
SFR,V02,Z2,M2025,REF,15,76,0.200000000000,10,10,0.166666666667,15.315925649650,15,15,0.294117647059,14.177593233064,1.138332416586,3.419135766326
SFR,V02,Z2,M2025,REF,16,76,0.213333333333,10,10,0.166666666667,15.315925649650,16,16,0.313725490196,15.676313264140,0.360387614490,3.419135766326
SFR,V02,Z2,M2025,REF,17,76,0.226666666667,11,11,0.183333333333,19.864482342887,17,17,0.333333333333,16.830523776958,3.033958565929,3.419135766326
SFR,V02,Z2,M2025,REF,18,76,0.240000000000,12,12,0.200000000000,25.376052344683,18,18,0.352941176471,18.139126900601,7.236925444082,3.419135766326
SFR,V02,Z2,M2025,REF,19,76,0.253333333333,13,13,0.216666666667,18.865416022571,18,18,0.352941176471,18.139126900601,0.726289121970,3.419135766326
SFR,V02,Z2,M2025,REF,20,76,0.266666666667,14,14,0.233333333333,13.426831882901,19,19,0.372549019608,13.691771070704,0.264939187803,3.419135766326
SFR,V02,Z2,M2025,REF,21,76,0.280000000000,15,15,0.250000000000,19.921966701777,20,20,0.392156862745,18.574101762351,1.347864939426,3.419135766326
SFR,V02,Z2,M2025,REF,22,76,0.293333333333,16,16,0.266666666667,17.505453148093,20,20,0.392156862745,18.574101762351,1.068648614258,3.419135766326
SFR,V02,Z2,M2025,REF,23,76,0.306666666667,17,17,0.283333333333,21.256713670566,20,20,0.392156862745,18.574101762351,2.682611908215,3.419135766326
SFR,V02,Z2,M2025,REF,24,76,0.320000000000,18,18,0.300000000000,17.140365111539,21,21,0.411764705882,13.885677976186,3.254687135353,3.419135766326
SFR,V02,Z2,M2025,REF,25,76,0.333333333333,18,18,0.300000000000,17.140365111539,22,22,0.431372549020,13.873730384566,3.266634726973,3.419135766326
SFR,V02,Z2,M2025,REF,26,76,0.346666666667,18,18,0.300000000000,17.140365111539,23,23,0.450980392157,16.438461217937,0.701903893602,3.419135766326
SFR,V02,Z2,M2025,REF,27,76,0.360000000000,19,19,0.316666666667,23.273312703667,24,24,0.470588235294,23.965991651881,0.692678948214,3.419135766326
SFR,V02,Z2,M2025,REF,28,76,0.373333333333,20,20,0.333333333333,20.042312180220,25,25,0.490196078431,20.004328063761,0.037984116459,3.419135766326
SFR,V02,Z2,M2025,REF,29,76,0.386666666667,21,21,0.350000000000,15.181246930422,26,26,0.509803921569,15.232835895688,0.051588965265,3.419135766326
SFR,V02,Z2,M2025,REF,30,76,0.400000000000,21,21,0.350000000000,15.181246930422,27,27,0.529411764706,10.645015530916,4.536231399506,3.419135766326
SFR,V02,Z2,M2025,REF,31,76,0.413333333333,21,21,0.350000000000,15.181246930422,28,28,0.549019607843,13.633348699474,1.547898230948,3.419135766326
SFR,V02,Z2,M2025,REF,32,76,0.426666666667,22,22,0.366666666667,21.948910366429,29,29,0.568627450980,19.690176327574,2.258734038855,3.419135766326
SFR,V02,Z2,M2025,REF,33,76,0.440000000000,23,23,0.383333333333,16.990350651854,30,30,0.588235294118,20.204598261820,3.214247609966,3.419135766326
SFR,V02,Z2,M2025,REF,34,76,0.453333333333,24,24,0.400000000000,13.136850996573,31,31,0.607843137255,13.800569949208,0.663718952634,3.419135766326
SFR,V02,Z2,M2025,REF,35,76,0.466666666667,25,25,0.416666666667,25.402761559992,32,32,0.627450980392,17.972276454601,7.430485105391,3.419135766326
SFR,V02,Z2,M2025,REF,36,76,0.480000000000,26,26,0.433333333333,17.884583064766,32,32,0.627450980392,17.972276454601,0.087693389834,3.419135766326
SFR,V02,Z2,M2025,REF,37,76,0.493333333333,27,27,0.450000000000,15.812707181010,33,33,0.647058823529,18.203478930194,2.390771749184,3.419135766326
SFR,V02,Z2,M2025,REF,38,76,0.506666666667,28,28,0.466666666667,16.584392472260,34,34,0.666666666667,18.924737649147,2.340345176886,3.419135766326
SFR,V02,Z2,M2025,REF,39,76,0.520000000000,29,29,0.483333333333,24.083574632173,35,35,0.686274509804,23.194479884742,0.889094747431,3.419135766326
SFR,V02,Z2,M2025,REF,40,76,0.533333333333,30,30,0.500000000000,21.558652344305,35,35,0.686274509804,23.194479884742,1.635827540437,3.419135766326
SFR,V02,Z2,M2025,REF,41,76,0.546666666667,31,31,0.516666666667,15.901996317359,36,36,0.705882352941,16.449138984647,0.547142667288,3.419135766326
SFR,V02,Z2,M2025,REF,42,76,0.560000000000,31,31,0.516666666667,15.901996317359,37,37,0.725490196078,18.370275460508,2.468279143149,3.419135766326
SFR,V02,Z2,M2025,REF,43,76,0.573333333333,31,31,0.516666666667,15.901996317359,38,38,0.745098039216,13.148742342281,2.753253975078,3.419135766326
SFR,V02,Z2,M2025,REF,44,76,0.586666666667,31,31,0.516666666667,15.901996317359,39,39,0.764705882353,14.989073685521,0.912922631837,3.419135766326
SFR,V02,Z2,M2025,REF,45,76,0.600000000000,32,32,0.533333333333,22.099005446027,40,40,0.784313725490,18.646051534757,3.452953911270,3.419135766326
SFR,V02,Z2,M2025,REF,46,76,0.613333333333,33,33,0.550000000000,20.518662009335,40,40,0.784313725490,18.646051534757,1.872610474578,3.419135766326
SFR,V02,Z2,M2025,REF,47,76,0.626666666667,34,34,0.566666666667,23.768366875636,40,40,0.784313725490,18.646051534757,5.122315340880,3.419135766326
SFR,V02,Z2,M2025,REF,48,76,0.640000000000,35,35,0.583333333333,17.994766100830,40,40,0.784313725490,18.646051534757,0.651285433927,3.419135766326
SFR,V02,Z2,M2025,REF,49,76,0.653333333333,36,36,0.600000000000,14.272820943267,41,41,0.803921568627,30.387514087939,16.114693144672,3.419135766326
SFR,V02,Z2,M2025,REF,50,76,0.666666666667,37,37,0.616666666667,10.151540881743,42,42,0.823529411765,7.253092006814,2.898448874929,3.419135766326
SFR,V02,Z2,M2025,REF,51,76,0.680000000000,38,38,0.633333333333,7.496863617742,42,42,0.823529411765,7.253092006814,0.243771610928,3.419135766326
SFR,V02,Z2,M2025,REF,52,76,0.693333333333,39,39,0.650000000000,8.877685585740,42,42,0.823529411765,7.253092006814,1.624593578926,3.419135766326
SFR,V02,Z2,M2025,REF,53,76,0.706666666667,40,40,0.666666666667,9.130678798129,42,42,0.823529411765,7.253092006814,1.877586791315,3.419135766326
SFR,V02,Z2,M2025,REF,54,76,0.720000000000,41,41,0.683333333333,9.958936706168,42,42,0.823529411765,7.253092006814,2.705844699355,3.419135766326
SFR,V02,Z2,M2025,REF,55,76,0.733333333333,42,42,0.700000000000,6.234493865598,43,43,0.843137254902,6.726717155700,0.492223290102,3.419135766326
SFR,V02,Z2,M2025,REF,56,76,0.746666666667,43,43,0.716666666667,2.662732453651,43,43,0.843137254902,6.726717155700,4.063984702049,3.419135766326
SFR,V02,Z2,M2025,REF,57,76,0.760000000000,44,44,0.733333333333,2.153140903040,43,43,0.843137254902,6.726717155700,4.573576252660,3.419135766326
SFR,V02,Z2,M2025,REF,58,76,0.773333333333,45,45,0.750000000000,21.855221001230,44,44,0.862745098039,7.091820095630,14.763400905600,3.419135766326
SFR,V02,Z2,M2025,REF,59,76,0.786666666667,46,46,0.766666666667,8.123955099490,44,44,0.862745098039,7.091820095630,1.032135003861,3.419135766326
SFR,V02,Z2,M2025,REF,60,76,0.800000000000,47,47,0.783333333333,7.290868842436,44,44,0.862745098039,7.091820095630,0.199048746806,3.419135766326
SFR,V02,Z2,M2025,REF,61,76,0.813333333333,48,48,0.800000000000,10.975009981498,44,44,0.862745098039,7.091820095630,3.883189885869,3.419135766326
SFR,V02,Z2,M2025,REF,62,76,0.826666666667,49,49,0.816666666667,18.729863180352,45,45,0.882352941176,19.087029041177,0.357165860825,3.419135766326
SFR,V02,Z2,M2025,REF,63,76,0.840000000000,50,50,0.833333333333,19.751115600517,46,46,0.901960784314,19.175475367506,0.575640233011,3.419135766326
SFR,V02,Z2,M2025,REF,64,76,0.853333333333,51,51,0.850000000000,18.061279020804,46,46,0.901960784314,19.175475367506,1.114196346702,3.419135766326
SFR,V02,Z2,M2025,REF,65,76,0.866666666667,52,52,0.866666666667,18.008989514847,47,47,0.921568627451,22.695791753517,4.686802238671,3.419135766326
SFR,V02,Z2,M2025,REF,66,76,0.880000000000,53,53,0.883333333333,28.696834085206,48,48,0.941176470588,30.591420877288,1.894586792082,3.419135766326
SFR,V02,Z2,M2025,REF,67,76,0.893333333333,53,53,0.883333333333,28.696834085206,49,49,0.960784313725,31.300010012126,2.603175926920,3.419135766326
SFR,V02,Z2,M2025,REF,68,76,0.906666666667,53,53,0.883333333333,28.696834085206,50,50,0.980392156863,30.369057928538,1.672223843332,3.419135766326
SFR,V02,Z2,M2025,REF,69,76,0.920000000000,54,54,0.900000000000,21.216549452171,51,51,1.000000000000,25.938894369091,4.722344916920,3.419135766326
SFR,V02,Z2,M2025,REF,70,76,0.933333333333,55,55,0.916666666667,19.431646281337,51,51,1.000000000000,25.938894369091,6.507248087753,3.419135766326
SFR,V02,Z2,M2025,REF,71,76,0.946666666667,56,56,0.933333333333,17.099968832302,51,51,1.000000000000,25.938894369091,8.838925536789,3.419135766326
SFR,V02,Z2,M2025,REF,72,76,0.960000000000,57,57,0.950000000000,15.684069086103,51,51,1.000000000000,25.938894369091,10.254825282987,3.419135766326
SFR,V02,Z2,M2025,REF,73,76,0.973333333333,58,58,0.966666666667,13.403921276267,51,51,1.000000000000,25.938894369091,12.534973092824,3.419135766326
SFR,V02,Z2,M2025,REF,74,76,0.986666666667,59,59,0.983333333333,9.309132877968,51,51,1.000000000000,25.938894369091,16.629761491123,3.419135766326
SFR,V02,Z2,M2025,REF,75,76,1.000000000000,60,60,1.000000000000,7.054773464338,51,51,1.000000000000,25.938894369091,18.884120904753,3.419135766326
Q_value,V02,Z1,M2025,REF,0,64,0.000000000000,0,0,0.000000000000,3.447937054269,3,0,0.000000000000,12.106339059691,8.658402005422,10.360510677389
Q_value,V02,Z1,M2025,REF,1,64,0.015873015873,5,1,0.021739130435,7.455585348620,4,1,0.029411764706,7.650616251920,0.195030903300,10.360510677389
Q_value,V02,Z1,M2025,REF,2,64,0.031746031746,5,1,0.021739130435,7.455585348620,5,2,0.058823529412,5.524504661364,1.931080687257,10.360510677389
Q_value,V02,Z1,M2025,REF,3,64,0.047619047619,5,1,0.021739130435,7.455585348620,7,3,0.088235294118,14.180881819366,6.725296470746,10.360510677389
Q_value,V02,Z1,M2025,REF,4,64,0.063492063492,5,1,0.021739130435,7.455585348620,9,4,0.117647058824,7.174676014553,0.280909334067,10.360510677389
Q_value,V02,Z1,M2025,REF,5,64,0.079365079365,5,1,0.021739130435,7.455585348620,10,5,0.147058823529,6.342251089375,1.113334259245,10.360510677389
Q_value,V02,Z1,M2025,REF,6,64,0.095238095238,6,2,0.043478260870,16.992255148086,11,6,0.176470588235,14.755242745929,2.237012402156,10.360510677389
Q_value,V02,Z1,M2025,REF,7,64,0.111111111111,7,3,0.065217391304,19.801359836563,12,7,0.205882352941,4.828179739757,14.973180096805,10.360510677389
Q_value,V02,Z1,M2025,REF,8,64,0.126984126984,8,4,0.086956521739,27.015376883889,14,8,0.235294117647,8.898190143437,18.117186740452,10.360510677389
Q_value,V02,Z1,M2025,REF,9,64,0.142857142857,10,5,0.108695652174,21.603104881885,15,9,0.264705882353,8.896290421770,12.706814460116,10.360510677389
Q_value,V02,Z1,M2025,REF,10,64,0.158730158730,11,6,0.130434782609,86.322322079012,17,10,0.294117647059,66.478767837210,19.843554241802,10.360510677389
Q_value,V02,Z1,M2025,REF,11,64,0.174603174603,12,7,0.152173913043,81.656393483963,17,10,0.294117647059,66.478767837210,15.177625646753,10.360510677389
Q_value,V02,Z1,M2025,REF,12,64,0.190476190476,13,8,0.173913043478,23.709688313149,18,11,0.323529411765,35.441594105935,11.731905792785,10.360510677389
Q_value,V02,Z1,M2025,REF,13,64,0.206349206349,14,9,0.195652173913,21.957404367272,18,11,0.323529411765,35.441594105935,13.484189738663,10.360510677389
Q_value,V02,Z1,M2025,REF,14,64,0.222222222222,15,10,0.217391304348,38.689814008544,18,11,0.323529411765,35.441594105935,3.248219902610,10.360510677389
Q_value,V02,Z1,M2025,REF,15,64,0.238095238095,16,11,0.239130434783,62.103287577067,18,11,0.323529411765,35.441594105935,26.661693471132,10.360510677389
Q_value,V02,Z1,M2025,REF,16,64,0.253968253968,17,12,0.260869565217,61.210006703417,18,11,0.323529411765,35.441594105935,25.768412597482,10.360510677389
Q_value,V02,Z1,M2025,REF,17,64,0.269841269841,18,13,0.282608695652,16.842821272505,18,11,0.323529411765,35.441594105935,18.598772833429,10.360510677389
Q_value,V02,Z1,M2025,REF,18,64,0.285714285714,19,14,0.304347826087,27.901129670225,18,11,0.323529411765,35.441594105935,7.540464435710,10.360510677389
Q_value,V02,Z1,M2025,REF,19,64,0.301587301587,20,15,0.326086956522,25.587494683788,18,11,0.323529411765,35.441594105935,9.854099422147,10.360510677389
Q_value,V02,Z1,M2025,REF,20,64,0.317460317460,21,16,0.347826086957,39.623076202212,18,11,0.323529411765,35.441594105935,4.181482096277,10.360510677389
Q_value,V02,Z1,M2025,REF,21,64,0.333333333333,22,17,0.369565217391,40.501518096056,18,11,0.323529411765,35.441594105935,5.059923990121,10.360510677389
Q_value,V02,Z1,M2025,REF,22,64,0.349206349206,23,18,0.391304347826,15.409386217032,20,12,0.352941176471,11.899277207635,3.510109009397,10.360510677389
Q_value,V02,Z1,M2025,REF,23,64,0.365079365079,24,19,0.413043478261,11.716405323250,22,13,0.382352941176,9.191793556786,2.524611766464,10.360510677389
Q_value,V02,Z1,M2025,REF,24,64,0.380952380952,24,19,0.413043478261,11.716405323250,23,14,0.411764705882,12.212238072667,0.495832749416,10.360510677389
Q_value,V02,Z1,M2025,REF,25,64,0.396825396825,25,20,0.434782608696,22.384333347115,26,15,0.441176470588,25.272554179633,2.888220832518,10.360510677389
Q_value,V02,Z1,M2025,REF,26,64,0.412698412698,26,21,0.456521739130,76.246871403190,27,16,0.470588235294,27.467228475533,48.779642927657,10.360510677389
Q_value,V02,Z1,M2025,REF,27,64,0.428571428571,27,22,0.478260869565,15.199337384337,29,17,0.500000000000,10.254793767593,4.944543616744,10.360510677389
Q_value,V02,Z1,M2025,REF,28,64,0.444444444444,28,23,0.500000000000,10.450255706531,29,17,0.500000000000,10.254793767593,0.195461938938,10.360510677389
Q_value,V02,Z1,M2025,REF,29,64,0.460317460317,29,24,0.521739130435,13.055540223775,29,17,0.500000000000,10.254793767593,2.800746456182,10.360510677389
Q_value,V02,Z1,M2025,REF,30,64,0.476190476190,30,25,0.543478260870,22.366099472383,29,17,0.500000000000,10.254793767593,12.111305704790,10.360510677389
Q_value,V02,Z1,M2025,REF,31,64,0.492063492063,31,26,0.565217391304,64.001370286205,30,18,0.529411764706,51.503571522849,12.497798763356,10.360510677389
Q_value,V02,Z1,M2025,REF,32,64,0.507936507937,31,26,0.565217391304,64.001370286205,31,19,0.558823529412,49.690338501442,14.311031784763,10.360510677389
Q_value,V02,Z1,M2025,REF,33,64,0.523809523810,32,27,0.586956521739,12.571413187197,32,20,0.588235294118,7.367955588401,5.203457598796,10.360510677389
Q_value,V02,Z1,M2025,REF,34,64,0.539682539683,33,28,0.608695652174,33.074799423666,32,20,0.588235294118,7.367955588401,25.706843835265,10.360510677389
Q_value,V02,Z1,M2025,REF,35,64,0.555555555556,34,29,0.630434782609,11.225533668025,32,20,0.588235294118,7.367955588401,3.857578079624,10.360510677389
Q_value,V02,Z1,M2025,REF,36,64,0.571428571429,35,30,0.652173913043,36.122972598668,32,20,0.588235294118,7.367955588401,28.755017010267,10.360510677389
Q_value,V02,Z1,M2025,REF,37,64,0.587301587302,36,31,0.673913043478,8.189830460835,32,20,0.588235294118,7.367955588401,0.821874872434,10.360510677389
Q_value,V02,Z1,M2025,REF,38,64,0.603174603175,37,32,0.695652173913,5.691883230628,32,20,0.588235294118,7.367955588401,1.676072357773,10.360510677389
Q_value,V02,Z1,M2025,REF,39,64,0.619047619048,38,33,0.717391304348,4.602789261382,32,20,0.588235294118,7.367955588401,2.765166327019,10.360510677389
Q_value,V02,Z1,M2025,REF,40,64,0.634920634921,41,34,0.739130434783,6.973969744279,32,20,0.588235294118,7.367955588401,0.393985844122,10.360510677389
Q_value,V02,Z1,M2025,REF,41,64,0.650793650794,42,35,0.760869565217,7.415338660177,32,20,0.588235294118,7.367955588401,0.047383071776,10.360510677389
Q_value,V02,Z1,M2025,REF,42,64,0.666666666667,48,36,0.782608695652,4.740277864160,32,20,0.588235294118,7.367955588401,2.627677724241,10.360510677389
Q_value,V02,Z1,M2025,REF,43,64,0.682539682540,49,37,0.804347826087,31.237802591124,33,21,0.617647058824,40.260776473247,9.022973882123,10.360510677389
Q_value,V02,Z1,M2025,REF,44,64,0.698412698413,50,38,0.826086956522,26.584541568414,33,21,0.617647058824,40.260776473247,13.676234904833,10.360510677389
Q_value,V02,Z1,M2025,REF,45,64,0.714285714286,51,39,0.847826086957,73.129958978402,33,21,0.617647058824,40.260776473247,32.869182505154,10.360510677389
Q_value,V02,Z1,M2025,REF,46,64,0.730158730159,52,40,0.869565217391,46.303070960336,33,21,0.617647058824,40.260776473247,6.042294487088,10.360510677389
Q_value,V02,Z1,M2025,REF,47,64,0.746031746032,53,41,0.891304347826,91.021082411492,33,21,0.617647058824,40.260776473247,50.760305938245,10.360510677389
Q_value,V02,Z1,M2025,REF,48,64,0.761904761905,54,42,0.913043478261,36.067643376145,33,21,0.617647058824,40.260776473247,4.193133097102,10.360510677389
Q_value,V02,Z1,M2025,REF,49,64,0.777777777778,55,43,0.934782608696,78.697299626535,33,21,0.617647058824,40.260776473247,38.436523153287,10.360510677389
Q_value,V02,Z1,M2025,REF,50,64,0.793650793651,56,44,0.956521739130,70.737945322118,33,21,0.617647058824,40.260776473247,30.477168848870,10.360510677389
Q_value,V02,Z1,M2025,REF,51,64,0.809523809524,57,45,0.978260869565,15.617397533671,35,22,0.647058823529,5.824924306653,9.792473227018,10.360510677389
Q_value,V02,Z1,M2025,REF,52,64,0.825396825397,58,46,1.000000000000,9.099171592416,37,23,0.676470588235,5.774712568362,3.324459024054,10.360510677389
Q_value,V02,Z1,M2025,REF,53,64,0.841269841270,58,46,1.000000000000,9.099171592416,51,24,0.705882352941,4.314211343034,4.784960249382,10.360510677389
Q_value,V02,Z1,M2025,REF,54,64,0.857142857143,58,46,1.000000000000,9.099171592416,55,25,0.735294117647,9.213305308334,0.114133715918,10.360510677389
Q_value,V02,Z1,M2025,REF,55,64,0.873015873016,58,46,1.000000000000,9.099171592416,56,26,0.764705882353,8.630556676404,0.468614916012,10.360510677389
Q_value,V02,Z1,M2025,REF,56,64,0.888888888889,58,46,1.000000000000,9.099171592416,57,27,0.794117647059,5.058065889911,4.041105702505,10.360510677389
Q_value,V02,Z1,M2025,REF,57,64,0.904761904762,58,46,1.000000000000,9.099171592416,58,28,0.823529411765,5.183284930274,3.915886662142,10.360510677389
Q_value,V02,Z1,M2025,REF,58,64,0.920634920635,58,46,1.000000000000,9.099171592416,59,29,0.852941176471,21.875649341233,12.776477748816,10.360510677389
Q_value,V02,Z1,M2025,REF,59,64,0.936507936508,58,46,1.000000000000,9.099171592416,60,30,0.882352941176,14.968834128294,5.869662535878,10.360510677389
Q_value,V02,Z1,M2025,REF,60,64,0.952380952381,58,46,1.000000000000,9.099171592416,61,31,0.911764705882,18.520888509878,9.421716917462,10.360510677389
Q_value,V02,Z1,M2025,REF,61,64,0.968253968254,58,46,1.000000000000,9.099171592416,62,32,0.941176470588,7.817859798858,1.281311793558,10.360510677389
Q_value,V02,Z1,M2025,REF,62,64,0.984126984127,58,46,1.000000000000,9.099171592416,63,33,0.970588235294,22.228491559198,13.129319966782,10.360510677389
Q_value,V02,Z1,M2025,REF,63,64,1.000000000000,58,46,1.000000000000,9.099171592416,65,34,1.000000000000,12.770961869093,3.671790276677,10.360510677389
Q_value,V02,Z2,M2025,REF,0,65,0.000000000000,0,0,0.000000000000,3.447937054269,7,0,0.000000000000,4.712961878461,1.265024824191,10.828325368649
Q_value,V02,Z2,M2025,REF,1,65,0.015625000000,5,1,0.021739130435,7.455585348620,8,1,0.027027027027,10.682473719624,3.226888371004,10.828325368649
Q_value,V02,Z2,M2025,REF,2,65,0.031250000000,5,1,0.021739130435,7.455585348620,9,2,0.054054054054,6.723326638055,0.732258710565,10.828325368649
Q_value,V02,Z2,M2025,REF,3,65,0.046875000000,5,1,0.021739130435,7.455585348620,10,3,0.081081081081,9.148867273891,1.693281925271,10.828325368649
Q_value,V02,Z2,M2025,REF,4,65,0.062500000000,5,1,0.021739130435,7.455585348620,11,4,0.108108108108,10.596603807224,3.141018458603,10.828325368649
Q_value,V02,Z2,M2025,REF,5,65,0.078125000000,5,1,0.021739130435,7.455585348620,12,5,0.135135135135,11.720740392173,4.265155043553,10.828325368649
Q_value,V02,Z2,M2025,REF,6,65,0.093750000000,5,1,0.021739130435,7.455585348620,13,6,0.162162162162,10.663478428791,3.207893080171,10.828325368649
Q_value,V02,Z2,M2025,REF,7,65,0.109375000000,6,2,0.043478260870,16.992255148086,15,7,0.189189189189,16.833092014376,0.159163133709,10.828325368649
Q_value,V02,Z2,M2025,REF,8,65,0.125000000000,7,3,0.065217391304,19.801359836563,15,7,0.189189189189,16.833092014376,2.968267822187,10.828325368649
Q_value,V02,Z2,M2025,REF,9,65,0.140625000000,8,4,0.086956521739,27.015376883889,15,7,0.189189189189,16.833092014376,10.182284869513,10.828325368649
Q_value,V02,Z2,M2025,REF,10,65,0.156250000000,10,5,0.108695652174,21.603104881885,15,7,0.189189189189,16.833092014376,4.770012867509,10.828325368649
Q_value,V02,Z2,M2025,REF,11,65,0.171875000000,11,6,0.130434782609,86.322322079012,16,8,0.216216216216,36.565821037258,49.756501041754,10.828325368649
Q_value,V02,Z2,M2025,REF,12,65,0.187500000000,12,7,0.152173913043,81.656393483963,16,8,0.216216216216,36.565821037258,45.090572446705,10.828325368649
Q_value,V02,Z2,M2025,REF,13,65,0.203125000000,13,8,0.173913043478,23.709688313149,16,8,0.216216216216,36.565821037258,12.856132724109,10.828325368649
Q_value,V02,Z2,M2025,REF,14,65,0.218750000000,14,9,0.195652173913,21.957404367272,16,8,0.216216216216,36.565821037258,14.608416669986,10.828325368649
Q_value,V02,Z2,M2025,REF,15,65,0.234375000000,15,10,0.217391304348,38.689814008544,16,8,0.216216216216,36.565821037258,2.123992971286,10.828325368649
Q_value,V02,Z2,M2025,REF,16,65,0.250000000000,16,11,0.239130434783,62.103287577067,16,8,0.216216216216,36.565821037258,25.537466539809,10.828325368649
Q_value,V02,Z2,M2025,REF,17,65,0.265625000000,17,12,0.260869565217,61.210006703417,16,8,0.216216216216,36.565821037258,24.644185666158,10.828325368649
Q_value,V02,Z2,M2025,REF,18,65,0.281250000000,18,13,0.282608695652,16.842821272505,17,9,0.243243243243,19.025995488222,2.183174215716,10.828325368649
Q_value,V02,Z2,M2025,REF,19,65,0.296875000000,19,14,0.304347826087,27.901129670225,18,10,0.270270270270,24.968426695543,2.932702974682,10.828325368649
Q_value,V02,Z2,M2025,REF,20,65,0.312500000000,20,15,0.326086956522,25.587494683788,18,10,0.270270270270,24.968426695543,0.619067988244,10.828325368649
Q_value,V02,Z2,M2025,REF,21,65,0.328125000000,21,16,0.347826086957,39.623076202212,18,10,0.270270270270,24.968426695543,14.654649506669,10.828325368649
Q_value,V02,Z2,M2025,REF,22,65,0.343750000000,22,17,0.369565217391,40.501518096056,18,10,0.270270270270,24.968426695543,15.533091400512,10.828325368649
Q_value,V02,Z2,M2025,REF,23,65,0.359375000000,23,18,0.391304347826,15.409386217032,19,11,0.297297297297,9.840695559506,5.568690657525,10.828325368649
Q_value,V02,Z2,M2025,REF,24,65,0.375000000000,24,19,0.413043478261,11.716405323250,19,11,0.297297297297,9.840695559506,1.875709763744,10.828325368649
Q_value,V02,Z2,M2025,REF,25,65,0.390625000000,25,20,0.434782608696,22.384333347115,20,12,0.324324324324,27.939307216570,5.554973869456,10.828325368649
Q_value,V02,Z2,M2025,REF,26,65,0.406250000000,26,21,0.456521739130,76.246871403190,21,13,0.351351351351,22.716309813976,53.530561589214,10.828325368649
Q_value,V02,Z2,M2025,REF,27,65,0.421875000000,27,22,0.478260869565,15.199337384337,22,14,0.378378378378,14.013272604874,1.186064779463,10.828325368649
Q_value,V02,Z2,M2025,REF,28,65,0.437500000000,28,23,0.500000000000,10.450255706531,22,14,0.378378378378,14.013272604874,3.563016898343,10.828325368649
Q_value,V02,Z2,M2025,REF,29,65,0.453125000000,29,24,0.521739130435,13.055540223775,22,14,0.378378378378,14.013272604874,0.957732381099,10.828325368649
Q_value,V02,Z2,M2025,REF,30,65,0.468750000000,30,25,0.543478260870,22.366099472383,22,14,0.378378378378,14.013272604874,8.352826867509,10.828325368649
Q_value,V02,Z2,M2025,REF,31,65,0.484375000000,31,26,0.565217391304,64.001370286205,23,15,0.405405405405,32.645628804891,31.355741481314,10.828325368649
Q_value,V02,Z2,M2025,REF,32,65,0.500000000000,32,27,0.586956521739,12.571413187197,24,16,0.432432432432,22.152299564330,9.580886377133,10.828325368649
Q_value,V02,Z2,M2025,REF,33,65,0.515625000000,33,28,0.608695652174,33.074799423666,25,17,0.459459459459,29.556557028641,3.518242395025,10.828325368649
Q_value,V02,Z2,M2025,REF,34,65,0.531250000000,34,29,0.630434782609,11.225533668025,26,18,0.486486486486,16.099142083274,4.873608415249,10.828325368649
Q_value,V02,Z2,M2025,REF,35,65,0.546875000000,34,29,0.630434782609,11.225533668025,27,19,0.513513513514,10.579591268647,0.645942399379,10.828325368649
Q_value,V02,Z2,M2025,REF,36,65,0.562500000000,34,29,0.630434782609,11.225533668025,28,20,0.540540540541,22.239513142340,11.013979474315,10.828325368649
Q_value,V02,Z2,M2025,REF,37,65,0.578125000000,35,30,0.652173913043,36.122972598668,29,21,0.567567567568,23.875333704044,12.247638894624,10.828325368649
Q_value,V02,Z2,M2025,REF,38,65,0.593750000000,36,31,0.673913043478,8.189830460835,30,22,0.594594594595,12.230596176199,4.040765715364,10.828325368649
Q_value,V02,Z2,M2025,REF,39,65,0.609375000000,37,32,0.695652173913,5.691883230628,30,22,0.594594594595,12.230596176199,6.538712945570,10.828325368649
Q_value,V02,Z2,M2025,REF,40,65,0.625000000000,38,33,0.717391304348,4.602789261382,30,22,0.594594594595,12.230596176199,7.627806914817,10.828325368649
Q_value,V02,Z2,M2025,REF,41,65,0.640625000000,41,34,0.739130434783,6.973969744279,30,22,0.594594594595,12.230596176199,5.256626431920,10.828325368649
Q_value,V02,Z2,M2025,REF,42,65,0.656250000000,42,35,0.760869565217,7.415338660177,30,22,0.594594594595,12.230596176199,4.815257516022,10.828325368649
Q_value,V02,Z2,M2025,REF,43,65,0.671875000000,48,36,0.782608695652,4.740277864160,31,23,0.621621621622,14.061337967298,9.321060103138,10.828325368649
Q_value,V02,Z2,M2025,REF,44,65,0.687500000000,49,37,0.804347826087,31.237802591124,32,24,0.648648648649,29.827652647072,1.410149944052,10.828325368649
Q_value,V02,Z2,M2025,REF,45,65,0.703125000000,50,38,0.826086956522,26.584541568414,32,24,0.648648648649,29.827652647072,3.243111078658,10.828325368649
Q_value,V02,Z2,M2025,REF,46,65,0.718750000000,51,39,0.847826086957,73.129958978402,32,24,0.648648648649,29.827652647072,43.302306331329,10.828325368649
Q_value,V02,Z2,M2025,REF,47,65,0.734375000000,52,40,0.869565217391,46.303070960336,32,24,0.648648648649,29.827652647072,16.475418313264,10.828325368649
Q_value,V02,Z2,M2025,REF,48,65,0.750000000000,53,41,0.891304347826,91.021082411492,32,24,0.648648648649,29.827652647072,61.193429764420,10.828325368649
Q_value,V02,Z2,M2025,REF,49,65,0.765625000000,54,42,0.913043478261,36.067643376145,32,24,0.648648648649,29.827652647072,6.239990729073,10.828325368649
Q_value,V02,Z2,M2025,REF,50,65,0.781250000000,55,43,0.934782608696,78.697299626535,32,24,0.648648648649,29.827652647072,48.869646979462,10.828325368649
Q_value,V02,Z2,M2025,REF,51,65,0.796875000000,56,44,0.956521739130,70.737945322118,32,24,0.648648648649,29.827652647072,40.910292675045,10.828325368649
Q_value,V02,Z2,M2025,REF,52,65,0.812500000000,57,45,0.978260869565,15.617397533671,33,25,0.675675675676,17.441577484284,1.824179950614,10.828325368649
Q_value,V02,Z2,M2025,REF,53,65,0.828125000000,57,45,0.978260869565,15.617397533671,34,26,0.702702702703,17.272777698583,1.655380164912,10.828325368649
Q_value,V02,Z2,M2025,REF,54,65,0.843750000000,57,45,0.978260869565,15.617397533671,35,27,0.729729729730,27.021702225752,11.404304692081,10.828325368649
Q_value,V02,Z2,M2025,REF,55,65,0.859375000000,58,46,1.000000000000,9.099171592416,36,28,0.756756756757,10.812723353175,1.713551760759,10.828325368649
Q_value,V02,Z2,M2025,REF,56,65,0.875000000000,58,46,1.000000000000,9.099171592416,39,29,0.783783783784,9.520572404953,0.421400812537,10.828325368649
Q_value,V02,Z2,M2025,REF,57,65,0.890625000000,58,46,1.000000000000,9.099171592416,40,30,0.810810810811,11.283698777084,2.184527184668,10.828325368649
Q_value,V02,Z2,M2025,REF,58,65,0.906250000000,58,46,1.000000000000,9.099171592416,45,31,0.837837837838,5.154537121255,3.944634471161,10.828325368649
Q_value,V02,Z2,M2025,REF,59,65,0.921875000000,58,46,1.000000000000,9.099171592416,46,32,0.864864864865,8.907113521773,0.192058070643,10.828325368649
Q_value,V02,Z2,M2025,REF,60,65,0.937500000000,58,46,1.000000000000,9.099171592416,47,33,0.891891891892,12.590046207133,3.490874614717,10.828325368649
Q_value,V02,Z2,M2025,REF,61,65,0.953125000000,58,46,1.000000000000,9.099171592416,48,34,0.918918918919,14.381964712644,5.282793120227,10.828325368649
Q_value,V02,Z2,M2025,REF,62,65,0.968750000000,58,46,1.000000000000,9.099171592416,49,35,0.945945945946,15.743783188234,6.644611595818,10.828325368649
Q_value,V02,Z2,M2025,REF,63,65,0.984375000000,58,46,1.000000000000,9.099171592416,50,36,0.972972972973,13.576081842683,4.476910250267,10.828325368649
Q_value,V02,Z2,M2025,REF,64,65,1.000000000000,58,46,1.000000000000,9.099171592416,51,37,1.000000000000,10.483698928734,1.384527336318,10.828325368649
SFR,V03,Z1,M2025,REF,0,86,0.000000000000,0,0,0.000000000000,27.447391354473,0,0,0.000000000000,27.224228501353,0.223162853120,2.495533553958
SFR,V03,Z1,M2025,REF,1,86,0.011764705882,0,0,0.000000000000,27.447391354473,1,1,0.016666666667,23.325737202184,4.121654152290,2.495533553958
SFR,V03,Z1,M2025,REF,2,86,0.023529411765,0,0,0.000000000000,27.447391354473,2,2,0.033333333333,23.740556436801,3.706834917672,2.495533553958
SFR,V03,Z1,M2025,REF,3,86,0.035294117647,1,1,0.016666666667,6.104176381052,3,3,0.050000000000,15.133720651323,9.029544270270,2.495533553958
SFR,V03,Z1,M2025,REF,4,86,0.047058823529,2,2,0.033333333333,7.257668029280,4,4,0.066666666667,9.053479064398,1.795811035118,2.495533553958
SFR,V03,Z1,M2025,REF,5,86,0.058823529412,3,3,0.050000000000,7.717222397772,4,4,0.066666666667,9.053479064398,1.336256666625,2.495533553958
SFR,V03,Z1,M2025,REF,6,86,0.070588235294,4,4,0.066666666667,5.088392840397,5,5,0.083333333333,4.531188141938,0.557204698460,2.495533553958
SFR,V03,Z1,M2025,REF,7,86,0.082352941176,4,4,0.066666666667,5.088392840397,6,6,0.100000000000,3.610460298178,1.477932542219,2.495533553958
SFR,V03,Z1,M2025,REF,8,86,0.094117647059,4,4,0.066666666667,5.088392840397,7,7,0.116666666667,6.990775899661,1.902383059263,2.495533553958
SFR,V03,Z1,M2025,REF,9,86,0.105882352941,5,5,0.083333333333,9.089836816578,8,8,0.133333333333,9.204210928343,0.114374111765,2.495533553958
SFR,V03,Z1,M2025,REF,10,86,0.117647058824,6,6,0.100000000000,12.503842471894,8,8,0.133333333333,9.204210928343,3.299631543551,2.495533553958
SFR,V03,Z1,M2025,REF,11,86,0.129411764706,7,7,0.116666666667,15.171999406206,9,9,0.150000000000,18.314161591097,3.142162184891,2.495533553958
SFR,V03,Z1,M2025,REF,12,86,0.141176470588,8,8,0.133333333333,18.201637423284,9,9,0.150000000000,18.314161591097,0.112524167813,2.495533553958
SFR,V03,Z1,M2025,REF,13,86,0.152941176471,9,9,0.150000000000,7.090400977046,10,10,0.166666666667,15.209872562790,8.119471585744,2.495533553958
SFR,V03,Z1,M2025,REF,14,86,0.164705882353,10,10,0.166666666667,15.315925649650,10,10,0.166666666667,15.209872562790,0.106053086860,2.495533553958
SFR,V03,Z1,M2025,REF,15,86,0.176470588235,11,11,0.183333333333,19.864482342887,11,11,0.183333333333,17.989404580651,1.875077762236,2.495533553958
SFR,V03,Z1,M2025,REF,16,86,0.188235294118,11,11,0.183333333333,19.864482342887,12,12,0.200000000000,23.240000348233,3.375518005346,2.495533553958
SFR,V03,Z1,M2025,REF,17,86,0.200000000000,11,11,0.183333333333,19.864482342887,13,13,0.216666666667,19.599044819719,0.265437523167,2.495533553958
SFR,V03,Z1,M2025,REF,18,86,0.211764705882,11,11,0.183333333333,19.864482342887,14,14,0.233333333333,20.356367266160,0.491884923274,2.495533553958
SFR,V03,Z1,M2025,REF,19,86,0.223529411765,12,12,0.200000000000,25.376052344683,15,15,0.250000000000,29.282330530174,3.906278185490,2.495533553958
SFR,V03,Z1,M2025,REF,20,86,0.235294117647,12,12,0.200000000000,25.376052344683,16,16,0.266666666667,26.102325451660,0.726273106977,2.495533553958
SFR,V03,Z1,M2025,REF,21,86,0.247058823529,13,13,0.216666666667,18.865416022571,17,17,0.283333333333,13.635264390862,5.230151631709,2.495533553958
SFR,V03,Z1,M2025,REF,22,86,0.258823529412,14,14,0.233333333333,13.426831882901,17,17,0.283333333333,13.635264390862,0.208432507961,2.495533553958
SFR,V03,Z1,M2025,REF,23,86,0.270588235294,15,15,0.250000000000,19.921966701777,18,18,0.300000000000,20.884921217593,0.962954515817,2.495533553958
SFR,V03,Z1,M2025,REF,24,86,0.282352941176,16,16,0.266666666667,17.505453148093,18,18,0.300000000000,20.884921217593,3.379468069500,2.495533553958
SFR,V03,Z1,M2025,REF,25,86,0.294117647059,17,17,0.283333333333,21.256713670566,18,18,0.300000000000,20.884921217593,0.371792452973,2.495533553958
SFR,V03,Z1,M2025,REF,26,86,0.305882352941,18,18,0.300000000000,17.140365111539,18,18,0.300000000000,20.884921217593,3.744556106054,2.495533553958
SFR,V03,Z1,M2025,REF,27,86,0.317647058824,19,19,0.316666666667,23.273312703667,19,19,0.316666666667,22.902580899609,0.370731804058,2.495533553958
SFR,V03,Z1,M2025,REF,28,86,0.329411764706,19,19,0.316666666667,23.273312703667,20,20,0.333333333333,23.994995664662,0.721682960995,2.495533553958
SFR,V03,Z1,M2025,REF,29,86,0.341176470588,19,19,0.316666666667,23.273312703667,21,21,0.350000000000,24.306693343381,1.033380639714,2.495533553958
SFR,V03,Z1,M2025,REF,30,86,0.352941176471,20,20,0.333333333333,20.042312180220,22,22,0.366666666667,18.015221327535,2.027090852685,2.495533553958
SFR,V03,Z1,M2025,REF,31,86,0.364705882353,21,21,0.350000000000,15.181246930422,22,22,0.366666666667,18.015221327535,2.833974397113,2.495533553958
SFR,V03,Z1,M2025,REF,32,86,0.376470588235,22,22,0.366666666667,21.948910366429,23,23,0.383333333333,24.094511651482,2.145601285053,2.495533553958
SFR,V03,Z1,M2025,REF,33,86,0.388235294118,22,22,0.366666666667,21.948910366429,24,24,0.400000000000,28.847292640061,6.898382273632,2.495533553958
SFR,V03,Z1,M2025,REF,34,86,0.400000000000,23,23,0.383333333333,16.990350651854,25,25,0.416666666667,13.345841411807,3.644509240048,2.495533553958
SFR,V03,Z1,M2025,REF,35,86,0.411764705882,24,24,0.400000000000,13.136850996573,25,25,0.416666666667,13.345841411807,0.208990415233,2.495533553958
SFR,V03,Z1,M2025,REF,36,86,0.423529411765,25,25,0.416666666667,25.402761559992,26,26,0.433333333333,25.100784048938,0.301977511053,2.495533553958
SFR,V03,Z1,M2025,REF,37,86,0.435294117647,25,25,0.416666666667,25.402761559992,27,27,0.450000000000,20.275128706043,5.127632853949,2.495533553958
SFR,V03,Z1,M2025,REF,38,86,0.447058823529,25,25,0.416666666667,25.402761559992,28,28,0.466666666667,24.654174340254,0.748587219738,2.495533553958
SFR,V03,Z1,M2025,REF,39,86,0.458823529412,26,26,0.433333333333,17.884583064766,29,29,0.483333333333,10.663784347705,7.220798717061,2.495533553958
SFR,V03,Z1,M2025,REF,40,86,0.470588235294,26,26,0.433333333333,17.884583064766,30,30,0.500000000000,18.629425310440,0.744842245674,2.495533553958
SFR,V03,Z1,M2025,REF,41,86,0.482352941176,26,26,0.433333333333,17.884583064766,31,31,0.516666666667,15.982341118649,1.902241946117,2.495533553958
SFR,V03,Z1,M2025,REF,42,86,0.494117647059,26,26,0.433333333333,17.884583064766,32,32,0.533333333333,18.602440562190,0.717857497423,2.495533553958
SFR,V03,Z1,M2025,REF,43,86,0.505882352941,27,27,0.450000000000,15.812707181010,33,33,0.550000000000,15.641176111256,0.171531069754,2.495533553958
SFR,V03,Z1,M2025,REF,44,86,0.517647058824,28,28,0.466666666667,16.584392472260,34,34,0.566666666667,16.396071243500,0.188321228761,2.495533553958
SFR,V03,Z1,M2025,REF,45,86,0.529411764706,28,28,0.466666666667,16.584392472260,35,35,0.583333333333,18.730096005514,2.145703533253,2.495533553958
SFR,V03,Z1,M2025,REF,46,86,0.541176470588,28,28,0.466666666667,16.584392472260,36,36,0.600000000000,16.825427601749,0.241035129488,2.495533553958
SFR,V03,Z1,M2025,REF,47,86,0.552941176471,29,29,0.483333333333,24.083574632173,37,37,0.616666666667,21.689395724048,2.394178908126,2.495533553958
SFR,V03,Z1,M2025,REF,48,86,0.564705882353,30,30,0.500000000000,21.558652344305,37,37,0.616666666667,21.689395724048,0.130743379743,2.495533553958
SFR,V03,Z1,M2025,REF,49,86,0.576470588235,31,31,0.516666666667,15.901996317359,38,38,0.633333333333,20.181399869156,4.279403551797,2.495533553958
SFR,V03,Z1,M2025,REF,50,86,0.588235294118,32,32,0.533333333333,22.099005446027,39,39,0.650000000000,24.438725408069,2.339719962042,2.495533553958
SFR,V03,Z1,M2025,REF,51,86,0.600000000000,32,32,0.533333333333,22.099005446027,40,40,0.666666666667,25.063272790018,2.964267343991,2.495533553958
SFR,V03,Z1,M2025,REF,52,86,0.611764705882,33,33,0.550000000000,20.518662009335,41,41,0.683333333333,18.050366160129,2.468295849205,2.495533553958
SFR,V03,Z1,M2025,REF,53,86,0.623529411765,34,34,0.566666666667,23.768366875636,42,42,0.700000000000,31.336625482537,7.568258606901,2.495533553958
SFR,V03,Z1,M2025,REF,54,86,0.635294117647,34,34,0.566666666667,23.768366875636,43,43,0.716666666667,27.084724464852,3.316357589216,2.495533553958
SFR,V03,Z1,M2025,REF,55,86,0.647058823529,34,34,0.566666666667,23.768366875636,44,44,0.733333333333,22.818669450651,0.949697424985,2.495533553958
SFR,V03,Z1,M2025,REF,56,86,0.658823529412,34,34,0.566666666667,23.768366875636,45,45,0.750000000000,25.674759733996,1.906392858360,2.495533553958
SFR,V03,Z1,M2025,REF,57,86,0.670588235294,34,34,0.566666666667,23.768366875636,46,46,0.766666666667,23.485090363557,0.283276512080,2.495533553958
SFR,V03,Z1,M2025,REF,58,86,0.682352941176,35,35,0.583333333333,17.994766100830,47,47,0.783333333333,19.944145668510,1.949379567680,2.495533553958
SFR,V03,Z1,M2025,REF,59,86,0.694117647059,35,35,0.583333333333,17.994766100830,48,48,0.800000000000,22.128359673937,4.133593573107,2.495533553958
SFR,V03,Z1,M2025,REF,60,86,0.705882352941,36,36,0.600000000000,14.272820943267,49,49,0.816666666667,13.355252307213,0.917568636054,2.495533553958
SFR,V03,Z1,M2025,REF,61,86,0.717647058824,37,37,0.616666666667,10.151540881743,50,50,0.833333333333,8.311793896881,1.839746984862,2.495533553958
SFR,V03,Z1,M2025,REF,62,86,0.729411764706,37,37,0.616666666667,10.151540881743,51,51,0.850000000000,10.070237021392,0.081303860351,2.495533553958
SFR,V03,Z1,M2025,REF,63,86,0.741176470588,38,38,0.633333333333,7.496863617742,52,52,0.866666666667,8.750959491299,1.254095873558,2.495533553958
SFR,V03,Z1,M2025,REF,64,86,0.752941176471,39,39,0.650000000000,8.877685585740,52,52,0.866666666667,8.750959491299,0.126726094440,2.495533553958
SFR,V03,Z1,M2025,REF,65,86,0.764705882353,40,40,0.666666666667,9.130678798129,52,52,0.866666666667,8.750959491299,0.379719306829,2.495533553958
SFR,V03,Z1,M2025,REF,66,86,0.776470588235,41,41,0.683333333333,9.958936706168,53,53,0.883333333333,11.553616581325,1.594679875157,2.495533553958
SFR,V03,Z1,M2025,REF,67,86,0.788235294118,42,42,0.700000000000,6.234493865598,54,54,0.900000000000,6.035301923210,0.199191942389,2.495533553958
SFR,V03,Z1,M2025,REF,68,86,0.800000000000,43,43,0.716666666667,2.662732453651,54,54,0.900000000000,6.035301923210,3.372569469558,2.495533553958
SFR,V03,Z1,M2025,REF,69,86,0.811764705882,44,44,0.733333333333,2.153140903040,54,54,0.900000000000,6.035301923210,3.882161020170,2.495533553958
SFR,V03,Z1,M2025,REF,70,86,0.823529411765,45,45,0.750000000000,21.855221001230,55,55,0.916666666667,9.349562259925,12.505658741305,2.495533553958
SFR,V03,Z1,M2025,REF,71,86,0.835294117647,46,46,0.766666666667,8.123955099490,56,56,0.933333333333,7.336428720730,0.787526378760,2.495533553958
SFR,V03,Z1,M2025,REF,72,86,0.847058823529,47,47,0.783333333333,7.290868842436,57,57,0.950000000000,7.618186265175,0.327317422739,2.495533553958
SFR,V03,Z1,M2025,REF,73,86,0.858823529412,48,48,0.800000000000,10.975009981498,58,58,0.966666666667,13.808556457861,2.833546476362,2.495533553958
SFR,V03,Z1,M2025,REF,74,86,0.870588235294,49,49,0.816666666667,18.729863180352,59,59,0.983333333333,17.039158984451,1.690704195901,2.495533553958
SFR,V03,Z1,M2025,REF,75,86,0.882352941176,50,50,0.833333333333,19.751115600517,60,60,1.000000000000,17.452442670183,2.298672930333,2.495533553958
SFR,V03,Z1,M2025,REF,76,86,0.894117647059,51,51,0.850000000000,18.061279020804,60,60,1.000000000000,17.452442670183,0.608836350620,2.495533553958
SFR,V03,Z1,M2025,REF,77,86,0.905882352941,52,52,0.866666666667,18.008989514847,60,60,1.000000000000,17.452442670183,0.556546844664,2.495533553958
SFR,V03,Z1,M2025,REF,78,86,0.917647058824,53,53,0.883333333333,28.696834085206,60,60,1.000000000000,17.452442670183,11.244391415023,2.495533553958
SFR,V03,Z1,M2025,REF,79,86,0.929411764706,54,54,0.900000000000,21.216549452171,60,60,1.000000000000,17.452442670183,3.764106781987,2.495533553958
SFR,V03,Z1,M2025,REF,80,86,0.941176470588,55,55,0.916666666667,19.431646281337,60,60,1.000000000000,17.452442670183,1.979203611154,2.495533553958
SFR,V03,Z1,M2025,REF,81,86,0.952941176471,56,56,0.933333333333,17.099968832302,60,60,1.000000000000,17.452442670183,0.352473837882,2.495533553958
SFR,V03,Z1,M2025,REF,82,86,0.964705882353,57,57,0.950000000000,15.684069086103,60,60,1.000000000000,17.452442670183,1.768373584080,2.495533553958
SFR,V03,Z1,M2025,REF,83,86,0.976470588235,58,58,0.966666666667,13.403921276267,60,60,1.000000000000,17.452442670183,4.048521393917,2.495533553958
SFR,V03,Z1,M2025,REF,84,86,0.988235294118,59,59,0.983333333333,9.309132877968,60,60,1.000000000000,17.452442670183,8.143309792216,2.495533553958
SFR,V03,Z1,M2025,REF,85,86,1.000000000000,60,60,1.000000000000,7.054773464338,60,60,1.000000000000,17.452442670183,10.397669205846,2.495533553958
SFR,V03,Z2,M2025,REF,0,73,0.000000000000,0,0,0.000000000000,27.447391354473,0,0,0.000000000000,13.355986927278,14.091404427195,3.097831433536
SFR,V03,Z2,M2025,REF,1,73,0.013888888889,1,1,0.016666666667,6.104176381052,1,1,0.020408163265,9.303268340547,3.199091959495,3.097831433536
SFR,V03,Z2,M2025,REF,2,73,0.027777777778,2,2,0.033333333333,7.257668029280,1,1,0.020408163265,9.303268340547,2.045600311267,3.097831433536
SFR,V03,Z2,M2025,REF,3,73,0.041666666667,3,3,0.050000000000,7.717222397772,1,1,0.020408163265,9.303268340547,1.586045942775,3.097831433536
SFR,V03,Z2,M2025,REF,4,73,0.055555555556,4,4,0.066666666667,5.088392840397,2,2,0.040816326531,4.471109406746,0.617283433651,3.097831433536
SFR,V03,Z2,M2025,REF,5,73,0.069444444444,5,5,0.083333333333,9.089836816578,3,3,0.061224489796,6.828935439281,2.260901377296,3.097831433536
SFR,V03,Z2,M2025,REF,6,73,0.083333333333,6,6,0.100000000000,12.503842471894,4,4,0.081632653061,11.882166625730,0.621675846164,3.097831433536
SFR,V03,Z2,M2025,REF,7,73,0.097222222222,7,7,0.116666666667,15.171999406206,5,5,0.102040816327,11.290782742805,3.881216663401,3.097831433536
SFR,V03,Z2,M2025,REF,8,73,0.111111111111,8,8,0.133333333333,18.201637423284,6,6,0.122448979592,30.667916875580,12.466279452295,3.097831433536
SFR,V03,Z2,M2025,REF,9,73,0.125000000000,8,8,0.133333333333,18.201637423284,7,7,0.142857142857,16.692917384192,1.508720039093,3.097831433536
SFR,V03,Z2,M2025,REF,10,73,0.138888888889,9,9,0.150000000000,7.090400977046,8,8,0.163265306122,14.215072028851,7.124671051805,3.097831433536
SFR,V03,Z2,M2025,REF,11,73,0.152777777778,10,10,0.166666666667,15.315925649650,8,8,0.163265306122,14.215072028851,1.100853620800,3.097831433536
SFR,V03,Z2,M2025,REF,12,73,0.166666666667,11,11,0.183333333333,19.864482342887,8,8,0.163265306122,14.215072028851,5.649410314036,3.097831433536
SFR,V03,Z2,M2025,REF,13,73,0.180555555556,12,12,0.200000000000,25.376052344683,9,9,0.183673469388,26.664967702769,1.288915358086,3.097831433536
SFR,V03,Z2,M2025,REF,14,73,0.194444444444,13,13,0.216666666667,18.865416022571,10,10,0.204081632653,19.209119245083,0.343703222512,3.097831433536
SFR,V03,Z2,M2025,REF,15,73,0.208333333333,14,14,0.233333333333,13.426831882901,11,11,0.224489795918,14.419406077480,0.992574194579,3.097831433536
SFR,V03,Z2,M2025,REF,16,73,0.222222222222,15,15,0.250000000000,19.921966701777,12,12,0.244897959184,18.481558879300,1.440407822476,3.097831433536
SFR,V03,Z2,M2025,REF,17,73,0.236111111111,16,16,0.266666666667,17.505453148093,12,12,0.244897959184,18.481558879300,0.976105731207,3.097831433536
SFR,V03,Z2,M2025,REF,18,73,0.250000000000,17,17,0.283333333333,21.256713670566,13,13,0.265306122449,18.752946113529,2.503767557037,3.097831433536
SFR,V03,Z2,M2025,REF,19,73,0.263888888889,18,18,0.300000000000,17.140365111539,14,14,0.285714285714,13.224380988809,3.915984122730,3.097831433536
SFR,V03,Z2,M2025,REF,20,73,0.277777777778,19,19,0.316666666667,23.273312703667,15,15,0.306122448980,18.471766265335,4.801546438332,3.097831433536
SFR,V03,Z2,M2025,REF,21,73,0.291666666667,20,20,0.333333333333,20.042312180220,16,16,0.326530612245,17.672060335887,2.370251844333,3.097831433536
SFR,V03,Z2,M2025,REF,22,73,0.305555555556,21,21,0.350000000000,15.181246930422,17,17,0.346938775510,15.145661195677,0.035585734746,3.097831433536
SFR,V03,Z2,M2025,REF,23,73,0.319444444444,21,21,0.350000000000,15.181246930422,18,18,0.367346938776,15.496063647921,0.314816717498,3.097831433536
SFR,V03,Z2,M2025,REF,24,73,0.333333333333,21,21,0.350000000000,15.181246930422,19,19,0.387755102041,17.021171407183,1.839924476761,3.097831433536
SFR,V03,Z2,M2025,REF,25,73,0.347222222222,22,22,0.366666666667,21.948910366429,20,20,0.408163265306,20.720577883530,1.228332482899,3.097831433536
SFR,V03,Z2,M2025,REF,26,73,0.361111111111,23,23,0.383333333333,16.990350651854,21,21,0.428571428571,13.328382644109,3.661968007745,3.097831433536
SFR,V03,Z2,M2025,REF,27,73,0.375000000000,24,24,0.400000000000,13.136850996573,21,21,0.428571428571,13.328382644109,0.191531647536,3.097831433536
SFR,V03,Z2,M2025,REF,28,73,0.388888888889,25,25,0.416666666667,25.402761559992,22,22,0.448979591837,21.455865030517,3.946896529474,3.097831433536
SFR,V03,Z2,M2025,REF,29,73,0.402777777778,26,26,0.433333333333,17.884583064766,23,23,0.469387755102,16.134497024141,1.750086040625,3.097831433536
SFR,V03,Z2,M2025,REF,30,73,0.416666666667,27,27,0.450000000000,15.812707181010,24,24,0.489795918367,14.704965430575,1.107741750435,3.097831433536
SFR,V03,Z2,M2025,REF,31,73,0.430555555556,27,27,0.450000000000,15.812707181010,25,25,0.510204081633,14.876735183592,0.935971997418,3.097831433536
SFR,V03,Z2,M2025,REF,32,73,0.444444444444,27,27,0.450000000000,15.812707181010,26,26,0.530612244898,15.882295531561,0.069588350551,3.097831433536
SFR,V03,Z2,M2025,REF,33,73,0.458333333333,28,28,0.466666666667,16.584392472260,27,27,0.551020408163,15.082971531766,1.501420940495,3.097831433536
SFR,V03,Z2,M2025,REF,34,73,0.472222222222,29,29,0.483333333333,24.083574632173,28,28,0.571428571429,24.957829590301,0.874254958128,3.097831433536
SFR,V03,Z2,M2025,REF,35,73,0.486111111111,29,29,0.483333333333,24.083574632173,29,29,0.591836734694,24.037318016260,0.046256615914,3.097831433536
SFR,V03,Z2,M2025,REF,36,73,0.500000000000,30,30,0.500000000000,21.558652344305,30,30,0.612244897959,20.315057571252,1.243594773053,3.097831433536
SFR,V03,Z2,M2025,REF,37,73,0.513888888889,30,30,0.500000000000,21.558652344305,31,31,0.632653061224,21.143517007683,0.415135336622,3.097831433536
SFR,V03,Z2,M2025,REF,38,73,0.527777777778,31,31,0.516666666667,15.901996317359,32,32,0.653061224490,15.837534977942,0.064461339417,3.097831433536
SFR,V03,Z2,M2025,REF,39,73,0.541666666667,32,32,0.533333333333,22.099005446027,33,33,0.673469387755,19.578775939610,2.520229506416,3.097831433536
SFR,V03,Z2,M2025,REF,40,73,0.555555555556,33,33,0.550000000000,20.518662009335,33,33,0.673469387755,19.578775939610,0.939886069724,3.097831433536
SFR,V03,Z2,M2025,REF,41,73,0.569444444444,34,34,0.566666666667,23.768366875636,33,33,0.673469387755,19.578775939610,4.189590936026,3.097831433536
SFR,V03,Z2,M2025,REF,42,73,0.583333333333,35,35,0.583333333333,17.994766100830,33,33,0.673469387755,19.578775939610,1.584009838780,3.097831433536
SFR,V03,Z2,M2025,REF,43,73,0.597222222222,36,36,0.600000000000,14.272820943267,34,34,0.693877551020,12.091872788454,2.180948154813,3.097831433536
SFR,V03,Z2,M2025,REF,44,73,0.611111111111,37,37,0.616666666667,10.151540881743,35,35,0.714285714286,10.757976432814,0.606435551071,3.097831433536
SFR,V03,Z2,M2025,REF,45,73,0.625000000000,37,37,0.616666666667,10.151540881743,36,36,0.734693877551,10.648711224981,0.497170343238,3.097831433536
SFR,V03,Z2,M2025,REF,46,73,0.638888888889,38,38,0.633333333333,7.496863617742,37,37,0.755102040816,9.892252310090,2.395388692348,3.097831433536
SFR,V03,Z2,M2025,REF,47,73,0.652777777778,39,39,0.650000000000,8.877685585740,37,37,0.755102040816,9.892252310090,1.014566724350,3.097831433536
SFR,V03,Z2,M2025,REF,48,73,0.666666666667,40,40,0.666666666667,9.130678798129,37,37,0.755102040816,9.892252310090,0.761573511961,3.097831433536
SFR,V03,Z2,M2025,REF,49,73,0.680555555556,41,41,0.683333333333,9.958936706168,37,37,0.755102040816,9.892252310090,0.066684396078,3.097831433536
SFR,V03,Z2,M2025,REF,50,73,0.694444444444,42,42,0.700000000000,6.234493865598,37,37,0.755102040816,9.892252310090,3.657758444492,3.097831433536
SFR,V03,Z2,M2025,REF,51,73,0.708333333333,43,43,0.716666666667,2.662732453651,37,37,0.755102040816,9.892252310090,7.229519856439,3.097831433536
SFR,V03,Z2,M2025,REF,52,73,0.722222222222,44,44,0.733333333333,2.153140903040,37,37,0.755102040816,9.892252310090,7.739111407050,3.097831433536
SFR,V03,Z2,M2025,REF,53,73,0.736111111111,45,45,0.750000000000,21.855221001230,37,37,0.755102040816,9.892252310090,11.962968691140,3.097831433536
SFR,V03,Z2,M2025,REF,54,73,0.750000000000,46,46,0.766666666667,8.123955099490,37,37,0.755102040816,9.892252310090,1.768297210600,3.097831433536
SFR,V03,Z2,M2025,REF,55,73,0.763888888889,47,47,0.783333333333,7.290868842436,37,37,0.755102040816,9.892252310090,2.601383467654,3.097831433536
SFR,V03,Z2,M2025,REF,56,73,0.777777777778,48,48,0.800000000000,10.975009981498,37,37,0.755102040816,9.892252310090,1.082757671409,3.097831433536
SFR,V03,Z2,M2025,REF,57,73,0.791666666667,49,49,0.816666666667,18.729863180352,38,38,0.775510204082,20.876134026333,2.146270845981,3.097831433536
SFR,V03,Z2,M2025,REF,58,73,0.805555555556,50,50,0.833333333333,19.751115600517,38,38,0.775510204082,20.876134026333,1.125018425816,3.097831433536
SFR,V03,Z2,M2025,REF,59,73,0.819444444444,51,51,0.850000000000,18.061279020804,38,38,0.775510204082,20.876134026333,2.814855005529,3.097831433536
SFR,V03,Z2,M2025,REF,60,73,0.833333333333,52,52,0.866666666667,18.008989514847,39,39,0.795918367347,24.108833708896,6.099844194050,3.097831433536
SFR,V03,Z2,M2025,REF,61,73,0.847222222222,53,53,0.883333333333,28.696834085206,40,40,0.816326530612,38.311728929325,9.614894844119,3.097831433536
SFR,V03,Z2,M2025,REF,62,73,0.861111111111,53,53,0.883333333333,28.696834085206,41,41,0.836734693878,37.696170827478,8.999336742272,3.097831433536
SFR,V03,Z2,M2025,REF,63,73,0.875000000000,53,53,0.883333333333,28.696834085206,42,42,0.857142857143,29.301365884788,0.604531799582,3.097831433536
SFR,V03,Z2,M2025,REF,64,73,0.888888888889,54,54,0.900000000000,21.216549452171,43,43,0.877551020408,13.693012028851,7.523537423320,3.097831433536
SFR,V03,Z2,M2025,REF,65,73,0.902777777778,54,54,0.900000000000,21.216549452171,44,44,0.897959183673,21.172745630156,0.043803822015,3.097831433536
SFR,V03,Z2,M2025,REF,66,73,0.916666666667,55,55,0.916666666667,19.431646281337,45,45,0.918367346939,19.975072212991,0.543425931654,3.097831433536
SFR,V03,Z2,M2025,REF,67,73,0.930555555556,55,55,0.916666666667,19.431646281337,46,46,0.938775510204,21.094425846614,1.662779565277,3.097831433536
SFR,V03,Z2,M2025,REF,68,73,0.944444444444,56,56,0.933333333333,17.099968832302,47,47,0.959183673469,18.281958697509,1.181989865207,3.097831433536
SFR,V03,Z2,M2025,REF,69,73,0.958333333333,57,57,0.950000000000,15.684069086103,47,47,0.959183673469,18.281958697509,2.597889611405,3.097831433536
SFR,V03,Z2,M2025,REF,70,73,0.972222222222,58,58,0.966666666667,13.403921276267,47,47,0.959183673469,18.281958697509,4.878037421242,3.097831433536
SFR,V03,Z2,M2025,REF,71,73,0.986111111111,59,59,0.983333333333,9.309132877968,48,48,0.979591836735,22.046370227565,12.737237349597,3.097831433536
SFR,V03,Z2,M2025,REF,72,73,1.000000000000,60,60,1.000000000000,7.054773464338,49,49,1.000000000000,23.810756361899,16.755982897561,3.097831433536
Q_value,V03,Z1,M2025,REF,0,71,0.000000000000,0,0,0.000000000000,3.447937054269,9,0,0.000000000000,11.124107164825,7.676170110555,11.128142690843
Q_value,V03,Z1,M2025,REF,1,71,0.014285714286,5,1,0.021739130435,7.455585348620,9,0,0.000000000000,11.124107164825,3.668521816204,11.128142690843
Q_value,V03,Z1,M2025,REF,2,71,0.028571428571,6,2,0.043478260870,16.992255148086,9,0,0.000000000000,11.124107164825,5.868147983261,11.128142690843
Q_value,V03,Z1,M2025,REF,3,71,0.042857142857,7,3,0.065217391304,19.801359836563,10,1,0.025641025641,25.219723340273,5.418363503710,11.128142690843
Q_value,V03,Z1,M2025,REF,4,71,0.057142857143,8,4,0.086956521739,27.015376883889,10,1,0.025641025641,25.219723340273,1.795653543616,11.128142690843
Q_value,V03,Z1,M2025,REF,5,71,0.071428571429,10,5,0.108695652174,21.603104881885,10,1,0.025641025641,25.219723340273,3.616618458387,11.128142690843
Q_value,V03,Z1,M2025,REF,6,71,0.085714285714,11,6,0.130434782609,86.322322079012,10,1,0.025641025641,25.219723340273,61.102598738739,11.128142690843
Q_value,V03,Z1,M2025,REF,7,71,0.100000000000,12,7,0.152173913043,81.656393483963,10,1,0.025641025641,25.219723340273,56.436670143690,11.128142690843
Q_value,V03,Z1,M2025,REF,8,71,0.114285714286,13,8,0.173913043478,23.709688313149,11,2,0.051282051282,23.950635879111,0.240947565962,11.128142690843
Q_value,V03,Z1,M2025,REF,9,71,0.128571428571,14,9,0.195652173913,21.957404367272,12,3,0.076923076923,20.721413995115,1.235990372157,11.128142690843
Q_value,V03,Z1,M2025,REF,10,71,0.142857142857,15,10,0.217391304348,38.689814008544,13,4,0.102564102564,36.468736874155,2.221077134389,11.128142690843
Q_value,V03,Z1,M2025,REF,11,71,0.157142857143,16,11,0.239130434783,62.103287577067,13,4,0.102564102564,36.468736874155,25.634550702912,11.128142690843
Q_value,V03,Z1,M2025,REF,12,71,0.171428571429,17,12,0.260869565217,61.210006703417,13,4,0.102564102564,36.468736874155,24.741269829262,11.128142690843
Q_value,V03,Z1,M2025,REF,13,71,0.185714285714,18,13,0.282608695652,16.842821272505,13,4,0.102564102564,36.468736874155,19.625915601650,11.128142690843
Q_value,V03,Z1,M2025,REF,14,71,0.200000000000,19,14,0.304347826087,27.901129670225,13,4,0.102564102564,36.468736874155,8.567607203930,11.128142690843
Q_value,V03,Z1,M2025,REF,15,71,0.214285714286,20,15,0.326086956522,25.587494683788,13,4,0.102564102564,36.468736874155,10.881242190367,11.128142690843
Q_value,V03,Z1,M2025,REF,16,71,0.228571428571,21,16,0.347826086957,39.623076202212,13,4,0.102564102564,36.468736874155,3.154339328057,11.128142690843
Q_value,V03,Z1,M2025,REF,17,71,0.242857142857,22,17,0.369565217391,40.501518096056,13,4,0.102564102564,36.468736874155,4.032781221901,11.128142690843
Q_value,V03,Z1,M2025,REF,18,71,0.257142857143,23,18,0.391304347826,15.409386217032,14,5,0.128205128205,18.279845830010,2.870459612978,11.128142690843
Q_value,V03,Z1,M2025,REF,19,71,0.271428571429,24,19,0.413043478261,11.716405323250,14,5,0.128205128205,18.279845830010,6.563440506760,11.128142690843
Q_value,V03,Z1,M2025,REF,20,71,0.285714285714,25,20,0.434782608696,22.384333347115,14,5,0.128205128205,18.279845830010,4.104487517105,11.128142690843
Q_value,V03,Z1,M2025,REF,21,71,0.300000000000,26,21,0.456521739130,76.246871403190,14,5,0.128205128205,18.279845830010,57.967025573180,11.128142690843
Q_value,V03,Z1,M2025,REF,22,71,0.314285714286,27,22,0.478260869565,15.199337384337,15,6,0.153846153846,14.278887441185,0.920449943152,11.128142690843
Q_value,V03,Z1,M2025,REF,23,71,0.328571428571,28,23,0.500000000000,10.450255706531,15,6,0.153846153846,14.278887441185,3.828631734654,11.128142690843
Q_value,V03,Z1,M2025,REF,24,71,0.342857142857,29,24,0.521739130435,13.055540223775,15,6,0.153846153846,14.278887441185,1.223347217410,11.128142690843
Q_value,V03,Z1,M2025,REF,25,71,0.357142857143,30,25,0.543478260870,22.366099472383,15,6,0.153846153846,14.278887441185,8.087212031198,11.128142690843
Q_value,V03,Z1,M2025,REF,26,71,0.371428571429,31,26,0.565217391304,64.001370286205,15,6,0.153846153846,14.278887441185,49.722482845020,11.128142690843
Q_value,V03,Z1,M2025,REF,27,71,0.385714285714,32,27,0.586956521739,12.571413187197,15,6,0.153846153846,14.278887441185,1.707474253988,11.128142690843
Q_value,V03,Z1,M2025,REF,28,71,0.400000000000,33,28,0.608695652174,33.074799423666,15,6,0.153846153846,14.278887441185,18.795911982481,11.128142690843
Q_value,V03,Z1,M2025,REF,29,71,0.414285714286,34,29,0.630434782609,11.225533668025,15,6,0.153846153846,14.278887441185,3.053353773160,11.128142690843
Q_value,V03,Z1,M2025,REF,30,71,0.428571428571,35,30,0.652173913043,36.122972598668,15,6,0.153846153846,14.278887441185,21.844085157483,11.128142690843
Q_value,V03,Z1,M2025,REF,31,71,0.442857142857,36,31,0.673913043478,8.189830460835,16,7,0.179487179487,6.012808616319,2.177021844516,11.128142690843
Q_value,V03,Z1,M2025,REF,32,71,0.457142857143,36,31,0.673913043478,8.189830460835,17,8,0.205128205128,7.756608165693,0.433222295142,11.128142690843
Q_value,V03,Z1,M2025,REF,33,71,0.471428571429,36,31,0.673913043478,8.189830460835,18,9,0.230769230769,8.968338108248,0.778507647413,11.128142690843
Q_value,V03,Z1,M2025,REF,34,71,0.485714285714,37,32,0.695652173913,5.691883230628,19,10,0.256410256410,5.127901019067,0.563982211561,11.128142690843
Q_value,V03,Z1,M2025,REF,35,71,0.500000000000,37,32,0.695652173913,5.691883230628,20,11,0.282051282051,7.200905485156,1.509022254528,11.128142690843
Q_value,V03,Z1,M2025,REF,36,71,0.514285714286,38,33,0.717391304348,4.602789261382,21,12,0.307692307692,3.987671556155,0.615117705227,11.128142690843
Q_value,V03,Z1,M2025,REF,37,71,0.528571428571,38,33,0.717391304348,4.602789261382,22,13,0.333333333333,4.968909345239,0.366120083857,11.128142690843
Q_value,V03,Z1,M2025,REF,38,71,0.542857142857,41,34,0.739130434783,6.973969744279,23,14,0.358974358974,8.334043202126,1.360073457847,11.128142690843
Q_value,V03,Z1,M2025,REF,39,71,0.557142857143,41,34,0.739130434783,6.973969744279,24,15,0.384615384615,7.406134530539,0.432164786260,11.128142690843
Q_value,V03,Z1,M2025,REF,40,71,0.571428571429,41,34,0.739130434783,6.973969744279,25,16,0.410256410256,6.250851995285,0.723117748994,11.128142690843
Q_value,V03,Z1,M2025,REF,41,71,0.585714285714,42,35,0.760869565217,7.415338660177,26,17,0.435897435897,7.246874064072,0.168464596105,11.128142690843
Q_value,V03,Z1,M2025,REF,42,71,0.600000000000,42,35,0.760869565217,7.415338660177,27,18,0.461538461538,12.544525519866,5.129186859689,11.128142690843
Q_value,V03,Z1,M2025,REF,43,71,0.614285714286,42,35,0.760869565217,7.415338660177,28,19,0.487179487179,5.857055646273,1.558283013903,11.128142690843
Q_value,V03,Z1,M2025,REF,44,71,0.628571428571,42,35,0.760869565217,7.415338660177,29,20,0.512820512821,11.118324357158,3.702985696982,11.128142690843
Q_value,V03,Z1,M2025,REF,45,71,0.642857142857,42,35,0.760869565217,7.415338660177,30,21,0.538461538462,10.015741000675,2.600402340498,11.128142690843
Q_value,V03,Z1,M2025,REF,46,71,0.657142857143,42,35,0.760869565217,7.415338660177,31,22,0.564102564103,15.916583935316,8.501245275139,11.128142690843
Q_value,V03,Z1,M2025,REF,47,71,0.671428571429,42,35,0.760869565217,7.415338660177,32,23,0.589743589744,5.441886077556,1.973452582621,11.128142690843
Q_value,V03,Z1,M2025,REF,48,71,0.685714285714,42,35,0.760869565217,7.415338660177,33,24,0.615384615385,13.834787038070,6.419448377893,11.128142690843
Q_value,V03,Z1,M2025,REF,49,71,0.700000000000,48,36,0.782608695652,4.740277864160,34,25,0.641025641026,11.999194445408,7.258916581248,11.128142690843
Q_value,V03,Z1,M2025,REF,50,71,0.714285714286,49,37,0.804347826087,31.237802591124,35,26,0.666666666667,22.891584484992,8.346218106133,11.128142690843
Q_value,V03,Z1,M2025,REF,51,71,0.728571428571,50,38,0.826086956522,26.584541568414,35,26,0.666666666667,22.891584484992,3.692957083422,11.128142690843
Q_value,V03,Z1,M2025,REF,52,71,0.742857142857,51,39,0.847826086957,73.129958978402,35,26,0.666666666667,22.891584484992,50.238374493410,11.128142690843
Q_value,V03,Z1,M2025,REF,53,71,0.757142857143,52,40,0.869565217391,46.303070960336,35,26,0.666666666667,22.891584484992,23.411486475344,11.128142690843
Q_value,V03,Z1,M2025,REF,54,71,0.771428571429,53,41,0.891304347826,91.021082411492,35,26,0.666666666667,22.891584484992,68.129497926501,11.128142690843
Q_value,V03,Z1,M2025,REF,55,71,0.785714285714,54,42,0.913043478261,36.067643376145,35,26,0.666666666667,22.891584484992,13.176058891154,11.128142690843
Q_value,V03,Z1,M2025,REF,56,71,0.800000000000,55,43,0.934782608696,78.697299626535,35,26,0.666666666667,22.891584484992,55.805715141543,11.128142690843
Q_value,V03,Z1,M2025,REF,57,71,0.814285714286,56,44,0.956521739130,70.737945322118,35,26,0.666666666667,22.891584484992,47.846360837126,11.128142690843
Q_value,V03,Z1,M2025,REF,58,71,0.828571428571,57,45,0.978260869565,15.617397533671,36,27,0.692307692308,7.026345361968,8.591052171703,11.128142690843
Q_value,V03,Z1,M2025,REF,59,71,0.842857142857,57,45,0.978260869565,15.617397533671,37,28,0.717948717949,10.175639198828,5.441758334843,11.128142690843
Q_value,V03,Z1,M2025,REF,60,71,0.857142857143,57,45,0.978260869565,15.617397533671,38,29,0.743589743590,20.239119351807,4.621721818137,11.128142690843
Q_value,V03,Z1,M2025,REF,61,71,0.871428571429,57,45,0.978260869565,15.617397533671,39,30,0.769230769231,14.992385940820,0.625011592851,11.128142690843
Q_value,V03,Z1,M2025,REF,62,71,0.885714285714,57,45,0.978260869565,15.617397533671,40,31,0.794871794872,15.541427078687,0.075970454984,11.128142690843
Q_value,V03,Z1,M2025,REF,63,71,0.900000000000,57,45,0.978260869565,15.617397533671,41,32,0.820512820513,14.310057228795,1.307340304876,11.128142690843
Q_value,V03,Z1,M2025,REF,64,71,0.914285714286,57,45,0.978260869565,15.617397533671,42,33,0.846153846154,20.722840223431,5.105442689760,11.128142690843
Q_value,V03,Z1,M2025,REF,65,71,0.928571428571,57,45,0.978260869565,15.617397533671,43,34,0.871794871795,13.010993124266,2.606404409404,11.128142690843
Q_value,V03,Z1,M2025,REF,66,71,0.942857142857,58,46,1.000000000000,9.099171592416,44,35,0.897435897436,10.201388849077,1.102217256661,11.128142690843
Q_value,V03,Z1,M2025,REF,67,71,0.957142857143,58,46,1.000000000000,9.099171592416,45,36,0.923076923077,13.030781071296,3.931609478880,11.128142690843
Q_value,V03,Z1,M2025,REF,68,71,0.971428571429,58,46,1.000000000000,9.099171592416,46,37,0.948717948718,13.344115372764,4.244943780348,11.128142690843
Q_value,V03,Z1,M2025,REF,69,71,0.985714285714,58,46,1.000000000000,9.099171592416,58,38,0.974358974359,4.956392438470,4.142779153946,11.128142690843
Q_value,V03,Z1,M2025,REF,70,71,1.000000000000,58,46,1.000000000000,9.099171592416,59,39,1.000000000000,4.321523900306,4.777647692110,11.128142690843
Q_value,V03,Z2,M2025,REF,0,58,0.000000000000,0,0,0.000000000000,3.447937054269,4,0,0.000000000000,12.185767500707,8.737830446438,14.409524309580
Q_value,V03,Z2,M2025,REF,1,58,0.017543859649,5,1,0.021739130435,7.455585348620,5,1,0.040000000000,9.224234506248,1.768649157628,14.409524309580
Q_value,V03,Z2,M2025,REF,2,58,0.035087719298,6,2,0.043478260870,16.992255148086,6,2,0.080000000000,20.108643678455,3.116388530370,14.409524309580
Q_value,V03,Z2,M2025,REF,3,58,0.052631578947,7,3,0.065217391304,19.801359836563,6,2,0.080000000000,20.108643678455,0.307283841893,14.409524309580
Q_value,V03,Z2,M2025,REF,4,58,0.070175438596,8,4,0.086956521739,27.015376883889,6,2,0.080000000000,20.108643678455,6.906733205434,14.409524309580
Q_value,V03,Z2,M2025,REF,5,58,0.087719298246,10,5,0.108695652174,21.603104881885,6,2,0.080000000000,20.108643678455,1.494461203430,14.409524309580
Q_value,V03,Z2,M2025,REF,6,58,0.105263157895,11,6,0.130434782609,86.322322079012,6,2,0.080000000000,20.108643678455,66.213678400557,14.409524309580
Q_value,V03,Z2,M2025,REF,7,58,0.122807017544,12,7,0.152173913043,81.656393483963,6,2,0.080000000000,20.108643678455,61.547749805508,14.409524309580
Q_value,V03,Z2,M2025,REF,8,58,0.140350877193,13,8,0.173913043478,23.709688313149,6,2,0.080000000000,20.108643678455,3.601044634694,14.409524309580
Q_value,V03,Z2,M2025,REF,9,58,0.157894736842,14,9,0.195652173913,21.957404367272,6,2,0.080000000000,20.108643678455,1.848760688817,14.409524309580
Q_value,V03,Z2,M2025,REF,10,58,0.175438596491,15,10,0.217391304348,38.689814008544,6,2,0.080000000000,20.108643678455,18.581170330089,14.409524309580
Q_value,V03,Z2,M2025,REF,11,58,0.192982456140,16,11,0.239130434783,62.103287577067,6,2,0.080000000000,20.108643678455,41.994643898612,14.409524309580
Q_value,V03,Z2,M2025,REF,12,58,0.210526315789,17,12,0.260869565217,61.210006703417,6,2,0.080000000000,20.108643678455,41.101363024961,14.409524309580
Q_value,V03,Z2,M2025,REF,13,58,0.228070175439,18,13,0.282608695652,16.842821272505,6,2,0.080000000000,20.108643678455,3.265822405950,14.409524309580
Q_value,V03,Z2,M2025,REF,14,58,0.245614035088,19,14,0.304347826087,27.901129670225,6,2,0.080000000000,20.108643678455,7.792485991770,14.409524309580
Q_value,V03,Z2,M2025,REF,15,58,0.263157894737,20,15,0.326086956522,25.587494683788,6,2,0.080000000000,20.108643678455,5.478851005332,14.409524309580
Q_value,V03,Z2,M2025,REF,16,58,0.280701754386,21,16,0.347826086957,39.623076202212,6,2,0.080000000000,20.108643678455,19.514432523757,14.409524309580
Q_value,V03,Z2,M2025,REF,17,58,0.298245614035,22,17,0.369565217391,40.501518096056,6,2,0.080000000000,20.108643678455,20.392874417600,14.409524309580
Q_value,V03,Z2,M2025,REF,18,58,0.315789473684,23,18,0.391304347826,15.409386217032,6,2,0.080000000000,20.108643678455,4.699257461423,14.409524309580
Q_value,V03,Z2,M2025,REF,19,58,0.333333333333,24,19,0.413043478261,11.716405323250,6,2,0.080000000000,20.108643678455,8.392238355205,14.409524309580
Q_value,V03,Z2,M2025,REF,20,58,0.350877192982,25,20,0.434782608696,22.384333347115,6,2,0.080000000000,20.108643678455,2.275689668660,14.409524309580
Q_value,V03,Z2,M2025,REF,21,58,0.368421052632,26,21,0.456521739130,76.246871403190,6,2,0.080000000000,20.108643678455,56.138227724734,14.409524309580
Q_value,V03,Z2,M2025,REF,22,58,0.385964912281,27,22,0.478260869565,15.199337384337,7,3,0.120000000000,12.154194626118,3.045142758219,14.409524309580
Q_value,V03,Z2,M2025,REF,23,58,0.403508771930,28,23,0.500000000000,10.450255706531,8,4,0.160000000000,8.251416595102,2.198839111429,14.409524309580
Q_value,V03,Z2,M2025,REF,24,58,0.421052631579,29,24,0.521739130435,13.055540223775,9,5,0.200000000000,14.223383341769,1.167843117994,14.409524309580
Q_value,V03,Z2,M2025,REF,25,58,0.438596491228,30,25,0.543478260870,22.366099472383,9,5,0.200000000000,14.223383341769,8.142716130614,14.409524309580
Q_value,V03,Z2,M2025,REF,26,58,0.456140350877,31,26,0.565217391304,64.001370286205,9,5,0.200000000000,14.223383341769,49.777986944436,14.409524309580
Q_value,V03,Z2,M2025,REF,27,58,0.473684210526,32,27,0.586956521739,12.571413187197,9,5,0.200000000000,14.223383341769,1.651970154572,14.409524309580
Q_value,V03,Z2,M2025,REF,28,58,0.491228070175,33,28,0.608695652174,33.074799423666,9,5,0.200000000000,14.223383341769,18.851416081897,14.409524309580
Q_value,V03,Z2,M2025,REF,29,58,0.508771929825,34,29,0.630434782609,11.225533668025,10,6,0.240000000000,10.095269633406,1.130264034619,14.409524309580
Q_value,V03,Z2,M2025,REF,30,58,0.526315789474,35,30,0.652173913043,36.122972598668,12,7,0.280000000000,11.915767115281,24.207205483387,14.409524309580
Q_value,V03,Z2,M2025,REF,31,58,0.543859649123,36,31,0.673913043478,8.189830460835,13,8,0.320000000000,6.798069543842,1.391760916992,14.409524309580
Q_value,V03,Z2,M2025,REF,32,58,0.561403508772,36,31,0.673913043478,8.189830460835,15,9,0.360000000000,9.746620072354,1.556789611519,14.409524309580
Q_value,V03,Z2,M2025,REF,33,58,0.578947368421,36,31,0.673913043478,8.189830460835,22,10,0.400000000000,7.736407994714,0.453422466120,14.409524309580
Q_value,V03,Z2,M2025,REF,34,58,0.596491228070,37,32,0.695652173913,5.691883230628,25,11,0.440000000000,6.311854197785,0.619970967156,14.409524309580
Q_value,V03,Z2,M2025,REF,35,58,0.614035087719,37,32,0.695652173913,5.691883230628,26,12,0.480000000000,6.792050858262,1.100167627633,14.409524309580
Q_value,V03,Z2,M2025,REF,36,58,0.631578947368,37,32,0.695652173913,5.691883230628,31,13,0.520000000000,6.383040355485,0.691157124857,14.409524309580
Q_value,V03,Z2,M2025,REF,37,58,0.649122807018,38,33,0.717391304348,4.602789261382,36,14,0.560000000000,4.564389161855,0.038400099526,14.409524309580
Q_value,V03,Z2,M2025,REF,38,58,0.666666666667,41,34,0.739130434783,6.973969744279,38,15,0.600000000000,9.159858554155,2.185888809876,14.409524309580
Q_value,V03,Z2,M2025,REF,39,58,0.684210526316,42,35,0.760869565217,7.415338660177,38,15,0.600000000000,9.159858554155,1.744519893978,14.409524309580
Q_value,V03,Z2,M2025,REF,40,58,0.701754385965,48,36,0.782608695652,4.740277864160,39,16,0.640000000000,9.165485950696,4.425208086536,14.409524309580
Q_value,V03,Z2,M2025,REF,41,58,0.719298245614,49,37,0.804347826087,31.237802591124,40,17,0.680000000000,18.909135311952,12.328667279173,14.409524309580
Q_value,V03,Z2,M2025,REF,42,58,0.736842105263,50,38,0.826086956522,26.584541568414,40,17,0.680000000000,18.909135311952,7.675406256462,14.409524309580
Q_value,V03,Z2,M2025,REF,43,58,0.754385964912,51,39,0.847826086957,73.129958978402,40,17,0.680000000000,18.909135311952,54.220823666450,14.409524309580
Q_value,V03,Z2,M2025,REF,44,58,0.771929824561,52,40,0.869565217391,46.303070960336,40,17,0.680000000000,18.909135311952,27.393935648384,14.409524309580
Q_value,V03,Z2,M2025,REF,45,58,0.789473684211,53,41,0.891304347826,91.021082411492,40,17,0.680000000000,18.909135311952,72.111947099541,14.409524309580
Q_value,V03,Z2,M2025,REF,46,58,0.807017543860,54,42,0.913043478261,36.067643376145,40,17,0.680000000000,18.909135311952,17.158508064194,14.409524309580
Q_value,V03,Z2,M2025,REF,47,58,0.824561403509,55,43,0.934782608696,78.697299626535,40,17,0.680000000000,18.909135311952,59.788164314583,14.409524309580
Q_value,V03,Z2,M2025,REF,48,58,0.842105263158,56,44,0.956521739130,70.737945322118,40,17,0.680000000000,18.909135311952,51.828810010166,14.409524309580
Q_value,V03,Z2,M2025,REF,49,58,0.859649122807,57,45,0.978260869565,15.617397533671,40,17,0.680000000000,18.909135311952,3.291737778281,14.409524309580
Q_value,V03,Z2,M2025,REF,50,58,0.877192982456,58,46,1.000000000000,9.099171592416,41,18,0.720000000000,8.542868597134,0.556302995282,14.409524309580
Q_value,V03,Z2,M2025,REF,51,58,0.894736842105,58,46,1.000000000000,9.099171592416,42,19,0.760000000000,11.123704012854,2.024532420438,14.409524309580
Q_value,V03,Z2,M2025,REF,52,58,0.912280701754,58,46,1.000000000000,9.099171592416,44,20,0.800000000000,8.451300187559,0.647871404857,14.409524309580
Q_value,V03,Z2,M2025,REF,53,58,0.929824561404,58,46,1.000000000000,9.099171592416,45,21,0.840000000000,5.120837003108,3.978334589308,14.409524309580
Q_value,V03,Z2,M2025,REF,54,58,0.947368421053,58,46,1.000000000000,9.099171592416,46,22,0.880000000000,5.037156100903,4.062015491513,14.409524309580
Q_value,V03,Z2,M2025,REF,55,58,0.964912280702,58,46,1.000000000000,9.099171592416,47,23,0.920000000000,5.190071415013,3.909100177403,14.409524309580
Q_value,V03,Z2,M2025,REF,56,58,0.982456140351,58,46,1.000000000000,9.099171592416,48,24,0.960000000000,9.572040068735,0.472868476319,14.409524309580
Q_value,V03,Z2,M2025,REF,57,58,1.000000000000,58,46,1.000000000000,9.099171592416,49,25,1.000000000000,4.346093453334,4.753078139082,14.409524309580
SFR,V04,Z1,M2025,REF,0,90,0.000000000000,0,0,0.000000000000,27.447391354473,0,0,0.000000000000,9.433346615046,18.014044739427,4.874503316840
SFR,V04,Z1,M2025,REF,1,90,0.011235955056,1,1,0.016666666667,6.104176381052,0,0,0.000000000000,9.433346615046,3.329170233994,4.874503316840
SFR,V04,Z1,M2025,REF,2,90,0.022471910112,2,2,0.033333333333,7.257668029280,0,0,0.000000000000,9.433346615046,2.175678585767,4.874503316840
SFR,V04,Z1,M2025,REF,3,90,0.033707865169,3,3,0.050000000000,7.717222397772,0,0,0.000000000000,9.433346615046,1.716124217274,4.874503316840
SFR,V04,Z1,M2025,REF,4,90,0.044943820225,4,4,0.066666666667,5.088392840397,0,0,0.000000000000,9.433346615046,4.344953774649,4.874503316840
SFR,V04,Z1,M2025,REF,5,90,0.056179775281,5,5,0.083333333333,9.089836816578,0,0,0.000000000000,9.433346615046,0.343509798469,4.874503316840
SFR,V04,Z1,M2025,REF,6,90,0.067415730337,6,6,0.100000000000,12.503842471894,1,1,0.020408163265,11.003917217765,1.499925254129,4.874503316840
SFR,V04,Z1,M2025,REF,7,90,0.078651685393,7,7,0.116666666667,15.171999406206,2,2,0.040816326531,12.069768712958,3.102230693248,4.874503316840
SFR,V04,Z1,M2025,REF,8,90,0.089887640449,8,8,0.133333333333,18.201637423284,2,2,0.040816326531,12.069768712958,6.131868710326,4.874503316840
SFR,V04,Z1,M2025,REF,9,90,0.101123595506,9,9,0.150000000000,7.090400977046,3,3,0.061224489796,8.896906732382,1.806505755337,4.874503316840
SFR,V04,Z1,M2025,REF,10,90,0.112359550562,10,10,0.166666666667,15.315925649650,4,4,0.081632653061,24.236160186885,8.920234537235,4.874503316840
SFR,V04,Z1,M2025,REF,11,90,0.123595505618,11,11,0.183333333333,19.864482342887,5,5,0.102040816327,22.157204411011,2.292722068125,4.874503316840
SFR,V04,Z1,M2025,REF,12,90,0.134831460674,11,11,0.183333333333,19.864482342887,6,6,0.122448979592,20.565947805578,0.701465462691,4.874503316840
SFR,V04,Z1,M2025,REF,13,90,0.146067415730,12,12,0.200000000000,25.376052344683,7,7,0.142857142857,26.221216505463,0.845164160779,4.874503316840
SFR,V04,Z1,M2025,REF,14,90,0.157303370787,12,12,0.200000000000,25.376052344683,8,8,0.163265306122,35.358225901619,9.982173556936,4.874503316840
SFR,V04,Z1,M2025,REF,15,90,0.168539325843,12,12,0.200000000000,25.376052344683,9,9,0.183673469388,28.421752671882,3.045700327199,4.874503316840
SFR,V04,Z1,M2025,REF,16,90,0.179775280899,12,12,0.200000000000,25.376052344683,10,10,0.204081632653,30.061269704703,4.685217360020,4.874503316840
SFR,V04,Z1,M2025,REF,17,90,0.191011235955,12,12,0.200000000000,25.376052344683,11,11,0.224489795918,25.152946721040,0.223105623643,4.874503316840
SFR,V04,Z1,M2025,REF,18,90,0.202247191011,12,12,0.200000000000,25.376052344683,12,12,0.244897959184,34.159731262540,8.783678917857,4.874503316840
SFR,V04,Z1,M2025,REF,19,90,0.213483146067,12,12,0.200000000000,25.376052344683,13,13,0.265306122449,25.104801990816,0.271250353868,4.874503316840
SFR,V04,Z1,M2025,REF,20,90,0.224719101124,12,12,0.200000000000,25.376052344683,14,14,0.285714285714,48.586892970283,23.210840625599,4.874503316840
SFR,V04,Z1,M2025,REF,21,90,0.235955056180,12,12,0.200000000000,25.376052344683,15,15,0.306122448980,32.765549440090,7.389497095406,4.874503316840
SFR,V04,Z1,M2025,REF,22,90,0.247191011236,12,12,0.200000000000,25.376052344683,16,16,0.326530612245,29.530457413161,4.154405068478,4.874503316840
SFR,V04,Z1,M2025,REF,23,90,0.258426966292,12,12,0.200000000000,25.376052344683,17,17,0.346938775510,27.588545584910,2.212493240226,4.874503316840
SFR,V04,Z1,M2025,REF,24,90,0.269662921348,12,12,0.200000000000,25.376052344683,18,18,0.367346938776,26.418131923852,1.042079579169,4.874503316840
SFR,V04,Z1,M2025,REF,25,90,0.280898876404,12,12,0.200000000000,25.376052344683,19,19,0.387755102041,23.905832633964,1.470219710719,4.874503316840
SFR,V04,Z1,M2025,REF,26,90,0.292134831461,12,12,0.200000000000,25.376052344683,20,20,0.408163265306,32.945334807672,7.569282462988,4.874503316840
SFR,V04,Z1,M2025,REF,27,90,0.303370786517,12,12,0.200000000000,25.376052344683,21,21,0.428571428571,30.443641694452,5.067589349768,4.874503316840
SFR,V04,Z1,M2025,REF,28,90,0.314606741573,12,12,0.200000000000,25.376052344683,22,22,0.448979591837,34.207695657859,8.831643313176,4.874503316840
SFR,V04,Z1,M2025,REF,29,90,0.325842696629,13,13,0.216666666667,18.865416022571,23,23,0.469387755102,15.753543638311,3.111872384260,4.874503316840
SFR,V04,Z1,M2025,REF,30,90,0.337078651685,14,14,0.233333333333,13.426831882901,23,23,0.469387755102,15.753543638311,2.326711755410,4.874503316840
SFR,V04,Z1,M2025,REF,31,90,0.348314606742,15,15,0.250000000000,19.921966701777,23,23,0.469387755102,15.753543638311,4.168423063466,4.874503316840
SFR,V04,Z1,M2025,REF,32,90,0.359550561798,16,16,0.266666666667,17.505453148093,23,23,0.469387755102,15.753543638311,1.751909509782,4.874503316840
SFR,V04,Z1,M2025,REF,33,90,0.370786516854,17,17,0.283333333333,21.256713670566,23,23,0.469387755102,15.753543638311,5.503170032255,4.874503316840
SFR,V04,Z1,M2025,REF,34,90,0.382022471910,18,18,0.300000000000,17.140365111539,23,23,0.469387755102,15.753543638311,1.386821473228,4.874503316840
SFR,V04,Z1,M2025,REF,35,90,0.393258426966,19,19,0.316666666667,23.273312703667,23,23,0.469387755102,15.753543638311,7.519769065356,4.874503316840
SFR,V04,Z1,M2025,REF,36,90,0.404494382022,20,20,0.333333333333,20.042312180220,23,23,0.469387755102,15.753543638311,4.288768541909,4.874503316840
SFR,V04,Z1,M2025,REF,37,90,0.415730337079,21,21,0.350000000000,15.181246930422,23,23,0.469387755102,15.753543638311,0.572296707889,4.874503316840
SFR,V04,Z1,M2025,REF,38,90,0.426966292135,22,22,0.366666666667,21.948910366429,23,23,0.469387755102,15.753543638311,6.195366728118,4.874503316840
SFR,V04,Z1,M2025,REF,39,90,0.438202247191,23,23,0.383333333333,16.990350651854,23,23,0.469387755102,15.753543638311,1.236807013543,4.874503316840
SFR,V04,Z1,M2025,REF,40,90,0.449438202247,24,24,0.400000000000,13.136850996573,23,23,0.469387755102,15.753543638311,2.616692641738,4.874503316840
SFR,V04,Z1,M2025,REF,41,90,0.460674157303,25,25,0.416666666667,25.402761559992,24,24,0.489795918367,29.546502177316,4.143740617325,4.874503316840
SFR,V04,Z1,M2025,REF,42,90,0.471910112360,25,25,0.416666666667,25.402761559992,25,25,0.510204081633,24.840849862064,0.561911697927,4.874503316840
SFR,V04,Z1,M2025,REF,43,90,0.483146067416,25,25,0.416666666667,25.402761559992,26,26,0.530612244898,24.337575196210,1.065186363782,4.874503316840
SFR,V04,Z1,M2025,REF,44,90,0.494382022472,26,26,0.433333333333,17.884583064766,27,27,0.551020408163,18.454223361489,0.569640296723,4.874503316840
SFR,V04,Z1,M2025,REF,45,90,0.505617977528,27,27,0.450000000000,15.812707181010,27,27,0.551020408163,18.454223361489,2.641516180479,4.874503316840
SFR,V04,Z1,M2025,REF,46,90,0.516853932584,28,28,0.466666666667,16.584392472260,27,27,0.551020408163,18.454223361489,1.869830889229,4.874503316840
SFR,V04,Z1,M2025,REF,47,90,0.528089887640,29,29,0.483333333333,24.083574632173,28,28,0.571428571429,26.820750089122,2.737175456949,4.874503316840
SFR,V04,Z1,M2025,REF,48,90,0.539325842697,29,29,0.483333333333,24.083574632173,29,29,0.591836734694,46.175398538131,22.091823905958,4.874503316840
SFR,V04,Z1,M2025,REF,49,90,0.550561797753,29,29,0.483333333333,24.083574632173,30,30,0.612244897959,23.658464892887,0.425109739286,4.874503316840
SFR,V04,Z1,M2025,REF,50,90,0.561797752809,30,30,0.500000000000,21.558652344305,31,31,0.632653061224,19.989145857643,1.569506486661,4.874503316840
SFR,V04,Z1,M2025,REF,51,90,0.573033707865,31,31,0.516666666667,15.901996317359,31,31,0.632653061224,19.989145857643,4.087149540284,4.874503316840
SFR,V04,Z1,M2025,REF,52,90,0.584269662921,32,32,0.533333333333,22.099005446027,32,32,0.653061224490,20.862214883270,1.236790562757,4.874503316840
SFR,V04,Z1,M2025,REF,53,90,0.595505617978,33,33,0.550000000000,20.518662009335,32,32,0.653061224490,20.862214883270,0.343552873936,4.874503316840
SFR,V04,Z1,M2025,REF,54,90,0.606741573034,34,34,0.566666666667,23.768366875636,33,33,0.673469387755,37.292632744816,13.524265869180,4.874503316840
SFR,V04,Z1,M2025,REF,55,90,0.617977528090,34,34,0.566666666667,23.768366875636,34,34,0.693877551020,26.904998347801,3.136631472164,4.874503316840
SFR,V04,Z1,M2025,REF,56,90,0.629213483146,35,35,0.583333333333,17.994766100830,35,35,0.714285714286,15.043761984540,2.951004116290,4.874503316840
SFR,V04,Z1,M2025,REF,57,90,0.640449438202,36,36,0.600000000000,14.272820943267,35,35,0.714285714286,15.043761984540,0.770941041272,4.874503316840
SFR,V04,Z1,M2025,REF,58,90,0.651685393258,37,37,0.616666666667,10.151540881743,36,36,0.734693877551,9.677603489499,0.473937392244,4.874503316840
SFR,V04,Z1,M2025,REF,59,90,0.662921348315,38,38,0.633333333333,7.496863617742,36,36,0.734693877551,9.677603489499,2.180739871758,4.874503316840
SFR,V04,Z1,M2025,REF,60,90,0.674157303371,39,39,0.650000000000,8.877685585740,36,36,0.734693877551,9.677603489499,0.799917903759,4.874503316840
SFR,V04,Z1,M2025,REF,61,90,0.685393258427,40,40,0.666666666667,9.130678798129,36,36,0.734693877551,9.677603489499,0.546924691371,4.874503316840
SFR,V04,Z1,M2025,REF,62,90,0.696629213483,41,41,0.683333333333,9.958936706168,36,36,0.734693877551,9.677603489499,0.281333216669,4.874503316840
SFR,V04,Z1,M2025,REF,63,90,0.707865168539,42,42,0.700000000000,6.234493865598,36,36,0.734693877551,9.677603489499,3.443109623901,4.874503316840
SFR,V04,Z1,M2025,REF,64,90,0.719101123596,43,43,0.716666666667,2.662732453651,36,36,0.734693877551,9.677603489499,7.014871035848,4.874503316840
SFR,V04,Z1,M2025,REF,65,90,0.730337078652,44,44,0.733333333333,2.153140903040,36,36,0.734693877551,9.677603489499,7.524462586460,4.874503316840
SFR,V04,Z1,M2025,REF,66,90,0.741573033708,45,45,0.750000000000,21.855221001230,36,36,0.734693877551,9.677603489499,12.177617511730,4.874503316840
SFR,V04,Z1,M2025,REF,67,90,0.752808988764,46,46,0.766666666667,8.123955099490,36,36,0.734693877551,9.677603489499,1.553648390009,4.874503316840
SFR,V04,Z1,M2025,REF,68,90,0.764044943820,47,47,0.783333333333,7.290868842436,36,36,0.734693877551,9.677603489499,2.386734647064,4.874503316840
SFR,V04,Z1,M2025,REF,69,90,0.775280898876,48,48,0.800000000000,10.975009981498,36,36,0.734693877551,9.677603489499,1.297406491999,4.874503316840
SFR,V04,Z1,M2025,REF,70,90,0.786516853933,49,49,0.816666666667,18.729863180352,37,37,0.755102040816,18.034640456290,0.695222724062,4.874503316840
SFR,V04,Z1,M2025,REF,71,90,0.797752808989,50,50,0.833333333333,19.751115600517,38,38,0.775510204082,20.426051577751,0.674935977234,4.874503316840
SFR,V04,Z1,M2025,REF,72,90,0.808988764045,51,51,0.850000000000,18.061279020804,38,38,0.775510204082,20.426051577751,2.364772556947,4.874503316840
SFR,V04,Z1,M2025,REF,73,90,0.820224719101,52,52,0.866666666667,18.008989514847,39,39,0.795918367347,20.471242337757,2.462252822910,4.874503316840
SFR,V04,Z1,M2025,REF,74,90,0.831460674157,53,53,0.883333333333,28.696834085206,40,40,0.816326530612,37.503122216742,8.806288131536,4.874503316840
SFR,V04,Z1,M2025,REF,75,90,0.842696629213,53,53,0.883333333333,28.696834085206,41,41,0.836734693878,38.817243237397,10.120409152191,4.874503316840
SFR,V04,Z1,M2025,REF,76,90,0.853932584270,53,53,0.883333333333,28.696834085206,42,42,0.857142857143,35.595876386695,6.899042301489,4.874503316840
SFR,V04,Z1,M2025,REF,77,90,0.865168539326,53,53,0.883333333333,28.696834085206,43,43,0.877551020408,28.118412676878,0.578421408328,4.874503316840
SFR,V04,Z1,M2025,REF,78,90,0.876404494382,53,53,0.883333333333,28.696834085206,44,44,0.897959183673,32.277299670133,3.580465584927,4.874503316840
SFR,V04,Z1,M2025,REF,79,90,0.887640449438,53,53,0.883333333333,28.696834085206,45,45,0.918367346939,31.107145813632,2.410311728426,4.874503316840
SFR,V04,Z1,M2025,REF,80,90,0.898876404494,53,53,0.883333333333,28.696834085206,46,46,0.938775510204,35.364345635523,6.667511550317,4.874503316840
SFR,V04,Z1,M2025,REF,81,90,0.910112359551,53,53,0.883333333333,28.696834085206,47,47,0.959183673469,36.762522218798,8.065688133592,4.874503316840
SFR,V04,Z1,M2025,REF,82,90,0.921348314607,53,53,0.883333333333,28.696834085206,48,48,0.979591836735,30.871788999159,2.174954913953,4.874503316840
SFR,V04,Z1,M2025,REF,83,90,0.932584269663,54,54,0.900000000000,21.216549452171,49,49,1.000000000000,28.451031261963,7.234481809792,4.874503316840
SFR,V04,Z1,M2025,REF,84,90,0.943820224719,55,55,0.916666666667,19.431646281337,49,49,1.000000000000,28.451031261963,9.019384980626,4.874503316840
SFR,V04,Z1,M2025,REF,85,90,0.955056179775,56,56,0.933333333333,17.099968832302,49,49,1.000000000000,28.451031261963,11.351062429661,4.874503316840
SFR,V04,Z1,M2025,REF,86,90,0.966292134831,57,57,0.950000000000,15.684069086103,49,49,1.000000000000,28.451031261963,12.766962175860,4.874503316840
SFR,V04,Z1,M2025,REF,87,90,0.977528089888,58,58,0.966666666667,13.403921276267,49,49,1.000000000000,28.451031261963,15.047109985696,4.874503316840
SFR,V04,Z1,M2025,REF,88,90,0.988764044944,59,59,0.983333333333,9.309132877968,49,49,1.000000000000,28.451031261963,19.141898383996,4.874503316840
SFR,V04,Z1,M2025,REF,89,90,1.000000000000,60,60,1.000000000000,7.054773464338,49,49,1.000000000000,28.451031261963,21.396257797626,4.874503316840
SFR,V04,Z2,M2025,REF,0,111,0.000000000000,0,0,0.000000000000,27.447391354473,0,0,0.000000000000,33.053162995645,5.605771641172,3.343064192591
SFR,V04,Z2,M2025,REF,1,111,0.009090909091,0,0,0.000000000000,27.447391354473,1,1,0.013333333333,24.339045216082,3.108346138391,3.343064192591
SFR,V04,Z2,M2025,REF,2,111,0.018181818182,1,1,0.016666666667,6.104176381052,2,2,0.026666666667,13.729600283300,7.625423902248,3.343064192591
SFR,V04,Z2,M2025,REF,3,111,0.027272727273,2,2,0.033333333333,7.257668029280,3,3,0.040000000000,13.981521400557,6.723853371278,3.343064192591
SFR,V04,Z2,M2025,REF,4,111,0.036363636364,3,3,0.050000000000,7.717222397772,4,4,0.053333333333,5.751391340454,1.965831057318,3.343064192591
SFR,V04,Z2,M2025,REF,5,111,0.045454545455,4,4,0.066666666667,5.088392840397,4,4,0.053333333333,5.751391340454,0.662998500057,3.343064192591
SFR,V04,Z2,M2025,REF,6,111,0.054545454545,5,5,0.083333333333,9.089836816578,5,5,0.066666666667,7.305292653372,1.784544163206,3.343064192591
SFR,V04,Z2,M2025,REF,7,111,0.063636363636,6,6,0.100000000000,12.503842471894,6,6,0.080000000000,21.277975457319,8.774132985425,3.343064192591
SFR,V04,Z2,M2025,REF,8,111,0.072727272727,7,7,0.116666666667,15.171999406206,7,7,0.093333333333,14.168890298707,1.003109107499,3.343064192591
SFR,V04,Z2,M2025,REF,9,111,0.081818181818,8,8,0.133333333333,18.201637423284,8,8,0.106666666667,20.974355512555,2.772718089271,3.343064192591
SFR,V04,Z2,M2025,REF,10,111,0.090909090909,8,8,0.133333333333,18.201637423284,9,9,0.120000000000,21.354637378879,3.152999955595,3.343064192591
SFR,V04,Z2,M2025,REF,11,111,0.100000000000,9,9,0.150000000000,7.090400977046,10,10,0.133333333333,14.337858722546,7.247457745501,3.343064192591
SFR,V04,Z2,M2025,REF,12,111,0.109090909091,10,10,0.166666666667,15.315925649650,10,10,0.133333333333,14.337858722546,0.978066927104,3.343064192591
SFR,V04,Z2,M2025,REF,13,111,0.118181818182,11,11,0.183333333333,19.864482342887,11,11,0.146666666667,22.694034428136,2.829552085249,3.343064192591
SFR,V04,Z2,M2025,REF,14,111,0.127272727273,12,12,0.200000000000,25.376052344683,12,12,0.160000000000,29.182971175944,3.806918831260,3.343064192591
SFR,V04,Z2,M2025,REF,15,111,0.136363636364,12,12,0.200000000000,25.376052344683,13,13,0.173333333333,29.240996121196,3.864943776512,3.343064192591
SFR,V04,Z2,M2025,REF,16,111,0.145454545455,12,12,0.200000000000,25.376052344683,14,14,0.186666666667,28.821311541697,3.445259197013,3.343064192591
SFR,V04,Z2,M2025,REF,17,111,0.154545454545,12,12,0.200000000000,25.376052344683,15,15,0.200000000000,28.425819912777,3.049767568093,3.343064192591
SFR,V04,Z2,M2025,REF,18,111,0.163636363636,12,12,0.200000000000,25.376052344683,16,16,0.213333333333,29.122354643836,3.746302299153,3.343064192591
SFR,V04,Z2,M2025,REF,19,111,0.172727272727,12,12,0.200000000000,25.376052344683,17,17,0.226666666667,28.651935341400,3.275882996716,3.343064192591
SFR,V04,Z2,M2025,REF,20,111,0.181818181818,12,12,0.200000000000,25.376052344683,18,18,0.240000000000,24.103161578915,1.272890765769,3.343064192591
SFR,V04,Z2,M2025,REF,21,111,0.190909090909,12,12,0.200000000000,25.376052344683,19,19,0.253333333333,36.240179500435,10.864127155752,3.343064192591
SFR,V04,Z2,M2025,REF,22,111,0.200000000000,12,12,0.200000000000,25.376052344683,20,20,0.266666666667,32.492836603754,7.116784259070,3.343064192591
SFR,V04,Z2,M2025,REF,23,111,0.209090909091,12,12,0.200000000000,25.376052344683,21,21,0.280000000000,28.938965017011,3.562912672328,3.343064192591
SFR,V04,Z2,M2025,REF,24,111,0.218181818182,12,12,0.200000000000,25.376052344683,22,22,0.293333333333,25.321127573100,0.054924771583,3.343064192591
SFR,V04,Z2,M2025,REF,25,111,0.227272727273,12,12,0.200000000000,25.376052344683,23,23,0.306666666667,36.749780994365,11.373728649681,3.343064192591
SFR,V04,Z2,M2025,REF,26,111,0.236363636364,12,12,0.200000000000,25.376052344683,24,24,0.320000000000,32.564166523605,7.188114178922,3.343064192591
SFR,V04,Z2,M2025,REF,27,111,0.245454545455,12,12,0.200000000000,25.376052344683,25,25,0.333333333333,21.233073555299,4.142978789384,3.343064192591
SFR,V04,Z2,M2025,REF,28,111,0.254545454545,12,12,0.200000000000,25.376052344683,26,26,0.346666666667,26.548297008166,1.172244663483,3.343064192591
SFR,V04,Z2,M2025,REF,29,111,0.263636363636,12,12,0.200000000000,25.376052344683,27,27,0.360000000000,24.879043269195,0.497009075488,3.343064192591
SFR,V04,Z2,M2025,REF,30,111,0.272727272727,12,12,0.200000000000,25.376052344683,28,28,0.373333333333,19.105738908465,6.270313436218,3.343064192591
SFR,V04,Z2,M2025,REF,31,111,0.281818181818,12,12,0.200000000000,25.376052344683,29,29,0.386666666667,26.492827947615,1.116775602932,3.343064192591
SFR,V04,Z2,M2025,REF,32,111,0.290909090909,12,12,0.200000000000,25.376052344683,30,30,0.400000000000,36.063907007662,10.687854662979,3.343064192591
SFR,V04,Z2,M2025,REF,33,111,0.300000000000,12,12,0.200000000000,25.376052344683,31,31,0.413333333333,23.828760186949,1.547292157734,3.343064192591
SFR,V04,Z2,M2025,REF,34,111,0.309090909091,12,12,0.200000000000,25.376052344683,32,32,0.426666666667,18.985279823844,6.390772520840,3.343064192591
SFR,V04,Z2,M2025,REF,35,111,0.318181818182,12,12,0.200000000000,25.376052344683,33,33,0.440000000000,35.674566807246,10.298514462563,3.343064192591
SFR,V04,Z2,M2025,REF,36,111,0.327272727273,12,12,0.200000000000,25.376052344683,34,34,0.453333333333,25.116814299396,0.259238045287,3.343064192591
SFR,V04,Z2,M2025,REF,37,111,0.336363636364,12,12,0.200000000000,25.376052344683,35,35,0.466666666667,24.521296505855,0.854755838828,3.343064192591
SFR,V04,Z2,M2025,REF,38,111,0.345454545455,12,12,0.200000000000,25.376052344683,36,36,0.480000000000,23.803149612538,1.572902732146,3.343064192591
SFR,V04,Z2,M2025,REF,39,111,0.354545454545,12,12,0.200000000000,25.376052344683,37,37,0.493333333333,34.709315853309,9.333263508626,3.343064192591
SFR,V04,Z2,M2025,REF,40,111,0.363636363636,12,12,0.200000000000,25.376052344683,38,38,0.506666666667,21.782258921706,3.593793422977,3.343064192591
SFR,V04,Z2,M2025,REF,41,111,0.372727272727,12,12,0.200000000000,25.376052344683,39,39,0.520000000000,20.608966525345,4.767085819338,3.343064192591
SFR,V04,Z2,M2025,REF,42,111,0.381818181818,12,12,0.200000000000,25.376052344683,40,40,0.533333333333,27.817465443381,2.441413098698,3.343064192591
SFR,V04,Z2,M2025,REF,43,111,0.390909090909,12,12,0.200000000000,25.376052344683,41,41,0.546666666667,33.839925296577,8.463872951893,3.343064192591
SFR,V04,Z2,M2025,REF,44,111,0.400000000000,13,13,0.216666666667,18.865416022571,42,42,0.560000000000,19.340550403457,0.475134380886,3.343064192591
SFR,V04,Z2,M2025,REF,45,111,0.409090909091,14,14,0.233333333333,13.426831882901,42,42,0.560000000000,19.340550403457,5.913718520556,3.343064192591
SFR,V04,Z2,M2025,REF,46,111,0.418181818182,15,15,0.250000000000,19.921966701777,42,42,0.560000000000,19.340550403457,0.581416298320,3.343064192591
SFR,V04,Z2,M2025,REF,47,111,0.427272727273,16,16,0.266666666667,17.505453148093,42,42,0.560000000000,19.340550403457,1.835097255364,3.343064192591
SFR,V04,Z2,M2025,REF,48,111,0.436363636364,17,17,0.283333333333,21.256713670566,42,42,0.560000000000,19.340550403457,1.916163267109,3.343064192591
SFR,V04,Z2,M2025,REF,49,111,0.445454545455,18,18,0.300000000000,17.140365111539,42,42,0.560000000000,19.340550403457,2.200185291918,3.343064192591
SFR,V04,Z2,M2025,REF,50,111,0.454545454545,19,19,0.316666666667,23.273312703667,43,43,0.573333333333,23.395203642317,0.121890938650,3.343064192591
SFR,V04,Z2,M2025,REF,51,111,0.463636363636,19,19,0.316666666667,23.273312703667,44,44,0.586666666667,26.817928571132,3.544615867465,3.343064192591
SFR,V04,Z2,M2025,REF,52,111,0.472727272727,19,19,0.316666666667,23.273312703667,45,45,0.600000000000,22.105905842201,1.167406861466,3.343064192591
SFR,V04,Z2,M2025,REF,53,111,0.481818181818,19,19,0.316666666667,23.273312703667,46,46,0.613333333333,27.012664367956,3.739351664289,3.343064192591
SFR,V04,Z2,M2025,REF,54,111,0.490909090909,19,19,0.316666666667,23.273312703667,47,47,0.626666666667,24.210340156876,0.937027453210,3.343064192591
SFR,V04,Z2,M2025,REF,55,111,0.500000000000,19,19,0.316666666667,23.273312703667,48,48,0.640000000000,27.883697968556,4.610385264889,3.343064192591
SFR,V04,Z2,M2025,REF,56,111,0.509090909091,19,19,0.316666666667,23.273312703667,49,49,0.653333333333,22.441318446133,0.831994257534,3.343064192591
SFR,V04,Z2,M2025,REF,57,111,0.518181818182,19,19,0.316666666667,23.273312703667,50,50,0.666666666667,20.829984940016,2.443327763651,3.343064192591
SFR,V04,Z2,M2025,REF,58,111,0.527272727273,19,19,0.316666666667,23.273312703667,51,51,0.680000000000,24.491083589821,1.217770886155,3.343064192591
SFR,V04,Z2,M2025,REF,59,111,0.536363636364,19,19,0.316666666667,23.273312703667,52,52,0.693333333333,25.479906863886,2.206594160219,3.343064192591
SFR,V04,Z2,M2025,REF,60,111,0.545454545455,20,20,0.333333333333,20.042312180220,53,53,0.706666666667,18.409482613805,1.632829566415,3.343064192591
SFR,V04,Z2,M2025,REF,61,111,0.554545454545,21,21,0.350000000000,15.181246930422,53,53,0.706666666667,18.409482613805,3.228235683383,3.343064192591
SFR,V04,Z2,M2025,REF,62,111,0.563636363636,22,22,0.366666666667,21.948910366429,54,54,0.720000000000,22.471016132781,0.522105766352,3.343064192591
SFR,V04,Z2,M2025,REF,63,111,0.572727272727,22,22,0.366666666667,21.948910366429,55,55,0.733333333333,26.616176922340,4.667266555911,3.343064192591
SFR,V04,Z2,M2025,REF,64,111,0.581818181818,22,22,0.366666666667,21.948910366429,56,56,0.746666666667,21.884308543241,0.064601823189,3.343064192591
SFR,V04,Z2,M2025,REF,65,111,0.590909090909,22,22,0.366666666667,21.948910366429,57,57,0.760000000000,22.295738707306,0.346828340877,3.343064192591
SFR,V04,Z2,M2025,REF,66,111,0.600000000000,22,22,0.366666666667,21.948910366429,58,58,0.773333333333,29.160352319607,7.211441953178,3.343064192591
SFR,V04,Z2,M2025,REF,67,111,0.609090909091,22,22,0.366666666667,21.948910366429,59,59,0.786666666667,21.238303641260,0.710606725169,3.343064192591
SFR,V04,Z2,M2025,REF,68,111,0.618181818182,23,23,0.383333333333,16.990350651854,60,60,0.800000000000,16.366474075031,0.623876576824,3.343064192591
SFR,V04,Z2,M2025,REF,69,111,0.627272727273,24,24,0.400000000000,13.136850996573,60,60,0.800000000000,16.366474075031,3.229623078457,3.343064192591
SFR,V04,Z2,M2025,REF,70,111,0.636363636364,25,25,0.416666666667,25.402761559992,61,61,0.813333333333,25.070957163751,0.331804396241,3.343064192591
SFR,V04,Z2,M2025,REF,71,111,0.645454545455,25,25,0.416666666667,25.402761559992,62,62,0.826666666667,20.712911214969,4.689850345023,3.343064192591
SFR,V04,Z2,M2025,REF,72,111,0.654545454545,25,25,0.416666666667,25.402761559992,63,63,0.840000000000,20.559515518229,4.843246041763,3.343064192591
SFR,V04,Z2,M2025,REF,73,111,0.663636363636,25,25,0.416666666667,25.402761559992,64,64,0.853333333333,26.430898731884,1.028137171893,3.343064192591
SFR,V04,Z2,M2025,REF,74,111,0.672727272727,25,25,0.416666666667,25.402761559992,65,65,0.866666666667,24.798248481120,0.604513078871,3.343064192591
SFR,V04,Z2,M2025,REF,75,111,0.681818181818,26,26,0.433333333333,17.884583064766,66,66,0.880000000000,16.235665097491,1.648917967275,3.343064192591
SFR,V04,Z2,M2025,REF,76,111,0.690909090909,27,27,0.450000000000,15.812707181010,66,66,0.880000000000,16.235665097491,0.422957916481,3.343064192591
SFR,V04,Z2,M2025,REF,77,111,0.700000000000,28,28,0.466666666667,16.584392472260,67,67,0.893333333333,17.200322322225,0.615929849964,3.343064192591
SFR,V04,Z2,M2025,REF,78,111,0.709090909091,29,29,0.483333333333,24.083574632173,68,68,0.906666666667,21.089466732357,2.994107899816,3.343064192591
SFR,V04,Z2,M2025,REF,79,111,0.718181818182,30,30,0.500000000000,21.558652344305,68,68,0.906666666667,21.089466732357,0.469185611947,3.343064192591
SFR,V04,Z2,M2025,REF,80,111,0.727272727273,31,31,0.516666666667,15.901996317359,69,69,0.920000000000,17.448316313357,1.546319995998,3.343064192591
SFR,V04,Z2,M2025,REF,81,111,0.736363636364,31,31,0.516666666667,15.901996317359,70,70,0.933333333333,14.263815490386,1.638180826973,3.343064192591
SFR,V04,Z2,M2025,REF,82,111,0.745454545455,32,32,0.533333333333,22.099005446027,71,71,0.946666666667,23.812282078200,1.713276632173,3.343064192591
SFR,V04,Z2,M2025,REF,83,111,0.754545454545,33,33,0.550000000000,20.518662009335,72,72,0.960000000000,20.863578119052,0.344916109718,3.343064192591
SFR,V04,Z2,M2025,REF,84,111,0.763636363636,34,34,0.566666666667,23.768366875636,72,72,0.960000000000,20.863578119052,2.904788756584,3.343064192591
SFR,V04,Z2,M2025,REF,85,111,0.772727272727,35,35,0.583333333333,17.994766100830,72,72,0.960000000000,20.863578119052,2.868812018222,3.343064192591
SFR,V04,Z2,M2025,REF,86,111,0.781818181818,36,36,0.600000000000,14.272820943267,73,73,0.973333333333,10.415560220658,3.857260722610,3.343064192591
SFR,V04,Z2,M2025,REF,87,111,0.790909090909,37,37,0.616666666667,10.151540881743,73,73,0.973333333333,10.415560220658,0.264019338914,3.343064192591
SFR,V04,Z2,M2025,REF,88,111,0.800000000000,38,38,0.633333333333,7.496863617742,73,73,0.973333333333,10.415560220658,2.918696602916,3.343064192591
SFR,V04,Z2,M2025,REF,89,111,0.809090909091,39,39,0.650000000000,8.877685585740,73,73,0.973333333333,10.415560220658,1.537874634918,3.343064192591
SFR,V04,Z2,M2025,REF,90,111,0.818181818182,40,40,0.666666666667,9.130678798129,73,73,0.973333333333,10.415560220658,1.284881422529,3.343064192591
SFR,V04,Z2,M2025,REF,91,111,0.827272727273,41,41,0.683333333333,9.958936706168,73,73,0.973333333333,10.415560220658,0.456623514489,3.343064192591
SFR,V04,Z2,M2025,REF,92,111,0.836363636364,42,42,0.700000000000,6.234493865598,73,73,0.973333333333,10.415560220658,4.181066355059,3.343064192591
SFR,V04,Z2,M2025,REF,93,111,0.845454545455,43,43,0.716666666667,2.662732453651,73,73,0.973333333333,10.415560220658,7.752827767006,3.343064192591
SFR,V04,Z2,M2025,REF,94,111,0.854545454545,44,44,0.733333333333,2.153140903040,73,73,0.973333333333,10.415560220658,8.262419317618,3.343064192591
SFR,V04,Z2,M2025,REF,95,111,0.863636363636,45,45,0.750000000000,21.855221001230,73,73,0.973333333333,10.415560220658,11.439660780572,3.343064192591
SFR,V04,Z2,M2025,REF,96,111,0.872727272727,46,46,0.766666666667,8.123955099490,73,73,0.973333333333,10.415560220658,2.291605121167,3.343064192591
SFR,V04,Z2,M2025,REF,97,111,0.881818181818,47,47,0.783333333333,7.290868842436,73,73,0.973333333333,10.415560220658,3.124691378222,3.343064192591
SFR,V04,Z2,M2025,REF,98,111,0.890909090909,48,48,0.800000000000,10.975009981498,74,74,0.986666666667,13.738484722914,2.763474741416,3.343064192591
SFR,V04,Z2,M2025,REF,99,111,0.900000000000,49,49,0.816666666667,18.729863180352,75,75,1.000000000000,18.414632376127,0.315230804225,3.343064192591
SFR,V04,Z2,M2025,REF,100,111,0.909090909091,50,50,0.833333333333,19.751115600517,75,75,1.000000000000,18.414632376127,1.336483224390,3.343064192591
SFR,V04,Z2,M2025,REF,101,111,0.918181818182,51,51,0.850000000000,18.061279020804,75,75,1.000000000000,18.414632376127,0.353353355323,3.343064192591
SFR,V04,Z2,M2025,REF,102,111,0.927272727273,52,52,0.866666666667,18.008989514847,75,75,1.000000000000,18.414632376127,0.405642861280,3.343064192591
SFR,V04,Z2,M2025,REF,103,111,0.936363636364,53,53,0.883333333333,28.696834085206,75,75,1.000000000000,18.414632376127,10.282201709079,3.343064192591
SFR,V04,Z2,M2025,REF,104,111,0.945454545455,54,54,0.900000000000,21.216549452171,75,75,1.000000000000,18.414632376127,2.801917076044,3.343064192591
SFR,V04,Z2,M2025,REF,105,111,0.954545454545,55,55,0.916666666667,19.431646281337,75,75,1.000000000000,18.414632376127,1.017013905211,3.343064192591
SFR,V04,Z2,M2025,REF,106,111,0.963636363636,56,56,0.933333333333,17.099968832302,75,75,1.000000000000,18.414632376127,1.314663543825,3.343064192591
SFR,V04,Z2,M2025,REF,107,111,0.972727272727,57,57,0.950000000000,15.684069086103,75,75,1.000000000000,18.414632376127,2.730563290023,3.343064192591
SFR,V04,Z2,M2025,REF,108,111,0.981818181818,58,58,0.966666666667,13.403921276267,75,75,1.000000000000,18.414632376127,5.010711099860,3.343064192591
SFR,V04,Z2,M2025,REF,109,111,0.990909090909,59,59,0.983333333333,9.309132877968,75,75,1.000000000000,18.414632376127,9.105499498159,3.343064192591
SFR,V04,Z2,M2025,REF,110,111,1.000000000000,60,60,1.000000000000,7.054773464338,75,75,1.000000000000,18.414632376127,11.359858911789,3.343064192591
Q_value,V04,Z1,M2025,REF,0,62,0.000000000000,0,0,0.000000000000,3.447937054269,4,0,0.000000000000,11.287699468571,7.839762414302,10.150240485524
Q_value,V04,Z1,M2025,REF,1,62,0.016393442623,5,1,0.021739130435,7.455585348620,4,0,0.000000000000,11.287699468571,3.832114119951,10.150240485524
Q_value,V04,Z1,M2025,REF,2,62,0.032786885246,6,2,0.043478260870,16.992255148086,5,1,0.022727272727,17.879069357725,0.886814209639,10.150240485524
Q_value,V04,Z1,M2025,REF,3,62,0.049180327869,7,3,0.065217391304,19.801359836563,6,2,0.045454545455,4.688663594848,15.112696241715,10.150240485524
Q_value,V04,Z1,M2025,REF,4,62,0.065573770492,8,4,0.086956521739,27.015376883889,7,3,0.068181818182,23.620574131298,3.394802752591,10.150240485524
Q_value,V04,Z1,M2025,REF,5,62,0.081967213115,10,5,0.108695652174,21.603104881885,7,3,0.068181818182,23.620574131298,2.017469249413,10.150240485524
Q_value,V04,Z1,M2025,REF,6,62,0.098360655738,11,6,0.130434782609,86.322322079012,8,4,0.090909090909,32.056505085937,54.265816993075,10.150240485524
Q_value,V04,Z1,M2025,REF,7,62,0.114754098361,12,7,0.152173913043,81.656393483963,8,4,0.090909090909,32.056505085937,49.599888398026,10.150240485524
Q_value,V04,Z1,M2025,REF,8,62,0.131147540984,13,8,0.173913043478,23.709688313149,9,5,0.113636363636,18.494784255532,5.214904057617,10.150240485524
Q_value,V04,Z1,M2025,REF,9,62,0.147540983607,14,9,0.195652173913,21.957404367272,10,6,0.136363636364,16.695250845113,5.262153522159,10.150240485524
Q_value,V04,Z1,M2025,REF,10,62,0.163934426230,14,9,0.195652173913,21.957404367272,11,7,0.159090909091,17.932892740436,4.024511626836,10.150240485524
Q_value,V04,Z1,M2025,REF,11,62,0.180327868852,15,10,0.217391304348,38.689814008544,12,8,0.181818181818,33.668583687934,5.021230320610,10.150240485524
Q_value,V04,Z1,M2025,REF,12,62,0.196721311475,16,11,0.239130434783,62.103287577067,12,8,0.181818181818,33.668583687934,28.434703889133,10.150240485524
Q_value,V04,Z1,M2025,REF,13,62,0.213114754098,17,12,0.260869565217,61.210006703417,12,8,0.181818181818,33.668583687934,27.541423015482,10.150240485524
Q_value,V04,Z1,M2025,REF,14,62,0.229508196721,18,13,0.282608695652,16.842821272505,13,9,0.204545454545,15.784196736422,1.058624536083,10.150240485524
Q_value,V04,Z1,M2025,REF,15,62,0.245901639344,19,14,0.304347826087,27.901129670225,14,10,0.227272727273,22.030927662233,5.870202007992,10.150240485524
Q_value,V04,Z1,M2025,REF,16,62,0.262295081967,20,15,0.326086956522,25.587494683788,15,11,0.250000000000,25.336208416926,0.251286266862,10.150240485524
Q_value,V04,Z1,M2025,REF,17,62,0.278688524590,20,15,0.326086956522,25.587494683788,16,12,0.272727272727,20.737141648778,4.850353035009,10.150240485524
Q_value,V04,Z1,M2025,REF,18,62,0.295081967213,20,15,0.326086956522,25.587494683788,17,13,0.295454545455,25.966209410234,0.378714726446,10.150240485524
Q_value,V04,Z1,M2025,REF,19,62,0.311475409836,20,15,0.326086956522,25.587494683788,18,14,0.318181818182,25.840031225476,0.252536541688,10.150240485524
Q_value,V04,Z1,M2025,REF,20,62,0.327868852459,20,15,0.326086956522,25.587494683788,19,15,0.340909090909,21.093720036139,4.493774647649,10.150240485524
Q_value,V04,Z1,M2025,REF,21,62,0.344262295082,20,15,0.326086956522,25.587494683788,20,16,0.363636363636,23.193458546230,2.394036137557,10.150240485524
Q_value,V04,Z1,M2025,REF,22,62,0.360655737705,21,16,0.347826086957,39.623076202212,21,17,0.386363636364,27.338977522050,12.284098680161,10.150240485524
Q_value,V04,Z1,M2025,REF,23,62,0.377049180328,22,17,0.369565217391,40.501518096056,21,17,0.386363636364,27.338977522050,13.162540574005,10.150240485524
Q_value,V04,Z1,M2025,REF,24,62,0.393442622951,23,18,0.391304347826,15.409386217032,22,18,0.409090909091,16.436158622054,1.026772405022,10.150240485524
Q_value,V04,Z1,M2025,REF,25,62,0.409836065574,24,19,0.413043478261,11.716405323250,23,19,0.431818181818,11.952945654909,0.236540331659,10.150240485524
Q_value,V04,Z1,M2025,REF,26,62,0.426229508197,25,20,0.434782608696,22.384333347115,24,20,0.454545454545,32.354488200582,9.970154853468,10.150240485524
Q_value,V04,Z1,M2025,REF,27,62,0.442622950820,26,21,0.456521739130,76.246871403190,25,21,0.477272727273,68.323129627747,7.923741775443,10.150240485524
Q_value,V04,Z1,M2025,REF,28,62,0.459016393443,27,22,0.478260869565,15.199337384337,26,22,0.500000000000,16.222415708591,1.023078324254,10.150240485524
Q_value,V04,Z1,M2025,REF,29,62,0.475409836066,28,23,0.500000000000,10.450255706531,26,22,0.500000000000,16.222415708591,5.772160002060,10.150240485524
Q_value,V04,Z1,M2025,REF,30,62,0.491803278689,29,24,0.521739130435,13.055540223775,26,22,0.500000000000,16.222415708591,3.166875484816,10.150240485524
Q_value,V04,Z1,M2025,REF,31,62,0.508196721311,30,25,0.543478260870,22.366099472383,27,23,0.522727272727,36.411533739134,14.045434266750,10.150240485524
Q_value,V04,Z1,M2025,REF,32,62,0.524590163934,31,26,0.565217391304,64.001370286205,28,24,0.545454545455,38.838911278949,25.162459007255,10.150240485524
Q_value,V04,Z1,M2025,REF,33,62,0.540983606557,32,27,0.586956521739,12.571413187197,29,25,0.568181818182,26.639829574516,14.068416387319,10.150240485524
Q_value,V04,Z1,M2025,REF,34,62,0.557377049180,32,27,0.586956521739,12.571413187197,30,26,0.590909090909,12.711251472900,0.139838285703,10.150240485524
Q_value,V04,Z1,M2025,REF,35,62,0.573770491803,32,27,0.586956521739,12.571413187197,31,27,0.613636363636,8.474235039627,4.097178147570,10.150240485524
Q_value,V04,Z1,M2025,REF,36,62,0.590163934426,33,28,0.608695652174,33.074799423666,32,28,0.636363636364,32.366967848333,0.707831575333,10.150240485524
Q_value,V04,Z1,M2025,REF,37,62,0.606557377049,34,29,0.630434782609,11.225533668025,33,29,0.659090909091,16.613343819422,5.387810151396,10.150240485524
Q_value,V04,Z1,M2025,REF,38,62,0.622950819672,35,30,0.652173913043,36.122972598668,34,30,0.681818181818,25.416181417689,10.706791180979,10.150240485524
Q_value,V04,Z1,M2025,REF,39,62,0.639344262295,36,31,0.673913043478,8.189830460835,35,31,0.704545454545,8.043481255364,0.146349205471,10.150240485524
Q_value,V04,Z1,M2025,REF,40,62,0.655737704918,37,32,0.695652173913,5.691883230628,35,31,0.704545454545,8.043481255364,2.351598024736,10.150240485524
Q_value,V04,Z1,M2025,REF,41,62,0.672131147541,38,33,0.717391304348,4.602789261382,35,31,0.704545454545,8.043481255364,3.440691993982,10.150240485524
Q_value,V04,Z1,M2025,REF,42,62,0.688524590164,41,34,0.739130434783,6.973969744279,35,31,0.704545454545,8.043481255364,1.069511511085,10.150240485524
Q_value,V04,Z1,M2025,REF,43,62,0.704918032787,42,35,0.760869565217,7.415338660177,35,31,0.704545454545,8.043481255364,0.628142595187,10.150240485524
Q_value,V04,Z1,M2025,REF,44,62,0.721311475410,48,36,0.782608695652,4.740277864160,37,32,0.727272727273,11.091938830258,6.351660966098,10.150240485524
Q_value,V04,Z1,M2025,REF,45,62,0.737704918033,49,37,0.804347826087,31.237802591124,38,33,0.750000000000,25.716627395393,5.521175195731,10.150240485524
Q_value,V04,Z1,M2025,REF,46,62,0.754098360656,50,38,0.826086956522,26.584541568414,39,34,0.772727272727,24.378514970670,2.206026597744,10.150240485524
Q_value,V04,Z1,M2025,REF,47,62,0.770491803279,50,38,0.826086956522,26.584541568414,40,35,0.795454545455,27.216414307711,0.631872739297,10.150240485524
Q_value,V04,Z1,M2025,REF,48,62,0.786885245902,50,38,0.826086956522,26.584541568414,41,36,0.818181818182,34.761064460641,8.176522892227,10.150240485524
Q_value,V04,Z1,M2025,REF,49,62,0.803278688525,50,38,0.826086956522,26.584541568414,42,37,0.840909090909,21.820964856350,4.763576712064,10.150240485524
Q_value,V04,Z1,M2025,REF,50,62,0.819672131148,50,38,0.826086956522,26.584541568414,43,38,0.863636363636,21.535103319403,5.049438249011,10.150240485524
Q_value,V04,Z1,M2025,REF,51,62,0.836065573770,51,39,0.847826086957,73.129958978402,44,39,0.886363636364,33.258637031985,39.871321946417,10.150240485524
Q_value,V04,Z1,M2025,REF,52,62,0.852459016393,52,40,0.869565217391,46.303070960336,44,39,0.886363636364,33.258637031985,13.044433928351,10.150240485524
Q_value,V04,Z1,M2025,REF,53,62,0.868852459016,53,41,0.891304347826,91.021082411492,44,39,0.886363636364,33.258637031985,57.762445379508,10.150240485524
Q_value,V04,Z1,M2025,REF,54,62,0.885245901639,54,42,0.913043478261,36.067643376145,44,39,0.886363636364,33.258637031985,2.809006344160,10.150240485524
Q_value,V04,Z1,M2025,REF,55,62,0.901639344262,55,43,0.934782608696,78.697299626535,44,39,0.886363636364,33.258637031985,45.438662594550,10.150240485524
Q_value,V04,Z1,M2025,REF,56,62,0.918032786885,56,44,0.956521739130,70.737945322118,44,39,0.886363636364,33.258637031985,37.479308290133,10.150240485524
Q_value,V04,Z1,M2025,REF,57,62,0.934426229508,57,45,0.978260869565,15.617397533671,45,40,0.909090909091,23.153046055414,7.535648521743,10.150240485524
Q_value,V04,Z1,M2025,REF,58,62,0.950819672131,57,45,0.978260869565,15.617397533671,46,41,0.931818181818,22.539125526323,6.921727992653,10.150240485524
Q_value,V04,Z1,M2025,REF,59,62,0.967213114754,57,45,0.978260869565,15.617397533671,47,42,0.954545454545,17.775442772377,2.158045238706,10.150240485524
Q_value,V04,Z1,M2025,REF,60,62,0.983606557377,57,45,0.978260869565,15.617397533671,48,43,0.977272727273,21.410539959567,5.793142425897,10.150240485524
Q_value,V04,Z1,M2025,REF,61,62,1.000000000000,58,46,1.000000000000,9.099171592416,49,44,1.000000000000,18.384232207151,9.285060614735,10.150240485524
Q_value,V04,Z2,M2025,REF,0,86,0.000000000000,0,0,0.000000000000,3.447937054269,3,0,0.000000000000,8.393082157571,4.945145103301,8.947443674647
Q_value,V04,Z2,M2025,REF,1,86,0.011764705882,5,1,0.021739130435,7.455585348620,6,1,0.014492753623,7.732895586730,0.277310238110,8.947443674647
Q_value,V04,Z2,M2025,REF,2,86,0.023529411765,5,1,0.021739130435,7.455585348620,7,2,0.028985507246,6.092612634160,1.362972714460,8.947443674647
Q_value,V04,Z2,M2025,REF,3,86,0.035294117647,5,1,0.021739130435,7.455585348620,8,3,0.043478260870,8.527916641163,1.072331292542,8.947443674647
Q_value,V04,Z2,M2025,REF,4,86,0.047058823529,5,1,0.021739130435,7.455585348620,9,4,0.057971014493,10.263494545255,2.807909196635,8.947443674647
Q_value,V04,Z2,M2025,REF,5,86,0.058823529412,5,1,0.021739130435,7.455585348620,11,5,0.072463768116,8.383672414486,0.928087065866,8.947443674647
Q_value,V04,Z2,M2025,REF,6,86,0.070588235294,5,1,0.021739130435,7.455585348620,12,6,0.086956521739,19.599327187671,12.143741839051,8.947443674647
Q_value,V04,Z2,M2025,REF,7,86,0.082352941176,5,1,0.021739130435,7.455585348620,13,7,0.101449275362,9.197611429785,1.742026081165,8.947443674647
Q_value,V04,Z2,M2025,REF,8,86,0.094117647059,5,1,0.021739130435,7.455585348620,14,8,0.115942028986,10.810596183831,3.355010835211,8.947443674647
Q_value,V04,Z2,M2025,REF,9,86,0.105882352941,5,1,0.021739130435,7.455585348620,15,9,0.130434782609,7.765012257717,0.309426909096,8.947443674647
Q_value,V04,Z2,M2025,REF,10,86,0.117647058824,6,2,0.043478260870,16.992255148086,16,10,0.144927536232,26.433279080862,9.441023932776,8.947443674647
Q_value,V04,Z2,M2025,REF,11,86,0.129411764706,6,2,0.043478260870,16.992255148086,17,11,0.159420289855,14.786708292650,2.205546855436,8.947443674647
Q_value,V04,Z2,M2025,REF,12,86,0.141176470588,7,3,0.065217391304,19.801359836563,18,12,0.173913043478,12.415509802731,7.385850033832,8.947443674647
Q_value,V04,Z2,M2025,REF,13,86,0.152941176471,8,4,0.086956521739,27.015376883889,19,13,0.188405797101,26.764378953660,0.250997930229,8.947443674647
Q_value,V04,Z2,M2025,REF,14,86,0.164705882353,10,5,0.108695652174,21.603104881885,20,14,0.202898550725,17.714339150784,3.888765731102,8.947443674647
Q_value,V04,Z2,M2025,REF,15,86,0.176470588235,11,6,0.130434782609,86.322322079012,21,15,0.217391304348,25.455102974863,60.867219104149,8.947443674647
Q_value,V04,Z2,M2025,REF,16,86,0.188235294118,12,7,0.152173913043,81.656393483963,21,15,0.217391304348,25.455102974863,56.201290509100,8.947443674647
Q_value,V04,Z2,M2025,REF,17,86,0.200000000000,13,8,0.173913043478,23.709688313149,21,15,0.217391304348,25.455102974863,1.745414661714,8.947443674647
Q_value,V04,Z2,M2025,REF,18,86,0.211764705882,14,9,0.195652173913,21.957404367272,22,16,0.231884057971,10.687196649299,11.270207717973,8.947443674647
Q_value,V04,Z2,M2025,REF,19,86,0.223529411765,15,10,0.217391304348,38.689814008544,23,17,0.246376811594,33.299029571754,5.390784436790,8.947443674647
Q_value,V04,Z2,M2025,REF,20,86,0.235294117647,16,11,0.239130434783,62.103287577067,23,17,0.246376811594,33.299029571754,28.804258005313,8.947443674647
Q_value,V04,Z2,M2025,REF,21,86,0.247058823529,17,12,0.260869565217,61.210006703417,23,17,0.246376811594,33.299029571754,27.910977131663,8.947443674647
Q_value,V04,Z2,M2025,REF,22,86,0.258823529412,18,13,0.282608695652,16.842821272505,24,18,0.260869565217,13.134227901050,3.708593371456,8.947443674647
Q_value,V04,Z2,M2025,REF,23,86,0.270588235294,18,13,0.282608695652,16.842821272505,25,19,0.275362318841,9.620340998317,7.222480274188,8.947443674647
Q_value,V04,Z2,M2025,REF,24,86,0.282352941176,18,13,0.282608695652,16.842821272505,26,20,0.289855072464,15.648795857813,1.194025414692,8.947443674647
Q_value,V04,Z2,M2025,REF,25,86,0.294117647059,18,13,0.282608695652,16.842821272505,27,21,0.304347826087,12.230206962217,4.612614310288,8.947443674647
Q_value,V04,Z2,M2025,REF,26,86,0.305882352941,18,13,0.282608695652,16.842821272505,28,22,0.318840579710,8.245915809167,8.596905463338,8.947443674647
Q_value,V04,Z2,M2025,REF,27,86,0.317647058824,18,13,0.282608695652,16.842821272505,29,23,0.333333333333,16.345316725889,0.497504546617,8.947443674647
Q_value,V04,Z2,M2025,REF,28,86,0.329411764706,19,14,0.304347826087,27.901129670225,30,24,0.347826086957,34.220555141586,6.319425471361,8.947443674647
Q_value,V04,Z2,M2025,REF,29,86,0.341176470588,20,15,0.326086956522,25.587494683788,30,24,0.347826086957,34.220555141586,8.633060457799,8.947443674647
Q_value,V04,Z2,M2025,REF,30,86,0.352941176471,21,16,0.347826086957,39.623076202212,30,24,0.347826086957,34.220555141586,5.402521060626,8.947443674647
Q_value,V04,Z2,M2025,REF,31,86,0.364705882353,22,17,0.369565217391,40.501518096056,30,24,0.347826086957,34.220555141586,6.280962954469,8.947443674647
Q_value,V04,Z2,M2025,REF,32,86,0.376470588235,23,18,0.391304347826,15.409386217032,31,25,0.362318840580,15.241821765946,0.167564451086,8.947443674647
Q_value,V04,Z2,M2025,REF,33,86,0.388235294118,24,19,0.413043478261,11.716405323250,32,26,0.376811594203,8.943880203897,2.772525119353,8.947443674647
Q_value,V04,Z2,M2025,REF,34,86,0.400000000000,25,20,0.434782608696,22.384333347115,33,27,0.391304347826,25.192327603185,2.807994256070,8.947443674647
Q_value,V04,Z2,M2025,REF,35,86,0.411764705882,26,21,0.456521739130,76.246871403190,33,27,0.391304347826,25.192327603185,51.054543800005,8.947443674647
Q_value,V04,Z2,M2025,REF,36,86,0.423529411765,27,22,0.478260869565,15.199337384337,34,28,0.405797101449,8.875089477473,6.324247906864,8.947443674647
Q_value,V04,Z2,M2025,REF,37,86,0.435294117647,28,23,0.500000000000,10.450255706531,35,29,0.420289855072,11.224332977469,0.774077270938,8.947443674647
Q_value,V04,Z2,M2025,REF,38,86,0.447058823529,28,23,0.500000000000,10.450255706531,36,30,0.434782608696,7.964536611058,2.485719095473,8.947443674647
Q_value,V04,Z2,M2025,REF,39,86,0.458823529412,28,23,0.500000000000,10.450255706531,37,31,0.449275362319,23.644941844833,13.194686138302,8.947443674647
Q_value,V04,Z2,M2025,REF,40,86,0.470588235294,28,23,0.500000000000,10.450255706531,38,32,0.463768115942,4.482561588713,5.967694117818,8.947443674647
Q_value,V04,Z2,M2025,REF,41,86,0.482352941176,28,23,0.500000000000,10.450255706531,39,33,0.478260869565,5.351228767031,5.099026939500,8.947443674647
Q_value,V04,Z2,M2025,REF,42,86,0.494117647059,29,24,0.521739130435,13.055540223775,40,34,0.492753623188,16.340899272967,3.285359049192,8.947443674647
Q_value,V04,Z2,M2025,REF,43,86,0.505882352941,29,24,0.521739130435,13.055540223775,41,35,0.507246376812,15.068107286383,2.012567062608,8.947443674647
Q_value,V04,Z2,M2025,REF,44,86,0.517647058824,29,24,0.521739130435,13.055540223775,42,36,0.521739130435,5.197117181129,7.858423042646,8.947443674647
Q_value,V04,Z2,M2025,REF,45,86,0.529411764706,29,24,0.521739130435,13.055540223775,43,37,0.536231884058,12.055054517436,1.000485706339,8.947443674647
Q_value,V04,Z2,M2025,REF,46,86,0.541176470588,30,25,0.543478260870,22.366099472383,44,38,0.550724637681,26.545851979297,4.179752506914,8.947443674647
Q_value,V04,Z2,M2025,REF,47,86,0.552941176471,31,26,0.565217391304,64.001370286205,44,38,0.550724637681,26.545851979297,37.455518306908,8.947443674647
Q_value,V04,Z2,M2025,REF,48,86,0.564705882353,32,27,0.586956521739,12.571413187197,45,39,0.565217391304,14.033831472857,1.462418285660,8.947443674647
Q_value,V04,Z2,M2025,REF,49,86,0.576470588235,32,27,0.586956521739,12.571413187197,46,40,0.579710144928,14.407012660593,1.835599473396,8.947443674647
Q_value,V04,Z2,M2025,REF,50,86,0.588235294118,33,28,0.608695652174,33.074799423666,47,41,0.594202898551,25.247391381975,7.827408041691,8.947443674647
Q_value,V04,Z2,M2025,REF,51,86,0.600000000000,34,29,0.630434782609,11.225533668025,48,42,0.608695652174,21.929484230929,10.703950562904,8.947443674647
Q_value,V04,Z2,M2025,REF,52,86,0.611764705882,34,29,0.630434782609,11.225533668025,49,43,0.623188405797,10.181250540117,1.044283127908,8.947443674647
Q_value,V04,Z2,M2025,REF,53,86,0.623529411765,34,29,0.630434782609,11.225533668025,50,44,0.637681159420,19.428039072614,8.202505404589,8.947443674647
Q_value,V04,Z2,M2025,REF,54,86,0.635294117647,35,30,0.652173913043,36.122972598668,51,45,0.652173913043,39.220844921466,3.097872322797,8.947443674647
Q_value,V04,Z2,M2025,REF,55,86,0.647058823529,36,31,0.673913043478,8.189830460835,52,46,0.666666666667,13.735601877766,5.545771416932,8.947443674647
Q_value,V04,Z2,M2025,REF,56,86,0.658823529412,37,32,0.695652173913,5.691883230628,53,47,0.681159420290,8.872100801399,3.180217570770,8.947443674647
Q_value,V04,Z2,M2025,REF,57,86,0.670588235294,38,33,0.717391304348,4.602789261382,53,47,0.681159420290,8.872100801399,4.269311540017,8.947443674647
Q_value,V04,Z2,M2025,REF,58,86,0.682352941176,41,34,0.739130434783,6.973969744279,54,48,0.695652173913,14.487695689977,7.513725945699,8.947443674647
Q_value,V04,Z2,M2025,REF,59,86,0.694117647059,42,35,0.760869565217,7.415338660177,55,49,0.710144927536,14.690440072635,7.275101412459,8.947443674647
Q_value,V04,Z2,M2025,REF,60,86,0.705882352941,48,36,0.782608695652,4.740277864160,56,50,0.724637681159,9.228335600325,4.488057736166,8.947443674647
Q_value,V04,Z2,M2025,REF,61,86,0.717647058824,49,37,0.804347826087,31.237802591124,57,51,0.739130434783,20.980089311320,10.257713279804,8.947443674647
Q_value,V04,Z2,M2025,REF,62,86,0.729411764706,50,38,0.826086956522,26.584541568414,57,51,0.739130434783,20.980089311320,5.604452257094,8.947443674647
Q_value,V04,Z2,M2025,REF,63,86,0.741176470588,51,39,0.847826086957,73.129958978402,58,52,0.753623188406,34.563951111001,38.566007867401,8.947443674647
Q_value,V04,Z2,M2025,REF,64,86,0.752941176471,52,40,0.869565217391,46.303070960336,58,52,0.753623188406,34.563951111001,11.739119849335,8.947443674647
Q_value,V04,Z2,M2025,REF,65,86,0.764705882353,53,41,0.891304347826,91.021082411492,58,52,0.753623188406,34.563951111001,56.457131300491,8.947443674647
Q_value,V04,Z2,M2025,REF,66,86,0.776470588235,54,42,0.913043478261,36.067643376145,58,52,0.753623188406,34.563951111001,1.503692265144,8.947443674647
Q_value,V04,Z2,M2025,REF,67,86,0.788235294118,55,43,0.934782608696,78.697299626535,58,52,0.753623188406,34.563951111001,44.133348515534,8.947443674647
Q_value,V04,Z2,M2025,REF,68,86,0.800000000000,56,44,0.956521739130,70.737945322118,58,52,0.753623188406,34.563951111001,36.173994211117,8.947443674647
Q_value,V04,Z2,M2025,REF,69,86,0.811764705882,57,45,0.978260869565,15.617397533671,59,53,0.768115942029,14.932661654142,0.684735879528,8.947443674647
Q_value,V04,Z2,M2025,REF,70,86,0.823529411765,57,45,0.978260869565,15.617397533671,60,54,0.782608695652,11.275983309165,4.341414224506,8.947443674647
Q_value,V04,Z2,M2025,REF,71,86,0.835294117647,57,45,0.978260869565,15.617397533671,61,55,0.797101449275,17.301286953533,1.683889419862,8.947443674647
Q_value,V04,Z2,M2025,REF,72,86,0.847058823529,57,45,0.978260869565,15.617397533671,62,56,0.811594202899,15.896812740026,0.279415206356,8.947443674647
Q_value,V04,Z2,M2025,REF,73,86,0.858823529412,57,45,0.978260869565,15.617397533671,63,57,0.826086956522,15.200625905040,0.416771628631,8.947443674647
Q_value,V04,Z2,M2025,REF,74,86,0.870588235294,57,45,0.978260869565,15.617397533671,64,58,0.840579710145,24.893075173102,9.275677639432,8.947443674647
Q_value,V04,Z2,M2025,REF,75,86,0.882352941176,57,45,0.978260869565,15.617397533671,65,59,0.855072463768,20.748746099330,5.131348565659,8.947443674647
Q_value,V04,Z2,M2025,REF,76,86,0.894117647059,57,45,0.978260869565,15.617397533671,66,60,0.869565217391,9.056670797556,6.560726736115,8.947443674647
Q_value,V04,Z2,M2025,REF,77,86,0.905882352941,57,45,0.978260869565,15.617397533671,67,61,0.884057971014,8.721900951637,6.895496582033,8.947443674647
Q_value,V04,Z2,M2025,REF,78,86,0.917647058824,57,45,0.978260869565,15.617397533671,68,62,0.898550724638,22.322003126134,6.704605592463,8.947443674647
Q_value,V04,Z2,M2025,REF,79,86,0.929411764706,57,45,0.978260869565,15.617397533671,69,63,0.913043478261,15.551749929921,0.065647603750,8.947443674647
Q_value,V04,Z2,M2025,REF,80,86,0.941176470588,57,45,0.978260869565,15.617397533671,70,64,0.927536231884,9.580520016800,6.036877516871,8.947443674647
Q_value,V04,Z2,M2025,REF,81,86,0.952941176471,57,45,0.978260869565,15.617397533671,71,65,0.942028985507,16.987925102843,1.370527569172,8.947443674647
Q_value,V04,Z2,M2025,REF,82,86,0.964705882353,57,45,0.978260869565,15.617397533671,72,66,0.956521739130,13.891433863453,1.725963670218,8.947443674647
Q_value,V04,Z2,M2025,REF,83,86,0.976470588235,58,46,1.000000000000,9.099171592416,73,67,0.971014492754,7.462221908415,1.636949684001,8.947443674647
Q_value,V04,Z2,M2025,REF,84,86,0.988235294118,58,46,1.000000000000,9.099171592416,74,68,0.985507246377,9.940977896875,0.841806304459,8.947443674647
Q_value,V04,Z2,M2025,REF,85,86,1.000000000000,58,46,1.000000000000,9.099171592416,75,69,1.000000000000,10.831215981744,1.732044389328,8.947443674647
SFR,V05,Z1,M2025,REF,0,86,0.000000000000,0,0,0.000000000000,27.447391354473,0,0,0.000000000000,20.874246156293,6.573145198180,5.941107953090
SFR,V05,Z1,M2025,REF,1,86,0.011764705882,0,0,0.000000000000,27.447391354473,1,1,0.021739130435,31.044722626745,3.597331272272,5.941107953090
SFR,V05,Z1,M2025,REF,2,86,0.023529411765,1,1,0.016666666667,6.104176381052,2,2,0.043478260870,5.332633040083,0.771543340969,5.941107953090
SFR,V05,Z1,M2025,REF,3,86,0.035294117647,2,2,0.033333333333,7.257668029280,2,2,0.043478260870,5.332633040083,1.925034989197,5.941107953090
SFR,V05,Z1,M2025,REF,4,86,0.047058823529,3,3,0.050000000000,7.717222397772,2,2,0.043478260870,5.332633040083,2.384589357689,5.941107953090
SFR,V05,Z1,M2025,REF,5,86,0.058823529412,4,4,0.066666666667,5.088392840397,2,2,0.043478260870,5.332633040083,0.244240199686,5.941107953090
SFR,V05,Z1,M2025,REF,6,86,0.070588235294,5,5,0.083333333333,9.089836816578,2,2,0.043478260870,5.332633040083,3.757203776495,5.941107953090
SFR,V05,Z1,M2025,REF,7,86,0.082352941176,6,6,0.100000000000,12.503842471894,3,3,0.065217391304,18.513597961441,6.009755489547,5.941107953090
SFR,V05,Z1,M2025,REF,8,86,0.094117647059,7,7,0.116666666667,15.171999406206,3,3,0.065217391304,18.513597961441,3.341598555235,5.941107953090
SFR,V05,Z1,M2025,REF,9,86,0.105882352941,8,8,0.133333333333,18.201637423284,3,3,0.065217391304,18.513597961441,0.311960538157,5.941107953090
SFR,V05,Z1,M2025,REF,10,86,0.117647058824,9,9,0.150000000000,7.090400977046,3,3,0.065217391304,18.513597961441,11.423196984396,5.941107953090
SFR,V05,Z1,M2025,REF,11,86,0.129411764706,10,10,0.166666666667,15.315925649650,3,3,0.065217391304,18.513597961441,3.197672311791,5.941107953090
SFR,V05,Z1,M2025,REF,12,86,0.141176470588,11,11,0.183333333333,19.864482342887,4,4,0.086956521739,18.917723598500,0.946758744386,5.941107953090
SFR,V05,Z1,M2025,REF,13,86,0.152941176471,12,12,0.200000000000,25.376052344683,4,4,0.086956521739,18.917723598500,6.458328746183,5.941107953090
SFR,V05,Z1,M2025,REF,14,86,0.164705882353,13,13,0.216666666667,18.865416022571,4,4,0.086956521739,18.917723598500,0.052307575929,5.941107953090
SFR,V05,Z1,M2025,REF,15,86,0.176470588235,14,14,0.233333333333,13.426831882901,4,4,0.086956521739,18.917723598500,5.490891715599,5.941107953090
SFR,V05,Z1,M2025,REF,16,86,0.188235294118,15,15,0.250000000000,19.921966701777,4,4,0.086956521739,18.917723598500,1.004243103276,5.941107953090
SFR,V05,Z1,M2025,REF,17,86,0.200000000000,16,16,0.266666666667,17.505453148093,4,4,0.086956521739,18.917723598500,1.412270450407,5.941107953090
SFR,V05,Z1,M2025,REF,18,86,0.211764705882,17,17,0.283333333333,21.256713670566,4,4,0.086956521739,18.917723598500,2.338990072066,5.941107953090
SFR,V05,Z1,M2025,REF,19,86,0.223529411765,18,18,0.300000000000,17.140365111539,4,4,0.086956521739,18.917723598500,1.777358486961,5.941107953090
SFR,V05,Z1,M2025,REF,20,86,0.235294117647,19,19,0.316666666667,23.273312703667,5,5,0.108695652174,21.019924370155,2.253388333512,5.941107953090
SFR,V05,Z1,M2025,REF,21,86,0.247058823529,20,20,0.333333333333,20.042312180220,5,5,0.108695652174,21.019924370155,0.977612189935,5.941107953090
SFR,V05,Z1,M2025,REF,22,86,0.258823529412,21,21,0.350000000000,15.181246930422,5,5,0.108695652174,21.019924370155,5.838677439733,5.941107953090
SFR,V05,Z1,M2025,REF,23,86,0.270588235294,22,22,0.366666666667,21.948910366429,5,5,0.108695652174,21.019924370155,0.928985996274,5.941107953090
SFR,V05,Z1,M2025,REF,24,86,0.282352941176,23,23,0.383333333333,16.990350651854,5,5,0.108695652174,21.019924370155,4.029573718301,5.941107953090
SFR,V05,Z1,M2025,REF,25,86,0.294117647059,24,24,0.400000000000,13.136850996573,5,5,0.108695652174,21.019924370155,7.883073373582,5.941107953090
SFR,V05,Z1,M2025,REF,26,86,0.305882352941,25,25,0.416666666667,25.402761559992,6,6,0.130434782609,29.823021025112,4.420259465121,5.941107953090
SFR,V05,Z1,M2025,REF,27,86,0.317647058824,25,25,0.416666666667,25.402761559992,7,7,0.152173913043,26.603756721214,1.200995161222,5.941107953090
SFR,V05,Z1,M2025,REF,28,86,0.329411764706,25,25,0.416666666667,25.402761559992,8,8,0.173913043478,47.601273984079,22.198512424088,5.941107953090
SFR,V05,Z1,M2025,REF,29,86,0.341176470588,25,25,0.416666666667,25.402761559992,9,9,0.195652173913,28.246276828817,2.843515268826,5.941107953090
SFR,V05,Z1,M2025,REF,30,86,0.352941176471,25,25,0.416666666667,25.402761559992,10,10,0.217391304348,29.961387156225,4.558625596234,5.941107953090
SFR,V05,Z1,M2025,REF,31,86,0.364705882353,25,25,0.416666666667,25.402761559992,11,11,0.239130434783,28.714297297190,3.311535737198,5.941107953090
SFR,V05,Z1,M2025,REF,32,86,0.376470588235,25,25,0.416666666667,25.402761559992,12,12,0.260869565217,39.797514576036,14.394753016044,5.941107953090
SFR,V05,Z1,M2025,REF,33,86,0.388235294118,25,25,0.416666666667,25.402761559992,13,13,0.282608695652,35.717454642594,10.314693082602,5.941107953090
SFR,V05,Z1,M2025,REF,34,86,0.400000000000,25,25,0.416666666667,25.402761559992,14,14,0.304347826087,30.591380154234,5.188618594242,5.941107953090
SFR,V05,Z1,M2025,REF,35,86,0.411764705882,25,25,0.416666666667,25.402761559992,15,15,0.326086956522,28.001573582724,2.598812022732,5.941107953090
SFR,V05,Z1,M2025,REF,36,86,0.423529411765,25,25,0.416666666667,25.402761559992,16,16,0.347826086957,40.134657546054,14.731895986062,5.941107953090
SFR,V05,Z1,M2025,REF,37,86,0.435294117647,25,25,0.416666666667,25.402761559992,17,17,0.369565217391,28.577322377531,3.174560817539,5.941107953090
SFR,V05,Z1,M2025,REF,38,86,0.447058823529,25,25,0.416666666667,25.402761559992,18,18,0.391304347826,24.734428741552,0.668332818440,5.941107953090
SFR,V05,Z1,M2025,REF,39,86,0.458823529412,25,25,0.416666666667,25.402761559992,19,19,0.413043478261,33.270734748684,7.867973188693,5.941107953090
SFR,V05,Z1,M2025,REF,40,86,0.470588235294,25,25,0.416666666667,25.402761559992,20,20,0.434782608696,31.684835307412,6.282073747421,5.941107953090
SFR,V05,Z1,M2025,REF,41,86,0.482352941176,25,25,0.416666666667,25.402761559992,21,21,0.456521739130,34.098977943068,8.696216383076,5.941107953090
SFR,V05,Z1,M2025,REF,42,86,0.494117647059,25,25,0.416666666667,25.402761559992,22,22,0.478260869565,29.146042801675,3.743281241683,5.941107953090
SFR,V05,Z1,M2025,REF,43,86,0.505882352941,25,25,0.416666666667,25.402761559992,23,23,0.500000000000,36.783706533577,11.380944973585,5.941107953090
SFR,V05,Z1,M2025,REF,44,86,0.517647058824,25,25,0.416666666667,25.402761559992,24,24,0.521739130435,37.203910532141,11.801148972149,5.941107953090
SFR,V05,Z1,M2025,REF,45,86,0.529411764706,25,25,0.416666666667,25.402761559992,25,25,0.543478260870,27.451886971418,2.049125411426,5.941107953090
SFR,V05,Z1,M2025,REF,46,86,0.541176470588,25,25,0.416666666667,25.402761559992,26,26,0.565217391304,32.026149447592,6.623387887601,5.941107953090
SFR,V05,Z1,M2025,REF,47,86,0.552941176471,25,25,0.416666666667,25.402761559992,27,27,0.586956521739,37.126727600785,11.723966040793,5.941107953090
SFR,V05,Z1,M2025,REF,48,86,0.564705882353,25,25,0.416666666667,25.402761559992,28,28,0.608695652174,38.522616068690,13.119854508699,5.941107953090
SFR,V05,Z1,M2025,REF,49,86,0.576470588235,25,25,0.416666666667,25.402761559992,29,29,0.630434782609,26.843020600080,1.440259040088,5.941107953090
SFR,V05,Z1,M2025,REF,50,86,0.588235294118,25,25,0.416666666667,25.402761559992,30,30,0.652173913043,28.029781094627,2.627019534635,5.941107953090
SFR,V05,Z1,M2025,REF,51,86,0.600000000000,26,26,0.433333333333,17.884583064766,31,31,0.673913043478,24.663091308405,6.778508243639,5.941107953090
SFR,V05,Z1,M2025,REF,52,86,0.611764705882,27,27,0.450000000000,15.812707181010,31,31,0.673913043478,24.663091308405,8.850384127395,5.941107953090
SFR,V05,Z1,M2025,REF,53,86,0.623529411765,28,28,0.466666666667,16.584392472260,31,31,0.673913043478,24.663091308405,8.078698836145,5.941107953090
SFR,V05,Z1,M2025,REF,54,86,0.635294117647,29,29,0.483333333333,24.083574632173,31,31,0.673913043478,24.663091308405,0.579516676232,5.941107953090
SFR,V05,Z1,M2025,REF,55,86,0.647058823529,30,30,0.500000000000,21.558652344305,31,31,0.673913043478,24.663091308405,3.104438964101,5.941107953090
SFR,V05,Z1,M2025,REF,56,86,0.658823529412,31,31,0.516666666667,15.901996317359,31,31,0.673913043478,24.663091308405,8.761094991046,5.941107953090
SFR,V05,Z1,M2025,REF,57,86,0.670588235294,32,32,0.533333333333,22.099005446027,32,32,0.695652173913,26.435048794966,4.336043348939,5.941107953090
SFR,V05,Z1,M2025,REF,58,86,0.682352941176,33,33,0.550000000000,20.518662009335,33,33,0.717391304348,31.698143586992,11.179481577657,5.941107953090
SFR,V05,Z1,M2025,REF,59,86,0.694117647059,34,34,0.566666666667,23.768366875636,34,34,0.739130434783,37.189910294071,13.421543418435,5.941107953090
SFR,V05,Z1,M2025,REF,60,86,0.705882352941,35,35,0.583333333333,17.994766100830,35,35,0.760869565217,13.284560564580,4.710205536250,5.941107953090
SFR,V05,Z1,M2025,REF,61,86,0.717647058824,36,36,0.600000000000,14.272820943267,35,35,0.760869565217,13.284560564580,0.988260378687,5.941107953090
SFR,V05,Z1,M2025,REF,62,86,0.729411764706,37,37,0.616666666667,10.151540881743,36,36,0.782608695652,7.801013447637,2.350527434106,5.941107953090
SFR,V05,Z1,M2025,REF,63,86,0.741176470588,38,38,0.633333333333,7.496863617742,36,36,0.782608695652,7.801013447637,0.304149829895,5.941107953090
SFR,V05,Z1,M2025,REF,64,86,0.752941176471,39,39,0.650000000000,8.877685585740,36,36,0.782608695652,7.801013447637,1.076672138103,5.941107953090
SFR,V05,Z1,M2025,REF,65,86,0.764705882353,40,40,0.666666666667,9.130678798129,36,36,0.782608695652,7.801013447637,1.329665350492,5.941107953090
SFR,V05,Z1,M2025,REF,66,86,0.776470588235,41,41,0.683333333333,9.958936706168,36,36,0.782608695652,7.801013447637,2.157923258531,5.941107953090
SFR,V05,Z1,M2025,REF,67,86,0.788235294118,42,42,0.700000000000,6.234493865598,36,36,0.782608695652,7.801013447637,1.566519582039,5.941107953090
SFR,V05,Z1,M2025,REF,68,86,0.800000000000,43,43,0.716666666667,2.662732453651,36,36,0.782608695652,7.801013447637,5.138280993985,5.941107953090
SFR,V05,Z1,M2025,REF,69,86,0.811764705882,44,44,0.733333333333,2.153140903040,36,36,0.782608695652,7.801013447637,5.647872544597,5.941107953090
SFR,V05,Z1,M2025,REF,70,86,0.823529411765,45,45,0.750000000000,21.855221001230,36,36,0.782608695652,7.801013447637,14.054207553593,5.941107953090
SFR,V05,Z1,M2025,REF,71,86,0.835294117647,46,46,0.766666666667,8.123955099490,36,36,0.782608695652,7.801013447637,0.322941651853,5.941107953090
SFR,V05,Z1,M2025,REF,72,86,0.847058823529,47,47,0.783333333333,7.290868842436,36,36,0.782608695652,7.801013447637,0.510144605201,5.941107953090
SFR,V05,Z1,M2025,REF,73,86,0.858823529412,48,48,0.800000000000,10.975009981498,37,37,0.804347826087,10.029547204824,0.945462776675,5.941107953090
SFR,V05,Z1,M2025,REF,74,86,0.870588235294,49,49,0.816666666667,18.729863180352,38,38,0.826086956522,19.629730829429,0.899867649077,5.941107953090
SFR,V05,Z1,M2025,REF,75,86,0.882352941176,50,50,0.833333333333,19.751115600517,38,38,0.826086956522,19.629730829429,0.121384771088,5.941107953090
SFR,V05,Z1,M2025,REF,76,86,0.894117647059,51,51,0.850000000000,18.061279020804,38,38,0.826086956522,19.629730829429,1.568451808625,5.941107953090
SFR,V05,Z1,M2025,REF,77,86,0.905882352941,52,52,0.866666666667,18.008989514847,38,38,0.826086956522,19.629730829429,1.620741314582,5.941107953090
SFR,V05,Z1,M2025,REF,78,86,0.917647058824,53,53,0.883333333333,28.696834085206,39,39,0.847826086957,32.065424342067,3.368590256861,5.941107953090
SFR,V05,Z1,M2025,REF,79,86,0.929411764706,54,54,0.900000000000,21.216549452171,40,40,0.869565217391,22.471311987381,1.254762535210,5.941107953090
SFR,V05,Z1,M2025,REF,80,86,0.941176470588,55,55,0.916666666667,19.431646281337,41,41,0.891304347826,32.701323485577,13.269677204240,5.941107953090
SFR,V05,Z1,M2025,REF,81,86,0.952941176471,56,56,0.933333333333,17.099968832302,42,42,0.913043478261,32.573458036597,15.473489204296,5.941107953090
SFR,V05,Z1,M2025,REF,82,86,0.964705882353,57,57,0.950000000000,15.684069086103,43,43,0.934782608696,41.551590207410,25.867521121306,5.941107953090
SFR,V05,Z1,M2025,REF,83,86,0.976470588235,58,58,0.966666666667,13.403921276267,44,44,0.956521739130,36.827710313720,23.423789037453,5.941107953090
SFR,V05,Z1,M2025,REF,84,86,0.988235294118,59,59,0.983333333333,9.309132877968,45,45,0.978260869565,33.836451905891,24.527319027923,5.941107953090
SFR,V05,Z1,M2025,REF,85,86,1.000000000000,60,60,1.000000000000,7.054773464338,46,46,1.000000000000,38.511826801890,31.457053337552,5.941107953090
SFR,V05,Z2,M2025,REF,0,77,0.000000000000,0,0,0.000000000000,27.447391354473,0,0,0.000000000000,9.765533671848,17.681857682625,4.005126283412
SFR,V05,Z2,M2025,REF,1,77,0.013157894737,1,1,0.016666666667,6.104176381052,0,0,0.000000000000,9.765533671848,3.661357290795,4.005126283412
SFR,V05,Z2,M2025,REF,2,77,0.026315789474,2,2,0.033333333333,7.257668029280,0,0,0.000000000000,9.765533671848,2.507865642568,4.005126283412
SFR,V05,Z2,M2025,REF,3,77,0.039473684211,3,3,0.050000000000,7.717222397772,0,0,0.000000000000,9.765533671848,2.048311274076,4.005126283412
SFR,V05,Z2,M2025,REF,4,77,0.052631578947,4,4,0.066666666667,5.088392840397,0,0,0.000000000000,9.765533671848,4.677140831451,4.005126283412
SFR,V05,Z2,M2025,REF,5,77,0.065789473684,5,5,0.083333333333,9.089836816578,0,0,0.000000000000,9.765533671848,0.675696855270,4.005126283412
SFR,V05,Z2,M2025,REF,6,77,0.078947368421,6,6,0.100000000000,12.503842471894,0,0,0.000000000000,9.765533671848,2.738308800046,4.005126283412
SFR,V05,Z2,M2025,REF,7,77,0.092105263158,7,7,0.116666666667,15.171999406206,1,1,0.021739130435,15.381551227743,0.209551821537,4.005126283412
SFR,V05,Z2,M2025,REF,8,77,0.105263157895,8,8,0.133333333333,18.201637423284,1,1,0.021739130435,15.381551227743,2.820086195541,4.005126283412
SFR,V05,Z2,M2025,REF,9,77,0.118421052632,9,9,0.150000000000,7.090400977046,2,2,0.043478260870,4.159171452016,2.931229525029,4.005126283412
SFR,V05,Z2,M2025,REF,10,77,0.131578947368,10,10,0.166666666667,15.315925649650,3,3,0.065217391304,10.235196693398,5.080728956253,4.005126283412
SFR,V05,Z2,M2025,REF,11,77,0.144736842105,11,11,0.183333333333,19.864482342887,4,4,0.086956521739,17.417011016421,2.447471326466,4.005126283412
SFR,V05,Z2,M2025,REF,12,77,0.157894736842,12,12,0.200000000000,25.376052344683,5,5,0.108695652174,26.597827775533,1.221775430849,4.005126283412
SFR,V05,Z2,M2025,REF,13,77,0.171052631579,12,12,0.200000000000,25.376052344683,6,6,0.130434782609,23.403657260221,1.972395084463,4.005126283412
SFR,V05,Z2,M2025,REF,14,77,0.184210526316,13,13,0.216666666667,18.865416022571,7,7,0.152173913043,19.316439226697,0.451023204126,4.005126283412
SFR,V05,Z2,M2025,REF,15,77,0.197368421053,14,14,0.233333333333,13.426831882901,7,7,0.152173913043,19.316439226697,5.889607343796,4.005126283412
SFR,V05,Z2,M2025,REF,16,77,0.210526315789,15,15,0.250000000000,19.921966701777,7,7,0.152173913043,19.316439226697,0.605527475079,4.005126283412
SFR,V05,Z2,M2025,REF,17,77,0.223684210526,16,16,0.266666666667,17.505453148093,7,7,0.152173913043,19.316439226697,1.810986078604,4.005126283412
SFR,V05,Z2,M2025,REF,18,77,0.236842105263,17,17,0.283333333333,21.256713670566,7,7,0.152173913043,19.316439226697,1.940274443869,4.005126283412
SFR,V05,Z2,M2025,REF,19,77,0.250000000000,18,18,0.300000000000,17.140365111539,8,8,0.173913043478,18.695182804028,1.554817692489,4.005126283412
SFR,V05,Z2,M2025,REF,20,77,0.263157894737,19,19,0.316666666667,23.273312703667,9,9,0.195652173913,25.952590845482,2.679278141815,4.005126283412
SFR,V05,Z2,M2025,REF,21,77,0.276315789474,19,19,0.316666666667,23.273312703667,10,10,0.217391304348,22.347894182053,0.925418521614,4.005126283412
SFR,V05,Z2,M2025,REF,22,77,0.289473684211,20,20,0.333333333333,20.042312180220,11,11,0.239130434783,22.013828762771,1.971516582551,4.005126283412
SFR,V05,Z2,M2025,REF,23,77,0.302631578947,21,21,0.350000000000,15.181246930422,12,12,0.260869565217,16.028689288316,0.847442357893,4.005126283412
SFR,V05,Z2,M2025,REF,24,77,0.315789473684,22,22,0.366666666667,21.948910366429,13,13,0.282608695652,27.054105073300,5.105194706870,4.005126283412
SFR,V05,Z2,M2025,REF,25,77,0.328947368421,22,22,0.366666666667,21.948910366429,14,14,0.304347826087,23.530796193134,1.581885826705,4.005126283412
SFR,V05,Z2,M2025,REF,26,77,0.342105263158,23,23,0.383333333333,16.990350651854,15,15,0.326086956522,14.996301456569,1.994049195286,4.005126283412
SFR,V05,Z2,M2025,REF,27,77,0.355263157895,24,24,0.400000000000,13.136850996573,15,15,0.326086956522,14.996301456569,1.859450459995,4.005126283412
SFR,V05,Z2,M2025,REF,28,77,0.368421052632,25,25,0.416666666667,25.402761559992,16,16,0.347826086957,20.719853852785,4.682907707207,4.005126283412
SFR,V05,Z2,M2025,REF,29,77,0.381578947368,25,25,0.416666666667,25.402761559992,17,17,0.369565217391,31.802392388679,6.399630828688,4.005126283412
SFR,V05,Z2,M2025,REF,30,77,0.394736842105,25,25,0.416666666667,25.402761559992,18,18,0.391304347826,21.567258307421,3.835503252571,4.005126283412
SFR,V05,Z2,M2025,REF,31,77,0.407894736842,25,25,0.416666666667,25.402761559992,19,19,0.413043478261,22.174630323436,3.228131236556,4.005126283412
SFR,V05,Z2,M2025,REF,32,77,0.421052631579,25,25,0.416666666667,25.402761559992,20,20,0.434782608696,34.022869620566,8.620108060574,4.005126283412
SFR,V05,Z2,M2025,REF,33,77,0.434210526316,25,25,0.416666666667,25.402761559992,21,21,0.456521739130,38.325397448435,12.922635888444,4.005126283412
SFR,V05,Z2,M2025,REF,34,77,0.447368421053,26,26,0.433333333333,17.884583064766,22,22,0.478260869565,16.784243633547,1.100339431219,4.005126283412
SFR,V05,Z2,M2025,REF,35,77,0.460526315789,27,27,0.450000000000,15.812707181010,22,22,0.478260869565,16.784243633547,0.971536452537,4.005126283412
SFR,V05,Z2,M2025,REF,36,77,0.473684210526,28,28,0.466666666667,16.584392472260,22,22,0.478260869565,16.784243633547,0.199851161286,4.005126283412
SFR,V05,Z2,M2025,REF,37,77,0.486842105263,29,29,0.483333333333,24.083574632173,23,23,0.500000000000,27.574269414061,3.490694781887,4.005126283412
SFR,V05,Z2,M2025,REF,38,77,0.500000000000,29,29,0.483333333333,24.083574632173,24,24,0.521739130435,26.556369311593,2.472794679420,4.005126283412
SFR,V05,Z2,M2025,REF,39,77,0.513157894737,29,29,0.483333333333,24.083574632173,25,25,0.543478260870,36.207810273100,12.124235640927,4.005126283412
SFR,V05,Z2,M2025,REF,40,77,0.526315789474,29,29,0.483333333333,24.083574632173,26,26,0.565217391304,21.914351313534,2.169223318639,4.005126283412
SFR,V05,Z2,M2025,REF,41,77,0.539473684211,29,29,0.483333333333,24.083574632173,27,27,0.586956521739,25.150307735440,1.066733103267,4.005126283412
SFR,V05,Z2,M2025,REF,42,77,0.552631578947,29,29,0.483333333333,24.083574632173,28,28,0.608695652174,28.554325835735,4.470751203561,4.005126283412
SFR,V05,Z2,M2025,REF,43,77,0.565789473684,29,29,0.483333333333,24.083574632173,29,29,0.630434782609,22.926546358972,1.157028273201,4.005126283412
SFR,V05,Z2,M2025,REF,44,77,0.578947368421,29,29,0.483333333333,24.083574632173,30,30,0.652173913043,25.296925881733,1.213351249560,4.005126283412
SFR,V05,Z2,M2025,REF,45,77,0.592105263158,30,30,0.500000000000,21.558652344305,31,31,0.673913043478,21.412981505740,0.145670838565,4.005126283412
SFR,V05,Z2,M2025,REF,46,77,0.605263157895,31,31,0.516666666667,15.901996317359,31,31,0.673913043478,21.412981505740,5.510985188381,4.005126283412
SFR,V05,Z2,M2025,REF,47,77,0.618421052632,32,32,0.533333333333,22.099005446027,31,31,0.673913043478,21.412981505740,0.686023940287,4.005126283412
SFR,V05,Z2,M2025,REF,48,77,0.631578947368,33,33,0.550000000000,20.518662009335,32,32,0.695652173913,19.807985857077,0.710676152257,4.005126283412
SFR,V05,Z2,M2025,REF,49,77,0.644736842105,34,34,0.566666666667,23.768366875636,33,33,0.717391304348,27.833255446996,4.064888571359,4.005126283412
SFR,V05,Z2,M2025,REF,50,77,0.657894736842,34,34,0.566666666667,23.768366875636,34,34,0.739130434783,33.980043625718,10.211676750082,4.005126283412
SFR,V05,Z2,M2025,REF,51,77,0.671052631579,35,35,0.583333333333,17.994766100830,35,35,0.760869565217,16.203048202860,1.791717897969,4.005126283412
SFR,V05,Z2,M2025,REF,52,77,0.684210526316,36,36,0.600000000000,14.272820943267,35,35,0.760869565217,16.203048202860,1.930227259593,4.005126283412
SFR,V05,Z2,M2025,REF,53,77,0.697368421053,37,37,0.616666666667,10.151540881743,36,36,0.782608695652,10.367717976605,0.216177094862,4.005126283412
SFR,V05,Z2,M2025,REF,54,77,0.710526315789,38,38,0.633333333333,7.496863617742,37,37,0.804347826087,7.398706908281,0.098156709460,4.005126283412
SFR,V05,Z2,M2025,REF,55,77,0.723684210526,39,39,0.650000000000,8.877685585740,37,37,0.804347826087,7.398706908281,1.478978677458,4.005126283412
SFR,V05,Z2,M2025,REF,56,77,0.736842105263,40,40,0.666666666667,9.130678798129,37,37,0.804347826087,7.398706908281,1.731971889847,4.005126283412
SFR,V05,Z2,M2025,REF,57,77,0.750000000000,41,41,0.683333333333,9.958936706168,37,37,0.804347826087,7.398706908281,2.560229797887,4.005126283412
SFR,V05,Z2,M2025,REF,58,77,0.763157894737,42,42,0.700000000000,6.234493865598,37,37,0.804347826087,7.398706908281,1.164213042683,4.005126283412
SFR,V05,Z2,M2025,REF,59,77,0.776315789474,43,43,0.716666666667,2.662732453651,37,37,0.804347826087,7.398706908281,4.735974454630,4.005126283412
SFR,V05,Z2,M2025,REF,60,77,0.789473684211,44,44,0.733333333333,2.153140903040,37,37,0.804347826087,7.398706908281,5.245566005242,4.005126283412
SFR,V05,Z2,M2025,REF,61,77,0.802631578947,45,45,0.750000000000,21.855221001230,37,37,0.804347826087,7.398706908281,14.456514092948,4.005126283412
SFR,V05,Z2,M2025,REF,62,77,0.815789473684,46,46,0.766666666667,8.123955099490,37,37,0.804347826087,7.398706908281,0.725248191209,4.005126283412
SFR,V05,Z2,M2025,REF,63,77,0.828947368421,47,47,0.783333333333,7.290868842436,37,37,0.804347826087,7.398706908281,0.107838065846,4.005126283412
SFR,V05,Z2,M2025,REF,64,77,0.842105263158,48,48,0.800000000000,10.975009981498,38,38,0.826086956522,9.696808664175,1.278201317323,4.005126283412
SFR,V05,Z2,M2025,REF,65,77,0.855263157895,49,49,0.816666666667,18.729863180352,39,39,0.847826086957,28.220784560185,9.490921379833,4.005126283412
SFR,V05,Z2,M2025,REF,66,77,0.868421052632,50,50,0.833333333333,19.751115600517,40,40,0.869565217391,22.587178444561,2.836062844044,4.005126283412
SFR,V05,Z2,M2025,REF,67,77,0.881578947368,51,51,0.850000000000,18.061279020804,40,40,0.869565217391,22.587178444561,4.525899423758,4.005126283412
SFR,V05,Z2,M2025,REF,68,77,0.894736842105,52,52,0.866666666667,18.008989514847,40,40,0.869565217391,22.587178444561,4.578188929714,4.005126283412
SFR,V05,Z2,M2025,REF,69,77,0.907894736842,53,53,0.883333333333,28.696834085206,41,41,0.891304347826,32.858541500558,4.161707415352,4.005126283412
SFR,V05,Z2,M2025,REF,70,77,0.921052631579,54,54,0.900000000000,21.216549452171,42,42,0.913043478261,19.503860891204,1.712688560967,4.005126283412
SFR,V05,Z2,M2025,REF,71,77,0.934210526316,55,55,0.916666666667,19.431646281337,42,42,0.913043478261,19.503860891204,0.072214609866,4.005126283412
SFR,V05,Z2,M2025,REF,72,77,0.947368421053,56,56,0.933333333333,17.099968832302,42,42,0.913043478261,19.503860891204,2.403892058902,4.005126283412
SFR,V05,Z2,M2025,REF,73,77,0.960526315789,57,57,0.950000000000,15.684069086103,43,43,0.934782608696,26.184709228237,10.500640142134,4.005126283412
SFR,V05,Z2,M2025,REF,74,77,0.973684210526,58,58,0.966666666667,13.403921276267,44,44,0.956521739130,26.415431969483,13.011510693216,4.005126283412
SFR,V05,Z2,M2025,REF,75,77,0.986842105263,59,59,0.983333333333,9.309132877968,45,45,0.978260869565,33.041495508995,23.732362631028,4.005126283412
SFR,V05,Z2,M2025,REF,76,77,1.000000000000,60,60,1.000000000000,7.054773464338,46,46,1.000000000000,29.556767643130,22.501994178792,4.005126283412
Q_value,V05,Z1,M2025,REF,0,58,0.000000000000,0,0,0.000000000000,3.447937054269,1,0,0.000000000000,2.833994005833,0.613943048436,12.098830392099
Q_value,V05,Z1,M2025,REF,1,58,0.017543859649,5,1,0.021739130435,7.455585348620,1,0,0.000000000000,2.833994005833,4.621591342787,12.098830392099
Q_value,V05,Z1,M2025,REF,2,58,0.035087719298,6,2,0.043478260870,16.992255148086,3,1,0.025000000000,97.414929554671,80.422674406585,12.098830392099
Q_value,V05,Z1,M2025,REF,3,58,0.052631578947,7,3,0.065217391304,19.801359836563,4,2,0.050000000000,30.082353175523,10.280993338961,12.098830392099
Q_value,V05,Z1,M2025,REF,4,58,0.070175438596,8,4,0.086956521739,27.015376883889,4,2,0.050000000000,30.082353175523,3.066976291635,12.098830392099
Q_value,V05,Z1,M2025,REF,5,58,0.087719298246,10,5,0.108695652174,21.603104881885,4,2,0.050000000000,30.082353175523,8.479248293638,12.098830392099
Q_value,V05,Z1,M2025,REF,6,58,0.105263157895,11,6,0.130434782609,86.322322079012,5,3,0.075000000000,93.246755793735,6.924433714723,12.098830392099
Q_value,V05,Z1,M2025,REF,7,58,0.122807017544,12,7,0.152173913043,81.656393483963,6,4,0.100000000000,77.265074776094,4.391318707869,12.098830392099
Q_value,V05,Z1,M2025,REF,8,58,0.140350877193,13,8,0.173913043478,23.709688313149,7,5,0.125000000000,17.520891901760,6.188796411389,12.098830392099
Q_value,V05,Z1,M2025,REF,9,58,0.157894736842,14,9,0.195652173913,21.957404367272,7,5,0.125000000000,17.520891901760,4.436512465511,12.098830392099
Q_value,V05,Z1,M2025,REF,10,58,0.175438596491,15,10,0.217391304348,38.689814008544,8,6,0.150000000000,27.229095631423,11.460718377121,12.098830392099
Q_value,V05,Z1,M2025,REF,11,58,0.192982456140,16,11,0.239130434783,62.103287577067,9,7,0.175000000000,136.216086136462,74.112798559395,12.098830392099
Q_value,V05,Z1,M2025,REF,12,58,0.210526315789,17,12,0.260869565217,61.210006703417,10,8,0.200000000000,69.606646782747,8.396640079331,12.098830392099
Q_value,V05,Z1,M2025,REF,13,58,0.228070175439,18,13,0.282608695652,16.842821272505,11,9,0.225000000000,12.007317417221,4.835503855284,12.098830392099
Q_value,V05,Z1,M2025,REF,14,58,0.245614035088,19,14,0.304347826087,27.901129670225,12,10,0.250000000000,31.166510934175,3.265381263950,12.098830392099
Q_value,V05,Z1,M2025,REF,15,58,0.263157894737,20,15,0.326086956522,25.587494683788,12,10,0.250000000000,31.166510934175,5.579016250387,12.098830392099
Q_value,V05,Z1,M2025,REF,16,58,0.280701754386,21,16,0.347826086957,39.623076202212,12,10,0.250000000000,31.166510934175,8.456565268037,12.098830392099
Q_value,V05,Z1,M2025,REF,17,58,0.298245614035,22,17,0.369565217391,40.501518096056,12,10,0.250000000000,31.166510934175,9.335007161881,12.098830392099
Q_value,V05,Z1,M2025,REF,18,58,0.315789473684,23,18,0.391304347826,15.409386217032,12,10,0.250000000000,31.166510934175,15.757124717143,12.098830392099
Q_value,V05,Z1,M2025,REF,19,58,0.333333333333,24,19,0.413043478261,11.716405323250,12,10,0.250000000000,31.166510934175,19.450105610925,12.098830392099
Q_value,V05,Z1,M2025,REF,20,58,0.350877192982,25,20,0.434782608696,22.384333347115,12,10,0.250000000000,31.166510934175,8.782177587060,12.098830392099
Q_value,V05,Z1,M2025,REF,21,58,0.368421052632,26,21,0.456521739130,76.246871403190,13,11,0.275000000000,131.836025501536,55.589154098346,12.098830392099
Q_value,V05,Z1,M2025,REF,22,58,0.385964912281,27,22,0.478260869565,15.199337384337,14,12,0.300000000000,27.741521843328,12.542184458990,12.098830392099
Q_value,V05,Z1,M2025,REF,23,58,0.403508771930,28,23,0.500000000000,10.450255706531,15,13,0.325000000000,16.829430660763,6.379174954232,12.098830392099
Q_value,V05,Z1,M2025,REF,24,58,0.421052631579,29,24,0.521739130435,13.055540223775,15,13,0.325000000000,16.829430660763,3.773890436987,12.098830392099
Q_value,V05,Z1,M2025,REF,25,58,0.438596491228,30,25,0.543478260870,22.366099472383,16,14,0.350000000000,21.276905766419,1.089193705965,12.098830392099
Q_value,V05,Z1,M2025,REF,26,58,0.456140350877,30,25,0.543478260870,22.366099472383,17,15,0.375000000000,24.943928986013,2.577829513629,12.098830392099
Q_value,V05,Z1,M2025,REF,27,58,0.473684210526,30,25,0.543478260870,22.366099472383,18,16,0.400000000000,22.846905799244,0.480806326861,12.098830392099
Q_value,V05,Z1,M2025,REF,28,58,0.491228070175,30,25,0.543478260870,22.366099472383,19,17,0.425000000000,31.060584461748,8.694484989365,12.098830392099
Q_value,V05,Z1,M2025,REF,29,58,0.508771929825,30,25,0.543478260870,22.366099472383,20,18,0.450000000000,17.576657549244,4.789441923139,12.098830392099
Q_value,V05,Z1,M2025,REF,30,58,0.526315789474,31,26,0.565217391304,64.001370286205,21,19,0.475000000000,54.543412214974,9.457958071231,12.098830392099
Q_value,V05,Z1,M2025,REF,31,58,0.543859649123,31,26,0.565217391304,64.001370286205,22,20,0.500000000000,63.806167117101,0.195203169104,12.098830392099
Q_value,V05,Z1,M2025,REF,32,58,0.561403508772,31,26,0.565217391304,64.001370286205,23,21,0.525000000000,34.308103601876,29.693266684329,12.098830392099
Q_value,V05,Z1,M2025,REF,33,58,0.578947368421,31,26,0.565217391304,64.001370286205,24,22,0.550000000000,96.772731131803,32.771360845599,12.098830392099
Q_value,V05,Z1,M2025,REF,34,58,0.596491228070,31,26,0.565217391304,64.001370286205,25,23,0.575000000000,31.793850122998,32.207520163207,12.098830392099
Q_value,V05,Z1,M2025,REF,35,58,0.614035087719,31,26,0.565217391304,64.001370286205,26,24,0.600000000000,72.117298693008,8.115928406804,12.098830392099
Q_value,V05,Z1,M2025,REF,36,58,0.631578947368,32,27,0.586956521739,12.571413187197,27,25,0.625000000000,28.754995323892,16.183582136695,12.098830392099
Q_value,V05,Z1,M2025,REF,37,58,0.649122807018,33,28,0.608695652174,33.074799423666,28,26,0.650000000000,30.570898288079,2.503901135588,12.098830392099
Q_value,V05,Z1,M2025,REF,38,58,0.666666666667,34,29,0.630434782609,11.225533668025,29,27,0.675000000000,20.706060403495,9.480526735469,12.098830392099
Q_value,V05,Z1,M2025,REF,39,58,0.684210526316,35,30,0.652173913043,36.122972598668,29,27,0.675000000000,20.706060403495,15.416912195174,12.098830392099
Q_value,V05,Z1,M2025,REF,40,58,0.701754385965,36,31,0.673913043478,8.189830460835,30,28,0.700000000000,6.898033024900,1.291797435935,12.098830392099
Q_value,V05,Z1,M2025,REF,41,58,0.719298245614,37,32,0.695652173913,5.691883230628,30,28,0.700000000000,6.898033024900,1.206149794272,12.098830392099
Q_value,V05,Z1,M2025,REF,42,58,0.736842105263,38,33,0.717391304348,4.602789261382,30,28,0.700000000000,6.898033024900,2.295243763518,12.098830392099
Q_value,V05,Z1,M2025,REF,43,58,0.754385964912,41,34,0.739130434783,6.973969744279,30,28,0.700000000000,6.898033024900,0.075936719379,12.098830392099
Q_value,V05,Z1,M2025,REF,44,58,0.771929824561,42,35,0.760869565217,7.415338660177,31,29,0.725000000000,8.962018461252,1.546679801075,12.098830392099
Q_value,V05,Z1,M2025,REF,45,58,0.789473684211,42,35,0.760869565217,7.415338660177,32,30,0.750000000000,9.589625133315,2.174286473138,12.098830392099
Q_value,V05,Z1,M2025,REF,46,58,0.807017543860,48,36,0.782608695652,4.740277864160,34,31,0.775000000000,8.067552163616,3.327274299456,12.098830392099
Q_value,V05,Z1,M2025,REF,47,58,0.824561403509,49,37,0.804347826087,31.237802591124,38,32,0.800000000000,21.032553308540,10.205249282585,12.098830392099
Q_value,V05,Z1,M2025,REF,48,58,0.842105263158,50,38,0.826086956522,26.584541568414,39,33,0.825000000000,25.635919377578,0.948622190836,12.098830392099
Q_value,V05,Z1,M2025,REF,49,58,0.859649122807,50,38,0.826086956522,26.584541568414,40,34,0.850000000000,27.878134068323,1.293592499909,12.098830392099
Q_value,V05,Z1,M2025,REF,50,58,0.877192982456,51,39,0.847826086957,73.129958978402,41,35,0.875000000000,36.811781229052,36.318177749350,12.098830392099
Q_value,V05,Z1,M2025,REF,51,58,0.894736842105,52,40,0.869565217391,46.303070960336,42,36,0.900000000000,43.058074425438,3.244996534898,12.098830392099
Q_value,V05,Z1,M2025,REF,52,58,0.912280701754,53,41,0.891304347826,91.021082411492,43,37,0.925000000000,61.892186619235,29.128895792257,12.098830392099
Q_value,V05,Z1,M2025,REF,53,58,0.929824561404,54,42,0.913043478261,36.067643376145,43,37,0.925000000000,61.892186619235,25.824543243090,12.098830392099
Q_value,V05,Z1,M2025,REF,54,58,0.947368421053,55,43,0.934782608696,78.697299626535,44,38,0.950000000000,73.366601718582,5.330697907953,12.098830392099
Q_value,V05,Z1,M2025,REF,55,58,0.964912280702,56,44,0.956521739130,70.737945322118,44,38,0.950000000000,73.366601718582,2.628656396464,12.098830392099
Q_value,V05,Z1,M2025,REF,56,58,0.982456140351,57,45,0.978260869565,15.617397533671,45,39,0.975000000000,27.285658404150,11.668260870479,12.098830392099
Q_value,V05,Z1,M2025,REF,57,58,1.000000000000,58,46,1.000000000000,9.099171592416,46,40,1.000000000000,21.522426876783,12.423255284367,12.098830392099
Q_value,V05,Z2,M2025,REF,0,57,0.000000000000,0,0,0.000000000000,3.447937054269,3,0,0.000000000000,33.301629880172,29.853692825903,11.248512475580
Q_value,V05,Z2,M2025,REF,1,57,0.017857142857,5,1,0.021739130435,7.455585348620,3,0,0.000000000000,33.301629880172,25.846044531552,11.248512475580
Q_value,V05,Z2,M2025,REF,2,57,0.035714285714,6,2,0.043478260870,16.992255148086,3,0,0.000000000000,33.301629880172,16.309374732086,11.248512475580
Q_value,V05,Z2,M2025,REF,3,57,0.053571428571,7,3,0.065217391304,19.801359836563,3,0,0.000000000000,33.301629880172,13.500270043609,11.248512475580
Q_value,V05,Z2,M2025,REF,4,57,0.071428571429,8,4,0.086956521739,27.015376883889,3,0,0.000000000000,33.301629880172,6.286252996283,11.248512475580
Q_value,V05,Z2,M2025,REF,5,57,0.089285714286,10,5,0.108695652174,21.603104881885,3,0,0.000000000000,33.301629880172,11.698524998286,11.248512475580
Q_value,V05,Z2,M2025,REF,6,57,0.107142857143,11,6,0.130434782609,86.322322079012,4,1,0.023809523810,99.150946267851,12.828624188839,11.248512475580
Q_value,V05,Z2,M2025,REF,7,57,0.125000000000,12,7,0.152173913043,81.656393483963,5,2,0.047619047619,52.683179296988,28.973214186975,11.248512475580
Q_value,V05,Z2,M2025,REF,8,57,0.142857142857,13,8,0.173913043478,23.709688313149,6,3,0.071428571429,15.972191172989,7.737497140160,11.248512475580
Q_value,V05,Z2,M2025,REF,9,57,0.160714285714,14,9,0.195652173913,21.957404367272,7,4,0.095238095238,19.557536625847,2.399867741425,11.248512475580
Q_value,V05,Z2,M2025,REF,10,57,0.178571428571,15,10,0.217391304348,38.689814008544,7,4,0.095238095238,19.557536625847,19.132277382697,11.248512475580
Q_value,V05,Z2,M2025,REF,11,57,0.196428571429,16,11,0.239130434783,62.103287577067,8,5,0.119047619048,81.057018889679,18.953731312612,11.248512475580
Q_value,V05,Z2,M2025,REF,12,57,0.214285714286,17,12,0.260869565217,61.210006703417,8,5,0.119047619048,81.057018889679,19.847012186263,11.248512475580
Q_value,V05,Z2,M2025,REF,13,57,0.232142857143,18,13,0.282608695652,16.842821272505,9,6,0.142857142857,23.808831547017,6.966010274512,11.248512475580
Q_value,V05,Z2,M2025,REF,14,57,0.250000000000,18,13,0.282608695652,16.842821272505,10,7,0.166666666667,11.666847549674,5.175973722832,11.248512475580
Q_value,V05,Z2,M2025,REF,15,57,0.267857142857,19,14,0.304347826087,27.901129670225,11,8,0.190476190476,25.267534502168,2.633595168057,11.248512475580
Q_value,V05,Z2,M2025,REF,16,57,0.285714285714,20,15,0.326086956522,25.587494683788,12,9,0.214285714286,26.467839665233,0.880344981445,11.248512475580
Q_value,V05,Z2,M2025,REF,17,57,0.303571428571,20,15,0.326086956522,25.587494683788,13,10,0.238095238095,26.071654098323,0.484159414536,11.248512475580
Q_value,V05,Z2,M2025,REF,18,57,0.321428571429,20,15,0.326086956522,25.587494683788,14,11,0.261904761905,13.225288739273,12.362205944515,11.248512475580
Q_value,V05,Z2,M2025,REF,19,57,0.339285714286,21,16,0.347826086957,39.623076202212,15,12,0.285714285714,36.320639884817,3.302436317395,11.248512475580
Q_value,V05,Z2,M2025,REF,20,57,0.357142857143,22,17,0.369565217391,40.501518096056,15,12,0.285714285714,36.320639884817,4.180878211239,11.248512475580
Q_value,V05,Z2,M2025,REF,21,57,0.375000000000,23,18,0.391304347826,15.409386217032,16,13,0.309523809524,20.209265526181,4.799879309149,11.248512475580
Q_value,V05,Z2,M2025,REF,22,57,0.392857142857,24,19,0.413043478261,11.716405323250,17,14,0.333333333333,18.342915646105,6.626510322855,11.248512475580
Q_value,V05,Z2,M2025,REF,23,57,0.410714285714,25,20,0.434782608696,22.384333347115,18,15,0.357142857143,25.220444449274,2.836111102159,11.248512475580
Q_value,V05,Z2,M2025,REF,24,57,0.428571428571,25,20,0.434782608696,22.384333347115,19,16,0.380952380952,35.314279706329,12.929946359215,11.248512475580
Q_value,V05,Z2,M2025,REF,25,57,0.446428571429,25,20,0.434782608696,22.384333347115,20,17,0.404761904762,22.409421390630,0.025088043515,11.248512475580
Q_value,V05,Z2,M2025,REF,26,57,0.464285714286,25,20,0.434782608696,22.384333347115,21,18,0.428571428571,23.256331321771,0.871997974657,11.248512475580
Q_value,V05,Z2,M2025,REF,27,57,0.482142857143,26,21,0.456521739130,76.246871403190,22,19,0.452380952381,32.259133889725,43.987737513465,11.248512475580
Q_value,V05,Z2,M2025,REF,28,57,0.500000000000,27,22,0.478260869565,15.199337384337,23,20,0.476190476190,20.616777659902,5.417440275565,11.248512475580
Q_value,V05,Z2,M2025,REF,29,57,0.517857142857,28,23,0.500000000000,10.450255706531,24,21,0.500000000000,11.336892639793,0.886636933262,11.248512475580
Q_value,V05,Z2,M2025,REF,30,57,0.535714285714,29,24,0.521739130435,13.055540223775,24,21,0.500000000000,11.336892639793,1.718647583982,11.248512475580
Q_value,V05,Z2,M2025,REF,31,57,0.553571428571,30,25,0.543478260870,22.366099472383,25,22,0.523809523810,31.653468514895,9.287369042512,11.248512475580
Q_value,V05,Z2,M2025,REF,32,57,0.571428571429,31,26,0.565217391304,64.001370286205,26,23,0.547619047619,36.615383152035,27.385987134170,11.248512475580
Q_value,V05,Z2,M2025,REF,33,57,0.589285714286,32,27,0.586956521739,12.571413187197,27,24,0.571428571429,20.824109602828,8.252696415631,11.248512475580
Q_value,V05,Z2,M2025,REF,34,57,0.607142857143,33,28,0.608695652174,33.074799423666,28,25,0.595238095238,34.755464887421,1.680665463755,11.248512475580
Q_value,V05,Z2,M2025,REF,35,57,0.625000000000,34,29,0.630434782609,11.225533668025,29,26,0.619047619048,25.045017099648,13.819483431622,11.248512475580
Q_value,V05,Z2,M2025,REF,36,57,0.642857142857,35,30,0.652173913043,36.122972598668,29,26,0.619047619048,25.045017099648,11.077955499021,11.248512475580
Q_value,V05,Z2,M2025,REF,37,57,0.660714285714,36,31,0.673913043478,8.189830460835,30,27,0.642857142857,10.068897746663,1.879067285829,11.248512475580
Q_value,V05,Z2,M2025,REF,38,57,0.678571428571,36,31,0.673913043478,8.189830460835,31,28,0.666666666667,8.034144384125,0.155686076710,11.248512475580
Q_value,V05,Z2,M2025,REF,39,57,0.696428571429,36,31,0.673913043478,8.189830460835,32,29,0.690476190476,10.004135607949,1.814305147115,11.248512475580
Q_value,V05,Z2,M2025,REF,40,57,0.714285714286,36,31,0.673913043478,8.189830460835,33,30,0.714285714286,12.923181179548,4.733350718713,11.248512475580
Q_value,V05,Z2,M2025,REF,41,57,0.732142857143,36,31,0.673913043478,8.189830460835,34,31,0.738095238095,9.297695115485,1.107864654650,11.248512475580
Q_value,V05,Z2,M2025,REF,42,57,0.750000000000,37,32,0.695652173913,5.691883230628,36,32,0.761904761905,4.083436702563,1.608446528065,11.248512475580
Q_value,V05,Z2,M2025,REF,43,57,0.767857142857,38,33,0.717391304348,4.602789261382,36,32,0.761904761905,4.083436702563,0.519352558818,11.248512475580
Q_value,V05,Z2,M2025,REF,44,57,0.785714285714,41,34,0.739130434783,6.973969744279,37,33,0.785714285714,7.423902843836,0.449933099558,11.248512475580
Q_value,V05,Z2,M2025,REF,45,57,0.803571428571,42,35,0.760869565217,7.415338660177,37,33,0.785714285714,7.423902843836,0.008564183660,11.248512475580
Q_value,V05,Z2,M2025,REF,46,57,0.821428571429,48,36,0.782608695652,4.740277864160,37,33,0.785714285714,7.423902843836,2.683624979676,11.248512475580
Q_value,V05,Z2,M2025,REF,47,57,0.839285714286,49,37,0.804347826087,31.237802591124,38,34,0.809523809524,15.892726796744,15.345075794380,11.248512475580
Q_value,V05,Z2,M2025,REF,48,57,0.857142857143,50,38,0.826086956522,26.584541568414,38,34,0.809523809524,15.892726796744,10.691814771670,11.248512475580
Q_value,V05,Z2,M2025,REF,49,57,0.875000000000,51,39,0.847826086957,73.129958978402,39,35,0.833333333333,53.309130708058,19.820828270344,11.248512475580
Q_value,V05,Z2,M2025,REF,50,57,0.892857142857,52,40,0.869565217391,46.303070960336,40,36,0.857142857143,48.902977722977,2.599906762641,11.248512475580
Q_value,V05,Z2,M2025,REF,51,57,0.910714285714,53,41,0.891304347826,91.021082411492,41,37,0.880952380952,43.638851994709,47.382230416783,11.248512475580
Q_value,V05,Z2,M2025,REF,52,57,0.928571428571,54,42,0.913043478261,36.067643376145,42,38,0.904761904762,38.966041239039,2.898397862894,11.248512475580
Q_value,V05,Z2,M2025,REF,53,57,0.946428571429,55,43,0.934782608696,78.697299626535,43,39,0.928571428571,21.907422334090,56.789877292445,11.248512475580
Q_value,V05,Z2,M2025,REF,54,57,0.964285714286,56,44,0.956521739130,70.737945322118,44,40,0.952380952381,35.376268731608,35.361676590510,11.248512475580
Q_value,V05,Z2,M2025,REF,55,57,0.982142857143,57,45,0.978260869565,15.617397533671,45,41,0.976190476190,28.978768735105,13.361371201434,11.248512475580
Q_value,V05,Z2,M2025,REF,56,57,1.000000000000,58,46,1.000000000000,9.099171592416,46,42,1.000000000000,30.096867798827,20.997696206411,11.248512475580
SFR,V06,Z1,M2025,REF,0,97,0.000000000000,0,0,0.000000000000,27.447391354473,0,0,0.000000000000,11.486602638058,15.960788716415,2.333338659585
SFR,V06,Z1,M2025,REF,1,97,0.010416666667,1,1,0.016666666667,6.104176381052,1,1,0.013333333333,4.691871047418,1.412305333635,2.333338659585
SFR,V06,Z1,M2025,REF,2,97,0.020833333333,1,1,0.016666666667,6.104176381052,2,2,0.026666666667,6.559259336610,0.455082955557,2.333338659585
SFR,V06,Z1,M2025,REF,3,97,0.031250000000,1,1,0.016666666667,6.104176381052,3,3,0.040000000000,5.751639117960,0.352537263093,2.333338659585
SFR,V06,Z1,M2025,REF,4,97,0.041666666667,1,1,0.016666666667,6.104176381052,4,4,0.053333333333,10.225975444820,4.121799063768,2.333338659585
SFR,V06,Z1,M2025,REF,5,97,0.052083333333,1,1,0.016666666667,6.104176381052,5,5,0.066666666667,6.004862599194,0.099313781858,2.333338659585
SFR,V06,Z1,M2025,REF,6,97,0.062500000000,2,2,0.033333333333,7.257668029280,6,6,0.080000000000,6.977205182449,0.280462846831,2.333338659585
SFR,V06,Z1,M2025,REF,7,97,0.072916666667,3,3,0.050000000000,7.717222397772,7,7,0.093333333333,7.866944912036,0.149722514263,2.333338659585
SFR,V06,Z1,M2025,REF,8,97,0.083333333333,4,4,0.066666666667,5.088392840397,8,8,0.106666666667,5.243173316805,0.154780476408,2.333338659585
SFR,V06,Z1,M2025,REF,9,97,0.093750000000,4,4,0.066666666667,5.088392840397,9,9,0.120000000000,3.902709107635,1.185683732762,2.333338659585
SFR,V06,Z1,M2025,REF,10,97,0.104166666667,5,5,0.083333333333,9.089836816578,10,10,0.133333333333,7.737570517979,1.352266298599,2.333338659585
SFR,V06,Z1,M2025,REF,11,97,0.114583333333,5,5,0.083333333333,9.089836816578,11,11,0.146666666667,11.542140096871,2.452303280293,2.333338659585
SFR,V06,Z1,M2025,REF,12,97,0.125000000000,5,5,0.083333333333,9.089836816578,12,12,0.160000000000,6.043327577959,3.046509238619,2.333338659585
SFR,V06,Z1,M2025,REF,13,97,0.135416666667,5,5,0.083333333333,9.089836816578,13,13,0.173333333333,6.334606110025,2.755230706552,2.333338659585
SFR,V06,Z1,M2025,REF,14,97,0.145833333333,5,5,0.083333333333,9.089836816578,14,14,0.186666666667,7.635604418124,1.454232398454,2.333338659585
SFR,V06,Z1,M2025,REF,15,97,0.156250000000,6,6,0.100000000000,12.503842471894,15,15,0.200000000000,10.464160296919,2.039682174975,2.333338659585
SFR,V06,Z1,M2025,REF,16,97,0.166666666667,7,7,0.116666666667,15.171999406206,16,16,0.213333333333,15.049898798629,0.122100607577,2.333338659585
SFR,V06,Z1,M2025,REF,17,97,0.177083333333,8,8,0.133333333333,18.201637423284,17,17,0.226666666667,16.591300953252,1.610336470032,2.333338659585
SFR,V06,Z1,M2025,REF,18,97,0.187500000000,9,9,0.150000000000,7.090400977046,18,18,0.240000000000,10.556349139529,3.465948162484,2.333338659585
SFR,V06,Z1,M2025,REF,19,97,0.197916666667,9,9,0.150000000000,7.090400977046,19,19,0.253333333333,8.399050207230,1.308649230184,2.333338659585
SFR,V06,Z1,M2025,REF,20,97,0.208333333333,10,10,0.166666666667,15.315925649650,20,20,0.266666666667,11.492797161898,3.823128487752,2.333338659585
SFR,V06,Z1,M2025,REF,21,97,0.218750000000,11,11,0.183333333333,19.864482342887,21,21,0.280000000000,17.196034204286,2.668448138601,2.333338659585
SFR,V06,Z1,M2025,REF,22,97,0.229166666667,12,12,0.200000000000,25.376052344683,21,21,0.280000000000,17.196034204286,8.180018140398,2.333338659585
SFR,V06,Z1,M2025,REF,23,97,0.239583333333,13,13,0.216666666667,18.865416022571,21,21,0.280000000000,17.196034204286,1.669381818285,2.333338659585
SFR,V06,Z1,M2025,REF,24,97,0.250000000000,14,14,0.233333333333,13.426831882901,22,22,0.293333333333,10.246014006424,3.180817876477,2.333338659585
SFR,V06,Z1,M2025,REF,25,97,0.260416666667,15,15,0.250000000000,19.921966701777,23,23,0.306666666667,16.429675151669,3.492291550108,2.333338659585
SFR,V06,Z1,M2025,REF,26,97,0.270833333333,16,16,0.266666666667,17.505453148093,24,24,0.320000000000,17.239557609249,0.265895538844,2.333338659585
SFR,V06,Z1,M2025,REF,27,97,0.281250000000,17,17,0.283333333333,21.256713670566,24,24,0.320000000000,17.239557609249,4.017156061317,2.333338659585
SFR,V06,Z1,M2025,REF,28,97,0.291666666667,18,18,0.300000000000,17.140365111539,24,24,0.320000000000,17.239557609249,0.099192497710,2.333338659585
SFR,V06,Z1,M2025,REF,29,97,0.302083333333,19,19,0.316666666667,23.273312703667,24,24,0.320000000000,17.239557609249,6.033755094417,2.333338659585
SFR,V06,Z1,M2025,REF,30,97,0.312500000000,20,20,0.333333333333,20.042312180220,24,24,0.320000000000,17.239557609249,2.802754570971,2.333338659585
SFR,V06,Z1,M2025,REF,31,97,0.322916666667,21,21,0.350000000000,15.181246930422,25,25,0.333333333333,12.442754132697,2.738492797725,2.333338659585
SFR,V06,Z1,M2025,REF,32,97,0.333333333333,22,22,0.366666666667,21.948910366429,26,26,0.346666666667,17.499555137396,4.449355229033,2.333338659585
SFR,V06,Z1,M2025,REF,33,97,0.343750000000,23,23,0.383333333333,16.990350651854,26,26,0.346666666667,17.499555137396,0.509204485541,2.333338659585
SFR,V06,Z1,M2025,REF,34,97,0.354166666667,24,24,0.400000000000,13.136850996573,27,27,0.360000000000,13.854934565382,0.718083568809,2.333338659585
SFR,V06,Z1,M2025,REF,35,97,0.364583333333,24,24,0.400000000000,13.136850996573,28,28,0.373333333333,12.638987986164,0.497863010410,2.333338659585
SFR,V06,Z1,M2025,REF,36,97,0.375000000000,24,24,0.400000000000,13.136850996573,29,29,0.386666666667,16.710622386662,3.573771390089,2.333338659585
SFR,V06,Z1,M2025,REF,37,97,0.385416666667,24,24,0.400000000000,13.136850996573,30,30,0.400000000000,10.884526732935,2.252324263639,2.333338659585
SFR,V06,Z1,M2025,REF,38,97,0.395833333333,24,24,0.400000000000,13.136850996573,31,31,0.413333333333,12.938692714731,0.198158281843,2.333338659585
SFR,V06,Z1,M2025,REF,39,97,0.406250000000,24,24,0.400000000000,13.136850996573,32,32,0.426666666667,16.170376781138,3.033525784565,2.333338659585
SFR,V06,Z1,M2025,REF,40,97,0.416666666667,24,24,0.400000000000,13.136850996573,33,33,0.440000000000,13.551591903925,0.414740907352,2.333338659585
SFR,V06,Z1,M2025,REF,41,97,0.427083333333,25,25,0.416666666667,25.402761559992,34,34,0.453333333333,18.054767508539,7.347994051452,2.333338659585
SFR,V06,Z1,M2025,REF,42,97,0.437500000000,26,26,0.433333333333,17.884583064766,34,34,0.453333333333,18.054767508539,0.170184443773,2.333338659585
SFR,V06,Z1,M2025,REF,43,97,0.447916666667,27,27,0.450000000000,15.812707181010,35,35,0.466666666667,16.164674273719,0.351967092709,2.333338659585
SFR,V06,Z1,M2025,REF,44,97,0.458333333333,28,28,0.466666666667,16.584392472260,36,36,0.480000000000,11.046057024272,5.538335447989,2.333338659585
SFR,V06,Z1,M2025,REF,45,97,0.468750000000,29,29,0.483333333333,24.083574632173,37,37,0.493333333333,19.755097118047,4.328477514127,2.333338659585
SFR,V06,Z1,M2025,REF,46,97,0.479166666667,30,30,0.500000000000,21.558652344305,37,37,0.493333333333,19.755097118047,1.803555226258,2.333338659585
SFR,V06,Z1,M2025,REF,47,97,0.489583333333,31,31,0.516666666667,15.901996317359,37,37,0.493333333333,19.755097118047,3.853100800688,2.333338659585
SFR,V06,Z1,M2025,REF,48,97,0.500000000000,32,32,0.533333333333,22.099005446027,37,37,0.493333333333,19.755097118047,2.343908327980,2.333338659585
SFR,V06,Z1,M2025,REF,49,97,0.510416666667,33,33,0.550000000000,20.518662009335,37,37,0.493333333333,19.755097118047,0.763564891288,2.333338659585
SFR,V06,Z1,M2025,REF,50,97,0.520833333333,34,34,0.566666666667,23.768366875636,37,37,0.493333333333,19.755097118047,4.013269757589,2.333338659585
SFR,V06,Z1,M2025,REF,51,97,0.531250000000,35,35,0.583333333333,17.994766100830,38,38,0.506666666667,17.080218866231,0.914547234599,2.333338659585
SFR,V06,Z1,M2025,REF,52,97,0.541666666667,36,36,0.600000000000,14.272820943267,39,39,0.520000000000,10.789713296024,3.483107647243,2.333338659585
SFR,V06,Z1,M2025,REF,53,97,0.552083333333,36,36,0.600000000000,14.272820943267,40,40,0.533333333333,14.413297625992,0.140476682724,2.333338659585
SFR,V06,Z1,M2025,REF,54,97,0.562500000000,37,37,0.616666666667,10.151540881743,41,41,0.546666666667,9.083435585317,1.068105296426,2.333338659585
SFR,V06,Z1,M2025,REF,55,97,0.572916666667,38,38,0.633333333333,7.496863617742,42,42,0.560000000000,7.456040948938,0.040822668803,2.333338659585
SFR,V06,Z1,M2025,REF,56,97,0.583333333333,38,38,0.633333333333,7.496863617742,43,43,0.573333333333,7.025434925287,0.471428692454,2.333338659585
SFR,V06,Z1,M2025,REF,57,97,0.593750000000,38,38,0.633333333333,7.496863617742,44,44,0.586666666667,6.044619260243,1.452244357498,2.333338659585
SFR,V06,Z1,M2025,REF,58,97,0.604166666667,39,39,0.650000000000,8.877685585740,45,45,0.600000000000,12.857712855814,3.980027270075,2.333338659585
SFR,V06,Z1,M2025,REF,59,97,0.614583333333,40,40,0.666666666667,9.130678798129,46,46,0.613333333333,10.395709468832,1.265030670703,2.333338659585
SFR,V06,Z1,M2025,REF,60,97,0.625000000000,40,40,0.666666666667,9.130678798129,47,47,0.626666666667,7.670642208264,1.460036589865,2.333338659585
SFR,V06,Z1,M2025,REF,61,97,0.635416666667,40,40,0.666666666667,9.130678798129,48,48,0.640000000000,8.122939525622,1.007739272507,2.333338659585
SFR,V06,Z1,M2025,REF,62,97,0.645833333333,41,41,0.683333333333,9.958936706168,49,49,0.653333333333,10.797771726652,0.838835020484,2.333338659585
SFR,V06,Z1,M2025,REF,63,97,0.656250000000,41,41,0.683333333333,9.958936706168,50,50,0.666666666667,9.350360229161,0.608576477007,2.333338659585
SFR,V06,Z1,M2025,REF,64,97,0.666666666667,42,42,0.700000000000,6.234493865598,51,51,0.680000000000,8.627504995222,2.393011129624,2.333338659585
SFR,V06,Z1,M2025,REF,65,97,0.677083333333,43,43,0.716666666667,2.662732453651,52,52,0.693333333333,13.246410333938,10.583677880287,2.333338659585
SFR,V06,Z1,M2025,REF,66,97,0.687500000000,44,44,0.733333333333,2.153140903040,53,53,0.706666666667,13.166057290591,11.012916387551,2.333338659585
SFR,V06,Z1,M2025,REF,67,97,0.697916666667,45,45,0.750000000000,21.855221001230,54,54,0.720000000000,22.754607705090,0.899386703861,2.333338659585
SFR,V06,Z1,M2025,REF,68,97,0.708333333333,45,45,0.750000000000,21.855221001230,55,55,0.733333333333,23.213162745989,1.357941744759,2.333338659585
SFR,V06,Z1,M2025,REF,69,97,0.718750000000,46,46,0.766666666667,8.123955099490,56,56,0.746666666667,14.989458508973,6.865503409483,2.333338659585
SFR,V06,Z1,M2025,REF,70,97,0.729166666667,46,46,0.766666666667,8.123955099490,57,57,0.760000000000,10.740395473665,2.616440374175,2.333338659585
SFR,V06,Z1,M2025,REF,71,97,0.739583333333,47,47,0.783333333333,7.290868842436,58,58,0.773333333333,8.402688180829,1.111819338394,2.333338659585
SFR,V06,Z1,M2025,REF,72,97,0.750000000000,48,48,0.800000000000,10.975009981498,59,59,0.786666666667,8.299078669032,2.675931312466,2.333338659585
SFR,V06,Z1,M2025,REF,73,97,0.760416666667,49,49,0.816666666667,18.729863180352,60,60,0.800000000000,17.997624990582,0.732238189769,2.333338659585
SFR,V06,Z1,M2025,REF,74,97,0.770833333333,50,50,0.833333333333,19.751115600517,60,60,0.800000000000,17.997624990582,1.753490609934,2.333338659585
SFR,V06,Z1,M2025,REF,75,97,0.781250000000,51,51,0.850000000000,18.061279020804,60,60,0.800000000000,17.997624990582,0.063654030221,2.333338659585
SFR,V06,Z1,M2025,REF,76,97,0.791666666667,52,52,0.866666666667,18.008989514847,60,60,0.800000000000,17.997624990582,0.011364524265,2.333338659585
SFR,V06,Z1,M2025,REF,77,97,0.802083333333,53,53,0.883333333333,28.696834085206,60,60,0.800000000000,17.997624990582,10.699209094623,2.333338659585
SFR,V06,Z1,M2025,REF,78,97,0.812500000000,54,54,0.900000000000,21.216549452171,60,60,0.800000000000,17.997624990582,3.218924461588,2.333338659585
SFR,V06,Z1,M2025,REF,79,97,0.822916666667,55,55,0.916666666667,19.431646281337,60,60,0.800000000000,17.997624990582,1.434021290755,2.333338659585
SFR,V06,Z1,M2025,REF,80,97,0.833333333333,56,56,0.933333333333,17.099968832302,61,61,0.813333333333,16.970097669461,0.129871162841,2.333338659585
SFR,V06,Z1,M2025,REF,81,97,0.843750000000,57,57,0.950000000000,15.684069086103,61,61,0.813333333333,16.970097669461,1.286028583358,2.333338659585
SFR,V06,Z1,M2025,REF,82,97,0.854166666667,58,58,0.966666666667,13.403921276267,61,61,0.813333333333,16.970097669461,3.566176393195,2.333338659585
SFR,V06,Z1,M2025,REF,83,97,0.864583333333,59,59,0.983333333333,9.309132877968,62,62,0.826666666667,5.998210195457,3.310922682510,2.333338659585
SFR,V06,Z1,M2025,REF,84,97,0.875000000000,60,60,1.000000000000,7.054773464338,63,63,0.840000000000,5.338071177504,1.716702286834,2.333338659585
SFR,V06,Z1,M2025,REF,85,97,0.885416666667,60,60,1.000000000000,7.054773464338,64,64,0.853333333333,5.623626710728,1.431146753610,2.333338659585
SFR,V06,Z1,M2025,REF,86,97,0.895833333333,60,60,1.000000000000,7.054773464338,65,65,0.866666666667,7.542271379820,0.487497915483,2.333338659585
SFR,V06,Z1,M2025,REF,87,97,0.906250000000,60,60,1.000000000000,7.054773464338,66,66,0.880000000000,7.921077254271,0.866303789934,2.333338659585
SFR,V06,Z1,M2025,REF,88,97,0.916666666667,60,60,1.000000000000,7.054773464338,67,67,0.893333333333,8.070698288360,1.015924824022,2.333338659585
SFR,V06,Z1,M2025,REF,89,97,0.927083333333,60,60,1.000000000000,7.054773464338,68,68,0.906666666667,7.499737445971,0.444963981633,2.333338659585
SFR,V06,Z1,M2025,REF,90,97,0.937500000000,60,60,1.000000000000,7.054773464338,69,69,0.920000000000,5.768496185272,1.286277279065,2.333338659585
SFR,V06,Z1,M2025,REF,91,97,0.947916666667,60,60,1.000000000000,7.054773464338,70,70,0.933333333333,7.184850245371,0.130076781034,2.333338659585
SFR,V06,Z1,M2025,REF,92,97,0.958333333333,60,60,1.000000000000,7.054773464338,71,71,0.946666666667,10.156257726549,3.101484262211,2.333338659585
SFR,V06,Z1,M2025,REF,93,97,0.968750000000,60,60,1.000000000000,7.054773464338,72,72,0.960000000000,9.782043729428,2.727270265090,2.333338659585
SFR,V06,Z1,M2025,REF,94,97,0.979166666667,60,60,1.000000000000,7.054773464338,73,73,0.973333333333,7.974654804947,0.919881340609,2.333338659585
SFR,V06,Z1,M2025,REF,95,97,0.989583333333,60,60,1.000000000000,7.054773464338,74,74,0.986666666667,6.919644740563,0.135128723774,2.333338659585
SFR,V06,Z1,M2025,REF,96,97,1.000000000000,60,60,1.000000000000,7.054773464338,75,75,1.000000000000,7.760005756664,0.705232292327,2.333338659585
SFR,V06,Z2,M2025,REF,0,74,0.000000000000,0,0,0.000000000000,27.447391354473,0,0,0.000000000000,18.817561177464,8.629830177009,2.540386723098
SFR,V06,Z2,M2025,REF,1,74,0.013698630137,1,1,0.016666666667,6.104176381052,1,1,0.020833333333,6.303008374447,0.198831993395,2.540386723098
SFR,V06,Z2,M2025,REF,2,74,0.027397260274,2,2,0.033333333333,7.257668029280,1,1,0.020833333333,6.303008374447,0.954659654833,2.540386723098
SFR,V06,Z2,M2025,REF,3,74,0.041095890411,3,3,0.050000000000,7.717222397772,1,1,0.020833333333,6.303008374447,1.414214023325,2.540386723098
SFR,V06,Z2,M2025,REF,4,74,0.054794520548,4,4,0.066666666667,5.088392840397,2,2,0.041666666667,5.026141606176,0.062251234221,2.540386723098
SFR,V06,Z2,M2025,REF,5,74,0.068493150685,4,4,0.066666666667,5.088392840397,3,3,0.062500000000,6.725253563756,1.636860723359,2.540386723098
SFR,V06,Z2,M2025,REF,6,74,0.082191780822,5,5,0.083333333333,9.089836816578,4,4,0.083333333333,8.817678120197,0.272158696381,2.540386723098
SFR,V06,Z2,M2025,REF,7,74,0.095890410959,5,5,0.083333333333,9.089836816578,5,5,0.104166666667,10.455013178464,1.365176361887,2.540386723098
SFR,V06,Z2,M2025,REF,8,74,0.109589041096,5,5,0.083333333333,9.089836816578,6,6,0.125000000000,8.554839604303,0.534997212275,2.540386723098
SFR,V06,Z2,M2025,REF,9,74,0.123287671233,6,6,0.100000000000,12.503842471894,7,7,0.145833333333,12.437014396600,0.066828075294,2.540386723098
SFR,V06,Z2,M2025,REF,10,74,0.136986301370,6,6,0.100000000000,12.503842471894,8,8,0.166666666667,10.492014339107,2.011828132787,2.540386723098
SFR,V06,Z2,M2025,REF,11,74,0.150684931507,7,7,0.116666666667,15.171999406206,9,9,0.187500000000,11.677801952436,3.494197453770,2.540386723098
SFR,V06,Z2,M2025,REF,12,74,0.164383561644,8,8,0.133333333333,18.201637423284,10,10,0.208333333333,19.198162252026,0.996524828741,2.540386723098
SFR,V06,Z2,M2025,REF,13,74,0.178082191781,9,9,0.150000000000,7.090400977046,11,11,0.229166666667,11.102643993476,4.012243016431,2.540386723098
SFR,V06,Z2,M2025,REF,14,74,0.191780821918,10,10,0.166666666667,15.315925649650,12,12,0.250000000000,13.454131741390,1.861793908261,2.540386723098
SFR,V06,Z2,M2025,REF,15,74,0.205479452055,10,10,0.166666666667,15.315925649650,13,13,0.270833333333,16.206125174175,0.890199524525,2.540386723098
SFR,V06,Z2,M2025,REF,16,74,0.219178082192,10,10,0.166666666667,15.315925649650,14,14,0.291666666667,12.764431524831,2.551494124819,2.540386723098
SFR,V06,Z2,M2025,REF,17,74,0.232876712329,10,10,0.166666666667,15.315925649650,15,15,0.312500000000,19.040417101158,3.724491451508,2.540386723098
SFR,V06,Z2,M2025,REF,18,74,0.246575342466,10,10,0.166666666667,15.315925649650,16,16,0.333333333333,14.089660106959,1.226265542691,2.540386723098
SFR,V06,Z2,M2025,REF,19,74,0.260273972603,11,11,0.183333333333,19.864482342887,17,17,0.354166666667,12.662652249121,7.201830093766,2.540386723098
SFR,V06,Z2,M2025,REF,20,74,0.273972602740,12,12,0.200000000000,25.376052344683,18,18,0.375000000000,25.399733051427,0.023680706743,2.540386723098
SFR,V06,Z2,M2025,REF,21,74,0.287671232877,13,13,0.216666666667,18.865416022571,19,19,0.395833333333,14.430280132558,4.435135890013,2.540386723098
SFR,V06,Z2,M2025,REF,22,74,0.301369863014,14,14,0.233333333333,13.426831882901,20,20,0.416666666667,10.566835998913,2.859995883988,2.540386723098
SFR,V06,Z2,M2025,REF,23,74,0.315068493151,15,15,0.250000000000,19.921966701777,21,21,0.437500000000,18.545245566647,1.376721135130,2.540386723098
SFR,V06,Z2,M2025,REF,24,74,0.328767123288,16,16,0.266666666667,17.505453148093,21,21,0.437500000000,18.545245566647,1.039792418554,2.540386723098
SFR,V06,Z2,M2025,REF,25,74,0.342465753425,17,17,0.283333333333,21.256713670566,21,21,0.437500000000,18.545245566647,2.711468103919,2.540386723098
SFR,V06,Z2,M2025,REF,26,74,0.356164383562,18,18,0.300000000000,17.140365111539,21,21,0.437500000000,18.545245566647,1.404880455108,2.540386723098
SFR,V06,Z2,M2025,REF,27,74,0.369863013699,19,19,0.316666666667,23.273312703667,21,21,0.437500000000,18.545245566647,4.728067137020,2.540386723098
SFR,V06,Z2,M2025,REF,28,74,0.383561643836,20,20,0.333333333333,20.042312180220,21,21,0.437500000000,18.545245566647,1.497066613573,2.540386723098
SFR,V06,Z2,M2025,REF,29,74,0.397260273973,21,21,0.350000000000,15.181246930422,22,22,0.458333333333,10.667972640316,4.513274290106,2.540386723098
SFR,V06,Z2,M2025,REF,30,74,0.410958904110,21,21,0.350000000000,15.181246930422,23,23,0.479166666667,10.897861360849,4.283385569573,2.540386723098
SFR,V06,Z2,M2025,REF,31,74,0.424657534247,21,21,0.350000000000,15.181246930422,24,24,0.500000000000,15.470985218677,0.289738288255,2.540386723098
SFR,V06,Z2,M2025,REF,32,74,0.438356164384,21,21,0.350000000000,15.181246930422,25,25,0.520833333333,13.199109606438,1.982137323984,2.540386723098
SFR,V06,Z2,M2025,REF,33,74,0.452054794521,21,21,0.350000000000,15.181246930422,26,26,0.541666666667,9.149657904997,6.031589025425,2.540386723098
SFR,V06,Z2,M2025,REF,34,74,0.465753424658,22,22,0.366666666667,21.948910366429,27,27,0.562500000000,17.979721407139,3.969188959291,2.540386723098
SFR,V06,Z2,M2025,REF,35,74,0.479452054795,23,23,0.383333333333,16.990350651854,27,27,0.562500000000,17.979721407139,0.989370755284,2.540386723098
SFR,V06,Z2,M2025,REF,36,74,0.493150684932,24,24,0.400000000000,13.136850996573,28,28,0.583333333333,9.150406382454,3.986444614120,2.540386723098
SFR,V06,Z2,M2025,REF,37,74,0.506849315068,24,24,0.400000000000,13.136850996573,29,29,0.604166666667,9.271163501261,3.865687495313,2.540386723098
SFR,V06,Z2,M2025,REF,38,74,0.520547945205,25,25,0.416666666667,25.402761559992,30,30,0.625000000000,20.026798614565,5.375962945427,2.540386723098
SFR,V06,Z2,M2025,REF,39,74,0.534246575342,26,26,0.433333333333,17.884583064766,31,31,0.645833333333,16.431140474355,1.453442590412,2.540386723098
SFR,V06,Z2,M2025,REF,40,74,0.547945205479,27,27,0.450000000000,15.812707181010,31,31,0.645833333333,16.431140474355,0.618433293344,2.540386723098
SFR,V06,Z2,M2025,REF,41,74,0.561643835616,28,28,0.466666666667,16.584392472260,32,32,0.666666666667,17.770673270826,1.186280798565,2.540386723098
SFR,V06,Z2,M2025,REF,42,74,0.575342465753,29,29,0.483333333333,24.083574632173,33,33,0.687500000000,20.821502007732,3.262072624441,2.540386723098
SFR,V06,Z2,M2025,REF,43,74,0.589041095890,30,30,0.500000000000,21.558652344305,33,33,0.687500000000,20.821502007732,0.737150336573,2.540386723098
SFR,V06,Z2,M2025,REF,44,74,0.602739726027,31,31,0.516666666667,15.901996317359,34,34,0.708333333333,14.875069043933,1.026927273426,2.540386723098
SFR,V06,Z2,M2025,REF,45,74,0.616438356164,32,32,0.533333333333,22.099005446027,35,35,0.729166666667,20.580324091375,1.518681354652,2.540386723098
SFR,V06,Z2,M2025,REF,46,74,0.630136986301,33,33,0.550000000000,20.518662009335,35,35,0.729166666667,20.580324091375,0.061662082040,2.540386723098
SFR,V06,Z2,M2025,REF,47,74,0.643835616438,34,34,0.566666666667,23.768366875636,36,36,0.750000000000,23.148198831079,0.620168044557,2.540386723098
SFR,V06,Z2,M2025,REF,48,74,0.657534246575,35,35,0.583333333333,17.994766100830,36,36,0.750000000000,23.148198831079,5.153432730249,2.540386723098
SFR,V06,Z2,M2025,REF,49,74,0.671232876712,36,36,0.600000000000,14.272820943267,37,37,0.770833333333,9.041162635426,5.231658307841,2.540386723098
SFR,V06,Z2,M2025,REF,50,74,0.684931506849,37,37,0.616666666667,10.151540881743,37,37,0.770833333333,9.041162635426,1.110378246317,2.540386723098
SFR,V06,Z2,M2025,REF,51,74,0.698630136986,38,38,0.633333333333,7.496863617742,37,37,0.770833333333,9.041162635426,1.544299017685,2.540386723098
SFR,V06,Z2,M2025,REF,52,74,0.712328767123,39,39,0.650000000000,8.877685585740,37,37,0.770833333333,9.041162635426,0.163477049687,2.540386723098
SFR,V06,Z2,M2025,REF,53,74,0.726027397260,40,40,0.666666666667,9.130678798129,37,37,0.770833333333,9.041162635426,0.089516162702,2.540386723098
SFR,V06,Z2,M2025,REF,54,74,0.739726027397,41,41,0.683333333333,9.958936706168,37,37,0.770833333333,9.041162635426,0.917774070742,2.540386723098
SFR,V06,Z2,M2025,REF,55,74,0.753424657534,42,42,0.700000000000,6.234493865598,38,38,0.791666666667,4.735176847181,1.499317018418,2.540386723098
SFR,V06,Z2,M2025,REF,56,74,0.767123287671,43,43,0.716666666667,2.662732453651,39,39,0.812500000000,3.756852844862,1.094120391211,2.540386723098
SFR,V06,Z2,M2025,REF,57,74,0.780821917808,44,44,0.733333333333,2.153140903040,40,40,0.833333333333,7.066347571145,4.913206668105,2.540386723098
SFR,V06,Z2,M2025,REF,58,74,0.794520547945,45,45,0.750000000000,21.855221001230,41,41,0.854166666667,13.557248698576,8.297972302654,2.540386723098
SFR,V06,Z2,M2025,REF,59,74,0.808219178082,46,46,0.766666666667,8.123955099490,42,42,0.875000000000,10.055093291245,1.931138191755,2.540386723098
SFR,V06,Z2,M2025,REF,60,74,0.821917808219,47,47,0.783333333333,7.290868842436,42,42,0.875000000000,10.055093291245,2.764224448810,2.540386723098
SFR,V06,Z2,M2025,REF,61,74,0.835616438356,48,48,0.800000000000,10.975009981498,43,43,0.895833333333,12.126955313892,1.151945332394,2.540386723098
SFR,V06,Z2,M2025,REF,62,74,0.849315068493,49,49,0.816666666667,18.729863180352,44,44,0.916666666667,31.126320371636,12.396457191284,2.540386723098
SFR,V06,Z2,M2025,REF,63,74,0.863013698630,50,50,0.833333333333,19.751115600517,45,45,0.937500000000,20.118980846974,0.367865246457,2.540386723098
SFR,V06,Z2,M2025,REF,64,74,0.876712328767,51,51,0.850000000000,18.061279020804,45,45,0.937500000000,20.118980846974,2.057701826170,2.540386723098
SFR,V06,Z2,M2025,REF,65,74,0.890410958904,52,52,0.866666666667,18.008989514847,45,45,0.937500000000,20.118980846974,2.109991332127,2.540386723098
SFR,V06,Z2,M2025,REF,66,74,0.904109589041,53,53,0.883333333333,28.696834085206,45,45,0.937500000000,20.118980846974,8.577853238232,2.540386723098
SFR,V06,Z2,M2025,REF,67,74,0.917808219178,54,54,0.900000000000,21.216549452171,45,45,0.937500000000,20.118980846974,1.097568605197,2.540386723098
SFR,V06,Z2,M2025,REF,68,74,0.931506849315,55,55,0.916666666667,19.431646281337,45,45,0.937500000000,20.118980846974,0.687334565637,2.540386723098
SFR,V06,Z2,M2025,REF,69,74,0.945205479452,56,56,0.933333333333,17.099968832302,46,46,0.958333333333,14.151755920670,2.948212911632,2.540386723098
SFR,V06,Z2,M2025,REF,70,74,0.958904109589,57,57,0.950000000000,15.684069086103,46,46,0.958333333333,14.151755920670,1.532313165434,2.540386723098
SFR,V06,Z2,M2025,REF,71,74,0.972602739726,58,58,0.966666666667,13.403921276267,47,47,0.979166666667,13.526251148454,0.122329872188,2.540386723098
SFR,V06,Z2,M2025,REF,72,74,0.986301369863,59,59,0.983333333333,9.309132877968,47,47,0.979166666667,13.526251148454,4.217118270487,2.540386723098
SFR,V06,Z2,M2025,REF,73,74,1.000000000000,60,60,1.000000000000,7.054773464338,48,48,1.000000000000,14.111102572078,7.056329107740,2.540386723098
Q_value,V06,Z1,M2025,REF,0,67,0.000000000000,0,0,0.000000000000,3.447937054269,2,0,0.000000000000,4.287057258816,0.839120204546,7.928511550430
Q_value,V06,Z1,M2025,REF,1,67,0.015151515152,5,1,0.021739130435,7.455585348620,6,1,0.022727272727,9.549693990353,2.094108641733,7.928511550430
Q_value,V06,Z1,M2025,REF,2,67,0.030303030303,6,2,0.043478260870,16.992255148086,7,2,0.045454545455,13.967280849844,3.024974298242,7.928511550430
Q_value,V06,Z1,M2025,REF,3,67,0.045454545455,6,2,0.043478260870,16.992255148086,11,3,0.068181818182,17.416395105705,0.424139957619,7.928511550430
Q_value,V06,Z1,M2025,REF,4,67,0.060606060606,6,2,0.043478260870,16.992255148086,12,4,0.090909090909,4.066801875689,12.925453272396,7.928511550430
Q_value,V06,Z1,M2025,REF,5,67,0.075757575758,7,3,0.065217391304,19.801359836563,15,5,0.113636363636,14.131537108888,5.669822727675,7.928511550430
Q_value,V06,Z1,M2025,REF,6,67,0.090909090909,8,4,0.086956521739,27.015376883889,16,6,0.136363636364,27.059421855721,0.044044971832,7.928511550430
Q_value,V06,Z1,M2025,REF,7,67,0.106060606061,10,5,0.108695652174,21.603104881885,17,7,0.159090909091,19.284201200725,2.318903681161,7.928511550430
Q_value,V06,Z1,M2025,REF,8,67,0.121212121212,10,5,0.108695652174,21.603104881885,18,8,0.181818181818,25.166821673167,3.563716791282,7.928511550430
Q_value,V06,Z1,M2025,REF,9,67,0.136363636364,10,5,0.108695652174,21.603104881885,19,9,0.204545454545,23.125747548446,1.522642666561,7.928511550430
Q_value,V06,Z1,M2025,REF,10,67,0.151515151515,10,5,0.108695652174,21.603104881885,20,10,0.227272727273,20.258182263964,1.344922617921,7.928511550430
Q_value,V06,Z1,M2025,REF,11,67,0.166666666667,11,6,0.130434782609,86.322322079012,21,11,0.250000000000,77.423731824321,8.898590254691,7.928511550430
Q_value,V06,Z1,M2025,REF,12,67,0.181818181818,12,7,0.152173913043,81.656393483963,21,11,0.250000000000,77.423731824321,4.232661659642,7.928511550430
Q_value,V06,Z1,M2025,REF,13,67,0.196969696970,13,8,0.173913043478,23.709688313149,22,12,0.272727272727,15.301673598017,8.408014715132,7.928511550430
Q_value,V06,Z1,M2025,REF,14,67,0.212121212121,14,9,0.195652173913,21.957404367272,22,12,0.272727272727,15.301673598017,6.655730769255,7.928511550430
Q_value,V06,Z1,M2025,REF,15,67,0.227272727273,15,10,0.217391304348,38.689814008544,23,13,0.295454545455,44.611951621315,5.922137612771,7.928511550430
Q_value,V06,Z1,M2025,REF,16,67,0.242424242424,16,11,0.239130434783,62.103287577067,24,14,0.318181818182,50.421778477787,11.681509099281,7.928511550430
Q_value,V06,Z1,M2025,REF,17,67,0.257575757576,17,12,0.260869565217,61.210006703417,24,14,0.318181818182,50.421778477787,10.788228225630,7.928511550430
Q_value,V06,Z1,M2025,REF,18,67,0.272727272727,18,13,0.282608695652,16.842821272505,25,15,0.340909090909,19.968793228075,3.125971955570,7.928511550430
Q_value,V06,Z1,M2025,REF,19,67,0.287878787879,19,14,0.304347826087,27.901129670225,25,15,0.340909090909,19.968793228075,7.932336442150,7.928511550430
Q_value,V06,Z1,M2025,REF,20,67,0.303030303030,20,15,0.326086956522,25.587494683788,25,15,0.340909090909,19.968793228075,5.618701455713,7.928511550430
Q_value,V06,Z1,M2025,REF,21,67,0.318181818182,21,16,0.347826086957,39.623076202212,26,16,0.363636363636,36.477465464093,3.145610738119,7.928511550430
Q_value,V06,Z1,M2025,REF,22,67,0.333333333333,22,17,0.369565217391,40.501518096056,26,16,0.363636363636,36.477465464093,4.024052631963,7.928511550430
Q_value,V06,Z1,M2025,REF,23,67,0.348484848485,23,18,0.391304347826,15.409386217032,27,17,0.386363636364,24.193881136954,8.784494919922,7.928511550430
Q_value,V06,Z1,M2025,REF,24,67,0.363636363636,24,19,0.413043478261,11.716405323250,28,18,0.409090909091,16.408654679490,4.692249356240,7.928511550430
Q_value,V06,Z1,M2025,REF,25,67,0.378787878788,25,20,0.434782608696,22.384333347115,28,18,0.409090909091,16.408654679490,5.975678667625,7.928511550430
Q_value,V06,Z1,M2025,REF,26,67,0.393939393939,26,21,0.456521739130,76.246871403190,29,19,0.431818181818,31.036267551648,45.210603851541,7.928511550430
Q_value,V06,Z1,M2025,REF,27,67,0.409090909091,27,22,0.478260869565,15.199337384337,30,20,0.454545454545,16.148343933445,0.949006549108,7.928511550430
Q_value,V06,Z1,M2025,REF,28,67,0.424242424242,28,23,0.500000000000,10.450255706531,30,20,0.454545454545,16.148343933445,5.698088226914,7.928511550430
Q_value,V06,Z1,M2025,REF,29,67,0.439393939394,29,24,0.521739130435,13.055540223775,30,20,0.454545454545,16.148343933445,3.092803709670,7.928511550430
Q_value,V06,Z1,M2025,REF,30,67,0.454545454545,30,25,0.543478260870,22.366099472383,31,21,0.477272727273,23.169609564262,0.803510091879,7.928511550430
Q_value,V06,Z1,M2025,REF,31,67,0.469696969697,31,26,0.565217391304,64.001370286205,32,22,0.500000000000,41.421066600044,22.580303686161,7.928511550430
Q_value,V06,Z1,M2025,REF,32,67,0.484848484848,32,27,0.586956521739,12.571413187197,33,23,0.522727272727,16.795427105861,4.224013918664,7.928511550430
Q_value,V06,Z1,M2025,REF,33,67,0.500000000000,33,28,0.608695652174,33.074799423666,33,23,0.522727272727,16.795427105861,16.279372317805,7.928511550430
Q_value,V06,Z1,M2025,REF,34,67,0.515151515152,34,29,0.630434782609,11.225533668025,33,23,0.522727272727,16.795427105861,5.569893437836,7.928511550430
Q_value,V06,Z1,M2025,REF,35,67,0.530303030303,35,30,0.652173913043,36.122972598668,33,23,0.522727272727,16.795427105861,19.327545492807,7.928511550430
Q_value,V06,Z1,M2025,REF,36,67,0.545454545455,36,31,0.673913043478,8.189830460835,33,23,0.522727272727,16.795427105861,8.605596645027,7.928511550430
Q_value,V06,Z1,M2025,REF,37,67,0.560606060606,37,32,0.695652173913,5.691883230628,33,23,0.522727272727,16.795427105861,11.103543875233,7.928511550430
Q_value,V06,Z1,M2025,REF,38,67,0.575757575758,38,33,0.717391304348,4.602789261382,33,23,0.522727272727,16.795427105861,12.192637844480,7.928511550430
Q_value,V06,Z1,M2025,REF,39,67,0.590909090909,41,34,0.739130434783,6.973969744279,33,23,0.522727272727,16.795427105861,9.821457361583,7.928511550430
Q_value,V06,Z1,M2025,REF,40,67,0.606060606061,42,35,0.760869565217,7.415338660177,33,23,0.522727272727,16.795427105861,9.380088445685,7.928511550430
Q_value,V06,Z1,M2025,REF,41,67,0.621212121212,48,36,0.782608695652,4.740277864160,33,23,0.522727272727,16.795427105861,12.055149241701,7.928511550430
Q_value,V06,Z1,M2025,REF,42,67,0.636363636364,49,37,0.804347826087,31.237802591124,34,24,0.545454545455,38.772593375396,7.534790784272,7.928511550430
Q_value,V06,Z1,M2025,REF,43,67,0.651515151515,50,38,0.826086956522,26.584541568414,34,24,0.545454545455,38.772593375396,12.188051806982,7.928511550430
Q_value,V06,Z1,M2025,REF,44,67,0.666666666667,51,39,0.847826086957,73.129958978402,34,24,0.545454545455,38.772593375396,34.357365603005,7.928511550430
Q_value,V06,Z1,M2025,REF,45,67,0.681818181818,52,40,0.869565217391,46.303070960336,34,24,0.545454545455,38.772593375396,7.530477584940,7.928511550430
Q_value,V06,Z1,M2025,REF,46,67,0.696969696970,53,41,0.891304347826,91.021082411492,35,25,0.568181818182,98.114465118761,7.093382707269,7.928511550430
Q_value,V06,Z1,M2025,REF,47,67,0.712121212121,54,42,0.913043478261,36.067643376145,36,26,0.590909090909,23.272213141232,12.795430234913,7.928511550430
Q_value,V06,Z1,M2025,REF,48,67,0.727272727273,54,42,0.913043478261,36.067643376145,37,27,0.613636363636,28.745895452027,7.321747924119,7.928511550430
Q_value,V06,Z1,M2025,REF,49,67,0.742424242424,54,42,0.913043478261,36.067643376145,38,28,0.636363636364,40.706199102709,4.638555726564,7.928511550430
Q_value,V06,Z1,M2025,REF,50,67,0.757575757576,54,42,0.913043478261,36.067643376145,39,29,0.659090909091,17.091357241418,18.976286134727,7.928511550430
Q_value,V06,Z1,M2025,REF,51,67,0.772727272727,55,43,0.934782608696,78.697299626535,40,30,0.681818181818,46.657151630363,32.040147996172,7.928511550430
Q_value,V06,Z1,M2025,REF,52,67,0.787878787879,56,44,0.956521739130,70.737945322118,40,30,0.681818181818,46.657151630363,24.080793691755,7.928511550430
Q_value,V06,Z1,M2025,REF,53,67,0.803030303030,57,45,0.978260869565,15.617397533671,41,31,0.704545454545,20.533563989636,4.916166455965,7.928511550430
Q_value,V06,Z1,M2025,REF,54,67,0.818181818182,57,45,0.978260869565,15.617397533671,43,32,0.727272727273,12.016593590251,3.600803943419,7.928511550430
Q_value,V06,Z1,M2025,REF,55,67,0.833333333333,57,45,0.978260869565,15.617397533671,44,33,0.750000000000,12.055515281090,3.561882252581,7.928511550430
Q_value,V06,Z1,M2025,REF,56,67,0.848484848485,57,45,0.978260869565,15.617397533671,45,34,0.772727272727,15.237809516347,0.379588017324,7.928511550430
Q_value,V06,Z1,M2025,REF,57,67,0.863636363636,58,46,1.000000000000,9.099171592416,46,35,0.795454545455,8.031988486521,1.067183105895,7.928511550430
Q_value,V06,Z1,M2025,REF,58,67,0.878787878788,58,46,1.000000000000,9.099171592416,48,36,0.818181818182,6.485775886590,2.613395705826,7.928511550430
Q_value,V06,Z1,M2025,REF,59,67,0.893939393939,58,46,1.000000000000,9.099171592416,49,37,0.840909090909,6.531049924840,2.568121667576,7.928511550430
Q_value,V06,Z1,M2025,REF,60,67,0.909090909091,58,46,1.000000000000,9.099171592416,54,38,0.863636363636,3.624932381430,5.474239210986,7.928511550430
Q_value,V06,Z1,M2025,REF,61,67,0.924242424242,58,46,1.000000000000,9.099171592416,55,39,0.886363636364,2.512458184265,6.586713408151,7.928511550430
Q_value,V06,Z1,M2025,REF,62,67,0.939393939394,58,46,1.000000000000,9.099171592416,66,40,0.909090909091,9.662989493648,0.563817901232,7.928511550430
Q_value,V06,Z1,M2025,REF,63,67,0.954545454545,58,46,1.000000000000,9.099171592416,67,41,0.931818181818,8.041633796435,1.057537795981,7.928511550430
Q_value,V06,Z1,M2025,REF,64,67,0.969696969697,58,46,1.000000000000,9.099171592416,68,42,0.954545454545,7.137860526402,1.961311066014,7.928511550430
Q_value,V06,Z1,M2025,REF,65,67,0.984848484848,58,46,1.000000000000,9.099171592416,70,43,0.977272727273,6.909344154308,2.189827438108,7.928511550430
Q_value,V06,Z1,M2025,REF,66,67,1.000000000000,58,46,1.000000000000,9.099171592416,71,44,1.000000000000,3.537948908130,5.561222684286,7.928511550430
Q_value,V06,Z2,M2025,REF,0,56,0.000000000000,0,0,0.000000000000,3.447937054269,4,0,0.000000000000,8.591922297497,5.143985243227,10.312969810331
Q_value,V06,Z2,M2025,REF,1,56,0.018181818182,5,1,0.021739130435,7.455585348620,5,1,0.027777777778,10.400219961582,2.944634612962,10.312969810331
Q_value,V06,Z2,M2025,REF,2,56,0.036363636364,5,1,0.021739130435,7.455585348620,6,2,0.055555555556,9.147765658326,1.692180309705,10.312969810331
Q_value,V06,Z2,M2025,REF,3,56,0.054545454545,6,2,0.043478260870,16.992255148086,7,3,0.083333333333,14.236965936383,2.755289211702,10.312969810331
Q_value,V06,Z2,M2025,REF,4,56,0.072727272727,7,3,0.065217391304,19.801359836563,8,4,0.111111111111,15.597371478654,4.203988357909,10.312969810331
Q_value,V06,Z2,M2025,REF,5,56,0.090909090909,8,4,0.086956521739,27.015376883889,9,5,0.138888888889,31.098564430254,4.083187546365,10.312969810331
Q_value,V06,Z2,M2025,REF,6,56,0.109090909091,10,5,0.108695652174,21.603104881885,10,6,0.166666666667,22.892364784197,1.289259902311,10.312969810331
Q_value,V06,Z2,M2025,REF,7,56,0.127272727273,10,5,0.108695652174,21.603104881885,11,7,0.194444444444,16.483986846627,5.119118035259,10.312969810331
Q_value,V06,Z2,M2025,REF,8,56,0.145454545455,10,5,0.108695652174,21.603104881885,12,8,0.222222222222,25.440554599018,3.837449717132,10.312969810331
Q_value,V06,Z2,M2025,REF,9,56,0.163636363636,10,5,0.108695652174,21.603104881885,13,9,0.250000000000,25.261924790257,3.658819908371,10.312969810331
Q_value,V06,Z2,M2025,REF,10,56,0.181818181818,10,5,0.108695652174,21.603104881885,14,10,0.277777777778,13.459164177680,8.143940704205,10.312969810331
Q_value,V06,Z2,M2025,REF,11,56,0.200000000000,11,6,0.130434782609,86.322322079012,15,11,0.305555555556,43.481486101751,42.840835977261,10.312969810331
Q_value,V06,Z2,M2025,REF,12,56,0.218181818182,12,7,0.152173913043,81.656393483963,15,11,0.305555555556,43.481486101751,38.174907382212,10.312969810331
Q_value,V06,Z2,M2025,REF,13,56,0.236363636364,13,8,0.173913043478,23.709688313149,16,12,0.333333333333,17.903896254884,5.805792058266,10.312969810331
Q_value,V06,Z2,M2025,REF,14,56,0.254545454545,14,9,0.195652173913,21.957404367272,17,13,0.361111111111,17.337045676657,4.620358690615,10.312969810331
Q_value,V06,Z2,M2025,REF,15,56,0.272727272727,15,10,0.217391304348,38.689814008544,18,14,0.388888888889,47.949888671007,9.260074662463,10.312969810331
Q_value,V06,Z2,M2025,REF,16,56,0.290909090909,16,11,0.239130434783,62.103287577067,18,14,0.388888888889,47.949888671007,14.153398906060,10.312969810331
Q_value,V06,Z2,M2025,REF,17,56,0.309090909091,17,12,0.260869565217,61.210006703417,18,14,0.388888888889,47.949888671007,13.260118032409,10.312969810331
Q_value,V06,Z2,M2025,REF,18,56,0.327272727273,18,13,0.282608695652,16.842821272505,19,15,0.416666666667,19.392278204836,2.549456932331,10.312969810331
Q_value,V06,Z2,M2025,REF,19,56,0.345454545455,18,13,0.282608695652,16.842821272505,20,16,0.444444444444,10.218843934486,6.623977338019,10.312969810331
Q_value,V06,Z2,M2025,REF,20,56,0.363636363636,19,14,0.304347826087,27.901129670225,21,17,0.472222222222,29.302884217138,1.401754546914,10.312969810331
Q_value,V06,Z2,M2025,REF,21,56,0.381818181818,20,15,0.326086956522,25.587494683788,21,17,0.472222222222,29.302884217138,3.715389533351,10.312969810331
Q_value,V06,Z2,M2025,REF,22,56,0.400000000000,21,16,0.347826086957,39.623076202212,21,17,0.472222222222,29.302884217138,10.320191985073,10.312969810331
Q_value,V06,Z2,M2025,REF,23,56,0.418181818182,22,17,0.369565217391,40.501518096056,21,17,0.472222222222,29.302884217138,11.198633878917,10.312969810331
Q_value,V06,Z2,M2025,REF,24,56,0.436363636364,23,18,0.391304347826,15.409386217032,22,18,0.500000000000,20.322325753675,4.912939536643,10.312969810331
Q_value,V06,Z2,M2025,REF,25,56,0.454545454545,24,19,0.413043478261,11.716405323250,22,18,0.500000000000,20.322325753675,8.605920430425,10.312969810331
Q_value,V06,Z2,M2025,REF,26,56,0.472727272727,25,20,0.434782608696,22.384333347115,22,18,0.500000000000,20.322325753675,2.062007593440,10.312969810331
Q_value,V06,Z2,M2025,REF,27,56,0.490909090909,26,21,0.456521739130,76.246871403190,22,18,0.500000000000,20.322325753675,55.924545649515,10.312969810331
Q_value,V06,Z2,M2025,REF,28,56,0.509090909091,27,22,0.478260869565,15.199337384337,23,19,0.527777777778,12.236069489304,2.963267895033,10.312969810331
Q_value,V06,Z2,M2025,REF,29,56,0.527272727273,28,23,0.500000000000,10.450255706531,23,19,0.527777777778,12.236069489304,1.785813782773,10.312969810331
Q_value,V06,Z2,M2025,REF,30,56,0.545454545455,29,24,0.521739130435,13.055540223775,23,19,0.527777777778,12.236069489304,0.819470734471,10.312969810331
Q_value,V06,Z2,M2025,REF,31,56,0.563636363636,30,25,0.543478260870,22.366099472383,24,20,0.555555555556,23.041956667424,0.675857195041,10.312969810331
Q_value,V06,Z2,M2025,REF,32,56,0.581818181818,31,26,0.565217391304,64.001370286205,25,21,0.583333333333,23.614566554551,40.386803731653,10.312969810331
Q_value,V06,Z2,M2025,REF,33,56,0.600000000000,32,27,0.586956521739,12.571413187197,26,22,0.611111111111,9.301060066995,3.270353120202,10.312969810331
Q_value,V06,Z2,M2025,REF,34,56,0.618181818182,33,28,0.608695652174,33.074799423666,27,23,0.638888888889,20.770344746287,12.304454677380,10.312969810331
Q_value,V06,Z2,M2025,REF,35,56,0.636363636364,34,29,0.630434782609,11.225533668025,28,24,0.666666666667,15.244452016228,4.018918348202,10.312969810331
Q_value,V06,Z2,M2025,REF,36,56,0.654545454545,35,30,0.652173913043,36.122972598668,28,24,0.666666666667,15.244452016228,20.878520582441,10.312969810331
Q_value,V06,Z2,M2025,REF,37,56,0.672727272727,36,31,0.673913043478,8.189830460835,29,25,0.694444444444,6.936558914900,1.253271545934,10.312969810331
Q_value,V06,Z2,M2025,REF,38,56,0.690909090909,36,31,0.673913043478,8.189830460835,30,26,0.722222222222,13.363548389039,5.173717928204,10.312969810331
Q_value,V06,Z2,M2025,REF,39,56,0.709090909091,37,32,0.695652173913,5.691883230628,31,27,0.750000000000,4.896418878747,0.795464351881,10.312969810331
Q_value,V06,Z2,M2025,REF,40,56,0.727272727273,38,33,0.717391304348,4.602789261382,31,27,0.750000000000,4.896418878747,0.293629617365,10.312969810331
Q_value,V06,Z2,M2025,REF,41,56,0.745454545455,41,34,0.739130434783,6.973969744279,33,28,0.777777777778,7.265852485901,0.291882741622,10.312969810331
Q_value,V06,Z2,M2025,REF,42,56,0.763636363636,42,35,0.760869565217,7.415338660177,41,29,0.805555555556,11.246731217565,3.831392557388,10.312969810331
Q_value,V06,Z2,M2025,REF,43,56,0.781818181818,48,36,0.782608695652,4.740277864160,42,30,0.833333333333,10.709916423522,5.969638559362,10.312969810331
Q_value,V06,Z2,M2025,REF,44,56,0.800000000000,49,37,0.804347826087,31.237802591124,43,31,0.861111111111,18.463816176664,12.773986414460,10.312969810331
Q_value,V06,Z2,M2025,REF,45,56,0.818181818182,50,38,0.826086956522,26.584541568414,43,31,0.861111111111,18.463816176664,8.120725391750,10.312969810331
Q_value,V06,Z2,M2025,REF,46,56,0.836363636364,51,39,0.847826086957,73.129958978402,44,32,0.888888888889,39.031565613259,34.098393365143,10.312969810331
Q_value,V06,Z2,M2025,REF,47,56,0.854545454545,52,40,0.869565217391,46.303070960336,44,32,0.888888888889,39.031565613259,7.271505347077,10.312969810331
Q_value,V06,Z2,M2025,REF,48,56,0.872727272727,53,41,0.891304347826,91.021082411492,44,32,0.888888888889,39.031565613259,51.989516798233,10.312969810331
Q_value,V06,Z2,M2025,REF,49,56,0.890909090909,54,42,0.913043478261,36.067643376145,44,32,0.888888888889,39.031565613259,2.963922237114,10.312969810331
Q_value,V06,Z2,M2025,REF,50,56,0.909090909091,55,43,0.934782608696,78.697299626535,44,32,0.888888888889,39.031565613259,39.665734013276,10.312969810331
Q_value,V06,Z2,M2025,REF,51,56,0.927272727273,56,44,0.956521739130,70.737945322118,44,32,0.888888888889,39.031565613259,31.706379708859,10.312969810331
Q_value,V06,Z2,M2025,REF,52,56,0.945454545455,57,45,0.978260869565,15.617397533671,45,33,0.916666666667,18.281955702786,2.664558169115,10.312969810331
Q_value,V06,Z2,M2025,REF,53,56,0.963636363636,57,45,0.978260869565,15.617397533671,46,34,0.944444444444,14.040515938117,1.576881595554,10.312969810331
Q_value,V06,Z2,M2025,REF,54,56,0.981818181818,58,46,1.000000000000,9.099171592416,47,35,0.972222222222,8.302554335282,0.796617257134,10.312969810331
Q_value,V06,Z2,M2025,REF,55,56,1.000000000000,58,46,1.000000000000,9.099171592416,48,36,1.000000000000,8.215696563617,0.883475028799,10.312969810331
SFR,V07,Z1,M2025,REF,0,94,0.000000000000,0,0,0.000000000000,27.447391354473,0,0,0.000000000000,10.455836032288,16.991555322185,4.546590078252
SFR,V07,Z1,M2025,REF,1,94,0.010752688172,1,1,0.016666666667,6.104176381052,1,1,0.019230769231,9.608475499363,3.504299118310,4.546590078252
SFR,V07,Z1,M2025,REF,2,94,0.021505376344,2,2,0.033333333333,7.257668029280,1,1,0.019230769231,9.608475499363,2.350807470083,4.546590078252
SFR,V07,Z1,M2025,REF,3,94,0.032258064516,3,3,0.050000000000,7.717222397772,1,1,0.019230769231,9.608475499363,1.891253101590,4.546590078252
SFR,V07,Z1,M2025,REF,4,94,0.043010752688,4,4,0.066666666667,5.088392840397,1,1,0.019230769231,9.608475499363,4.520082658965,4.546590078252
SFR,V07,Z1,M2025,REF,5,94,0.053763440860,5,5,0.083333333333,9.089836816578,1,1,0.019230769231,9.608475499363,0.518638682785,4.546590078252
SFR,V07,Z1,M2025,REF,6,94,0.064516129032,6,6,0.100000000000,12.503842471894,2,2,0.038461538462,11.057306263564,1.446536208330,4.546590078252
SFR,V07,Z1,M2025,REF,7,94,0.075268817204,7,7,0.116666666667,15.171999406206,3,3,0.057692307692,14.505623001918,0.666376404288,4.546590078252
SFR,V07,Z1,M2025,REF,8,94,0.086021505376,8,8,0.133333333333,18.201637423284,3,3,0.057692307692,14.505623001918,3.696014421367,4.546590078252
SFR,V07,Z1,M2025,REF,9,94,0.096774193548,9,9,0.150000000000,7.090400977046,3,3,0.057692307692,14.505623001918,7.415222024872,4.546590078252
SFR,V07,Z1,M2025,REF,10,94,0.107526881720,10,10,0.166666666667,15.315925649650,3,3,0.057692307692,14.505623001918,0.810302647732,4.546590078252
SFR,V07,Z1,M2025,REF,11,94,0.118279569892,11,11,0.183333333333,19.864482342887,3,3,0.057692307692,14.505623001918,5.358859340969,4.546590078252
SFR,V07,Z1,M2025,REF,12,94,0.129032258065,12,12,0.200000000000,25.376052344683,4,4,0.076923076923,29.089660624086,3.713608279402,4.546590078252
SFR,V07,Z1,M2025,REF,13,94,0.139784946237,12,12,0.200000000000,25.376052344683,5,5,0.096153846154,27.865873723411,2.489821378728,4.546590078252
SFR,V07,Z1,M2025,REF,14,94,0.150537634409,12,12,0.200000000000,25.376052344683,6,6,0.115384615385,24.546142231732,0.829910112951,4.546590078252
SFR,V07,Z1,M2025,REF,15,94,0.161290322581,12,12,0.200000000000,25.376052344683,7,7,0.134615384615,37.218974237845,11.842921893162,4.546590078252
SFR,V07,Z1,M2025,REF,16,94,0.172043010753,12,12,0.200000000000,25.376052344683,8,8,0.153846153846,37.481168672692,12.105116328009,4.546590078252
SFR,V07,Z1,M2025,REF,17,94,0.182795698925,12,12,0.200000000000,25.376052344683,9,9,0.173076923077,37.218289352174,11.842237007490,4.546590078252
SFR,V07,Z1,M2025,REF,18,94,0.193548387097,12,12,0.200000000000,25.376052344683,10,10,0.192307692308,29.436258047706,4.060205703023,4.546590078252
SFR,V07,Z1,M2025,REF,19,94,0.204301075269,12,12,0.200000000000,25.376052344683,11,11,0.211538461538,26.837932525216,1.461880180533,4.546590078252
SFR,V07,Z1,M2025,REF,20,94,0.215053763441,12,12,0.200000000000,25.376052344683,12,12,0.230769230769,31.162340596314,5.786288251631,4.546590078252
SFR,V07,Z1,M2025,REF,21,94,0.225806451613,12,12,0.200000000000,25.376052344683,13,13,0.250000000000,26.931103439159,1.555051094475,4.546590078252
SFR,V07,Z1,M2025,REF,22,94,0.236559139785,12,12,0.200000000000,25.376052344683,14,14,0.269230769231,32.528528262195,7.152475917512,4.546590078252
SFR,V07,Z1,M2025,REF,23,94,0.247311827957,12,12,0.200000000000,25.376052344683,15,15,0.288461538462,42.869488553899,17.493436209215,4.546590078252
SFR,V07,Z1,M2025,REF,24,94,0.258064516129,12,12,0.200000000000,25.376052344683,16,16,0.307692307692,31.428559425474,6.052507080791,4.546590078252
SFR,V07,Z1,M2025,REF,25,94,0.268817204301,12,12,0.200000000000,25.376052344683,17,17,0.326923076923,26.620654515778,1.244602171095,4.546590078252
SFR,V07,Z1,M2025,REF,26,94,0.279569892473,12,12,0.200000000000,25.376052344683,18,18,0.346153846154,24.040209576391,1.335842768292,4.546590078252
SFR,V07,Z1,M2025,REF,27,94,0.290322580645,12,12,0.200000000000,25.376052344683,19,19,0.365384615385,24.849439385350,0.526612959334,4.546590078252
SFR,V07,Z1,M2025,REF,28,94,0.301075268817,12,12,0.200000000000,25.376052344683,20,20,0.384615384615,36.143525103005,10.767472758322,4.546590078252
SFR,V07,Z1,M2025,REF,29,94,0.311827956989,12,12,0.200000000000,25.376052344683,21,21,0.403846153846,29.365170041519,3.989117696835,4.546590078252
SFR,V07,Z1,M2025,REF,30,94,0.322580645161,12,12,0.200000000000,25.376052344683,22,22,0.423076923077,27.933543999097,2.557491654413,4.546590078252
SFR,V07,Z1,M2025,REF,31,94,0.333333333333,12,12,0.200000000000,25.376052344683,23,23,0.442307692308,24.265320942038,1.110731402645,4.546590078252
SFR,V07,Z1,M2025,REF,32,94,0.344086021505,12,12,0.200000000000,25.376052344683,24,24,0.461538461538,27.668509027066,2.292456682383,4.546590078252
SFR,V07,Z1,M2025,REF,33,94,0.354838709677,12,12,0.200000000000,25.376052344683,25,25,0.480769230769,28.690891792884,3.314839448200,4.546590078252
SFR,V07,Z1,M2025,REF,34,94,0.365591397849,12,12,0.200000000000,25.376052344683,26,26,0.500000000000,27.298302286120,1.922249941436,4.546590078252
SFR,V07,Z1,M2025,REF,35,94,0.376344086022,13,13,0.216666666667,18.865416022571,27,27,0.519230769231,14.607916594862,4.257499427709,4.546590078252
SFR,V07,Z1,M2025,REF,36,94,0.387096774194,14,14,0.233333333333,13.426831882901,27,27,0.519230769231,14.607916594862,1.181084711961,4.546590078252
SFR,V07,Z1,M2025,REF,37,94,0.397849462366,15,15,0.250000000000,19.921966701777,28,28,0.538461538462,18.704991164732,1.216975537044,4.546590078252
SFR,V07,Z1,M2025,REF,38,94,0.408602150538,16,16,0.266666666667,17.505453148093,28,28,0.538461538462,18.704991164732,1.199538016639,4.546590078252
SFR,V07,Z1,M2025,REF,39,94,0.419354838710,17,17,0.283333333333,21.256713670566,28,28,0.538461538462,18.704991164732,2.551722505834,4.546590078252
SFR,V07,Z1,M2025,REF,40,94,0.430107526882,18,18,0.300000000000,17.140365111539,28,28,0.538461538462,18.704991164732,1.564626053193,4.546590078252
SFR,V07,Z1,M2025,REF,41,94,0.440860215054,19,19,0.316666666667,23.273312703667,28,28,0.538461538462,18.704991164732,4.568321538934,4.546590078252
SFR,V07,Z1,M2025,REF,42,94,0.451612903226,20,20,0.333333333333,20.042312180220,28,28,0.538461538462,18.704991164732,1.337321015488,4.546590078252
SFR,V07,Z1,M2025,REF,43,94,0.462365591398,21,21,0.350000000000,15.181246930422,28,28,0.538461538462,18.704991164732,3.523744234310,4.546590078252
SFR,V07,Z1,M2025,REF,44,94,0.473118279570,22,22,0.366666666667,21.948910366429,28,28,0.538461538462,18.704991164732,3.243919201697,4.546590078252
SFR,V07,Z1,M2025,REF,45,94,0.483870967742,23,23,0.383333333333,16.990350651854,28,28,0.538461538462,18.704991164732,1.714640512878,4.546590078252
SFR,V07,Z1,M2025,REF,46,94,0.494623655914,24,24,0.400000000000,13.136850996573,29,29,0.557692307692,22.003268760697,8.866417764124,4.546590078252
SFR,V07,Z1,M2025,REF,47,94,0.505376344086,25,25,0.416666666667,25.402761559992,30,30,0.576923076923,27.322971935899,1.920210375907,4.546590078252
SFR,V07,Z1,M2025,REF,48,94,0.516129032258,25,25,0.416666666667,25.402761559992,31,31,0.596153846154,25.724652774938,0.321891214946,4.546590078252
SFR,V07,Z1,M2025,REF,49,94,0.526881720430,26,26,0.433333333333,17.884583064766,32,32,0.615384615385,16.761875464637,1.122707600129,4.546590078252
SFR,V07,Z1,M2025,REF,50,94,0.537634408602,27,27,0.450000000000,15.812707181010,32,32,0.615384615385,16.761875464637,0.949168283627,4.546590078252
SFR,V07,Z1,M2025,REF,51,94,0.548387096774,28,28,0.466666666667,16.584392472260,32,32,0.615384615385,16.761875464637,0.177482992376,4.546590078252
SFR,V07,Z1,M2025,REF,52,94,0.559139784946,29,29,0.483333333333,24.083574632173,33,33,0.634615384615,26.933418780831,2.849844148657,4.546590078252
SFR,V07,Z1,M2025,REF,53,94,0.569892473118,29,29,0.483333333333,24.083574632173,34,34,0.653846153846,30.404846982160,6.321272349986,4.546590078252
SFR,V07,Z1,M2025,REF,54,94,0.580645161290,29,29,0.483333333333,24.083574632173,35,35,0.673076923077,28.207773451796,4.124198819623,4.546590078252
SFR,V07,Z1,M2025,REF,55,94,0.591397849462,29,29,0.483333333333,24.083574632173,36,36,0.692307692308,34.842674312244,10.759099680071,4.546590078252
SFR,V07,Z1,M2025,REF,56,94,0.602150537634,30,30,0.500000000000,21.558652344305,37,37,0.711538461538,22.953217940153,1.394565595849,4.546590078252
SFR,V07,Z1,M2025,REF,57,94,0.612903225806,31,31,0.516666666667,15.901996317359,37,37,0.711538461538,22.953217940153,7.051221622794,4.546590078252
SFR,V07,Z1,M2025,REF,58,94,0.623655913978,32,32,0.533333333333,22.099005446027,37,37,0.711538461538,22.953217940153,0.854212494127,4.546590078252
SFR,V07,Z1,M2025,REF,59,94,0.634408602151,33,33,0.550000000000,20.518662009335,37,37,0.711538461538,22.953217940153,2.434555930819,4.546590078252
SFR,V07,Z1,M2025,REF,60,94,0.645161290323,34,34,0.566666666667,23.768366875636,38,38,0.730769230769,34.394971219362,10.626604343725,4.546590078252
SFR,V07,Z1,M2025,REF,61,94,0.655913978495,34,34,0.566666666667,23.768366875636,39,39,0.750000000000,28.332888164491,4.564521288854,4.546590078252
SFR,V07,Z1,M2025,REF,62,94,0.666666666667,34,34,0.566666666667,23.768366875636,40,40,0.769230769231,29.136912023513,5.368545147877,4.546590078252
SFR,V07,Z1,M2025,REF,63,94,0.677419354839,35,35,0.583333333333,17.994766100830,41,41,0.788461538462,14.017690312534,3.977075788296,4.546590078252
SFR,V07,Z1,M2025,REF,64,94,0.688172043011,36,36,0.600000000000,14.272820943267,41,41,0.788461538462,14.017690312534,0.255130630733,4.546590078252
SFR,V07,Z1,M2025,REF,65,94,0.698924731183,37,37,0.616666666667,10.151540881743,42,42,0.807692307692,13.691321040239,3.539780158496,4.546590078252
SFR,V07,Z1,M2025,REF,66,94,0.709677419355,38,38,0.633333333333,7.496863617742,42,42,0.807692307692,13.691321040239,6.194457422498,4.546590078252
SFR,V07,Z1,M2025,REF,67,94,0.720430107527,39,39,0.650000000000,8.877685585740,42,42,0.807692307692,13.691321040239,4.813635454499,4.546590078252
SFR,V07,Z1,M2025,REF,68,94,0.731182795699,40,40,0.666666666667,9.130678798129,42,42,0.807692307692,13.691321040239,4.560642242110,4.546590078252
SFR,V07,Z1,M2025,REF,69,94,0.741935483871,41,41,0.683333333333,9.958936706168,42,42,0.807692307692,13.691321040239,3.732384334071,4.546590078252
SFR,V07,Z1,M2025,REF,70,94,0.752688172043,42,42,0.700000000000,6.234493865598,42,42,0.807692307692,13.691321040239,7.456827174641,4.546590078252
SFR,V07,Z1,M2025,REF,71,94,0.763440860215,43,43,0.716666666667,2.662732453651,42,42,0.807692307692,13.691321040239,11.028588586588,4.546590078252
SFR,V07,Z1,M2025,REF,72,94,0.774193548387,44,44,0.733333333333,2.153140903040,42,42,0.807692307692,13.691321040239,11.538180137199,4.546590078252
SFR,V07,Z1,M2025,REF,73,94,0.784946236559,45,45,0.750000000000,21.855221001230,42,42,0.807692307692,13.691321040239,8.163899960991,4.546590078252
SFR,V07,Z1,M2025,REF,74,94,0.795698924731,46,46,0.766666666667,8.123955099490,42,42,0.807692307692,13.691321040239,5.567365940749,4.546590078252
SFR,V07,Z1,M2025,REF,75,94,0.806451612903,47,47,0.783333333333,7.290868842436,42,42,0.807692307692,13.691321040239,6.400452197803,4.546590078252
SFR,V07,Z1,M2025,REF,76,94,0.817204301075,48,48,0.800000000000,10.975009981498,42,42,0.807692307692,13.691321040239,2.716311058741,4.546590078252
SFR,V07,Z1,M2025,REF,77,94,0.827956989247,49,49,0.816666666667,18.729863180352,43,43,0.826923076923,17.276870873341,1.452992307011,4.546590078252
SFR,V07,Z1,M2025,REF,78,94,0.838709677419,50,50,0.833333333333,19.751115600517,43,43,0.826923076923,17.276870873341,2.474244727176,4.546590078252
SFR,V07,Z1,M2025,REF,79,94,0.849462365591,51,51,0.850000000000,18.061279020804,43,43,0.826923076923,17.276870873341,0.784408147463,4.546590078252
SFR,V07,Z1,M2025,REF,80,94,0.860215053763,52,52,0.866666666667,18.008989514847,44,44,0.846153846154,22.602382723537,4.593393208690,4.546590078252
SFR,V07,Z1,M2025,REF,81,94,0.870967741935,53,53,0.883333333333,28.696834085206,45,45,0.865384615385,32.063292284805,3.366458199599,4.546590078252
SFR,V07,Z1,M2025,REF,82,94,0.881720430108,53,53,0.883333333333,28.696834085206,46,46,0.884615384615,25.510247807374,3.186586277832,4.546590078252
SFR,V07,Z1,M2025,REF,83,94,0.892473118280,53,53,0.883333333333,28.696834085206,47,47,0.903846153846,35.404219248390,6.707385163184,4.546590078252
SFR,V07,Z1,M2025,REF,84,94,0.903225806452,53,53,0.883333333333,28.696834085206,48,48,0.923076923077,27.731074957892,0.965759127314,4.546590078252
SFR,V07,Z1,M2025,REF,85,94,0.913978494624,53,53,0.883333333333,28.696834085206,49,49,0.942307692308,26.438543260860,2.258290824346,4.546590078252
SFR,V07,Z1,M2025,REF,86,94,0.924731182796,53,53,0.883333333333,28.696834085206,50,50,0.961538461538,27.508232266308,1.188601818898,4.546590078252
SFR,V07,Z1,M2025,REF,87,94,0.935483870968,54,54,0.900000000000,21.216549452171,51,51,0.980769230769,25.626003526882,4.409454074711,4.546590078252
SFR,V07,Z1,M2025,REF,88,94,0.946236559140,55,55,0.916666666667,19.431646281337,52,52,1.000000000000,22.891322913304,3.459676631966,4.546590078252
SFR,V07,Z1,M2025,REF,89,94,0.956989247312,56,56,0.933333333333,17.099968832302,52,52,1.000000000000,22.891322913304,5.791354081002,4.546590078252
SFR,V07,Z1,M2025,REF,90,94,0.967741935484,57,57,0.950000000000,15.684069086103,52,52,1.000000000000,22.891322913304,7.207253827200,4.546590078252
SFR,V07,Z1,M2025,REF,91,94,0.978494623656,58,58,0.966666666667,13.403921276267,52,52,1.000000000000,22.891322913304,9.487401637037,4.546590078252
SFR,V07,Z1,M2025,REF,92,94,0.989247311828,59,59,0.983333333333,9.309132877968,52,52,1.000000000000,22.891322913304,13.582190035336,4.546590078252
SFR,V07,Z1,M2025,REF,93,94,1.000000000000,60,60,1.000000000000,7.054773464338,52,52,1.000000000000,22.891322913304,15.836549448966,4.546590078252
SFR,V07,Z2,M2025,REF,0,80,0.000000000000,0,0,0.000000000000,27.447391354473,0,0,0.000000000000,4.574545133111,22.872846221363,3.190159030167
SFR,V07,Z2,M2025,REF,1,80,0.012658227848,1,1,0.016666666667,6.104176381052,0,0,0.000000000000,4.574545133111,1.529631247942,3.190159030167
SFR,V07,Z2,M2025,REF,2,80,0.025316455696,2,2,0.033333333333,7.257668029280,0,0,0.000000000000,4.574545133111,2.683122896169,3.190159030167
SFR,V07,Z2,M2025,REF,3,80,0.037974683544,3,3,0.050000000000,7.717222397772,0,0,0.000000000000,4.574545133111,3.142677264662,3.190159030167
SFR,V07,Z2,M2025,REF,4,80,0.050632911392,4,4,0.066666666667,5.088392840397,0,0,0.000000000000,4.574545133111,0.513847707287,3.190159030167
SFR,V07,Z2,M2025,REF,5,80,0.063291139241,5,5,0.083333333333,9.089836816578,0,0,0.000000000000,4.574545133111,4.515291683467,3.190159030167
SFR,V07,Z2,M2025,REF,6,80,0.075949367089,6,6,0.100000000000,12.503842471894,1,1,0.019230769231,17.154767403155,4.650924931261,3.190159030167
SFR,V07,Z2,M2025,REF,7,80,0.088607594937,7,7,0.116666666667,15.171999406206,1,1,0.019230769231,17.154767403155,1.982767996949,3.190159030167
SFR,V07,Z2,M2025,REF,8,80,0.101265822785,8,8,0.133333333333,18.201637423284,1,1,0.019230769231,17.154767403155,1.046870020130,3.190159030167
SFR,V07,Z2,M2025,REF,9,80,0.113924050633,9,9,0.150000000000,7.090400977046,2,2,0.038461538462,8.667028783627,1.576627806581,3.190159030167
SFR,V07,Z2,M2025,REF,10,80,0.126582278481,10,10,0.166666666667,15.315925649650,3,3,0.057692307692,21.275139472148,5.959213822498,3.190159030167
SFR,V07,Z2,M2025,REF,11,80,0.139240506329,11,11,0.183333333333,19.864482342887,3,3,0.057692307692,21.275139472148,1.410657129262,3.190159030167
SFR,V07,Z2,M2025,REF,12,80,0.151898734177,12,12,0.200000000000,25.376052344683,4,4,0.076923076923,22.558403846504,2.817648498179,3.190159030167
SFR,V07,Z2,M2025,REF,13,80,0.164556962025,13,13,0.216666666667,18.865416022571,4,4,0.076923076923,22.558403846504,3.692987823933,3.190159030167
SFR,V07,Z2,M2025,REF,14,80,0.177215189873,14,14,0.233333333333,13.426831882901,5,5,0.096153846154,12.098258097854,1.328573785047,3.190159030167
SFR,V07,Z2,M2025,REF,15,80,0.189873417722,15,15,0.250000000000,19.921966701777,6,6,0.115384615385,16.781666279487,3.140300422290,3.190159030167
SFR,V07,Z2,M2025,REF,16,80,0.202531645570,16,16,0.266666666667,17.505453148093,7,7,0.134615384615,18.116947537783,0.611494389689,3.190159030167
SFR,V07,Z2,M2025,REF,17,80,0.215189873418,17,17,0.283333333333,21.256713670566,8,8,0.153846153846,21.338085840816,0.081372170250,3.190159030167
SFR,V07,Z2,M2025,REF,18,80,0.227848101266,18,18,0.300000000000,17.140365111539,9,9,0.173076923077,15.081383814625,2.058981296914,3.190159030167
SFR,V07,Z2,M2025,REF,19,80,0.240506329114,18,18,0.300000000000,17.140365111539,10,10,0.192307692308,11.671127176361,5.469237935178,3.190159030167
SFR,V07,Z2,M2025,REF,20,80,0.253164556962,18,18,0.300000000000,17.140365111539,11,11,0.211538461538,17.811675520704,0.671310409165,3.190159030167
SFR,V07,Z2,M2025,REF,21,80,0.265822784810,18,18,0.300000000000,17.140365111539,12,12,0.230769230769,16.830593036195,0.309772075344,3.190159030167
SFR,V07,Z2,M2025,REF,22,80,0.278481012658,18,18,0.300000000000,17.140365111539,13,13,0.250000000000,18.547030916498,1.406665804959,3.190159030167
SFR,V07,Z2,M2025,REF,23,80,0.291139240506,18,18,0.300000000000,17.140365111539,14,14,0.269230769231,16.382833326954,0.757531784585,3.190159030167
SFR,V07,Z2,M2025,REF,24,80,0.303797468354,19,19,0.316666666667,23.273312703667,15,15,0.288461538462,24.177301865961,0.903989162294,3.190159030167
SFR,V07,Z2,M2025,REF,25,80,0.316455696203,20,20,0.333333333333,20.042312180220,15,15,0.288461538462,24.177301865961,4.134989685741,3.190159030167
SFR,V07,Z2,M2025,REF,26,80,0.329113924051,21,21,0.350000000000,15.181246930422,16,16,0.307692307692,14.757897342265,0.423349588157,3.190159030167
SFR,V07,Z2,M2025,REF,27,80,0.341772151899,21,21,0.350000000000,15.181246930422,17,17,0.326923076923,16.020315253487,0.839068323065,3.190159030167
SFR,V07,Z2,M2025,REF,28,80,0.354430379747,22,22,0.366666666667,21.948910366429,18,18,0.346153846154,20.727669441265,1.221240925164,3.190159030167
SFR,V07,Z2,M2025,REF,29,80,0.367088607595,23,23,0.383333333333,16.990350651854,19,19,0.365384615385,14.395446763307,2.594903888547,3.190159030167
SFR,V07,Z2,M2025,REF,30,80,0.379746835443,24,24,0.400000000000,13.136850996573,19,19,0.365384615385,14.395446763307,1.258595766734,3.190159030167
SFR,V07,Z2,M2025,REF,31,80,0.392405063291,25,25,0.416666666667,25.402761559992,20,20,0.384615384615,19.706976123514,5.695785436478,3.190159030167
SFR,V07,Z2,M2025,REF,32,80,0.405063291139,26,26,0.433333333333,17.884583064766,21,21,0.403846153846,17.652887276476,0.231695788290,3.190159030167
SFR,V07,Z2,M2025,REF,33,80,0.417721518987,27,27,0.450000000000,15.812707181010,22,22,0.423076923077,16.305881777617,0.493174596607,3.190159030167
SFR,V07,Z2,M2025,REF,34,80,0.430379746835,28,28,0.466666666667,16.584392472260,22,22,0.423076923077,16.305881777617,0.278510694643,3.190159030167
SFR,V07,Z2,M2025,REF,35,80,0.443037974684,29,29,0.483333333333,24.083574632173,23,23,0.442307692308,31.980299675395,7.896725043222,3.190159030167
SFR,V07,Z2,M2025,REF,36,80,0.455696202532,30,30,0.500000000000,21.558652344305,24,24,0.461538461538,19.302842380187,2.255809964118,3.190159030167
SFR,V07,Z2,M2025,REF,37,80,0.468354430380,30,30,0.500000000000,21.558652344305,25,25,0.480769230769,23.240965917421,1.682313573116,3.190159030167
SFR,V07,Z2,M2025,REF,38,80,0.481012658228,30,30,0.500000000000,21.558652344305,26,26,0.500000000000,20.765866308409,0.792786035895,3.190159030167
SFR,V07,Z2,M2025,REF,39,80,0.493670886076,30,30,0.500000000000,21.558652344305,27,27,0.519230769231,21.466154642991,0.092497701313,3.190159030167
SFR,V07,Z2,M2025,REF,40,80,0.506329113924,30,30,0.500000000000,21.558652344305,28,28,0.538461538462,21.528696420654,0.029955923651,3.190159030167
SFR,V07,Z2,M2025,REF,41,80,0.518987341772,30,30,0.500000000000,21.558652344305,29,29,0.557692307692,20.875167289136,0.683485055169,3.190159030167
SFR,V07,Z2,M2025,REF,42,80,0.531645569620,31,31,0.516666666667,15.901996317359,30,30,0.576923076923,13.898436227875,2.003560089484,3.190159030167
SFR,V07,Z2,M2025,REF,43,80,0.544303797468,31,31,0.516666666667,15.901996317359,31,31,0.596153846154,18.356571262554,2.454574945195,3.190159030167
SFR,V07,Z2,M2025,REF,44,80,0.556962025316,32,32,0.533333333333,22.099005446027,32,32,0.615384615385,23.019472941318,0.920467495291,3.190159030167
SFR,V07,Z2,M2025,REF,45,80,0.569620253165,32,32,0.533333333333,22.099005446027,33,33,0.634615384615,29.801844354050,7.702838908023,3.190159030167
SFR,V07,Z2,M2025,REF,46,80,0.582278481013,32,32,0.533333333333,22.099005446027,34,34,0.653846153846,19.285043657585,2.813961788442,3.190159030167
SFR,V07,Z2,M2025,REF,47,80,0.594936708861,32,32,0.533333333333,22.099005446027,35,35,0.673076923077,29.707427633393,7.608422187366,3.190159030167
SFR,V07,Z2,M2025,REF,48,80,0.607594936709,32,32,0.533333333333,22.099005446027,36,36,0.692307692308,19.838948395670,2.260057050356,3.190159030167
SFR,V07,Z2,M2025,REF,49,80,0.620253164557,32,32,0.533333333333,22.099005446027,37,37,0.711538461538,28.970012181066,6.871006735039,3.190159030167
SFR,V07,Z2,M2025,REF,50,80,0.632911392405,32,32,0.533333333333,22.099005446027,38,38,0.730769230769,22.049715605822,0.049289840205,3.190159030167
SFR,V07,Z2,M2025,REF,51,80,0.645569620253,33,33,0.550000000000,20.518662009335,39,39,0.750000000000,18.854227758617,1.664434250717,3.190159030167
SFR,V07,Z2,M2025,REF,52,80,0.658227848101,34,34,0.566666666667,23.768366875636,40,40,0.769230769231,22.410949527690,1.357417347946,3.190159030167
SFR,V07,Z2,M2025,REF,53,80,0.670886075949,34,34,0.566666666667,23.768366875636,41,41,0.788461538462,24.748349891686,0.979983016049,3.190159030167
SFR,V07,Z2,M2025,REF,54,80,0.683544303797,35,35,0.583333333333,17.994766100830,42,42,0.807692307692,14.572490488289,3.422275612541,3.190159030167
SFR,V07,Z2,M2025,REF,55,80,0.696202531646,36,36,0.600000000000,14.272820943267,42,42,0.807692307692,14.572490488289,0.299669545022,3.190159030167
SFR,V07,Z2,M2025,REF,56,80,0.708860759494,37,37,0.616666666667,10.151540881743,43,43,0.826923076923,7.356551807837,2.794989073907,3.190159030167
SFR,V07,Z2,M2025,REF,57,80,0.721518987342,38,38,0.633333333333,7.496863617742,43,43,0.826923076923,7.356551807837,0.140311809905,3.190159030167
SFR,V07,Z2,M2025,REF,58,80,0.734177215190,39,39,0.650000000000,8.877685585740,44,44,0.846153846154,8.589497512976,0.288188072764,3.190159030167
SFR,V07,Z2,M2025,REF,59,80,0.746835443038,40,40,0.666666666667,9.130678798129,44,44,0.846153846154,8.589497512976,0.541181285153,3.190159030167
SFR,V07,Z2,M2025,REF,60,80,0.759493670886,41,41,0.683333333333,9.958936706168,44,44,0.846153846154,8.589497512976,1.369439193192,3.190159030167
SFR,V07,Z2,M2025,REF,61,80,0.772151898734,42,42,0.700000000000,6.234493865598,45,45,0.865384615385,6.219682908159,0.014810957440,3.190159030167
SFR,V07,Z2,M2025,REF,62,80,0.784810126582,43,43,0.716666666667,2.662732453651,45,45,0.865384615385,6.219682908159,3.556950454507,3.190159030167
SFR,V07,Z2,M2025,REF,63,80,0.797468354430,44,44,0.733333333333,2.153140903040,45,45,0.865384615385,6.219682908159,4.066542005119,3.190159030167
SFR,V07,Z2,M2025,REF,64,80,0.810126582278,45,45,0.750000000000,21.855221001230,45,45,0.865384615385,6.219682908159,15.635538093071,3.190159030167
SFR,V07,Z2,M2025,REF,65,80,0.822784810127,46,46,0.766666666667,8.123955099490,45,45,0.865384615385,6.219682908159,1.904272191332,3.190159030167
SFR,V07,Z2,M2025,REF,66,80,0.835443037975,47,47,0.783333333333,7.290868842436,45,45,0.865384615385,6.219682908159,1.071185934277,3.190159030167
SFR,V07,Z2,M2025,REF,67,80,0.848101265823,48,48,0.800000000000,10.975009981498,46,46,0.884615384615,14.571120187773,3.596110206275,3.190159030167
SFR,V07,Z2,M2025,REF,68,80,0.860759493671,49,49,0.816666666667,18.729863180352,47,47,0.903846153846,21.635721706498,2.905858526146,3.190159030167
SFR,V07,Z2,M2025,REF,69,80,0.873417721519,50,50,0.833333333333,19.751115600517,48,48,0.923076923077,22.745734168749,2.994618568233,3.190159030167
SFR,V07,Z2,M2025,REF,70,80,0.886075949367,51,51,0.850000000000,18.061279020804,49,49,0.942307692308,18.490253856353,0.428974835549,3.190159030167
SFR,V07,Z2,M2025,REF,71,80,0.898734177215,52,52,0.866666666667,18.008989514847,49,49,0.942307692308,18.490253856353,0.481264341506,3.190159030167
SFR,V07,Z2,M2025,REF,72,80,0.911392405063,53,53,0.883333333333,28.696834085206,50,50,0.961538461538,19.722410794147,8.974423291059,3.190159030167
SFR,V07,Z2,M2025,REF,73,80,0.924050632911,54,54,0.900000000000,21.216549452171,50,50,0.961538461538,19.722410794147,1.494138658024,3.190159030167
SFR,V07,Z2,M2025,REF,74,80,0.936708860759,55,55,0.916666666667,19.431646281337,50,50,0.961538461538,19.722410794147,0.290764512810,3.190159030167
SFR,V07,Z2,M2025,REF,75,80,0.949367088608,56,56,0.933333333333,17.099968832302,50,50,0.961538461538,19.722410794147,2.622441961845,3.190159030167
SFR,V07,Z2,M2025,REF,76,80,0.962025316456,57,57,0.950000000000,15.684069086103,50,50,0.961538461538,19.722410794147,4.038341708044,3.190159030167
SFR,V07,Z2,M2025,REF,77,80,0.974683544304,58,58,0.966666666667,13.403921276267,50,50,0.961538461538,19.722410794147,6.318489517880,3.190159030167
SFR,V07,Z2,M2025,REF,78,80,0.987341772152,59,59,0.983333333333,9.309132877968,51,51,0.980769230769,26.174739684381,16.865606806413,3.190159030167
SFR,V07,Z2,M2025,REF,79,80,1.000000000000,60,60,1.000000000000,7.054773464338,52,52,1.000000000000,33.725862786271,26.671089321933,3.190159030167
Q_value,V07,Z1,M2025,REF,0,64,0.000000000000,0,0,0.000000000000,3.447937054269,2,0,0.000000000000,17.825390370612,14.377453316343,11.049348613362
Q_value,V07,Z1,M2025,REF,1,64,0.015873015873,5,1,0.021739130435,7.455585348620,3,1,0.020833333333,12.744298614667,5.288713266047,11.049348613362
Q_value,V07,Z1,M2025,REF,2,64,0.031746031746,6,2,0.043478260870,16.992255148086,3,1,0.020833333333,12.744298614667,4.247956533418,11.049348613362
Q_value,V07,Z1,M2025,REF,3,64,0.047619047619,7,3,0.065217391304,19.801359836563,3,1,0.020833333333,12.744298614667,7.057061221895,11.049348613362
Q_value,V07,Z1,M2025,REF,4,64,0.063492063492,8,4,0.086956521739,27.015376883889,4,2,0.041666666667,37.406528454345,10.391151570457,11.049348613362
Q_value,V07,Z1,M2025,REF,5,64,0.079365079365,8,4,0.086956521739,27.015376883889,5,3,0.062500000000,27.096906313297,0.081529429408,11.049348613362
Q_value,V07,Z1,M2025,REF,6,64,0.095238095238,8,4,0.086956521739,27.015376883889,6,4,0.083333333333,27.255505296326,0.240128412437,11.049348613362
Q_value,V07,Z1,M2025,REF,7,64,0.111111111111,8,4,0.086956521739,27.015376883889,7,5,0.104166666667,66.526821899885,39.511445015996,11.049348613362
Q_value,V07,Z1,M2025,REF,8,64,0.126984126984,8,4,0.086956521739,27.015376883889,8,6,0.125000000000,29.441347489642,2.425970605754,11.049348613362
Q_value,V07,Z1,M2025,REF,9,64,0.142857142857,8,4,0.086956521739,27.015376883889,9,7,0.145833333333,46.355104147304,19.339727263415,11.049348613362
Q_value,V07,Z1,M2025,REF,10,64,0.158730158730,8,4,0.086956521739,27.015376883889,10,8,0.166666666667,26.332177266160,0.683199617729,11.049348613362
Q_value,V07,Z1,M2025,REF,11,64,0.174603174603,8,4,0.086956521739,27.015376883889,11,9,0.187500000000,28.029438557145,1.014061673256,11.049348613362
Q_value,V07,Z1,M2025,REF,12,64,0.190476190476,8,4,0.086956521739,27.015376883889,12,10,0.208333333333,24.920288607551,2.095088276337,11.049348613362
Q_value,V07,Z1,M2025,REF,13,64,0.206349206349,10,5,0.108695652174,21.603104881885,13,11,0.229166666667,19.472686434414,2.130418447471,11.049348613362
Q_value,V07,Z1,M2025,REF,14,64,0.222222222222,11,6,0.130434782609,86.322322079012,14,12,0.250000000000,77.296410330841,9.025911748171,11.049348613362
Q_value,V07,Z1,M2025,REF,15,64,0.238095238095,12,7,0.152173913043,81.656393483963,15,13,0.270833333333,78.108251030735,3.548142453228,11.049348613362
Q_value,V07,Z1,M2025,REF,16,64,0.253968253968,13,8,0.173913043478,23.709688313149,16,14,0.291666666667,29.983421729785,6.273733416635,11.049348613362
Q_value,V07,Z1,M2025,REF,17,64,0.269841269841,13,8,0.173913043478,23.709688313149,17,15,0.312500000000,31.199605320293,7.489917007143,11.049348613362
Q_value,V07,Z1,M2025,REF,18,64,0.285714285714,14,9,0.195652173913,21.957404367272,18,16,0.333333333333,20.283980867152,1.673423500120,11.049348613362
Q_value,V07,Z1,M2025,REF,19,64,0.301587301587,15,10,0.217391304348,38.689814008544,19,17,0.354166666667,30.333788653559,8.356025354985,11.049348613362
Q_value,V07,Z1,M2025,REF,20,64,0.317460317460,16,11,0.239130434783,62.103287577067,20,18,0.375000000000,55.547465675818,6.555821901249,11.049348613362
Q_value,V07,Z1,M2025,REF,21,64,0.333333333333,17,12,0.260869565217,61.210006703417,20,18,0.375000000000,55.547465675818,5.662541027599,11.049348613362
Q_value,V07,Z1,M2025,REF,22,64,0.349206349206,18,13,0.282608695652,16.842821272505,21,19,0.395833333333,22.618688287843,5.775867015337,11.049348613362
Q_value,V07,Z1,M2025,REF,23,64,0.365079365079,19,14,0.304347826087,27.901129670225,21,19,0.395833333333,22.618688287843,5.282441382382,11.049348613362
Q_value,V07,Z1,M2025,REF,24,64,0.380952380952,20,15,0.326086956522,25.587494683788,21,19,0.395833333333,22.618688287843,2.968806395945,11.049348613362
Q_value,V07,Z1,M2025,REF,25,64,0.396825396825,21,16,0.347826086957,39.623076202212,21,19,0.395833333333,22.618688287843,17.004387914369,11.049348613362
Q_value,V07,Z1,M2025,REF,26,64,0.412698412698,22,17,0.369565217391,40.501518096056,21,19,0.395833333333,22.618688287843,17.882829808213,11.049348613362
Q_value,V07,Z1,M2025,REF,27,64,0.428571428571,23,18,0.391304347826,15.409386217032,22,20,0.416666666667,16.003500600212,0.594114383180,11.049348613362
Q_value,V07,Z1,M2025,REF,28,64,0.444444444444,24,19,0.413043478261,11.716405323250,22,20,0.416666666667,16.003500600212,4.287095276962,11.049348613362
Q_value,V07,Z1,M2025,REF,29,64,0.460317460317,25,20,0.434782608696,22.384333347115,23,21,0.437500000000,17.625944743286,4.758388603829,11.049348613362
Q_value,V07,Z1,M2025,REF,30,64,0.476190476190,26,21,0.456521739130,76.246871403190,24,22,0.458333333333,78.603680446283,2.356809043093,11.049348613362
Q_value,V07,Z1,M2025,REF,31,64,0.492063492063,26,21,0.456521739130,76.246871403190,25,23,0.479166666667,101.201656685282,24.954785282092,11.049348613362
Q_value,V07,Z1,M2025,REF,32,64,0.507936507937,27,22,0.478260869565,15.199337384337,26,24,0.500000000000,28.158130666135,12.958793281797,11.049348613362
Q_value,V07,Z1,M2025,REF,33,64,0.523809523810,28,23,0.500000000000,10.450255706531,27,25,0.520833333333,8.519881477461,1.930374229070,11.049348613362
Q_value,V07,Z1,M2025,REF,34,64,0.539682539683,29,24,0.521739130435,13.055540223775,27,25,0.520833333333,8.519881477461,4.535658746315,11.049348613362
Q_value,V07,Z1,M2025,REF,35,64,0.555555555556,30,25,0.543478260870,22.366099472383,28,26,0.541666666667,20.480480383264,1.885619089119,11.049348613362
Q_value,V07,Z1,M2025,REF,36,64,0.571428571429,30,25,0.543478260870,22.366099472383,29,27,0.562500000000,37.591750987495,15.225651515112,11.049348613362
Q_value,V07,Z1,M2025,REF,37,64,0.587301587302,31,26,0.565217391304,64.001370286205,30,28,0.583333333333,83.759495004282,19.758124718077,11.049348613362
Q_value,V07,Z1,M2025,REF,38,64,0.603174603175,32,27,0.586956521739,12.571413187197,31,29,0.604166666667,26.449932215732,13.878519028535,11.049348613362
Q_value,V07,Z1,M2025,REF,39,64,0.619047619048,32,27,0.586956521739,12.571413187197,32,30,0.625000000000,18.069810975502,5.498397788305,11.049348613362
Q_value,V07,Z1,M2025,REF,40,64,0.634920634921,32,27,0.586956521739,12.571413187197,33,31,0.645833333333,15.548248551518,2.976835364321,11.049348613362
Q_value,V07,Z1,M2025,REF,41,64,0.650793650794,32,27,0.586956521739,12.571413187197,34,32,0.666666666667,22.373498651556,9.802085464359,11.049348613362
Q_value,V07,Z1,M2025,REF,42,64,0.666666666667,33,28,0.608695652174,33.074799423666,35,33,0.687500000000,34.637889098701,1.563089675035,11.049348613362
Q_value,V07,Z1,M2025,REF,43,64,0.682539682540,33,28,0.608695652174,33.074799423666,36,34,0.708333333333,29.798307218316,3.276492205350,11.049348613362
Q_value,V07,Z1,M2025,REF,44,64,0.698412698413,34,29,0.630434782609,11.225533668025,37,35,0.729166666667,11.257800860090,0.032267192064,11.049348613362
Q_value,V07,Z1,M2025,REF,45,64,0.714285714286,35,30,0.652173913043,36.122972598668,38,36,0.750000000000,26.279198203669,9.843774394999,11.049348613362
Q_value,V07,Z1,M2025,REF,46,64,0.730158730159,36,31,0.673913043478,8.189830460835,39,37,0.770833333333,10.457112805237,2.267282344402,11.049348613362
Q_value,V07,Z1,M2025,REF,47,64,0.746031746032,37,32,0.695652173913,5.691883230628,40,38,0.791666666667,10.258836669221,4.566953438593,11.049348613362
Q_value,V07,Z1,M2025,REF,48,64,0.761904761905,38,33,0.717391304348,4.602789261382,40,38,0.791666666667,10.258836669221,5.656047407839,11.049348613362
Q_value,V07,Z1,M2025,REF,49,64,0.777777777778,41,34,0.739130434783,6.973969744279,40,38,0.791666666667,10.258836669221,3.284866924942,11.049348613362
Q_value,V07,Z1,M2025,REF,50,64,0.793650793651,42,35,0.760869565217,7.415338660177,40,38,0.791666666667,10.258836669221,2.843498009044,11.049348613362
Q_value,V07,Z1,M2025,REF,51,64,0.809523809524,48,36,0.782608695652,4.740277864160,40,38,0.791666666667,10.258836669221,5.518558805061,11.049348613362
Q_value,V07,Z1,M2025,REF,52,64,0.825396825397,49,37,0.804347826087,31.237802591124,43,39,0.812500000000,39.813852809437,8.576050218312,11.049348613362
Q_value,V07,Z1,M2025,REF,53,64,0.841269841270,50,38,0.826086956522,26.584541568414,43,39,0.812500000000,39.813852809437,13.229311241023,11.049348613362
Q_value,V07,Z1,M2025,REF,54,64,0.857142857143,51,39,0.847826086957,73.129958978402,44,40,0.833333333333,79.872445213684,6.742486235282,11.049348613362
Q_value,V07,Z1,M2025,REF,55,64,0.873015873016,52,40,0.869565217391,46.303070960336,44,40,0.833333333333,79.872445213684,33.569374253348,11.049348613362
Q_value,V07,Z1,M2025,REF,56,64,0.888888888889,53,41,0.891304347826,91.021082411492,45,41,0.854166666667,249.955887004284,158.934804592792,11.049348613362
Q_value,V07,Z1,M2025,REF,57,64,0.904761904762,53,41,0.891304347826,91.021082411492,46,42,0.875000000000,89.528543405638,1.492539005855,11.049348613362
Q_value,V07,Z1,M2025,REF,58,64,0.920634920635,54,42,0.913043478261,36.067643376145,47,43,0.895833333333,55.369351080237,19.301707704092,11.049348613362
Q_value,V07,Z1,M2025,REF,59,64,0.936507936508,55,43,0.934782608696,78.697299626535,48,44,0.916666666667,46.151328165200,32.545971461334,11.049348613362
Q_value,V07,Z1,M2025,REF,60,64,0.952380952381,56,44,0.956521739130,70.737945322118,49,45,0.937500000000,42.105713008470,28.632232313648,11.049348613362
Q_value,V07,Z1,M2025,REF,61,64,0.968253968254,57,45,0.978260869565,15.617397533671,50,46,0.958333333333,28.137353657469,12.519956123798,11.049348613362
Q_value,V07,Z1,M2025,REF,62,64,0.984126984127,57,45,0.978260869565,15.617397533671,51,47,0.979166666667,27.812870275453,12.195472741783,11.049348613362
Q_value,V07,Z1,M2025,REF,63,64,1.000000000000,58,46,1.000000000000,9.099171592416,52,48,1.000000000000,17.879741169496,8.780569577080,11.049348613362
Q_value,V07,Z2,M2025,REF,0,67,0.000000000000,0,0,0.000000000000,3.447937054269,1,0,0.000000000000,26.373936887195,22.925999832926,9.357391312666
Q_value,V07,Z2,M2025,REF,1,67,0.015151515152,5,1,0.021739130435,7.455585348620,2,1,0.020833333333,8.854761420514,1.399176071894,9.357391312666
Q_value,V07,Z2,M2025,REF,2,67,0.030303030303,5,1,0.021739130435,7.455585348620,3,2,0.041666666667,12.224861218691,4.769275870071,9.357391312666
Q_value,V07,Z2,M2025,REF,3,67,0.045454545455,5,1,0.021739130435,7.455585348620,4,3,0.062500000000,8.602594045406,1.147008696786,9.357391312666
Q_value,V07,Z2,M2025,REF,4,67,0.060606060606,5,1,0.021739130435,7.455585348620,6,4,0.083333333333,3.716771637306,3.738813711315,9.357391312666
Q_value,V07,Z2,M2025,REF,5,67,0.075757575758,5,1,0.021739130435,7.455585348620,7,5,0.104166666667,6.397153433843,1.058431914778,9.357391312666
Q_value,V07,Z2,M2025,REF,6,67,0.090909090909,5,1,0.021739130435,7.455585348620,8,6,0.125000000000,8.582413465758,1.126828117138,9.357391312666
Q_value,V07,Z2,M2025,REF,7,67,0.106060606061,5,1,0.021739130435,7.455585348620,9,7,0.145833333333,9.450472364496,1.994887015876,9.357391312666
Q_value,V07,Z2,M2025,REF,8,67,0.121212121212,5,1,0.021739130435,7.455585348620,10,8,0.166666666667,3.943466485082,3.512118863538,9.357391312666
Q_value,V07,Z2,M2025,REF,9,67,0.136363636364,5,1,0.021739130435,7.455585348620,11,9,0.187500000000,12.105006266115,4.649420917495,9.357391312666
Q_value,V07,Z2,M2025,REF,10,67,0.151515151515,5,1,0.021739130435,7.455585348620,12,10,0.208333333333,9.287350948107,1.831765599486,9.357391312666
Q_value,V07,Z2,M2025,REF,11,67,0.166666666667,6,2,0.043478260870,16.992255148086,13,11,0.229166666667,12.076840232872,4.915414915213,9.357391312666
Q_value,V07,Z2,M2025,REF,12,67,0.181818181818,7,3,0.065217391304,19.801359836563,14,12,0.250000000000,21.858440577969,2.057080741406,9.357391312666
Q_value,V07,Z2,M2025,REF,13,67,0.196969696970,8,4,0.086956521739,27.015376883889,14,12,0.250000000000,21.858440577969,5.156936305920,9.357391312666
Q_value,V07,Z2,M2025,REF,14,67,0.212121212121,10,5,0.108695652174,21.603104881885,14,12,0.250000000000,21.858440577969,0.255335696083,9.357391312666
Q_value,V07,Z2,M2025,REF,15,67,0.227272727273,11,6,0.130434782609,86.322322079012,15,13,0.270833333333,30.612554874095,55.709767204917,9.357391312666
Q_value,V07,Z2,M2025,REF,16,67,0.242424242424,12,7,0.152173913043,81.656393483963,15,13,0.270833333333,30.612554874095,51.043838609868,9.357391312666
Q_value,V07,Z2,M2025,REF,17,67,0.257575757576,13,8,0.173913043478,23.709688313149,15,13,0.270833333333,30.612554874095,6.902866560945,9.357391312666
Q_value,V07,Z2,M2025,REF,18,67,0.272727272727,14,9,0.195652173913,21.957404367272,15,13,0.270833333333,30.612554874095,8.655150506823,9.357391312666
Q_value,V07,Z2,M2025,REF,19,67,0.287878787879,15,10,0.217391304348,38.689814008544,15,13,0.270833333333,30.612554874095,8.077259134449,9.357391312666
Q_value,V07,Z2,M2025,REF,20,67,0.303030303030,16,11,0.239130434783,62.103287577067,15,13,0.270833333333,30.612554874095,31.490732702972,9.357391312666
Q_value,V07,Z2,M2025,REF,21,67,0.318181818182,17,12,0.260869565217,61.210006703417,15,13,0.270833333333,30.612554874095,30.597451829322,9.357391312666
Q_value,V07,Z2,M2025,REF,22,67,0.333333333333,18,13,0.282608695652,16.842821272505,16,14,0.291666666667,15.791547624206,1.051273648299,9.357391312666
Q_value,V07,Z2,M2025,REF,23,67,0.348484848485,18,13,0.282608695652,16.842821272505,18,15,0.312500000000,9.434021877722,7.408799394783,9.357391312666
Q_value,V07,Z2,M2025,REF,24,67,0.363636363636,18,13,0.282608695652,16.842821272505,19,16,0.333333333333,9.867833850797,6.974987421708,9.357391312666
Q_value,V07,Z2,M2025,REF,25,67,0.378787878788,19,14,0.304347826087,27.901129670225,20,17,0.354166666667,28.944739496535,1.043609826310,9.357391312666
Q_value,V07,Z2,M2025,REF,26,67,0.393939393939,20,15,0.326086956522,25.587494683788,20,17,0.354166666667,28.944739496535,3.357244812748,9.357391312666
Q_value,V07,Z2,M2025,REF,27,67,0.409090909091,21,16,0.347826086957,39.623076202212,20,17,0.354166666667,28.944739496535,10.678336705677,9.357391312666
Q_value,V07,Z2,M2025,REF,28,67,0.424242424242,22,17,0.369565217391,40.501518096056,20,17,0.354166666667,28.944739496535,11.556778599520,9.357391312666
Q_value,V07,Z2,M2025,REF,29,67,0.439393939394,23,18,0.391304347826,15.409386217032,21,18,0.375000000000,14.962599183369,0.446787033663,9.357391312666
Q_value,V07,Z2,M2025,REF,30,67,0.454545454545,23,18,0.391304347826,15.409386217032,22,19,0.395833333333,12.339760437540,3.069625779492,9.357391312666
Q_value,V07,Z2,M2025,REF,31,67,0.469696969697,23,18,0.391304347826,15.409386217032,23,20,0.416666666667,16.632982498001,1.223596280970,9.357391312666
Q_value,V07,Z2,M2025,REF,32,67,0.484848484848,24,19,0.413043478261,11.716405323250,24,21,0.437500000000,16.699485677394,4.983080354143,9.357391312666
Q_value,V07,Z2,M2025,REF,33,67,0.500000000000,25,20,0.434782608696,22.384333347115,25,22,0.458333333333,21.504843319841,0.879490027273,9.357391312666
Q_value,V07,Z2,M2025,REF,34,67,0.515151515152,26,21,0.456521739130,76.246871403190,26,23,0.479166666667,27.347850774104,48.899020629085,9.357391312666
Q_value,V07,Z2,M2025,REF,35,67,0.530303030303,27,22,0.478260869565,15.199337384337,27,24,0.500000000000,15.730174105721,0.530836721384,9.357391312666
Q_value,V07,Z2,M2025,REF,36,67,0.545454545455,27,22,0.478260869565,15.199337384337,28,25,0.520833333333,17.990378741920,2.791041357583,9.357391312666
Q_value,V07,Z2,M2025,REF,37,67,0.560606060606,27,22,0.478260869565,15.199337384337,29,26,0.541666666667,21.471706903876,6.272369519538,9.357391312666
Q_value,V07,Z2,M2025,REF,38,67,0.575757575758,27,22,0.478260869565,15.199337384337,30,27,0.562500000000,18.648360157455,3.449022773118,9.357391312666
Q_value,V07,Z2,M2025,REF,39,67,0.590909090909,28,23,0.500000000000,10.450255706531,31,28,0.583333333333,12.577175531595,2.126919825064,9.357391312666
Q_value,V07,Z2,M2025,REF,40,67,0.606060606061,29,24,0.521739130435,13.055540223775,31,28,0.583333333333,12.577175531595,0.478364692181,9.357391312666
Q_value,V07,Z2,M2025,REF,41,67,0.621212121212,30,25,0.543478260870,22.366099472383,32,29,0.604166666667,20.715390593976,1.650708878407,9.357391312666
Q_value,V07,Z2,M2025,REF,42,67,0.636363636364,30,25,0.543478260870,22.366099472383,33,30,0.625000000000,22.673228383002,0.307128910619,9.357391312666
Q_value,V07,Z2,M2025,REF,43,67,0.651515151515,30,25,0.543478260870,22.366099472383,34,31,0.645833333333,15.627953815791,6.738145656592,9.357391312666
Q_value,V07,Z2,M2025,REF,44,67,0.666666666667,31,26,0.565217391304,64.001370286205,35,32,0.666666666667,29.868600550415,34.132769735789,9.357391312666
Q_value,V07,Z2,M2025,REF,45,67,0.681818181818,32,27,0.586956521739,12.571413187197,36,33,0.687500000000,20.362727747088,7.791314559891,9.357391312666
Q_value,V07,Z2,M2025,REF,46,67,0.696969696970,33,28,0.608695652174,33.074799423666,37,34,0.708333333333,30.012572981404,3.062226442263,9.357391312666
Q_value,V07,Z2,M2025,REF,47,67,0.712121212121,34,29,0.630434782609,11.225533668025,38,35,0.729166666667,14.281299258432,3.055765590407,9.357391312666
Q_value,V07,Z2,M2025,REF,48,67,0.727272727273,34,29,0.630434782609,11.225533668025,39,36,0.750000000000,19.404935889715,8.179402221690,9.357391312666
Q_value,V07,Z2,M2025,REF,49,67,0.742424242424,34,29,0.630434782609,11.225533668025,40,37,0.770833333333,16.857281748411,5.631748080386,9.357391312666
Q_value,V07,Z2,M2025,REF,50,67,0.757575757576,35,30,0.652173913043,36.122972598668,41,38,0.791666666667,18.050691047949,18.072281550719,9.357391312666
Q_value,V07,Z2,M2025,REF,51,67,0.772727272727,36,31,0.673913043478,8.189830460835,42,39,0.812500000000,8.078967899087,0.110862561748,9.357391312666
Q_value,V07,Z2,M2025,REF,52,67,0.787878787879,37,32,0.695652173913,5.691883230628,44,40,0.833333333333,7.811753503976,2.119870273348,9.357391312666
Q_value,V07,Z2,M2025,REF,53,67,0.803030303030,38,33,0.717391304348,4.602789261382,44,40,0.833333333333,7.811753503976,3.208964242594,9.357391312666
Q_value,V07,Z2,M2025,REF,54,67,0.818181818182,41,34,0.739130434783,6.973969744279,44,40,0.833333333333,7.811753503976,0.837783759697,9.357391312666
Q_value,V07,Z2,M2025,REF,55,67,0.833333333333,42,35,0.760869565217,7.415338660177,44,40,0.833333333333,7.811753503976,0.396414843799,9.357391312666
Q_value,V07,Z2,M2025,REF,56,67,0.848484848485,48,36,0.782608695652,4.740277864160,45,41,0.854166666667,8.448625834264,3.708347970104,9.357391312666
Q_value,V07,Z2,M2025,REF,57,67,0.863636363636,49,37,0.804347826087,31.237802591124,46,42,0.875000000000,44.094390100392,12.856587509267,9.357391312666
Q_value,V07,Z2,M2025,REF,58,67,0.878787878788,50,38,0.826086956522,26.584541568414,47,43,0.895833333333,32.326110113872,5.741568545458,9.357391312666
Q_value,V07,Z2,M2025,REF,59,67,0.893939393939,51,39,0.847826086957,73.129958978402,48,44,0.916666666667,52.914169963975,20.215789014426,9.357391312666
Q_value,V07,Z2,M2025,REF,60,67,0.909090909091,52,40,0.869565217391,46.303070960336,48,44,0.916666666667,52.914169963975,6.611099003639,9.357391312666
Q_value,V07,Z2,M2025,REF,61,67,0.924242424242,53,41,0.891304347826,91.021082411492,49,45,0.937500000000,95.033364916405,4.012282504913,9.357391312666
Q_value,V07,Z2,M2025,REF,62,67,0.939393939394,54,42,0.913043478261,36.067643376145,50,46,0.958333333333,47.195909581957,11.128266205812,9.357391312666
Q_value,V07,Z2,M2025,REF,63,67,0.954545454545,55,43,0.934782608696,78.697299626535,50,46,0.958333333333,47.195909581957,31.501390044577,9.357391312666
Q_value,V07,Z2,M2025,REF,64,67,0.969696969697,56,44,0.956521739130,70.737945322118,51,47,0.979166666667,43.904107624421,26.833837697697,9.357391312666
Q_value,V07,Z2,M2025,REF,65,67,0.984848484848,57,45,0.978260869565,15.617397533671,52,48,1.000000000000,31.760242524548,16.142844990877,9.357391312666
Q_value,V07,Z2,M2025,REF,66,67,1.000000000000,58,46,1.000000000000,9.099171592416,52,48,1.000000000000,31.760242524548,22.661070932132,9.357391312666
SFR,V08,Z1,M2025,REF,0,87,0.000000000000,0,0,0.000000000000,27.447391354473,0,0,0.000000000000,19.777083890395,7.670307464078,7.301217434696
SFR,V08,Z1,M2025,REF,1,87,0.011627906977,1,1,0.016666666667,6.104176381052,1,1,0.022222222222,7.336048372695,1.231871991642,7.301217434696
SFR,V08,Z1,M2025,REF,2,87,0.023255813953,2,2,0.033333333333,7.257668029280,1,1,0.022222222222,7.336048372695,0.078380343415,7.301217434696
SFR,V08,Z1,M2025,REF,3,87,0.034883720930,3,3,0.050000000000,7.717222397772,1,1,0.022222222222,7.336048372695,0.381174025078,7.301217434696
SFR,V08,Z1,M2025,REF,4,87,0.046511627907,4,4,0.066666666667,5.088392840397,1,1,0.022222222222,7.336048372695,2.247655532297,7.301217434696
SFR,V08,Z1,M2025,REF,5,87,0.058139534884,5,5,0.083333333333,9.089836816578,2,2,0.044444444444,9.087552666362,0.002284150216,7.301217434696
SFR,V08,Z1,M2025,REF,6,87,0.069767441860,6,6,0.100000000000,12.503842471894,3,3,0.066666666667,10.843138904971,1.660703566923,7.301217434696
SFR,V08,Z1,M2025,REF,7,87,0.081395348837,7,7,0.116666666667,15.171999406206,4,4,0.088888888889,12.994179041806,2.177820364400,7.301217434696
SFR,V08,Z1,M2025,REF,8,87,0.093023255814,8,8,0.133333333333,18.201637423284,4,4,0.088888888889,12.994179041806,5.207458381478,7.301217434696
SFR,V08,Z1,M2025,REF,9,87,0.104651162791,9,9,0.150000000000,7.090400977046,4,4,0.088888888889,12.994179041806,5.903778064761,7.301217434696
SFR,V08,Z1,M2025,REF,10,87,0.116279069767,10,10,0.166666666667,15.315925649650,4,4,0.088888888889,12.994179041806,2.321746607844,7.301217434696
SFR,V08,Z1,M2025,REF,11,87,0.127906976744,11,11,0.183333333333,19.864482342887,5,5,0.111111111111,31.164010796677,11.299528453791,7.301217434696
SFR,V08,Z1,M2025,REF,12,87,0.139534883721,12,12,0.200000000000,25.376052344683,6,6,0.133333333333,43.777054681861,18.401002337178,7.301217434696
SFR,V08,Z1,M2025,REF,13,87,0.151162790698,12,12,0.200000000000,25.376052344683,7,7,0.155555555556,33.295143878573,7.919091533889,7.301217434696
SFR,V08,Z1,M2025,REF,14,87,0.162790697674,12,12,0.200000000000,25.376052344683,8,8,0.177777777778,41.892462991072,16.516410646388,7.301217434696
SFR,V08,Z1,M2025,REF,15,87,0.174418604651,12,12,0.200000000000,25.376052344683,9,9,0.200000000000,39.528874860459,14.152822515775,7.301217434696
SFR,V08,Z1,M2025,REF,16,87,0.186046511628,12,12,0.200000000000,25.376052344683,10,10,0.222222222222,46.619985170261,21.243932825577,7.301217434696
SFR,V08,Z1,M2025,REF,17,87,0.197674418605,12,12,0.200000000000,25.376052344683,11,11,0.244444444444,40.302514634191,14.926462289507,7.301217434696
SFR,V08,Z1,M2025,REF,18,87,0.209302325581,12,12,0.200000000000,25.376052344683,12,12,0.266666666667,38.624433514422,13.248381169739,7.301217434696
SFR,V08,Z1,M2025,REF,19,87,0.220930232558,12,12,0.200000000000,25.376052344683,13,13,0.288888888889,39.707965082054,14.331912737370,7.301217434696
SFR,V08,Z1,M2025,REF,20,87,0.232558139535,12,12,0.200000000000,25.376052344683,14,14,0.311111111111,57.448279675781,32.072227331097,7.301217434696
SFR,V08,Z1,M2025,REF,21,87,0.244186046512,12,12,0.200000000000,25.376052344683,15,15,0.333333333333,38.860873907643,13.484821562959,7.301217434696
SFR,V08,Z1,M2025,REF,22,87,0.255813953488,12,12,0.200000000000,25.376052344683,16,16,0.355555555556,47.515115154527,22.139062809843,7.301217434696
SFR,V08,Z1,M2025,REF,23,87,0.267441860465,12,12,0.200000000000,25.376052344683,17,17,0.377777777778,47.393054091207,22.017001746523,7.301217434696
SFR,V08,Z1,M2025,REF,24,87,0.279069767442,12,12,0.200000000000,25.376052344683,18,18,0.400000000000,41.238717530611,15.862665185927,7.301217434696
SFR,V08,Z1,M2025,REF,25,87,0.290697674419,12,12,0.200000000000,25.376052344683,19,19,0.422222222222,52.028079654639,26.652027309955,7.301217434696
SFR,V08,Z1,M2025,REF,26,87,0.302325581395,12,12,0.200000000000,25.376052344683,20,20,0.444444444444,46.939505651700,21.563453307016,7.301217434696
SFR,V08,Z1,M2025,REF,27,87,0.313953488372,12,12,0.200000000000,25.376052344683,21,21,0.466666666667,48.224677702553,22.848625357869,7.301217434696
SFR,V08,Z1,M2025,REF,28,87,0.325581395349,12,12,0.200000000000,25.376052344683,22,22,0.488888888889,46.076052721292,20.700000376608,7.301217434696
SFR,V08,Z1,M2025,REF,29,87,0.337209302326,12,12,0.200000000000,25.376052344683,23,23,0.511111111111,45.367163142041,19.991110797357,7.301217434696
SFR,V08,Z1,M2025,REF,30,87,0.348837209302,12,12,0.200000000000,25.376052344683,24,24,0.533333333333,36.980450505366,11.604398160683,7.301217434696
SFR,V08,Z1,M2025,REF,31,87,0.360465116279,12,12,0.200000000000,25.376052344683,25,25,0.555555555556,43.147930463799,17.771878119115,7.301217434696
SFR,V08,Z1,M2025,REF,32,87,0.372093023256,12,12,0.200000000000,25.376052344683,26,26,0.577777777778,58.055663974004,32.679611629321,7.301217434696
SFR,V08,Z1,M2025,REF,33,87,0.383720930233,12,12,0.200000000000,25.376052344683,27,27,0.600000000000,40.040413585694,14.664361241011,7.301217434696
SFR,V08,Z1,M2025,REF,34,87,0.395348837209,12,12,0.200000000000,25.376052344683,28,28,0.622222222222,48.654477828973,23.278425484289,7.301217434696
SFR,V08,Z1,M2025,REF,35,87,0.406976744186,12,12,0.200000000000,25.376052344683,29,29,0.644444444444,27.893759377420,2.517707032737,7.301217434696
SFR,V08,Z1,M2025,REF,36,87,0.418604651163,12,12,0.200000000000,25.376052344683,30,30,0.666666666667,32.658805625942,7.282753281258,7.301217434696
SFR,V08,Z1,M2025,REF,37,87,0.430232558140,12,12,0.200000000000,25.376052344683,31,31,0.688888888889,24.123202619853,1.252849724830,7.301217434696
SFR,V08,Z1,M2025,REF,38,87,0.441860465116,12,12,0.200000000000,25.376052344683,32,32,0.711111111111,32.312399459645,6.936347114961,7.301217434696
SFR,V08,Z1,M2025,REF,39,87,0.453488372093,13,13,0.216666666667,18.865416022571,33,33,0.733333333333,17.524457808927,1.340958213644,7.301217434696
SFR,V08,Z1,M2025,REF,40,87,0.465116279070,14,14,0.233333333333,13.426831882901,33,33,0.733333333333,17.524457808927,4.097625926026,7.301217434696
SFR,V08,Z1,M2025,REF,41,87,0.476744186047,15,15,0.250000000000,19.921966701777,33,33,0.733333333333,17.524457808927,2.397508892849,7.301217434696
SFR,V08,Z1,M2025,REF,42,87,0.488372093023,16,16,0.266666666667,17.505453148093,33,33,0.733333333333,17.524457808927,0.019004660834,7.301217434696
SFR,V08,Z1,M2025,REF,43,87,0.500000000000,17,17,0.283333333333,21.256713670566,33,33,0.733333333333,17.524457808927,3.732255861639,7.301217434696
SFR,V08,Z1,M2025,REF,44,87,0.511627906977,18,18,0.300000000000,17.140365111539,33,33,0.733333333333,17.524457808927,0.384092697388,7.301217434696
SFR,V08,Z1,M2025,REF,45,87,0.523255813953,19,19,0.316666666667,23.273312703667,33,33,0.733333333333,17.524457808927,5.748854894740,7.301217434696
SFR,V08,Z1,M2025,REF,46,87,0.534883720930,20,20,0.333333333333,20.042312180220,33,33,0.733333333333,17.524457808927,2.517854371293,7.301217434696
SFR,V08,Z1,M2025,REF,47,87,0.546511627907,21,21,0.350000000000,15.181246930422,33,33,0.733333333333,17.524457808927,2.343210878505,7.301217434696
SFR,V08,Z1,M2025,REF,48,87,0.558139534884,22,22,0.366666666667,21.948910366429,33,33,0.733333333333,17.524457808927,4.424452557502,7.301217434696
SFR,V08,Z1,M2025,REF,49,87,0.569767441860,23,23,0.383333333333,16.990350651854,33,33,0.733333333333,17.524457808927,0.534107157073,7.301217434696
SFR,V08,Z1,M2025,REF,50,87,0.581395348837,24,24,0.400000000000,13.136850996573,33,33,0.733333333333,17.524457808927,4.387606812354,7.301217434696
SFR,V08,Z1,M2025,REF,51,87,0.593023255814,25,25,0.416666666667,25.402761559992,33,33,0.733333333333,17.524457808927,7.878303751064,7.301217434696
SFR,V08,Z1,M2025,REF,52,87,0.604651162791,26,26,0.433333333333,17.884583064766,33,33,0.733333333333,17.524457808927,0.360125255839,7.301217434696
SFR,V08,Z1,M2025,REF,53,87,0.616279069767,27,27,0.450000000000,15.812707181010,33,33,0.733333333333,17.524457808927,1.711750627917,7.301217434696
SFR,V08,Z1,M2025,REF,54,87,0.627906976744,28,28,0.466666666667,16.584392472260,33,33,0.733333333333,17.524457808927,0.940065336667,7.301217434696
SFR,V08,Z1,M2025,REF,55,87,0.639534883721,29,29,0.483333333333,24.083574632173,33,33,0.733333333333,17.524457808927,6.559116823246,7.301217434696
SFR,V08,Z1,M2025,REF,56,87,0.651162790698,30,30,0.500000000000,21.558652344305,33,33,0.733333333333,17.524457808927,4.034194535377,7.301217434696
SFR,V08,Z1,M2025,REF,57,87,0.662790697674,31,31,0.516666666667,15.901996317359,33,33,0.733333333333,17.524457808927,1.622461491568,7.301217434696
SFR,V08,Z1,M2025,REF,58,87,0.674418604651,32,32,0.533333333333,22.099005446027,33,33,0.733333333333,17.524457808927,4.574547637099,7.301217434696
SFR,V08,Z1,M2025,REF,59,87,0.686046511628,33,33,0.550000000000,20.518662009335,33,33,0.733333333333,17.524457808927,2.994204200407,7.301217434696
SFR,V08,Z1,M2025,REF,60,87,0.697674418605,34,34,0.566666666667,23.768366875636,33,33,0.733333333333,17.524457808927,6.243909066709,7.301217434696
SFR,V08,Z1,M2025,REF,61,87,0.709302325581,35,35,0.583333333333,17.994766100830,33,33,0.733333333333,17.524457808927,0.470308291903,7.301217434696
SFR,V08,Z1,M2025,REF,62,87,0.720930232558,36,36,0.600000000000,14.272820943267,33,33,0.733333333333,17.524457808927,3.251636865660,7.301217434696
SFR,V08,Z1,M2025,REF,63,87,0.732558139535,37,37,0.616666666667,10.151540881743,34,34,0.755555555556,9.716897402004,0.434643479739,7.301217434696
SFR,V08,Z1,M2025,REF,64,87,0.744186046512,38,38,0.633333333333,7.496863617742,34,34,0.755555555556,9.716897402004,2.220033784263,7.301217434696
SFR,V08,Z1,M2025,REF,65,87,0.755813953488,39,39,0.650000000000,8.877685585740,34,34,0.755555555556,9.716897402004,0.839211816264,7.301217434696
SFR,V08,Z1,M2025,REF,66,87,0.767441860465,40,40,0.666666666667,9.130678798129,34,34,0.755555555556,9.716897402004,0.586218603876,7.301217434696
SFR,V08,Z1,M2025,REF,67,87,0.779069767442,41,41,0.683333333333,9.958936706168,34,34,0.755555555556,9.716897402004,0.242039304164,7.301217434696
SFR,V08,Z1,M2025,REF,68,87,0.790697674419,42,42,0.700000000000,6.234493865598,35,35,0.777777777778,5.695131802076,0.539362063522,7.301217434696
SFR,V08,Z1,M2025,REF,69,87,0.802325581395,43,43,0.716666666667,2.662732453651,36,36,0.800000000000,5.162521033893,2.499788580242,7.301217434696
SFR,V08,Z1,M2025,REF,70,87,0.813953488372,44,44,0.733333333333,2.153140903040,36,36,0.800000000000,5.162521033893,3.009380130854,7.301217434696
SFR,V08,Z1,M2025,REF,71,87,0.825581395349,45,45,0.750000000000,21.855221001230,37,37,0.822222222222,8.706432756673,13.148788244557,7.301217434696
SFR,V08,Z1,M2025,REF,72,87,0.837209302326,46,46,0.766666666667,8.123955099490,37,37,0.822222222222,8.706432756673,0.582477657183,7.301217434696
SFR,V08,Z1,M2025,REF,73,87,0.848837209302,47,47,0.783333333333,7.290868842436,38,38,0.844444444444,9.825341756060,2.534472913625,7.301217434696
SFR,V08,Z1,M2025,REF,74,87,0.860465116279,48,48,0.800000000000,10.975009981498,39,39,0.866666666667,13.160772148963,2.185762167465,7.301217434696
SFR,V08,Z1,M2025,REF,75,87,0.872093023256,49,49,0.816666666667,18.729863180352,40,40,0.888888888889,20.559791290583,1.829928110231,7.301217434696
SFR,V08,Z1,M2025,REF,76,87,0.883720930233,50,50,0.833333333333,19.751115600517,40,40,0.888888888889,20.559791290583,0.808675690066,7.301217434696
SFR,V08,Z1,M2025,REF,77,87,0.895348837209,51,51,0.850000000000,18.061279020804,41,41,0.911111111111,18.145294623218,0.084015602414,7.301217434696
SFR,V08,Z1,M2025,REF,78,87,0.906976744186,52,52,0.866666666667,18.008989514847,42,42,0.933333333333,17.589141446105,0.419848068742,7.301217434696
SFR,V08,Z1,M2025,REF,79,87,0.918604651163,53,53,0.883333333333,28.696834085206,43,43,0.955555555556,19.862921942823,8.833912142383,7.301217434696
SFR,V08,Z1,M2025,REF,80,87,0.930232558140,54,54,0.900000000000,21.216549452171,43,43,0.955555555556,19.862921942823,1.353627509348,7.301217434696
SFR,V08,Z1,M2025,REF,81,87,0.941860465116,55,55,0.916666666667,19.431646281337,43,43,0.955555555556,19.862921942823,0.431275661486,7.301217434696
SFR,V08,Z1,M2025,REF,82,87,0.953488372093,56,56,0.933333333333,17.099968832302,43,43,0.955555555556,19.862921942823,2.762953110521,7.301217434696
SFR,V08,Z1,M2025,REF,83,87,0.965116279070,57,57,0.950000000000,15.684069086103,44,44,0.977777777778,14.070704046975,1.613365039128,7.301217434696
SFR,V08,Z1,M2025,REF,84,87,0.976744186047,58,58,0.966666666667,13.403921276267,44,44,0.977777777778,14.070704046975,0.666782770709,7.301217434696
SFR,V08,Z1,M2025,REF,85,87,0.988372093023,59,59,0.983333333333,9.309132877968,44,44,0.977777777778,14.070704046975,4.761571169008,7.301217434696
SFR,V08,Z1,M2025,REF,86,87,1.000000000000,60,60,1.000000000000,7.054773464338,45,45,1.000000000000,21.062347281116,14.007573816779,7.301217434696
SFR,V08,Z2,M2025,REF,0,84,0.000000000000,0,0,0.000000000000,27.447391354473,0,0,0.000000000000,11.926572850589,15.520818503884,3.087438809477
SFR,V08,Z2,M2025,REF,1,84,0.012048192771,1,1,0.016666666667,6.104176381052,1,1,0.021276595745,6.853056512063,0.748880131010,3.087438809477
SFR,V08,Z2,M2025,REF,2,84,0.024096385542,2,2,0.033333333333,7.257668029280,1,1,0.021276595745,6.853056512063,0.404611517217,3.087438809477
SFR,V08,Z2,M2025,REF,3,84,0.036144578313,3,3,0.050000000000,7.717222397772,1,1,0.021276595745,6.853056512063,0.864165885710,3.087438809477
SFR,V08,Z2,M2025,REF,4,84,0.048192771084,4,4,0.066666666667,5.088392840397,1,1,0.021276595745,6.853056512063,1.764663671665,3.087438809477
SFR,V08,Z2,M2025,REF,5,84,0.060240963855,5,5,0.083333333333,9.089836816578,1,1,0.021276595745,6.853056512063,2.236780304515,3.087438809477
SFR,V08,Z2,M2025,REF,6,84,0.072289156627,6,6,0.100000000000,12.503842471894,2,2,0.042553191489,16.870849526121,4.367007054227,3.087438809477
SFR,V08,Z2,M2025,REF,7,84,0.084337349398,7,7,0.116666666667,15.171999406206,2,2,0.042553191489,16.870849526121,1.698850119915,3.087438809477
SFR,V08,Z2,M2025,REF,8,84,0.096385542169,8,8,0.133333333333,18.201637423284,2,2,0.042553191489,16.870849526121,1.330787897163,3.087438809477
SFR,V08,Z2,M2025,REF,9,84,0.108433734940,9,9,0.150000000000,7.090400977046,3,3,0.063829787234,10.633473370018,3.543072392972,3.087438809477
SFR,V08,Z2,M2025,REF,10,84,0.120481927711,10,10,0.166666666667,15.315925649650,4,4,0.085106382979,17.944193127536,2.628267477886,3.087438809477
SFR,V08,Z2,M2025,REF,11,84,0.132530120482,11,11,0.183333333333,19.864482342887,4,4,0.085106382979,17.944193127536,1.920289215350,3.087438809477
SFR,V08,Z2,M2025,REF,12,84,0.144578313253,12,12,0.200000000000,25.376052344683,5,5,0.106382978723,25.602485285223,0.226432940539,3.087438809477
SFR,V08,Z2,M2025,REF,13,84,0.156626506024,12,12,0.200000000000,25.376052344683,6,6,0.127659574468,26.295475817406,0.919423472723,3.087438809477
SFR,V08,Z2,M2025,REF,14,84,0.168674698795,12,12,0.200000000000,25.376052344683,7,7,0.148936170213,31.758131640824,6.382079296141,3.087438809477
SFR,V08,Z2,M2025,REF,15,84,0.180722891566,12,12,0.200000000000,25.376052344683,8,8,0.170212765957,26.893181472398,1.517129127714,3.087438809477
SFR,V08,Z2,M2025,REF,16,84,0.192771084337,12,12,0.200000000000,25.376052344683,9,9,0.191489361702,28.822659855543,3.446607510860,3.087438809477
SFR,V08,Z2,M2025,REF,17,84,0.204819277108,12,12,0.200000000000,25.376052344683,10,10,0.212765957447,21.684505844626,3.691546500058,3.087438809477
SFR,V08,Z2,M2025,REF,18,84,0.216867469880,12,12,0.200000000000,25.376052344683,11,11,0.234042553191,29.821847113745,4.445794769061,3.087438809477
SFR,V08,Z2,M2025,REF,19,84,0.228915662651,12,12,0.200000000000,25.376052344683,12,12,0.255319148936,26.256620319967,0.880567975283,3.087438809477
SFR,V08,Z2,M2025,REF,20,84,0.240963855422,12,12,0.200000000000,25.376052344683,13,13,0.276595744681,27.194340456046,1.818288111362,3.087438809477
SFR,V08,Z2,M2025,REF,21,84,0.253012048193,12,12,0.200000000000,25.376052344683,14,14,0.297872340426,25.581793795006,0.205741450322,3.087438809477
SFR,V08,Z2,M2025,REF,22,84,0.265060240964,12,12,0.200000000000,25.376052344683,15,15,0.319148936170,38.568326480432,13.192274135749,3.087438809477
SFR,V08,Z2,M2025,REF,23,84,0.277108433735,12,12,0.200000000000,25.376052344683,16,16,0.340425531915,34.148102636490,8.772050291806,3.087438809477
SFR,V08,Z2,M2025,REF,24,84,0.289156626506,12,12,0.200000000000,25.376052344683,17,17,0.361702127660,23.727338787665,1.648713557019,3.087438809477
SFR,V08,Z2,M2025,REF,25,84,0.301204819277,13,13,0.216666666667,18.865416022571,18,18,0.382978723404,20.613348919170,1.747932896599,3.087438809477
SFR,V08,Z2,M2025,REF,26,84,0.313253012048,14,14,0.233333333333,13.426831882901,19,19,0.404255319149,20.233034551376,6.806202668475,3.087438809477
SFR,V08,Z2,M2025,REF,27,84,0.325301204819,15,15,0.250000000000,19.921966701777,19,19,0.404255319149,20.233034551376,0.311067849600,3.087438809477
SFR,V08,Z2,M2025,REF,28,84,0.337349397590,16,16,0.266666666667,17.505453148093,19,19,0.404255319149,20.233034551376,2.727581403283,3.087438809477
SFR,V08,Z2,M2025,REF,29,84,0.349397590361,17,17,0.283333333333,21.256713670566,19,19,0.404255319149,20.233034551376,1.023679119190,3.087438809477
SFR,V08,Z2,M2025,REF,30,84,0.361445783133,18,18,0.300000000000,17.140365111539,19,19,0.404255319149,20.233034551376,3.092669439837,3.087438809477
SFR,V08,Z2,M2025,REF,31,84,0.373493975904,19,19,0.316666666667,23.273312703667,20,20,0.425531914894,24.008164925841,0.734852222174,3.087438809477
SFR,V08,Z2,M2025,REF,32,84,0.385542168675,19,19,0.316666666667,23.273312703667,21,21,0.446808510638,27.951869871406,4.678557167739,3.087438809477
SFR,V08,Z2,M2025,REF,33,84,0.397590361446,19,19,0.316666666667,23.273312703667,22,22,0.468085106383,26.879852130029,3.606539426362,3.087438809477
SFR,V08,Z2,M2025,REF,34,84,0.409638554217,19,19,0.316666666667,23.273312703667,23,23,0.489361702128,20.983585518625,2.289727185042,3.087438809477
SFR,V08,Z2,M2025,REF,35,84,0.421686746988,19,19,0.316666666667,23.273312703667,24,24,0.510638297872,29.502442689177,6.229129985510,3.087438809477
SFR,V08,Z2,M2025,REF,36,84,0.433734939759,20,20,0.333333333333,20.042312180220,25,25,0.531914893617,18.430114068254,1.612198111966,3.087438809477
SFR,V08,Z2,M2025,REF,37,84,0.445783132530,21,21,0.350000000000,15.181246930422,25,25,0.531914893617,18.430114068254,3.248867137832,3.087438809477
SFR,V08,Z2,M2025,REF,38,84,0.457831325301,22,22,0.366666666667,21.948910366429,26,26,0.553191489362,32.501134885801,10.552224519372,3.087438809477
SFR,V08,Z2,M2025,REF,39,84,0.469879518072,23,23,0.383333333333,16.990350651854,27,27,0.574468085106,15.240994251662,1.749356400193,3.087438809477
SFR,V08,Z2,M2025,REF,40,84,0.481927710843,24,24,0.400000000000,13.136850996573,28,28,0.595744680851,13.713564293155,0.576713296582,3.087438809477
SFR,V08,Z2,M2025,REF,41,84,0.493975903614,24,24,0.400000000000,13.136850996573,29,29,0.617021276596,11.724573388185,1.412277608389,3.087438809477
SFR,V08,Z2,M2025,REF,42,84,0.506024096386,24,24,0.400000000000,13.136850996573,30,30,0.638297872340,6.361349843352,6.775501153221,3.087438809477
SFR,V08,Z2,M2025,REF,43,84,0.518072289157,24,24,0.400000000000,13.136850996573,31,31,0.659574468085,11.922718531249,1.214132465325,3.087438809477
SFR,V08,Z2,M2025,REF,44,84,0.530120481928,25,25,0.416666666667,25.402761559992,32,32,0.680851063830,18.816195826137,6.586565733855,3.087438809477
SFR,V08,Z2,M2025,REF,45,84,0.542168674699,26,26,0.433333333333,17.884583064766,32,32,0.680851063830,18.816195826137,0.931612761371,3.087438809477
SFR,V08,Z2,M2025,REF,46,84,0.554216867470,27,27,0.450000000000,15.812707181010,32,32,0.680851063830,18.816195826137,3.003488645127,3.087438809477
SFR,V08,Z2,M2025,REF,47,84,0.566265060241,28,28,0.466666666667,16.584392472260,32,32,0.680851063830,18.816195826137,2.231803353876,3.087438809477
SFR,V08,Z2,M2025,REF,48,84,0.578313253012,29,29,0.483333333333,24.083574632173,32,32,0.680851063830,18.816195826137,5.267378806037,3.087438809477
SFR,V08,Z2,M2025,REF,49,84,0.590361445783,30,30,0.500000000000,21.558652344305,32,32,0.680851063830,18.816195826137,2.742456518168,3.087438809477
SFR,V08,Z2,M2025,REF,50,84,0.602409638554,31,31,0.516666666667,15.901996317359,32,32,0.680851063830,18.816195826137,2.914199508778,3.087438809477
SFR,V08,Z2,M2025,REF,51,84,0.614457831325,32,32,0.533333333333,22.099005446027,32,32,0.680851063830,18.816195826137,3.282809619890,3.087438809477
SFR,V08,Z2,M2025,REF,52,84,0.626506024096,33,33,0.550000000000,20.518662009335,32,32,0.680851063830,18.816195826137,1.702466183198,3.087438809477
SFR,V08,Z2,M2025,REF,53,84,0.638554216867,34,34,0.566666666667,23.768366875636,32,32,0.680851063830,18.816195826137,4.952171049499,3.087438809477
SFR,V08,Z2,M2025,REF,54,84,0.650602409639,35,35,0.583333333333,17.994766100830,32,32,0.680851063830,18.816195826137,0.821429725307,3.087438809477
SFR,V08,Z2,M2025,REF,55,84,0.662650602410,36,36,0.600000000000,14.272820943267,33,33,0.702127659574,13.243463484275,1.029357458992,3.087438809477
SFR,V08,Z2,M2025,REF,56,84,0.674698795181,36,36,0.600000000000,14.272820943267,34,34,0.723404255319,13.184521736993,1.088299206275,3.087438809477
SFR,V08,Z2,M2025,REF,57,84,0.686746987952,36,36,0.600000000000,14.272820943267,35,35,0.744680851064,15.403709902897,1.130888959630,3.087438809477
SFR,V08,Z2,M2025,REF,58,84,0.698795180723,37,37,0.616666666667,10.151540881743,36,36,0.765957446809,9.308385882567,0.843154999176,3.087438809477
SFR,V08,Z2,M2025,REF,59,84,0.710843373494,38,38,0.633333333333,7.496863617742,36,36,0.765957446809,9.308385882567,1.811522264825,3.087438809477
SFR,V08,Z2,M2025,REF,60,84,0.722891566265,39,39,0.650000000000,8.877685585740,36,36,0.765957446809,9.308385882567,0.430700296827,3.087438809477
SFR,V08,Z2,M2025,REF,61,84,0.734939759036,40,40,0.666666666667,9.130678798129,36,36,0.765957446809,9.308385882567,0.177707084438,3.087438809477
SFR,V08,Z2,M2025,REF,62,84,0.746987951807,41,41,0.683333333333,9.958936706168,36,36,0.765957446809,9.308385882567,0.650550823602,3.087438809477
SFR,V08,Z2,M2025,REF,63,84,0.759036144578,42,42,0.700000000000,6.234493865598,37,37,0.787234042553,3.996894271270,2.237599594329,3.087438809477
SFR,V08,Z2,M2025,REF,64,84,0.771084337349,43,43,0.716666666667,2.662732453651,38,38,0.808510638298,2.552441327975,0.110291125677,3.087438809477
SFR,V08,Z2,M2025,REF,65,84,0.783132530120,44,44,0.733333333333,2.153140903040,39,39,0.829787234043,4.984309120775,2.831168217735,3.087438809477
SFR,V08,Z2,M2025,REF,66,84,0.795180722892,45,45,0.750000000000,21.855221001230,40,40,0.851063829787,7.553886012350,14.301334988879,3.087438809477
SFR,V08,Z2,M2025,REF,67,84,0.807228915663,46,46,0.766666666667,8.123955099490,40,40,0.851063829787,7.553886012350,0.570069087140,3.087438809477
SFR,V08,Z2,M2025,REF,68,84,0.819277108434,47,47,0.783333333333,7.290868842436,40,40,0.851063829787,7.553886012350,0.263017169915,3.087438809477
SFR,V08,Z2,M2025,REF,69,84,0.831325301205,48,48,0.800000000000,10.975009981498,41,41,0.872340425532,10.741270788094,0.233739193405,3.087438809477
SFR,V08,Z2,M2025,REF,70,84,0.843373493976,49,49,0.816666666667,18.729863180352,42,42,0.893617021277,17.433075759729,1.296787420622,3.087438809477
SFR,V08,Z2,M2025,REF,71,84,0.855421686747,50,50,0.833333333333,19.751115600517,42,42,0.893617021277,17.433075759729,2.318039840787,3.087438809477
SFR,V08,Z2,M2025,REF,72,84,0.867469879518,51,51,0.850000000000,18.061279020804,42,42,0.893617021277,17.433075759729,0.628203261074,3.087438809477
SFR,V08,Z2,M2025,REF,73,84,0.879518072289,52,52,0.866666666667,18.008989514847,42,42,0.893617021277,17.433075759729,0.575913755118,3.087438809477
SFR,V08,Z2,M2025,REF,74,84,0.891566265060,53,53,0.883333333333,28.696834085206,42,42,0.893617021277,17.433075759729,11.263758325476,3.087438809477
SFR,V08,Z2,M2025,REF,75,84,0.903614457831,54,54,0.900000000000,21.216549452171,42,42,0.893617021277,17.433075759729,3.783473692441,3.087438809477
SFR,V08,Z2,M2025,REF,76,84,0.915662650602,55,55,0.916666666667,19.431646281337,42,42,0.893617021277,17.433075759729,1.998570521608,3.087438809477
SFR,V08,Z2,M2025,REF,77,84,0.927710843373,56,56,0.933333333333,17.099968832302,42,42,0.893617021277,17.433075759729,0.333106927428,3.087438809477
SFR,V08,Z2,M2025,REF,78,84,0.939759036145,57,57,0.950000000000,15.684069086103,43,43,0.914893617021,8.134214216097,7.549854870006,3.087438809477
SFR,V08,Z2,M2025,REF,79,84,0.951807228916,57,57,0.950000000000,15.684069086103,44,44,0.936170212766,15.357650246419,0.326418839684,3.087438809477
SFR,V08,Z2,M2025,REF,80,84,0.963855421687,57,57,0.950000000000,15.684069086103,45,45,0.957446808511,15.608745171602,0.075323914501,3.087438809477
SFR,V08,Z2,M2025,REF,81,84,0.975903614458,58,58,0.966666666667,13.403921276267,46,46,0.978723404255,15.506323529074,2.102402252807,3.087438809477
SFR,V08,Z2,M2025,REF,82,84,0.987951807229,59,59,0.983333333333,9.309132877968,46,46,0.978723404255,15.506323529074,6.197190651107,3.087438809477
SFR,V08,Z2,M2025,REF,83,84,1.000000000000,60,60,1.000000000000,7.054773464338,47,47,1.000000000000,21.240753444963,14.185979980626,3.087438809477
Q_value,V08,Z1,M2025,REF,0,61,0.000000000000,0,0,0.000000000000,3.447937054269,2,0,0.000000000000,10.089769777074,6.641832722804,9.816167892514
Q_value,V08,Z1,M2025,REF,1,61,0.016666666667,5,1,0.021739130435,7.455585348620,3,1,0.025000000000,9.585209925461,2.129624576840,9.816167892514
Q_value,V08,Z1,M2025,REF,2,61,0.033333333333,6,2,0.043478260870,16.992255148086,4,2,0.050000000000,17.073895144599,0.081639996513,9.816167892514
Q_value,V08,Z1,M2025,REF,3,61,0.050000000000,7,3,0.065217391304,19.801359836563,4,2,0.050000000000,17.073895144599,2.727464691964,9.816167892514
Q_value,V08,Z1,M2025,REF,4,61,0.066666666667,8,4,0.086956521739,27.015376883889,5,3,0.075000000000,23.481458841959,3.533918041930,9.816167892514
Q_value,V08,Z1,M2025,REF,5,61,0.083333333333,10,5,0.108695652174,21.603104881885,5,3,0.075000000000,23.481458841959,1.878353960074,9.816167892514
Q_value,V08,Z1,M2025,REF,6,61,0.100000000000,11,6,0.130434782609,86.322322079012,6,4,0.100000000000,25.355213198659,60.967108880352,9.816167892514
Q_value,V08,Z1,M2025,REF,7,61,0.116666666667,12,7,0.152173913043,81.656393483963,6,4,0.100000000000,25.355213198659,56.301180285303,9.816167892514
Q_value,V08,Z1,M2025,REF,8,61,0.133333333333,13,8,0.173913043478,23.709688313149,6,4,0.100000000000,25.355213198659,1.645524885510,9.816167892514
Q_value,V08,Z1,M2025,REF,9,61,0.150000000000,14,9,0.195652173913,21.957404367272,7,5,0.125000000000,19.240263120598,2.717141246674,9.816167892514
Q_value,V08,Z1,M2025,REF,10,61,0.166666666667,15,10,0.217391304348,38.689814008544,8,6,0.150000000000,25.067224379772,13.622589628772,9.816167892514
Q_value,V08,Z1,M2025,REF,11,61,0.183333333333,16,11,0.239130434783,62.103287577067,8,6,0.150000000000,25.067224379772,37.036063197295,9.816167892514
Q_value,V08,Z1,M2025,REF,12,61,0.200000000000,17,12,0.260869565217,61.210006703417,8,6,0.150000000000,25.067224379772,36.142782323645,9.816167892514
Q_value,V08,Z1,M2025,REF,13,61,0.216666666667,18,13,0.282608695652,16.842821272505,9,7,0.175000000000,15.014528891820,1.828292380685,9.816167892514
Q_value,V08,Z1,M2025,REF,14,61,0.233333333333,18,13,0.282608695652,16.842821272505,10,8,0.200000000000,19.897867305521,3.055046033015,9.816167892514
Q_value,V08,Z1,M2025,REF,15,61,0.250000000000,18,13,0.282608695652,16.842821272505,11,9,0.225000000000,16.007905284509,0.834915987997,9.816167892514
Q_value,V08,Z1,M2025,REF,16,61,0.266666666667,18,13,0.282608695652,16.842821272505,12,10,0.250000000000,23.529565094875,6.686743822370,9.816167892514
Q_value,V08,Z1,M2025,REF,17,61,0.283333333333,18,13,0.282608695652,16.842821272505,13,11,0.275000000000,14.431112433066,2.411708839439,9.816167892514
Q_value,V08,Z1,M2025,REF,18,61,0.300000000000,18,13,0.282608695652,16.842821272505,14,12,0.300000000000,10.899582770980,5.943238501525,9.816167892514
Q_value,V08,Z1,M2025,REF,19,61,0.316666666667,19,14,0.304347826087,27.901129670225,15,13,0.325000000000,27.121380526505,0.779749143720,9.816167892514
Q_value,V08,Z1,M2025,REF,20,61,0.333333333333,20,15,0.326086956522,25.587494683788,15,13,0.325000000000,27.121380526505,1.533885842717,9.816167892514
Q_value,V08,Z1,M2025,REF,21,61,0.350000000000,21,16,0.347826086957,39.623076202212,16,14,0.350000000000,43.897008875959,4.273932673747,9.816167892514
Q_value,V08,Z1,M2025,REF,22,61,0.366666666667,22,17,0.369565217391,40.501518096056,17,15,0.375000000000,33.608870297086,6.892647798970,9.816167892514
Q_value,V08,Z1,M2025,REF,23,61,0.383333333333,23,18,0.391304347826,15.409386217032,18,16,0.400000000000,15.260152264647,0.149233952385,9.816167892514
Q_value,V08,Z1,M2025,REF,24,61,0.400000000000,23,18,0.391304347826,15.409386217032,19,17,0.425000000000,14.879821920333,0.529564296699,9.816167892514
Q_value,V08,Z1,M2025,REF,25,61,0.416666666667,23,18,0.391304347826,15.409386217032,20,18,0.450000000000,19.806421448195,4.397035231164,9.816167892514
Q_value,V08,Z1,M2025,REF,26,61,0.433333333333,23,18,0.391304347826,15.409386217032,21,19,0.475000000000,12.919247061858,2.490139155174,9.816167892514
Q_value,V08,Z1,M2025,REF,27,61,0.450000000000,23,18,0.391304347826,15.409386217032,22,20,0.500000000000,16.259683845752,0.850297628721,9.816167892514
Q_value,V08,Z1,M2025,REF,28,61,0.466666666667,24,19,0.413043478261,11.716405323250,23,21,0.525000000000,12.745551658302,1.029146335052,9.816167892514
Q_value,V08,Z1,M2025,REF,29,61,0.483333333333,25,20,0.434782608696,22.384333347115,23,21,0.525000000000,12.745551658302,9.638781688813,9.816167892514
Q_value,V08,Z1,M2025,REF,30,61,0.500000000000,26,21,0.456521739130,76.246871403190,24,22,0.550000000000,53.874285662467,22.372585740722,9.816167892514
Q_value,V08,Z1,M2025,REF,31,61,0.516666666667,27,22,0.478260869565,15.199337384337,25,23,0.575000000000,11.205606497612,3.993730886726,9.816167892514
Q_value,V08,Z1,M2025,REF,32,61,0.533333333333,28,23,0.500000000000,10.450255706531,25,23,0.575000000000,11.205606497612,0.755350791081,9.816167892514
Q_value,V08,Z1,M2025,REF,33,61,0.550000000000,29,24,0.521739130435,13.055540223775,26,24,0.600000000000,17.516828169883,4.461287946108,9.816167892514
Q_value,V08,Z1,M2025,REF,34,61,0.566666666667,30,25,0.543478260870,22.366099472383,27,25,0.625000000000,22.632950892753,0.266851420370,9.816167892514
Q_value,V08,Z1,M2025,REF,35,61,0.583333333333,31,26,0.565217391304,64.001370286205,28,26,0.650000000000,23.131682590215,40.869687695990,9.816167892514
Q_value,V08,Z1,M2025,REF,36,61,0.600000000000,32,27,0.586956521739,12.571413187197,29,27,0.675000000000,16.775017573006,4.203604385809,9.816167892514
Q_value,V08,Z1,M2025,REF,37,61,0.616666666667,33,28,0.608695652174,33.074799423666,30,28,0.700000000000,21.448098241016,11.626701182650,9.816167892514
Q_value,V08,Z1,M2025,REF,38,61,0.633333333333,34,29,0.630434782609,11.225533668025,31,29,0.725000000000,15.305326676810,4.079793008785,9.816167892514
Q_value,V08,Z1,M2025,REF,39,61,0.650000000000,35,30,0.652173913043,36.122972598668,32,30,0.750000000000,23.558512998021,12.564459600647,9.816167892514
Q_value,V08,Z1,M2025,REF,40,61,0.666666666667,36,31,0.673913043478,8.189830460835,33,31,0.775000000000,4.085374330338,4.104456130497,9.816167892514
Q_value,V08,Z1,M2025,REF,41,61,0.683333333333,37,32,0.695652173913,5.691883230628,33,31,0.775000000000,4.085374330338,1.606508900290,9.816167892514
Q_value,V08,Z1,M2025,REF,42,61,0.700000000000,38,33,0.717391304348,4.602789261382,33,31,0.775000000000,4.085374330338,0.517414931044,9.816167892514
Q_value,V08,Z1,M2025,REF,43,61,0.716666666667,41,34,0.739130434783,6.973969744279,37,32,0.800000000000,6.356068289740,0.617901454538,9.816167892514
Q_value,V08,Z1,M2025,REF,44,61,0.733333333333,42,35,0.760869565217,7.415338660177,37,32,0.800000000000,6.356068289740,1.059270370436,9.816167892514
Q_value,V08,Z1,M2025,REF,45,61,0.750000000000,48,36,0.782608695652,4.740277864160,37,32,0.800000000000,6.356068289740,1.615790425581,9.816167892514
Q_value,V08,Z1,M2025,REF,46,61,0.766666666667,49,37,0.804347826087,31.237802591124,38,33,0.825000000000,39.622945689180,8.385143098056,9.816167892514
Q_value,V08,Z1,M2025,REF,47,61,0.783333333333,50,38,0.826086956522,26.584541568414,38,33,0.825000000000,39.622945689180,13.038404120766,9.816167892514
Q_value,V08,Z1,M2025,REF,48,61,0.800000000000,51,39,0.847826086957,73.129958978402,38,33,0.825000000000,39.622945689180,33.507013289221,9.816167892514
Q_value,V08,Z1,M2025,REF,49,61,0.816666666667,52,40,0.869565217391,46.303070960336,38,33,0.825000000000,39.622945689180,6.680125271156,9.816167892514
Q_value,V08,Z1,M2025,REF,50,61,0.833333333333,53,41,0.891304347826,91.021082411492,38,33,0.825000000000,39.622945689180,51.398136722312,9.816167892514
Q_value,V08,Z1,M2025,REF,51,61,0.850000000000,54,42,0.913043478261,36.067643376145,38,33,0.825000000000,39.622945689180,3.555302313035,9.816167892514
Q_value,V08,Z1,M2025,REF,52,61,0.866666666667,55,43,0.934782608696,78.697299626535,38,33,0.825000000000,39.622945689180,39.074353937354,9.816167892514
Q_value,V08,Z1,M2025,REF,53,61,0.883333333333,56,44,0.956521739130,70.737945322118,38,33,0.825000000000,39.622945689180,31.114999632938,9.816167892514
Q_value,V08,Z1,M2025,REF,54,61,0.900000000000,57,45,0.978260869565,15.617397533671,39,34,0.850000000000,13.209354648692,2.408042884979,9.816167892514
Q_value,V08,Z1,M2025,REF,55,61,0.916666666667,57,45,0.978260869565,15.617397533671,40,35,0.875000000000,14.635227548815,0.982169984856,9.816167892514
Q_value,V08,Z1,M2025,REF,56,61,0.933333333333,58,46,1.000000000000,9.099171592416,41,36,0.900000000000,8.868021927290,0.231149665126,9.816167892514
Q_value,V08,Z1,M2025,REF,57,61,0.950000000000,58,46,1.000000000000,9.099171592416,42,37,0.925000000000,6.680297445525,2.418874146891,9.816167892514
Q_value,V08,Z1,M2025,REF,58,61,0.966666666667,58,46,1.000000000000,9.099171592416,43,38,0.950000000000,13.082746847085,3.983575254669,9.816167892514
Q_value,V08,Z1,M2025,REF,59,61,0.983333333333,58,46,1.000000000000,9.099171592416,44,39,0.975000000000,4.307780766398,4.791390826018,9.816167892514
Q_value,V08,Z1,M2025,REF,60,61,1.000000000000,58,46,1.000000000000,9.099171592416,45,40,1.000000000000,12.851753267259,3.752581674843,9.816167892514
Q_value,V08,Z2,M2025,REF,0,57,0.000000000000,0,0,0.000000000000,3.447937054269,2,0,0.000000000000,18.295814651330,14.847877597061,14.862555632926
Q_value,V08,Z2,M2025,REF,1,57,0.017857142857,5,1,0.021739130435,7.455585348620,3,1,0.027027027027,6.099399769506,1.356185579114,14.862555632926
Q_value,V08,Z2,M2025,REF,2,57,0.035714285714,6,2,0.043478260870,16.992255148086,4,2,0.054054054054,20.599009934609,3.606754786524,14.862555632926
Q_value,V08,Z2,M2025,REF,3,57,0.053571428571,7,3,0.065217391304,19.801359836563,4,2,0.054054054054,20.599009934609,0.797650098046,14.862555632926
Q_value,V08,Z2,M2025,REF,4,57,0.071428571429,8,4,0.086956521739,27.015376883889,5,3,0.081081081081,47.333857523040,20.318480639151,14.862555632926
Q_value,V08,Z2,M2025,REF,5,57,0.089285714286,10,5,0.108695652174,21.603104881885,6,4,0.108108108108,8.088725463736,13.514379418150,14.862555632926
Q_value,V08,Z2,M2025,REF,6,57,0.107142857143,10,5,0.108695652174,21.603104881885,7,5,0.135135135135,13.829631250700,7.773473631185,14.862555632926
Q_value,V08,Z2,M2025,REF,7,57,0.125000000000,10,5,0.108695652174,21.603104881885,8,6,0.162162162162,13.032630458493,8.570474423392,14.862555632926
Q_value,V08,Z2,M2025,REF,8,57,0.142857142857,11,6,0.130434782609,86.322322079012,9,7,0.189189189189,73.929409692069,12.392912386943,14.862555632926
Q_value,V08,Z2,M2025,REF,9,57,0.160714285714,12,7,0.152173913043,81.656393483963,10,8,0.216216216216,71.281415443138,10.374978040825,14.862555632926
Q_value,V08,Z2,M2025,REF,10,57,0.178571428571,13,8,0.173913043478,23.709688313149,11,9,0.243243243243,20.842335491930,2.867352821220,14.862555632926
Q_value,V08,Z2,M2025,REF,11,57,0.196428571429,14,9,0.195652173913,21.957404367272,12,10,0.270270270270,26.991399564676,5.033995197404,14.862555632926
Q_value,V08,Z2,M2025,REF,12,57,0.214285714286,15,10,0.217391304348,38.689814008544,13,11,0.297297297297,52.691227688009,14.001413679464,14.862555632926
Q_value,V08,Z2,M2025,REF,13,57,0.232142857143,16,11,0.239130434783,62.103287577067,14,12,0.324324324324,140.928754575807,78.825466998740,14.862555632926
Q_value,V08,Z2,M2025,REF,14,57,0.250000000000,16,11,0.239130434783,62.103287577067,15,13,0.351351351351,142.615380371326,80.512092794259,14.862555632926
Q_value,V08,Z2,M2025,REF,15,57,0.267857142857,17,12,0.260869565217,61.210006703417,16,14,0.378378378378,103.258806926646,42.048800223229,14.862555632926
Q_value,V08,Z2,M2025,REF,16,57,0.285714285714,18,13,0.282608695652,16.842821272505,17,15,0.405405405405,21.612243318904,4.769422046399,14.862555632926
Q_value,V08,Z2,M2025,REF,17,57,0.303571428571,19,14,0.304347826087,27.901129670225,17,15,0.405405405405,21.612243318904,6.288886351321,14.862555632926
Q_value,V08,Z2,M2025,REF,18,57,0.321428571429,20,15,0.326086956522,25.587494683788,17,15,0.405405405405,21.612243318904,3.975251364884,14.862555632926
Q_value,V08,Z2,M2025,REF,19,57,0.339285714286,21,16,0.347826086957,39.623076202212,17,15,0.405405405405,21.612243318904,18.010832883308,14.862555632926
Q_value,V08,Z2,M2025,REF,20,57,0.357142857143,22,17,0.369565217391,40.501518096056,17,15,0.405405405405,21.612243318904,18.889274777152,14.862555632926
Q_value,V08,Z2,M2025,REF,21,57,0.375000000000,23,18,0.391304347826,15.409386217032,17,15,0.405405405405,21.612243318904,6.202857101872,14.862555632926
Q_value,V08,Z2,M2025,REF,22,57,0.392857142857,24,19,0.413043478261,11.716405323250,17,15,0.405405405405,21.612243318904,9.895837995654,14.862555632926
Q_value,V08,Z2,M2025,REF,23,57,0.410714285714,25,20,0.434782608696,22.384333347115,17,15,0.405405405405,21.612243318904,0.772090028211,14.862555632926
Q_value,V08,Z2,M2025,REF,24,57,0.428571428571,26,21,0.456521739130,76.246871403190,18,16,0.432432432432,70.198247850004,6.048623553186,14.862555632926
Q_value,V08,Z2,M2025,REF,25,57,0.446428571429,26,21,0.456521739130,76.246871403190,19,17,0.459459459459,60.704404098640,15.542467304550,14.862555632926
Q_value,V08,Z2,M2025,REF,26,57,0.464285714286,26,21,0.456521739130,76.246871403190,20,18,0.486486486486,66.977739783613,9.269131619576,14.862555632926
Q_value,V08,Z2,M2025,REF,27,57,0.482142857143,26,21,0.456521739130,76.246871403190,21,19,0.513513513514,82.949545375085,6.702673971896,14.862555632926
Q_value,V08,Z2,M2025,REF,28,57,0.500000000000,27,22,0.478260869565,15.199337384337,22,20,0.540540540541,29.164324605232,13.964987220895,14.862555632926
Q_value,V08,Z2,M2025,REF,29,57,0.517857142857,28,23,0.500000000000,10.450255706531,22,20,0.540540540541,29.164324605232,18.714068898701,14.862555632926
Q_value,V08,Z2,M2025,REF,30,57,0.535714285714,29,24,0.521739130435,13.055540223775,22,20,0.540540540541,29.164324605232,16.108784381457,14.862555632926
Q_value,V08,Z2,M2025,REF,31,57,0.553571428571,30,25,0.543478260870,22.366099472383,22,20,0.540540540541,29.164324605232,6.798225132849,14.862555632926
Q_value,V08,Z2,M2025,REF,32,57,0.571428571429,31,26,0.565217391304,64.001370286205,23,21,0.567567567568,49.905119128251,14.096251157953,14.862555632926
Q_value,V08,Z2,M2025,REF,33,57,0.589285714286,31,26,0.565217391304,64.001370286205,24,22,0.594594594595,63.444079045734,0.557291240471,14.862555632926
Q_value,V08,Z2,M2025,REF,34,57,0.607142857143,32,27,0.586956521739,12.571413187197,25,23,0.621621621622,26.740183361258,14.168770174061,14.862555632926
Q_value,V08,Z2,M2025,REF,35,57,0.625000000000,33,28,0.608695652174,33.074799423666,25,23,0.621621621622,26.740183361258,6.334616062408,14.862555632926
Q_value,V08,Z2,M2025,REF,36,57,0.642857142857,34,29,0.630434782609,11.225533668025,25,23,0.621621621622,26.740183361258,15.514649693233,14.862555632926
Q_value,V08,Z2,M2025,REF,37,57,0.660714285714,35,30,0.652173913043,36.122972598668,26,24,0.648648648649,73.244493633297,37.121521034628,14.862555632926
Q_value,V08,Z2,M2025,REF,38,57,0.678571428571,36,31,0.673913043478,8.189830460835,27,25,0.675675675676,7.223284060499,0.966546400336,14.862555632926
Q_value,V08,Z2,M2025,REF,39,57,0.696428571429,36,31,0.673913043478,8.189830460835,28,26,0.702702702703,8.529485282696,0.339654821861,14.862555632926
Q_value,V08,Z2,M2025,REF,40,57,0.714285714286,36,31,0.673913043478,8.189830460835,31,27,0.729729729730,6.999932364155,1.189898096680,14.862555632926
Q_value,V08,Z2,M2025,REF,41,57,0.732142857143,37,32,0.695652173913,5.691883230628,33,28,0.756756756757,6.033231251629,0.341348021000,14.862555632926
Q_value,V08,Z2,M2025,REF,42,57,0.750000000000,38,33,0.717391304348,4.602789261382,39,29,0.783783783784,5.488950125124,0.886160863742,14.862555632926
Q_value,V08,Z2,M2025,REF,43,57,0.767857142857,41,34,0.739130434783,6.973969744279,40,30,0.810810810811,19.976445756651,13.002476012372,14.862555632926
Q_value,V08,Z2,M2025,REF,44,57,0.785714285714,42,35,0.760869565217,7.415338660177,41,31,0.837837837838,16.497363922313,9.082025262137,14.862555632926
Q_value,V08,Z2,M2025,REF,45,57,0.803571428571,42,35,0.760869565217,7.415338660177,42,32,0.864864864865,15.594691490150,8.179352829973,14.862555632926
Q_value,V08,Z2,M2025,REF,46,57,0.821428571429,48,36,0.782608695652,4.740277864160,43,33,0.891891891892,12.843567154153,8.103289289994,14.862555632926
Q_value,V08,Z2,M2025,REF,47,57,0.839285714286,49,37,0.804347826087,31.237802591124,44,34,0.918918918919,21.210838985783,10.026963605341,14.862555632926
Q_value,V08,Z2,M2025,REF,48,57,0.857142857143,50,38,0.826086956522,26.584541568414,45,35,0.945945945946,20.518916146412,6.065625422002,14.862555632926
Q_value,V08,Z2,M2025,REF,49,57,0.875000000000,51,39,0.847826086957,73.129958978402,46,36,0.972972972973,36.508317073993,36.621641904408,14.862555632926
Q_value,V08,Z2,M2025,REF,50,57,0.892857142857,52,40,0.869565217391,46.303070960336,47,37,1.000000000000,40.203299580704,6.099771379632,14.862555632926
Q_value,V08,Z2,M2025,REF,51,57,0.910714285714,53,41,0.891304347826,91.021082411492,47,37,1.000000000000,40.203299580704,50.817782830788,14.862555632926
Q_value,V08,Z2,M2025,REF,52,57,0.928571428571,54,42,0.913043478261,36.067643376145,47,37,1.000000000000,40.203299580704,4.135656204559,14.862555632926
Q_value,V08,Z2,M2025,REF,53,57,0.946428571429,55,43,0.934782608696,78.697299626535,47,37,1.000000000000,40.203299580704,38.494000045831,14.862555632926
Q_value,V08,Z2,M2025,REF,54,57,0.964285714286,56,44,0.956521739130,70.737945322118,47,37,1.000000000000,40.203299580704,30.534645741414,14.862555632926
Q_value,V08,Z2,M2025,REF,55,57,0.982142857143,57,45,0.978260869565,15.617397533671,47,37,1.000000000000,40.203299580704,24.585902047033,14.862555632926
Q_value,V08,Z2,M2025,REF,56,57,1.000000000000,58,46,1.000000000000,9.099171592416,47,37,1.000000000000,40.203299580704,31.104127988288,14.862555632926
SFR,V09,Z1,M2025,REF,0,104,0.000000000000,0,0,0.000000000000,27.447391354473,0,0,0.000000000000,28.637712656934,1.190321302461,2.351167769167
SFR,V09,Z1,M2025,REF,1,104,0.009708737864,0,0,0.000000000000,27.447391354473,1,1,0.016393442623,27.895597013745,0.448205659272,2.351167769167
SFR,V09,Z1,M2025,REF,2,104,0.019417475728,1,1,0.016666666667,6.104176381052,2,2,0.032786885246,7.748236266629,1.644059885577,2.351167769167
SFR,V09,Z1,M2025,REF,3,104,0.029126213592,2,2,0.033333333333,7.257668029280,2,2,0.032786885246,7.748236266629,0.490568237350,2.351167769167
SFR,V09,Z1,M2025,REF,4,104,0.038834951456,3,3,0.050000000000,7.717222397772,2,2,0.032786885246,7.748236266629,0.031013868857,2.351167769167
SFR,V09,Z1,M2025,REF,5,104,0.048543689320,4,4,0.066666666667,5.088392840397,3,3,0.049180327869,2.436819153237,2.651573687160,2.351167769167
SFR,V09,Z1,M2025,REF,6,104,0.058252427184,4,4,0.066666666667,5.088392840397,4,4,0.065573770492,2.007182707103,3.081210133294,2.351167769167
SFR,V09,Z1,M2025,REF,7,104,0.067961165049,4,4,0.066666666667,5.088392840397,5,5,0.081967213115,2.483544614101,2.604848226296,2.351167769167
SFR,V09,Z1,M2025,REF,8,104,0.077669902913,4,4,0.066666666667,5.088392840397,6,6,0.098360655738,4.619684860221,0.468707980176,2.351167769167
SFR,V09,Z1,M2025,REF,9,104,0.087378640777,4,4,0.066666666667,5.088392840397,7,7,0.114754098361,3.493098879431,1.595293960966,2.351167769167
SFR,V09,Z1,M2025,REF,10,104,0.097087378641,5,5,0.083333333333,9.089836816578,8,8,0.131147540984,10.124863511571,1.035026694993,2.351167769167
SFR,V09,Z1,M2025,REF,11,104,0.106796116505,6,6,0.100000000000,12.503842471894,9,9,0.147540983607,10.599559226905,1.904283244989,2.351167769167
SFR,V09,Z1,M2025,REF,12,104,0.116504854369,7,7,0.116666666667,15.171999406206,9,9,0.147540983607,10.599559226905,4.572440179301,2.351167769167
SFR,V09,Z1,M2025,REF,13,104,0.126213592233,8,8,0.133333333333,18.201637423284,9,9,0.147540983607,10.599559226905,7.602078196380,2.351167769167
SFR,V09,Z1,M2025,REF,14,104,0.135922330097,9,9,0.150000000000,7.090400977046,10,10,0.163934426230,6.416738302106,0.673662674940,2.351167769167
SFR,V09,Z1,M2025,REF,15,104,0.145631067961,9,9,0.150000000000,7.090400977046,11,11,0.180327868852,6.058789282568,1.031611694478,2.351167769167
SFR,V09,Z1,M2025,REF,16,104,0.155339805825,9,9,0.150000000000,7.090400977046,12,12,0.196721311475,5.641797084948,1.448603892097,2.351167769167
SFR,V09,Z1,M2025,REF,17,104,0.165048543689,9,9,0.150000000000,7.090400977046,13,13,0.213114754098,9.081269785294,1.990868808248,2.351167769167
SFR,V09,Z1,M2025,REF,18,104,0.174757281553,9,9,0.150000000000,7.090400977046,14,14,0.229508196721,7.619099434123,0.528698457077,2.351167769167
SFR,V09,Z1,M2025,REF,19,104,0.184466019417,9,9,0.150000000000,7.090400977046,15,15,0.245901639344,5.192367795921,1.898033181124,2.351167769167
SFR,V09,Z1,M2025,REF,20,104,0.194174757282,9,9,0.150000000000,7.090400977046,16,16,0.262295081967,6.050133619453,1.040267357592,2.351167769167
SFR,V09,Z1,M2025,REF,21,104,0.203883495146,9,9,0.150000000000,7.090400977046,17,17,0.278688524590,6.666520156122,0.423880820923,2.351167769167
SFR,V09,Z1,M2025,REF,22,104,0.213592233010,9,9,0.150000000000,7.090400977046,18,18,0.295081967213,7.928689358398,0.838288381352,2.351167769167
SFR,V09,Z1,M2025,REF,23,104,0.223300970874,9,9,0.150000000000,7.090400977046,19,19,0.311475409836,6.765094655204,0.325306321842,2.351167769167
SFR,V09,Z1,M2025,REF,24,104,0.233009708738,9,9,0.150000000000,7.090400977046,20,20,0.327868852459,4.711637182208,2.378763794838,2.351167769167
SFR,V09,Z1,M2025,REF,25,104,0.242718446602,9,9,0.150000000000,7.090400977046,21,21,0.344262295082,6.978758396121,0.111642580925,2.351167769167
SFR,V09,Z1,M2025,REF,26,104,0.252427184466,9,9,0.150000000000,7.090400977046,22,22,0.360655737705,7.178642886323,0.088241909277,2.351167769167
SFR,V09,Z1,M2025,REF,27,104,0.262135922330,9,9,0.150000000000,7.090400977046,23,23,0.377049180328,7.058258943237,0.032142033808,2.351167769167
SFR,V09,Z1,M2025,REF,28,104,0.271844660194,9,9,0.150000000000,7.090400977046,24,24,0.393442622951,5.420272789709,1.670128187337,2.351167769167
SFR,V09,Z1,M2025,REF,29,104,0.281553398058,9,9,0.150000000000,7.090400977046,25,25,0.409836065574,6.099730264278,0.990670712767,2.351167769167
SFR,V09,Z1,M2025,REF,30,104,0.291262135922,9,9,0.150000000000,7.090400977046,26,26,0.426229508197,5.098009458127,1.992391518919,2.351167769167
SFR,V09,Z1,M2025,REF,31,104,0.300970873786,9,9,0.150000000000,7.090400977046,27,27,0.442622950820,6.478628235831,0.611772741215,2.351167769167
SFR,V09,Z1,M2025,REF,32,104,0.310679611650,9,9,0.150000000000,7.090400977046,28,28,0.459016393443,5.720914226363,1.369486750683,2.351167769167
SFR,V09,Z1,M2025,REF,33,104,0.320388349515,9,9,0.150000000000,7.090400977046,29,29,0.475409836066,5.123987748661,1.966413228385,2.351167769167
SFR,V09,Z1,M2025,REF,34,104,0.330097087379,9,9,0.150000000000,7.090400977046,30,30,0.491803278689,6.566629457623,0.523771519422,2.351167769167
SFR,V09,Z1,M2025,REF,35,104,0.339805825243,9,9,0.150000000000,7.090400977046,31,31,0.508196721311,5.500368870670,1.590032106375,2.351167769167
SFR,V09,Z1,M2025,REF,36,104,0.349514563107,9,9,0.150000000000,7.090400977046,32,32,0.524590163934,6.596721407942,0.493679569104,2.351167769167
SFR,V09,Z1,M2025,REF,37,104,0.359223300971,9,9,0.150000000000,7.090400977046,33,33,0.540983606557,6.597213067910,0.493187909135,2.351167769167
SFR,V09,Z1,M2025,REF,38,104,0.368932038835,9,9,0.150000000000,7.090400977046,34,34,0.557377049180,7.549987771453,0.459586794408,2.351167769167
SFR,V09,Z1,M2025,REF,39,104,0.378640776699,9,9,0.150000000000,7.090400977046,35,35,0.573770491803,5.104711241451,1.985689735595,2.351167769167
SFR,V09,Z1,M2025,REF,40,104,0.388349514563,9,9,0.150000000000,7.090400977046,36,36,0.590163934426,10.284744643252,3.194343666206,2.351167769167
SFR,V09,Z1,M2025,REF,41,104,0.398058252427,9,9,0.150000000000,7.090400977046,37,37,0.606557377049,7.645780217035,0.555379239989,2.351167769167
SFR,V09,Z1,M2025,REF,42,104,0.407766990291,9,9,0.150000000000,7.090400977046,38,38,0.622950819672,9.350997384199,2.260596407154,2.351167769167
SFR,V09,Z1,M2025,REF,43,104,0.417475728155,9,9,0.150000000000,7.090400977046,39,39,0.639344262295,6.698700893691,0.391700083355,2.351167769167
SFR,V09,Z1,M2025,REF,44,104,0.427184466019,9,9,0.150000000000,7.090400977046,40,40,0.655737704918,6.260271215940,0.830129761106,2.351167769167
SFR,V09,Z1,M2025,REF,45,104,0.436893203883,9,9,0.150000000000,7.090400977046,41,41,0.672131147541,7.868242387498,0.777841410452,2.351167769167
SFR,V09,Z1,M2025,REF,46,104,0.446601941748,10,10,0.166666666667,15.315925649650,42,42,0.688524590164,15.734664853626,0.418739203976,2.351167769167
SFR,V09,Z1,M2025,REF,47,104,0.456310679612,11,11,0.183333333333,19.864482342887,42,42,0.688524590164,15.734664853626,4.129817489261,2.351167769167
SFR,V09,Z1,M2025,REF,48,104,0.466019417476,12,12,0.200000000000,25.376052344683,42,42,0.688524590164,15.734664853626,9.641387491058,2.351167769167
SFR,V09,Z1,M2025,REF,49,104,0.475728155340,13,13,0.216666666667,18.865416022571,42,42,0.688524590164,15.734664853626,3.130751168945,2.351167769167
SFR,V09,Z1,M2025,REF,50,104,0.485436893204,14,14,0.233333333333,13.426831882901,42,42,0.688524590164,15.734664853626,2.307832970725,2.351167769167
SFR,V09,Z1,M2025,REF,51,104,0.495145631068,15,15,0.250000000000,19.921966701777,42,42,0.688524590164,15.734664853626,4.187301848151,2.351167769167
SFR,V09,Z1,M2025,REF,52,104,0.504854368932,16,16,0.266666666667,17.505453148093,42,42,0.688524590164,15.734664853626,1.770788294467,2.351167769167
SFR,V09,Z1,M2025,REF,53,104,0.514563106796,17,17,0.283333333333,21.256713670566,42,42,0.688524590164,15.734664853626,5.522048816940,2.351167769167
SFR,V09,Z1,M2025,REF,54,104,0.524271844660,18,18,0.300000000000,17.140365111539,42,42,0.688524590164,15.734664853626,1.405700257913,2.351167769167
SFR,V09,Z1,M2025,REF,55,104,0.533980582524,19,19,0.316666666667,23.273312703667,42,42,0.688524590164,15.734664853626,7.538647850041,2.351167769167
SFR,V09,Z1,M2025,REF,56,104,0.543689320388,20,20,0.333333333333,20.042312180220,42,42,0.688524590164,15.734664853626,4.307647326594,2.351167769167
SFR,V09,Z1,M2025,REF,57,104,0.553398058252,21,21,0.350000000000,15.181246930422,42,42,0.688524590164,15.734664853626,0.553417923204,2.351167769167
SFR,V09,Z1,M2025,REF,58,104,0.563106796117,22,22,0.366666666667,21.948910366429,42,42,0.688524590164,15.734664853626,6.214245512803,2.351167769167
SFR,V09,Z1,M2025,REF,59,104,0.572815533981,23,23,0.383333333333,16.990350651854,42,42,0.688524590164,15.734664853626,1.255685798228,2.351167769167
SFR,V09,Z1,M2025,REF,60,104,0.582524271845,24,24,0.400000000000,13.136850996573,42,42,0.688524590164,15.734664853626,2.597813857052,2.351167769167
SFR,V09,Z1,M2025,REF,61,104,0.592233009709,25,25,0.416666666667,25.402761559992,42,42,0.688524590164,15.734664853626,9.668096706366,2.351167769167
SFR,V09,Z1,M2025,REF,62,104,0.601941747573,26,26,0.433333333333,17.884583064766,42,42,0.688524590164,15.734664853626,2.149918211140,2.351167769167
SFR,V09,Z1,M2025,REF,63,104,0.611650485437,27,27,0.450000000000,15.812707181010,42,42,0.688524590164,15.734664853626,0.078042327384,2.351167769167
SFR,V09,Z1,M2025,REF,64,104,0.621359223301,28,28,0.466666666667,16.584392472260,42,42,0.688524590164,15.734664853626,0.849727618635,2.351167769167
SFR,V09,Z1,M2025,REF,65,104,0.631067961165,29,29,0.483333333333,24.083574632173,42,42,0.688524590164,15.734664853626,8.348909778547,2.351167769167
SFR,V09,Z1,M2025,REF,66,104,0.640776699029,30,30,0.500000000000,21.558652344305,42,42,0.688524590164,15.734664853626,5.823987490679,2.351167769167
SFR,V09,Z1,M2025,REF,67,104,0.650485436893,31,31,0.516666666667,15.901996317359,42,42,0.688524590164,15.734664853626,0.167331463733,2.351167769167
SFR,V09,Z1,M2025,REF,68,104,0.660194174757,32,32,0.533333333333,22.099005446027,42,42,0.688524590164,15.734664853626,6.364340592401,2.351167769167
SFR,V09,Z1,M2025,REF,69,104,0.669902912621,33,33,0.550000000000,20.518662009335,42,42,0.688524590164,15.734664853626,4.783997155709,2.351167769167
SFR,V09,Z1,M2025,REF,70,104,0.679611650485,34,34,0.566666666667,23.768366875636,42,42,0.688524590164,15.734664853626,8.033702022010,2.351167769167
SFR,V09,Z1,M2025,REF,71,104,0.689320388350,35,35,0.583333333333,17.994766100830,42,42,0.688524590164,15.734664853626,2.260101247204,2.351167769167
SFR,V09,Z1,M2025,REF,72,104,0.699029126214,36,36,0.600000000000,14.272820943267,42,42,0.688524590164,15.734664853626,1.461843910359,2.351167769167
SFR,V09,Z1,M2025,REF,73,104,0.708737864078,37,37,0.616666666667,10.151540881743,43,43,0.704918032787,11.414152381373,1.262611499630,2.351167769167
SFR,V09,Z1,M2025,REF,74,104,0.718446601942,38,38,0.633333333333,7.496863617742,44,44,0.721311475410,6.980160628146,0.516702989596,2.351167769167
SFR,V09,Z1,M2025,REF,75,104,0.728155339806,39,39,0.650000000000,8.877685585740,44,44,0.721311475410,6.980160628146,1.897524957594,2.351167769167
SFR,V09,Z1,M2025,REF,76,104,0.737864077670,40,40,0.666666666667,9.130678798129,44,44,0.721311475410,6.980160628146,2.150518169983,2.351167769167
SFR,V09,Z1,M2025,REF,77,104,0.747572815534,41,41,0.683333333333,9.958936706168,44,44,0.721311475410,6.980160628146,2.978776078022,2.351167769167
SFR,V09,Z1,M2025,REF,78,104,0.757281553398,42,42,0.700000000000,6.234493865598,44,44,0.721311475410,6.980160628146,0.745666762548,2.351167769167
SFR,V09,Z1,M2025,REF,79,104,0.766990291262,43,43,0.716666666667,2.662732453651,45,45,0.737704918033,4.012188166630,1.349455712979,2.351167769167
SFR,V09,Z1,M2025,REF,80,104,0.776699029126,43,43,0.716666666667,2.662732453651,46,46,0.754098360656,4.016216296120,1.353483842469,2.351167769167
SFR,V09,Z1,M2025,REF,81,104,0.786407766990,43,43,0.716666666667,2.662732453651,47,47,0.770491803279,2.489101309254,0.173631144397,2.351167769167
SFR,V09,Z1,M2025,REF,82,104,0.796116504854,43,43,0.716666666667,2.662732453651,48,48,0.786885245902,4.702675597363,2.039943143712,2.351167769167
SFR,V09,Z1,M2025,REF,83,104,0.805825242718,44,44,0.733333333333,2.153140903040,49,49,0.803278688525,9.831530634511,7.678389731472,2.351167769167
SFR,V09,Z1,M2025,REF,84,104,0.815533980583,45,45,0.750000000000,21.855221001230,50,50,0.819672131148,16.561589518488,5.293631482742,2.351167769167
SFR,V09,Z1,M2025,REF,85,104,0.825242718447,46,46,0.766666666667,8.123955099490,51,51,0.836065573770,10.858975791258,2.735020691768,2.351167769167
SFR,V09,Z1,M2025,REF,86,104,0.834951456311,47,47,0.783333333333,7.290868842436,51,51,0.836065573770,10.858975791258,3.568106948823,2.351167769167
SFR,V09,Z1,M2025,REF,87,104,0.844660194175,48,48,0.800000000000,10.975009981498,51,51,0.836065573770,10.858975791258,0.116034190240,2.351167769167
SFR,V09,Z1,M2025,REF,88,104,0.854368932039,49,49,0.816666666667,18.729863180352,52,52,0.852459016393,14.507920705542,4.221942474810,2.351167769167
SFR,V09,Z1,M2025,REF,89,104,0.864077669903,50,50,0.833333333333,19.751115600517,53,53,0.868852459016,21.170604348685,1.419488748168,2.351167769167
SFR,V09,Z1,M2025,REF,90,104,0.873786407767,51,51,0.850000000000,18.061279020804,53,53,0.868852459016,21.170604348685,3.109325327882,2.351167769167
SFR,V09,Z1,M2025,REF,91,104,0.883495145631,52,52,0.866666666667,18.008989514847,53,53,0.868852459016,21.170604348685,3.161614833838,2.351167769167
SFR,V09,Z1,M2025,REF,92,104,0.893203883495,53,53,0.883333333333,28.696834085206,53,53,0.868852459016,21.170604348685,7.526229736521,2.351167769167
SFR,V09,Z1,M2025,REF,93,104,0.902912621359,54,54,0.900000000000,21.216549452171,53,53,0.868852459016,21.170604348685,0.045945103486,2.351167769167
SFR,V09,Z1,M2025,REF,94,104,0.912621359223,55,55,0.916666666667,19.431646281337,53,53,0.868852459016,21.170604348685,1.738958067348,2.351167769167
SFR,V09,Z1,M2025,REF,95,104,0.922330097087,56,56,0.933333333333,17.099968832302,54,54,0.885245901639,17.388492012607,0.288523180305,2.351167769167
SFR,V09,Z1,M2025,REF,96,104,0.932038834951,57,57,0.950000000000,15.684069086103,54,54,0.885245901639,17.388492012607,1.704422926503,2.351167769167
SFR,V09,Z1,M2025,REF,97,104,0.941747572816,58,58,0.966666666667,13.403921276267,55,55,0.901639344262,12.583982768803,0.819938507464,2.351167769167
SFR,V09,Z1,M2025,REF,98,104,0.951456310680,58,58,0.966666666667,13.403921276267,56,56,0.918032786885,12.003879413228,1.400041863039,2.351167769167
SFR,V09,Z1,M2025,REF,99,104,0.961165048544,58,58,0.966666666667,13.403921276267,57,57,0.934426229508,15.054003152957,1.650081876690,2.351167769167
SFR,V09,Z1,M2025,REF,100,104,0.970873786408,58,58,0.966666666667,13.403921276267,58,58,0.950819672131,14.788250249466,1.384328973199,2.351167769167
SFR,V09,Z1,M2025,REF,101,104,0.980582524272,58,58,0.966666666667,13.403921276267,59,59,0.967213114754,13.172219636619,0.231701639648,2.351167769167
SFR,V09,Z1,M2025,REF,102,104,0.990291262136,59,59,0.983333333333,9.309132877968,60,60,0.983606557377,14.197621813896,4.888488935929,2.351167769167
SFR,V09,Z1,M2025,REF,103,104,1.000000000000,60,60,1.000000000000,7.054773464338,61,61,1.000000000000,14.867423076213,7.812649611876,2.351167769167
SFR,V09,Z2,M2025,REF,0,82,0.000000000000,0,0,0.000000000000,27.447391354473,0,0,0.000000000000,10.098735461738,17.348655892735,2.523459150288
SFR,V09,Z2,M2025,REF,1,82,0.012345679012,1,1,0.016666666667,6.104176381052,1,1,0.014925373134,5.218265268073,0.885911112980,2.523459150288
SFR,V09,Z2,M2025,REF,2,82,0.024691358025,2,2,0.033333333333,7.257668029280,2,2,0.029850746269,6.127596215456,1.130071813823,2.523459150288
SFR,V09,Z2,M2025,REF,3,82,0.037037037037,3,3,0.050000000000,7.717222397772,2,2,0.029850746269,6.127596215456,1.589626182316,2.523459150288
SFR,V09,Z2,M2025,REF,4,82,0.049382716049,4,4,0.066666666667,5.088392840397,2,2,0.029850746269,6.127596215456,1.039203375059,2.523459150288
SFR,V09,Z2,M2025,REF,5,82,0.061728395062,5,5,0.083333333333,9.089836816578,2,2,0.029850746269,6.127596215456,2.962240601122,2.523459150288
SFR,V09,Z2,M2025,REF,6,82,0.074074074074,6,6,0.100000000000,12.503842471894,3,3,0.044776119403,14.010997538587,1.507155066693,2.523459150288
SFR,V09,Z2,M2025,REF,7,82,0.086419753086,6,6,0.100000000000,12.503842471894,4,4,0.059701492537,10.613491727038,1.890350744856,2.523459150288
SFR,V09,Z2,M2025,REF,8,82,0.098765432099,6,6,0.100000000000,12.503842471894,5,5,0.074626865672,17.368626968134,4.864784496240,2.523459150288
SFR,V09,Z2,M2025,REF,9,82,0.111111111111,6,6,0.100000000000,12.503842471894,6,6,0.089552238806,12.467382830701,0.036459641193,2.523459150288
SFR,V09,Z2,M2025,REF,10,82,0.123456790123,7,7,0.116666666667,15.171999406206,7,7,0.104477611940,18.608207533325,3.436208127119,2.523459150288
SFR,V09,Z2,M2025,REF,11,82,0.135802469136,7,7,0.116666666667,15.171999406206,8,8,0.119402985075,11.403763026083,3.768236380124,2.523459150288
SFR,V09,Z2,M2025,REF,12,82,0.148148148148,8,8,0.133333333333,18.201637423284,9,9,0.134328358209,18.867358841666,0.665721418381,2.523459150288
SFR,V09,Z2,M2025,REF,13,82,0.160493827160,9,9,0.150000000000,7.090400977046,10,10,0.149253731343,8.424498067761,1.334097090716,2.523459150288
SFR,V09,Z2,M2025,REF,14,82,0.172839506173,10,10,0.166666666667,15.315925649650,11,11,0.164179104478,23.552819081483,8.236893431833,2.523459150288
SFR,V09,Z2,M2025,REF,15,82,0.185185185185,11,11,0.183333333333,19.864482342887,12,12,0.179104477612,12.486490535261,7.377991807625,2.523459150288
SFR,V09,Z2,M2025,REF,16,82,0.197530864198,12,12,0.200000000000,25.376052344683,13,13,0.194029850746,24.526004441738,0.850047902946,2.523459150288
SFR,V09,Z2,M2025,REF,17,82,0.209876543210,13,13,0.216666666667,18.865416022571,14,14,0.208955223881,13.200837974892,5.664578047679,2.523459150288
SFR,V09,Z2,M2025,REF,18,82,0.222222222222,14,14,0.233333333333,13.426831882901,15,15,0.223880597015,12.395366327232,1.031465555669,2.523459150288
SFR,V09,Z2,M2025,REF,19,82,0.234567901235,15,15,0.250000000000,19.921966701777,16,16,0.238805970149,17.238209621324,2.683757080453,2.523459150288
SFR,V09,Z2,M2025,REF,20,82,0.246913580247,16,16,0.266666666667,17.505453148093,16,16,0.238805970149,17.238209621324,0.267243526769,2.523459150288
SFR,V09,Z2,M2025,REF,21,82,0.259259259259,17,17,0.283333333333,21.256713670566,17,17,0.253731343284,21.408667847271,0.151954176705,2.523459150288
SFR,V09,Z2,M2025,REF,22,82,0.271604938272,18,18,0.300000000000,17.140365111539,18,18,0.268656716418,10.178084532572,6.962280578967,2.523459150288
SFR,V09,Z2,M2025,REF,23,82,0.283950617284,19,19,0.316666666667,23.273312703667,19,19,0.283582089552,18.034346036746,5.238966666921,2.523459150288
SFR,V09,Z2,M2025,REF,24,82,0.296296296296,20,20,0.333333333333,20.042312180220,19,19,0.283582089552,18.034346036746,2.007966143474,2.523459150288
SFR,V09,Z2,M2025,REF,25,82,0.308641975309,21,21,0.350000000000,15.181246930422,20,20,0.298507462687,13.472981355418,1.708265575004,2.523459150288
SFR,V09,Z2,M2025,REF,26,82,0.320987654321,21,21,0.350000000000,15.181246930422,21,21,0.313432835821,15.860379156012,0.679132225590,2.523459150288
SFR,V09,Z2,M2025,REF,27,82,0.333333333333,21,21,0.350000000000,15.181246930422,22,22,0.328358208955,13.583675340448,1.597571589974,2.523459150288
SFR,V09,Z2,M2025,REF,28,82,0.345679012346,21,21,0.350000000000,15.181246930422,23,23,0.343283582090,16.493059876226,1.311812945804,2.523459150288
SFR,V09,Z2,M2025,REF,29,82,0.358024691358,21,21,0.350000000000,15.181246930422,24,24,0.358208955224,9.778118967536,5.403127962886,2.523459150288
SFR,V09,Z2,M2025,REF,30,82,0.370370370370,21,21,0.350000000000,15.181246930422,25,25,0.373134328358,16.683612548466,1.502365618044,2.523459150288
SFR,V09,Z2,M2025,REF,31,82,0.382716049383,21,21,0.350000000000,15.181246930422,26,26,0.388059701493,12.426965598203,2.754281332219,2.523459150288
SFR,V09,Z2,M2025,REF,32,82,0.395061728395,22,22,0.366666666667,21.948910366429,27,27,0.402985074627,23.556536184475,1.607625818045,2.523459150288
SFR,V09,Z2,M2025,REF,33,82,0.407407407407,23,23,0.383333333333,16.990350651854,28,28,0.417910447761,14.228254022499,2.762096629355,2.523459150288
SFR,V09,Z2,M2025,REF,34,82,0.419753086420,24,24,0.400000000000,13.136850996573,29,29,0.432835820896,15.132240171209,1.995389174635,2.523459150288
SFR,V09,Z2,M2025,REF,35,82,0.432098765432,25,25,0.416666666667,25.402761559992,30,30,0.447761194030,23.233516948779,2.169244611212,2.523459150288
SFR,V09,Z2,M2025,REF,36,82,0.444444444444,25,25,0.416666666667,25.402761559992,31,31,0.462686567164,26.430286682830,1.027525122838,2.523459150288
SFR,V09,Z2,M2025,REF,37,82,0.456790123457,26,26,0.433333333333,17.884583064766,32,32,0.477611940299,11.463783603347,6.420799461419,2.523459150288
SFR,V09,Z2,M2025,REF,38,82,0.469135802469,27,27,0.450000000000,15.812707181010,33,33,0.492537313433,14.688114584615,1.124592596395,2.523459150288
SFR,V09,Z2,M2025,REF,39,82,0.481481481481,28,28,0.466666666667,16.584392472260,34,34,0.507462686567,19.263323520372,2.678931048112,2.523459150288
SFR,V09,Z2,M2025,REF,40,82,0.493827160494,29,29,0.483333333333,24.083574632173,35,35,0.522388059701,24.345538862757,0.261964230584,2.523459150288
SFR,V09,Z2,M2025,REF,41,82,0.506172839506,30,30,0.500000000000,21.558652344305,35,35,0.522388059701,24.345538862757,2.786886518453,2.523459150288
SFR,V09,Z2,M2025,REF,42,82,0.518518518519,31,31,0.516666666667,15.901996317359,36,36,0.537313432836,13.153711809784,2.748284507574,2.523459150288
SFR,V09,Z2,M2025,REF,43,82,0.530864197531,31,31,0.516666666667,15.901996317359,37,37,0.552238805970,19.889574848227,3.987578530868,2.523459150288
SFR,V09,Z2,M2025,REF,44,82,0.543209876543,31,31,0.516666666667,15.901996317359,38,38,0.567164179104,12.927606023372,2.974390293987,2.523459150288
SFR,V09,Z2,M2025,REF,45,82,0.555555555556,32,32,0.533333333333,22.099005446027,39,39,0.582089552239,21.483655474371,0.615349971656,2.523459150288
SFR,V09,Z2,M2025,REF,46,82,0.567901234568,33,33,0.550000000000,20.518662009335,40,40,0.597014925373,20.053836909527,0.464825099808,2.523459150288
SFR,V09,Z2,M2025,REF,47,82,0.580246913580,33,33,0.550000000000,20.518662009335,41,41,0.611940298507,17.221369147378,3.297292861956,2.523459150288
SFR,V09,Z2,M2025,REF,48,82,0.592592592593,33,33,0.550000000000,20.518662009335,42,42,0.626865671642,17.137260360098,3.381401649237,2.523459150288
SFR,V09,Z2,M2025,REF,49,82,0.604938271605,33,33,0.550000000000,20.518662009335,43,43,0.641791044776,21.294022903055,0.775360893721,2.523459150288
SFR,V09,Z2,M2025,REF,50,82,0.617283950617,34,34,0.566666666667,23.768366875636,44,44,0.656716417910,25.477274322433,1.708907446796,2.523459150288
SFR,V09,Z2,M2025,REF,51,82,0.629629629630,35,35,0.583333333333,17.994766100830,45,45,0.671641791045,14.264598648620,3.730167452210,2.523459150288
SFR,V09,Z2,M2025,REF,52,82,0.641975308642,36,36,0.600000000000,14.272820943267,45,45,0.671641791045,14.264598648620,0.008222294647,2.523459150288
SFR,V09,Z2,M2025,REF,53,82,0.654320987654,37,37,0.616666666667,10.151540881743,46,46,0.686567164179,9.013086045582,1.138454836161,2.523459150288
SFR,V09,Z2,M2025,REF,54,82,0.666666666667,38,38,0.633333333333,7.496863617742,46,46,0.686567164179,9.013086045582,1.516222427840,2.523459150288
SFR,V09,Z2,M2025,REF,55,82,0.679012345679,39,39,0.650000000000,8.877685585740,46,46,0.686567164179,9.013086045582,0.135400459842,2.523459150288
SFR,V09,Z2,M2025,REF,56,82,0.691358024691,40,40,0.666666666667,9.130678798129,46,46,0.686567164179,9.013086045582,0.117592752547,2.523459150288
SFR,V09,Z2,M2025,REF,57,82,0.703703703704,41,41,0.683333333333,9.958936706168,46,46,0.686567164179,9.013086045582,0.945850660586,2.523459150288
SFR,V09,Z2,M2025,REF,58,82,0.716049382716,42,42,0.700000000000,6.234493865598,47,47,0.701492537313,6.980313208492,0.745819342894,2.523459150288
SFR,V09,Z2,M2025,REF,59,82,0.728395061728,43,43,0.716666666667,2.662732453651,48,48,0.716417910448,4.298380557063,1.635648103412,2.523459150288
SFR,V09,Z2,M2025,REF,60,82,0.740740740741,43,43,0.716666666667,2.662732453651,49,49,0.731343283582,3.567378594090,0.904646140438,2.523459150288
SFR,V09,Z2,M2025,REF,61,82,0.753086419753,44,44,0.733333333333,2.153140903040,50,50,0.746268656716,9.657615004537,7.504474101497,2.523459150288
SFR,V09,Z2,M2025,REF,62,82,0.765432098765,45,45,0.750000000000,21.855221001230,51,51,0.761194029851,19.649127780695,2.206093220535,2.523459150288
SFR,V09,Z2,M2025,REF,63,82,0.777777777778,46,46,0.766666666667,8.123955099490,52,52,0.776119402985,12.581226224933,4.457271125443,2.523459150288
SFR,V09,Z2,M2025,REF,64,82,0.790123456790,47,47,0.783333333333,7.290868842436,52,52,0.776119402985,12.581226224933,5.290357382497,2.523459150288
SFR,V09,Z2,M2025,REF,65,82,0.802469135802,48,48,0.800000000000,10.975009981498,52,52,0.776119402985,12.581226224933,1.606216243435,2.523459150288
SFR,V09,Z2,M2025,REF,66,82,0.814814814815,49,49,0.816666666667,18.729863180352,53,53,0.791044776119,16.258266451991,2.471596728361,2.523459150288
SFR,V09,Z2,M2025,REF,67,82,0.827160493827,50,50,0.833333333333,19.751115600517,54,54,0.805970149254,21.341833594210,1.590717993693,2.523459150288
SFR,V09,Z2,M2025,REF,68,82,0.839506172840,50,50,0.833333333333,19.751115600517,55,55,0.820895522388,22.754052181055,3.002936580538,2.523459150288
SFR,V09,Z2,M2025,REF,69,82,0.851851851852,51,51,0.850000000000,18.061279020804,56,56,0.835820895522,19.037253775971,0.975974755167,2.523459150288
SFR,V09,Z2,M2025,REF,70,82,0.864197530864,52,52,0.866666666667,18.008989514847,56,56,0.835820895522,19.037253775971,1.028264261124,2.523459150288
SFR,V09,Z2,M2025,REF,71,82,0.876543209877,53,53,0.883333333333,28.696834085206,57,57,0.850746268657,22.059749833621,6.637084251585,2.523459150288
SFR,V09,Z2,M2025,REF,72,82,0.888888888889,54,54,0.900000000000,21.216549452171,58,58,0.865671641791,20.473376327151,0.743173125020,2.523459150288
SFR,V09,Z2,M2025,REF,73,82,0.901234567901,55,55,0.916666666667,19.431646281337,59,59,0.880597014925,20.810215937446,1.378569656109,2.523459150288
SFR,V09,Z2,M2025,REF,74,82,0.913580246914,56,56,0.933333333333,17.099968832302,60,60,0.895522388060,14.440228611438,2.659740220864,2.523459150288
SFR,V09,Z2,M2025,REF,75,82,0.925925925926,56,56,0.933333333333,17.099968832302,61,61,0.910447761194,18.829361061773,1.729392229471,2.523459150288
SFR,V09,Z2,M2025,REF,76,82,0.938271604938,57,57,0.950000000000,15.684069086103,62,62,0.925373134328,16.943163352076,1.259094265973,2.523459150288
SFR,V09,Z2,M2025,REF,77,82,0.950617283951,58,58,0.966666666667,13.403921276267,63,63,0.940298507463,9.023195728860,4.380725547407,2.523459150288
SFR,V09,Z2,M2025,REF,78,82,0.962962962963,58,58,0.966666666667,13.403921276267,64,64,0.955223880597,9.737017334380,3.666903941887,2.523459150288
SFR,V09,Z2,M2025,REF,79,82,0.975308641975,58,58,0.966666666667,13.403921276267,65,65,0.970149253731,14.222928010302,0.819006734035,2.523459150288
SFR,V09,Z2,M2025,REF,80,82,0.987654320988,59,59,0.983333333333,9.309132877968,66,66,0.985074626866,11.265782889217,1.956650011250,2.523459150288
SFR,V09,Z2,M2025,REF,81,82,1.000000000000,60,60,1.000000000000,7.054773464338,67,67,1.000000000000,7.050260565732,0.004512898605,2.523459150288
Q_value,V09,Z1,M2025,REF,0,50,0.000000000000,0,0,0.000000000000,3.447937054269,0,0,0.000000000000,2.260985161133,1.186951893136,14.417560618981
Q_value,V09,Z1,M2025,REF,1,50,0.020408163265,5,1,0.021739130435,7.455585348620,1,1,0.062500000000,5.947095519316,1.508489829305,14.417560618981
Q_value,V09,Z1,M2025,REF,2,50,0.040816326531,5,1,0.021739130435,7.455585348620,9,2,0.125000000000,5.024578152536,2.431007196084,14.417560618981
Q_value,V09,Z1,M2025,REF,3,50,0.061224489796,5,1,0.021739130435,7.455585348620,30,3,0.187500000000,6.059515473762,1.396069874858,14.417560618981
Q_value,V09,Z1,M2025,REF,4,50,0.081632653061,6,2,0.043478260870,16.992255148086,49,4,0.250000000000,40.591775973328,23.599520825242,14.417560618981
Q_value,V09,Z1,M2025,REF,5,50,0.102040816327,7,3,0.065217391304,19.801359836563,50,5,0.312500000000,28.852419168922,9.051059332359,14.417560618981
Q_value,V09,Z1,M2025,REF,6,50,0.122448979592,7,3,0.065217391304,19.801359836563,51,6,0.375000000000,21.650323666822,1.848963830260,14.417560618981
Q_value,V09,Z1,M2025,REF,7,50,0.142857142857,8,4,0.086956521739,27.015376883889,52,7,0.437500000000,32.838831324140,5.823454440252,14.417560618981
Q_value,V09,Z1,M2025,REF,8,50,0.163265306122,10,5,0.108695652174,21.603104881885,53,8,0.500000000000,40.885185810106,19.282080928221,14.417560618981
Q_value,V09,Z1,M2025,REF,9,50,0.183673469388,11,6,0.130434782609,86.322322079012,54,9,0.562500000000,114.363360740064,28.041038661052,14.417560618981
Q_value,V09,Z1,M2025,REF,10,50,0.204081632653,12,7,0.152173913043,81.656393483963,54,9,0.562500000000,114.363360740064,32.706967256101,14.417560618981
Q_value,V09,Z1,M2025,REF,11,50,0.224489795918,13,8,0.173913043478,23.709688313149,55,10,0.625000000000,35.902442543862,12.192754230712,14.417560618981
Q_value,V09,Z1,M2025,REF,12,50,0.244897959184,14,9,0.195652173913,21.957404367272,55,10,0.625000000000,35.902442543862,13.945038176590,14.417560618981
Q_value,V09,Z1,M2025,REF,13,50,0.265306122449,15,10,0.217391304348,38.689814008544,55,10,0.625000000000,35.902442543862,2.787371464682,14.417560618981
Q_value,V09,Z1,M2025,REF,14,50,0.285714285714,16,11,0.239130434783,62.103287577067,56,11,0.687500000000,62.206636906266,0.103349329199,14.417560618981
Q_value,V09,Z1,M2025,REF,15,50,0.306122448980,17,12,0.260869565217,61.210006703417,56,11,0.687500000000,62.206636906266,0.996630202849,14.417560618981
Q_value,V09,Z1,M2025,REF,16,50,0.326530612245,18,13,0.282608695652,16.842821272505,57,12,0.750000000000,25.888709343403,9.045888070897,14.417560618981
Q_value,V09,Z1,M2025,REF,17,50,0.346938775510,19,14,0.304347826087,27.901129670225,57,12,0.750000000000,25.888709343403,2.012420326822,14.417560618981
Q_value,V09,Z1,M2025,REF,18,50,0.367346938776,20,15,0.326086956522,25.587494683788,57,12,0.750000000000,25.888709343403,0.301214659615,14.417560618981
Q_value,V09,Z1,M2025,REF,19,50,0.387755102041,21,16,0.347826086957,39.623076202212,57,12,0.750000000000,25.888709343403,13.734366858809,14.417560618981
Q_value,V09,Z1,M2025,REF,20,50,0.408163265306,22,17,0.369565217391,40.501518096056,57,12,0.750000000000,25.888709343403,14.612808752653,14.417560618981
Q_value,V09,Z1,M2025,REF,21,50,0.428571428571,23,18,0.391304347826,15.409386217032,57,12,0.750000000000,25.888709343403,10.479323126371,14.417560618981
Q_value,V09,Z1,M2025,REF,22,50,0.448979591837,24,19,0.413043478261,11.716405323250,57,12,0.750000000000,25.888709343403,14.172304020152,14.417560618981
Q_value,V09,Z1,M2025,REF,23,50,0.469387755102,25,20,0.434782608696,22.384333347115,57,12,0.750000000000,25.888709343403,3.504375996288,14.417560618981
Q_value,V09,Z1,M2025,REF,24,50,0.489795918367,26,21,0.456521739130,76.246871403190,57,12,0.750000000000,25.888709343403,50.358162059787,14.417560618981
Q_value,V09,Z1,M2025,REF,25,50,0.510204081633,27,22,0.478260869565,15.199337384337,57,12,0.750000000000,25.888709343403,10.689371959065,14.417560618981
Q_value,V09,Z1,M2025,REF,26,50,0.530612244898,28,23,0.500000000000,10.450255706531,57,12,0.750000000000,25.888709343403,15.438453636872,14.417560618981
Q_value,V09,Z1,M2025,REF,27,50,0.551020408163,29,24,0.521739130435,13.055540223775,57,12,0.750000000000,25.888709343403,12.833169119627,14.417560618981
Q_value,V09,Z1,M2025,REF,28,50,0.571428571429,30,25,0.543478260870,22.366099472383,57,12,0.750000000000,25.888709343403,3.522609871020,14.417560618981
Q_value,V09,Z1,M2025,REF,29,50,0.591836734694,31,26,0.565217391304,64.001370286205,57,12,0.750000000000,25.888709343403,38.112660942802,14.417560618981
Q_value,V09,Z1,M2025,REF,30,50,0.612244897959,32,27,0.586956521739,12.571413187197,57,12,0.750000000000,25.888709343403,13.317296156205,14.417560618981
Q_value,V09,Z1,M2025,REF,31,50,0.632653061224,33,28,0.608695652174,33.074799423666,57,12,0.750000000000,25.888709343403,7.186090080264,14.417560618981
Q_value,V09,Z1,M2025,REF,32,50,0.653061224490,34,29,0.630434782609,11.225533668025,57,12,0.750000000000,25.888709343403,14.663175675377,14.417560618981
Q_value,V09,Z1,M2025,REF,33,50,0.673469387755,35,30,0.652173913043,36.122972598668,57,12,0.750000000000,25.888709343403,10.234263255266,14.417560618981
Q_value,V09,Z1,M2025,REF,34,50,0.693877551020,36,31,0.673913043478,8.189830460835,57,12,0.750000000000,25.888709343403,17.698878882568,14.417560618981
Q_value,V09,Z1,M2025,REF,35,50,0.714285714286,37,32,0.695652173913,5.691883230628,57,12,0.750000000000,25.888709343403,20.196826112774,14.417560618981
Q_value,V09,Z1,M2025,REF,36,50,0.734693877551,38,33,0.717391304348,4.602789261382,57,12,0.750000000000,25.888709343403,21.285920082021,14.417560618981
Q_value,V09,Z1,M2025,REF,37,50,0.755102040816,41,34,0.739130434783,6.973969744279,57,12,0.750000000000,25.888709343403,18.914739599124,14.417560618981
Q_value,V09,Z1,M2025,REF,38,50,0.775510204082,42,35,0.760869565217,7.415338660177,57,12,0.750000000000,25.888709343403,18.473370683226,14.417560618981
Q_value,V09,Z1,M2025,REF,39,50,0.795918367347,48,36,0.782608695652,4.740277864160,57,12,0.750000000000,25.888709343403,21.148431479243,14.417560618981
Q_value,V09,Z1,M2025,REF,40,50,0.816326530612,49,37,0.804347826087,31.237802591124,57,12,0.750000000000,25.888709343403,5.349093247722,14.417560618981
Q_value,V09,Z1,M2025,REF,41,50,0.836734693878,50,38,0.826086956522,26.584541568414,57,12,0.750000000000,25.888709343403,0.695832225011,14.417560618981
Q_value,V09,Z1,M2025,REF,42,50,0.857142857143,51,39,0.847826086957,73.129958978402,58,13,0.812500000000,40.653200691841,32.476758286561,14.417560618981
Q_value,V09,Z1,M2025,REF,43,50,0.877551020408,52,40,0.869565217391,46.303070960336,58,13,0.812500000000,40.653200691841,5.649870268495,14.417560618981
Q_value,V09,Z1,M2025,REF,44,50,0.897959183673,53,41,0.891304347826,91.021082411492,58,13,0.812500000000,40.653200691841,50.367881719651,14.417560618981
Q_value,V09,Z1,M2025,REF,45,50,0.918367346939,54,42,0.913043478261,36.067643376145,59,14,0.875000000000,31.881486226654,4.186157149491,14.417560618981
Q_value,V09,Z1,M2025,REF,46,50,0.938775510204,55,43,0.934782608696,78.697299626535,60,15,0.937500000000,33.674504235759,45.022795390776,14.417560618981
Q_value,V09,Z1,M2025,REF,47,50,0.959183673469,56,44,0.956521739130,70.737945322118,60,15,0.937500000000,33.674504235759,37.063441086359,14.417560618981
Q_value,V09,Z1,M2025,REF,48,50,0.979591836735,57,45,0.978260869565,15.617397533671,61,16,1.000000000000,22.972950911655,7.355553377984,14.417560618981
Q_value,V09,Z1,M2025,REF,49,50,1.000000000000,58,46,1.000000000000,9.099171592416,61,16,1.000000000000,22.972950911655,13.873779319239,14.417560618981
Q_value,V09,Z2,M2025,REF,0,68,0.000000000000,0,0,0.000000000000,3.447937054269,3,0,0.000000000000,18.668454742155,15.220517687886,10.641542105493
Q_value,V09,Z2,M2025,REF,1,68,0.014925373134,5,1,0.021739130435,7.455585348620,4,1,0.026315789474,7.879779454612,0.424194105992,10.641542105493
Q_value,V09,Z2,M2025,REF,2,68,0.029850746269,5,1,0.021739130435,7.455585348620,5,2,0.052631578947,6.731710355412,0.723874993208,10.641542105493
Q_value,V09,Z2,M2025,REF,3,68,0.044776119403,5,1,0.021739130435,7.455585348620,6,3,0.078947368421,5.949853927375,1.505731421246,10.641542105493
Q_value,V09,Z2,M2025,REF,4,68,0.059701492537,5,1,0.021739130435,7.455585348620,7,4,0.105263157895,15.090707340005,7.635121991384,10.641542105493
Q_value,V09,Z2,M2025,REF,5,68,0.074626865672,5,1,0.021739130435,7.455585348620,9,5,0.131578947368,4.836174225854,2.619411122767,10.641542105493
Q_value,V09,Z2,M2025,REF,6,68,0.089552238806,5,1,0.021739130435,7.455585348620,11,6,0.157894736842,8.550096705108,1.094511356488,10.641542105493
Q_value,V09,Z2,M2025,REF,7,68,0.104477611940,5,1,0.021739130435,7.455585348620,13,7,0.184210526316,11.781756111317,4.326170762697,10.641542105493
Q_value,V09,Z2,M2025,REF,8,68,0.119402985075,5,1,0.021739130435,7.455585348620,15,8,0.210526315789,8.964838620595,1.509253271975,10.641542105493
Q_value,V09,Z2,M2025,REF,9,68,0.134328358209,5,1,0.021739130435,7.455585348620,16,9,0.236842105263,8.238210266567,0.782624917947,10.641542105493
Q_value,V09,Z2,M2025,REF,10,68,0.149253731343,5,1,0.021739130435,7.455585348620,17,10,0.263157894737,11.604158472890,4.148573124270,10.641542105493
Q_value,V09,Z2,M2025,REF,11,68,0.164179104478,5,1,0.021739130435,7.455585348620,19,11,0.289473684211,12.793316983656,5.337731635036,10.641542105493
Q_value,V09,Z2,M2025,REF,12,68,0.179104477612,5,1,0.021739130435,7.455585348620,23,12,0.315789473684,7.946618383542,0.491033034922,10.641542105493
Q_value,V09,Z2,M2025,REF,13,68,0.194029850746,5,1,0.021739130435,7.455585348620,27,13,0.342105263158,12.515382917480,5.059797568860,10.641542105493
Q_value,V09,Z2,M2025,REF,14,68,0.208955223881,5,1,0.021739130435,7.455585348620,28,14,0.368421052632,7.363924696549,0.091660652072,10.641542105493
Q_value,V09,Z2,M2025,REF,15,68,0.223880597015,6,2,0.043478260870,16.992255148086,30,15,0.394736842105,19.364633478474,2.372378330389,10.641542105493
Q_value,V09,Z2,M2025,REF,16,68,0.238805970149,6,2,0.043478260870,16.992255148086,31,16,0.421052631579,16.917254663473,0.075000484612,10.641542105493
Q_value,V09,Z2,M2025,REF,17,68,0.253731343284,7,3,0.065217391304,19.801359836563,34,17,0.447368421053,12.229593612534,7.571766224029,10.641542105493
Q_value,V09,Z2,M2025,REF,18,68,0.268656716418,8,4,0.086956521739,27.015376883889,35,18,0.473684210526,26.986912219039,0.028464664850,10.641542105493
Q_value,V09,Z2,M2025,REF,19,68,0.283582089552,10,5,0.108695652174,21.603104881885,35,18,0.473684210526,26.986912219039,5.383807337154,10.641542105493
Q_value,V09,Z2,M2025,REF,20,68,0.298507462687,11,6,0.130434782609,86.322322079012,35,18,0.473684210526,26.986912219039,59.335409859973,10.641542105493
Q_value,V09,Z2,M2025,REF,21,68,0.313432835821,12,7,0.152173913043,81.656393483963,35,18,0.473684210526,26.986912219039,54.669481264924,10.641542105493
Q_value,V09,Z2,M2025,REF,22,68,0.328358208955,13,8,0.173913043478,23.709688313149,35,18,0.473684210526,26.986912219039,3.277223905890,10.641542105493
Q_value,V09,Z2,M2025,REF,23,68,0.343283582090,14,9,0.195652173913,21.957404367272,35,18,0.473684210526,26.986912219039,5.029507851767,10.641542105493
Q_value,V09,Z2,M2025,REF,24,68,0.358208955224,15,10,0.217391304348,38.689814008544,35,18,0.473684210526,26.986912219039,11.702901789505,10.641542105493
Q_value,V09,Z2,M2025,REF,25,68,0.373134328358,16,11,0.239130434783,62.103287577067,35,18,0.473684210526,26.986912219039,35.116375358028,10.641542105493
Q_value,V09,Z2,M2025,REF,26,68,0.388059701493,17,12,0.260869565217,61.210006703417,35,18,0.473684210526,26.986912219039,34.223094484377,10.641542105493
Q_value,V09,Z2,M2025,REF,27,68,0.402985074627,18,13,0.282608695652,16.842821272505,35,18,0.473684210526,26.986912219039,10.144090946534,10.641542105493
Q_value,V09,Z2,M2025,REF,28,68,0.417910447761,19,14,0.304347826087,27.901129670225,35,18,0.473684210526,26.986912219039,0.914217451186,10.641542105493
Q_value,V09,Z2,M2025,REF,29,68,0.432835820896,20,15,0.326086956522,25.587494683788,35,18,0.473684210526,26.986912219039,1.399417535251,10.641542105493
Q_value,V09,Z2,M2025,REF,30,68,0.447761194030,21,16,0.347826086957,39.623076202212,35,18,0.473684210526,26.986912219039,12.636163983173,10.641542105493
Q_value,V09,Z2,M2025,REF,31,68,0.462686567164,22,17,0.369565217391,40.501518096056,35,18,0.473684210526,26.986912219039,13.514605877017,10.641542105493
Q_value,V09,Z2,M2025,REF,32,68,0.477611940299,23,18,0.391304347826,15.409386217032,35,18,0.473684210526,26.986912219039,11.577526002007,10.641542105493
Q_value,V09,Z2,M2025,REF,33,68,0.492537313433,24,19,0.413043478261,11.716405323250,35,18,0.473684210526,26.986912219039,15.270506895789,10.641542105493
Q_value,V09,Z2,M2025,REF,34,68,0.507462686567,25,20,0.434782608696,22.384333347115,35,18,0.473684210526,26.986912219039,4.602578871924,10.641542105493
Q_value,V09,Z2,M2025,REF,35,68,0.522388059701,26,21,0.456521739130,76.246871403190,35,18,0.473684210526,26.986912219039,49.259959184150,10.641542105493
Q_value,V09,Z2,M2025,REF,36,68,0.537313432836,27,22,0.478260869565,15.199337384337,35,18,0.473684210526,26.986912219039,11.787574834702,10.641542105493
Q_value,V09,Z2,M2025,REF,37,68,0.552238805970,28,23,0.500000000000,10.450255706531,35,18,0.473684210526,26.986912219039,16.536656512508,10.641542105493
Q_value,V09,Z2,M2025,REF,38,68,0.567164179104,29,24,0.521739130435,13.055540223775,35,18,0.473684210526,26.986912219039,13.931371995264,10.641542105493
Q_value,V09,Z2,M2025,REF,39,68,0.582089552239,30,25,0.543478260870,22.366099472383,35,18,0.473684210526,26.986912219039,4.620812746656,10.641542105493
Q_value,V09,Z2,M2025,REF,40,68,0.597014925373,31,26,0.565217391304,64.001370286205,35,18,0.473684210526,26.986912219039,37.014458067166,10.641542105493
Q_value,V09,Z2,M2025,REF,41,68,0.611940298507,32,27,0.586956521739,12.571413187197,35,18,0.473684210526,26.986912219039,14.415499031842,10.641542105493
Q_value,V09,Z2,M2025,REF,42,68,0.626865671642,33,28,0.608695652174,33.074799423666,35,18,0.473684210526,26.986912219039,6.087887204627,10.641542105493
Q_value,V09,Z2,M2025,REF,43,68,0.641791044776,34,29,0.630434782609,11.225533668025,35,18,0.473684210526,26.986912219039,15.761378551014,10.641542105493
Q_value,V09,Z2,M2025,REF,44,68,0.656716417910,35,30,0.652173913043,36.122972598668,35,18,0.473684210526,26.986912219039,9.136060379629,10.641542105493
Q_value,V09,Z2,M2025,REF,45,68,0.671641791045,36,31,0.673913043478,8.189830460835,37,19,0.500000000000,9.585675098766,1.395844637931,10.641542105493
Q_value,V09,Z2,M2025,REF,46,68,0.686567164179,37,32,0.695652173913,5.691883230628,39,20,0.526315789474,5.941327188311,0.249443957683,10.641542105493
Q_value,V09,Z2,M2025,REF,47,68,0.701492537313,38,33,0.717391304348,4.602789261382,39,20,0.526315789474,5.941327188311,1.338537926930,10.641542105493
Q_value,V09,Z2,M2025,REF,48,68,0.716417910448,41,34,0.739130434783,6.973969744279,39,20,0.526315789474,5.941327188311,1.032642555967,10.641542105493
Q_value,V09,Z2,M2025,REF,49,68,0.731343283582,42,35,0.760869565217,7.415338660177,42,21,0.552631578947,8.348689105773,0.933350445596,10.641542105493
Q_value,V09,Z2,M2025,REF,50,68,0.746268656716,48,36,0.782608695652,4.740277864160,43,22,0.578947368421,5.146683823933,0.406405959773,10.641542105493
Q_value,V09,Z2,M2025,REF,51,68,0.761194029851,49,37,0.804347826087,31.237802591124,51,23,0.605263157895,26.431030266251,4.806772324873,10.641542105493
Q_value,V09,Z2,M2025,REF,52,68,0.776119402985,50,38,0.826086956522,26.584541568414,51,23,0.605263157895,26.431030266251,0.153511302163,10.641542105493
Q_value,V09,Z2,M2025,REF,53,68,0.791044776119,51,39,0.847826086957,73.129958978402,52,24,0.631578947368,39.801904387845,33.328054590557,10.641542105493
Q_value,V09,Z2,M2025,REF,54,68,0.805970149254,52,40,0.869565217391,46.303070960336,53,25,0.657894736842,46.461546589842,0.158475629506,10.641542105493
Q_value,V09,Z2,M2025,REF,55,68,0.820895522388,53,41,0.891304347826,91.021082411492,54,26,0.684210526316,69.564339448789,21.456742962703,10.641542105493
Q_value,V09,Z2,M2025,REF,56,68,0.835820895522,54,42,0.913043478261,36.067643376145,55,27,0.710526315789,34.109609218445,1.958034157701,10.641542105493
Q_value,V09,Z2,M2025,REF,57,68,0.850746268657,55,43,0.934782608696,78.697299626535,56,28,0.736842105263,61.103268963363,17.594030663171,10.641542105493
Q_value,V09,Z2,M2025,REF,58,68,0.865671641791,56,44,0.956521739130,70.737945322118,57,29,0.763157894737,62.579399177282,8.158546144836,10.641542105493
Q_value,V09,Z2,M2025,REF,59,68,0.880597014925,56,44,0.956521739130,70.737945322118,58,30,0.789473684211,51.138264901918,19.599680420200,10.641542105493
Q_value,V09,Z2,M2025,REF,60,68,0.895522388060,56,44,0.956521739130,70.737945322118,59,31,0.815789473684,51.113723031763,19.624222290354,10.641542105493
Q_value,V09,Z2,M2025,REF,61,68,0.910447761194,56,44,0.956521739130,70.737945322118,60,32,0.842105263158,45.644954986396,25.092990335722,10.641542105493
Q_value,V09,Z2,M2025,REF,62,68,0.925373134328,57,45,0.978260869565,15.617397533671,61,33,0.868421052632,34.370093619880,18.752696086209,10.641542105493
Q_value,V09,Z2,M2025,REF,63,68,0.940298507463,57,45,0.978260869565,15.617397533671,62,34,0.894736842105,23.458989213288,7.841591679617,10.641542105493
Q_value,V09,Z2,M2025,REF,64,68,0.955223880597,57,45,0.978260869565,15.617397533671,63,35,0.921052631579,21.043086033552,5.425688499881,10.641542105493
Q_value,V09,Z2,M2025,REF,65,68,0.970149253731,57,45,0.978260869565,15.617397533671,64,36,0.947368421053,20.661122279024,5.043724745354,10.641542105493
Q_value,V09,Z2,M2025,REF,66,68,0.985074626866,57,45,0.978260869565,15.617397533671,65,37,0.973684210526,24.125719100496,8.508321566825,10.641542105493
Q_value,V09,Z2,M2025,REF,67,68,1.000000000000,58,46,1.000000000000,9.099171592416,66,38,1.000000000000,11.498340609722,2.399169017306,10.641542105493
SFR,V10,Z1,M2025,REF,0,81,0.000000000000,0,0,0.000000000000,27.447391354473,0,0,0.000000000000,30.891527900075,3.444136545602,4.890409620762
SFR,V10,Z1,M2025,REF,1,81,0.012500000000,0,0,0.000000000000,27.447391354473,1,1,0.022727272727,37.540774863532,10.093383509059,4.890409620762
SFR,V10,Z1,M2025,REF,2,81,0.025000000000,0,0,0.000000000000,27.447391354473,2,2,0.045454545455,30.610391494170,3.163000139696,4.890409620762
SFR,V10,Z1,M2025,REF,3,81,0.037500000000,1,1,0.016666666667,6.104176381052,3,3,0.068181818182,8.575483906471,2.471307525419,4.890409620762
SFR,V10,Z1,M2025,REF,4,81,0.050000000000,1,1,0.016666666667,6.104176381052,4,4,0.090909090909,2.608352561096,3.495823819957,4.890409620762
SFR,V10,Z1,M2025,REF,5,81,0.062500000000,1,1,0.016666666667,6.104176381052,5,5,0.113636363636,2.619111418377,3.485064962675,4.890409620762
SFR,V10,Z1,M2025,REF,6,81,0.075000000000,1,1,0.016666666667,6.104176381052,6,6,0.136363636364,4.206574956889,1.897601424163,4.890409620762
SFR,V10,Z1,M2025,REF,7,81,0.087500000000,1,1,0.016666666667,6.104176381052,7,7,0.159090909091,5.339101464906,0.765074916146,4.890409620762
SFR,V10,Z1,M2025,REF,8,81,0.100000000000,1,1,0.016666666667,6.104176381052,8,8,0.181818181818,4.061153151919,2.043023229133,4.890409620762
SFR,V10,Z1,M2025,REF,9,81,0.112500000000,2,2,0.033333333333,7.257668029280,9,9,0.204545454545,11.924128998228,4.666460968948,4.890409620762
SFR,V10,Z1,M2025,REF,10,81,0.125000000000,2,2,0.033333333333,7.257668029280,10,10,0.227272727273,9.173400616483,1.915732587203,4.890409620762
SFR,V10,Z1,M2025,REF,11,81,0.137500000000,2,2,0.033333333333,7.257668029280,11,11,0.250000000000,6.022420865283,1.235247163996,4.890409620762
SFR,V10,Z1,M2025,REF,12,81,0.150000000000,2,2,0.033333333333,7.257668029280,12,12,0.272727272727,5.991044738415,1.266623290865,4.890409620762
SFR,V10,Z1,M2025,REF,13,81,0.162500000000,3,3,0.050000000000,7.717222397772,13,13,0.295454545455,13.026669234068,5.309446836295,4.890409620762
SFR,V10,Z1,M2025,REF,14,81,0.175000000000,4,4,0.066666666667,5.088392840397,14,14,0.318181818182,6.129561712634,1.041168872237,4.890409620762
SFR,V10,Z1,M2025,REF,15,81,0.187500000000,4,4,0.066666666667,5.088392840397,15,15,0.340909090909,3.693800768770,1.394592071627,4.890409620762
SFR,V10,Z1,M2025,REF,16,81,0.200000000000,4,4,0.066666666667,5.088392840397,16,16,0.363636363636,8.428629137120,3.340236296723,4.890409620762
SFR,V10,Z1,M2025,REF,17,81,0.212500000000,4,4,0.066666666667,5.088392840397,17,17,0.386363636364,4.983746815939,0.104646024458,4.890409620762
SFR,V10,Z1,M2025,REF,18,81,0.225000000000,4,4,0.066666666667,5.088392840397,18,18,0.409090909091,5.084488567573,0.003904272824,4.890409620762
SFR,V10,Z1,M2025,REF,19,81,0.237500000000,4,4,0.066666666667,5.088392840397,19,19,0.431818181818,3.554792351345,1.533600489053,4.890409620762
SFR,V10,Z1,M2025,REF,20,81,0.250000000000,5,5,0.083333333333,9.089836816578,20,20,0.454545454545,10.444337812906,1.354500996328,4.890409620762
SFR,V10,Z1,M2025,REF,21,81,0.262500000000,5,5,0.083333333333,9.089836816578,21,21,0.477272727273,9.277698394769,0.187861578192,4.890409620762
SFR,V10,Z1,M2025,REF,22,81,0.275000000000,5,5,0.083333333333,9.089836816578,22,22,0.500000000000,8.785715037552,0.304121779026,4.890409620762
SFR,V10,Z1,M2025,REF,23,81,0.287500000000,5,5,0.083333333333,9.089836816578,23,23,0.522727272727,5.028928070056,4.060908746522,4.890409620762
SFR,V10,Z1,M2025,REF,24,81,0.300000000000,6,6,0.100000000000,12.503842471894,24,24,0.545454545455,13.545306639104,1.041464167210,4.890409620762
SFR,V10,Z1,M2025,REF,25,81,0.312500000000,7,7,0.116666666667,15.171999406206,25,25,0.568181818182,12.693666451867,2.478332954339,4.890409620762
SFR,V10,Z1,M2025,REF,26,81,0.325000000000,8,8,0.133333333333,18.201637423284,26,26,0.590909090909,12.809827531575,5.391809891710,4.890409620762
SFR,V10,Z1,M2025,REF,27,81,0.337500000000,9,9,0.150000000000,7.090400977046,27,27,0.613636363636,9.287087401479,2.196686424433,4.890409620762
SFR,V10,Z1,M2025,REF,28,81,0.350000000000,10,10,0.166666666667,15.315925649650,28,28,0.636363636364,14.793827657239,0.522097992412,4.890409620762
SFR,V10,Z1,M2025,REF,29,81,0.362500000000,10,10,0.166666666667,15.315925649650,29,29,0.659090909091,13.339060451006,1.976865198644,4.890409620762
SFR,V10,Z1,M2025,REF,30,81,0.375000000000,11,11,0.183333333333,19.864482342887,30,30,0.681818181818,18.829436331327,1.035046011559,4.890409620762
SFR,V10,Z1,M2025,REF,31,81,0.387500000000,12,12,0.200000000000,25.376052344683,30,30,0.681818181818,18.829436331327,6.546616013356,4.890409620762
SFR,V10,Z1,M2025,REF,32,81,0.400000000000,13,13,0.216666666667,18.865416022571,30,30,0.681818181818,18.829436331327,0.035979691244,4.890409620762
SFR,V10,Z1,M2025,REF,33,81,0.412500000000,14,14,0.233333333333,13.426831882901,30,30,0.681818181818,18.829436331327,5.402604448426,4.890409620762
SFR,V10,Z1,M2025,REF,34,81,0.425000000000,15,15,0.250000000000,19.921966701777,30,30,0.681818181818,18.829436331327,1.092530370449,4.890409620762
SFR,V10,Z1,M2025,REF,35,81,0.437500000000,16,16,0.266666666667,17.505453148093,30,30,0.681818181818,18.829436331327,1.323983183234,4.890409620762
SFR,V10,Z1,M2025,REF,36,81,0.450000000000,17,17,0.283333333333,21.256713670566,30,30,0.681818181818,18.829436331327,2.427277339239,4.890409620762
SFR,V10,Z1,M2025,REF,37,81,0.462500000000,18,18,0.300000000000,17.140365111539,30,30,0.681818181818,18.829436331327,1.689071219788,4.890409620762
SFR,V10,Z1,M2025,REF,38,81,0.475000000000,19,19,0.316666666667,23.273312703667,30,30,0.681818181818,18.829436331327,4.443876372339,4.890409620762
SFR,V10,Z1,M2025,REF,39,81,0.487500000000,20,20,0.333333333333,20.042312180220,30,30,0.681818181818,18.829436331327,1.212875848893,4.890409620762
SFR,V10,Z1,M2025,REF,40,81,0.500000000000,21,21,0.350000000000,15.181246930422,30,30,0.681818181818,18.829436331327,3.648189400905,4.890409620762
SFR,V10,Z1,M2025,REF,41,81,0.512500000000,22,22,0.366666666667,21.948910366429,30,30,0.681818181818,18.829436331327,3.119474035102,4.890409620762
SFR,V10,Z1,M2025,REF,42,81,0.525000000000,23,23,0.383333333333,16.990350651854,30,30,0.681818181818,18.829436331327,1.839085679473,4.890409620762
SFR,V10,Z1,M2025,REF,43,81,0.537500000000,24,24,0.400000000000,13.136850996573,30,30,0.681818181818,18.829436331327,5.692585334754,4.890409620762
SFR,V10,Z1,M2025,REF,44,81,0.550000000000,25,25,0.416666666667,25.402761559992,30,30,0.681818181818,18.829436331327,6.573325228664,4.890409620762
SFR,V10,Z1,M2025,REF,45,81,0.562500000000,26,26,0.433333333333,17.884583064766,30,30,0.681818181818,18.829436331327,0.944853266561,4.890409620762
SFR,V10,Z1,M2025,REF,46,81,0.575000000000,27,27,0.450000000000,15.812707181010,30,30,0.681818181818,18.829436331327,3.016729150317,4.890409620762
SFR,V10,Z1,M2025,REF,47,81,0.587500000000,28,28,0.466666666667,16.584392472260,30,30,0.681818181818,18.829436331327,2.245043859067,4.890409620762
SFR,V10,Z1,M2025,REF,48,81,0.600000000000,29,29,0.483333333333,24.083574632173,30,30,0.681818181818,18.829436331327,5.254138300846,4.890409620762
SFR,V10,Z1,M2025,REF,49,81,0.612500000000,30,30,0.500000000000,21.558652344305,30,30,0.681818181818,18.829436331327,2.729216012977,4.890409620762
SFR,V10,Z1,M2025,REF,50,81,0.625000000000,31,31,0.516666666667,15.901996317359,30,30,0.681818181818,18.829436331327,2.927440013968,4.890409620762
SFR,V10,Z1,M2025,REF,51,81,0.637500000000,32,32,0.533333333333,22.099005446027,30,30,0.681818181818,18.829436331327,3.269569114699,4.890409620762
SFR,V10,Z1,M2025,REF,52,81,0.650000000000,33,33,0.550000000000,20.518662009335,30,30,0.681818181818,18.829436331327,1.689225678007,4.890409620762
SFR,V10,Z1,M2025,REF,53,81,0.662500000000,34,34,0.566666666667,23.768366875636,30,30,0.681818181818,18.829436331327,4.938930544309,4.890409620762
SFR,V10,Z1,M2025,REF,54,81,0.675000000000,35,35,0.583333333333,17.994766100830,30,30,0.681818181818,18.829436331327,0.834670230498,4.890409620762
SFR,V10,Z1,M2025,REF,55,81,0.687500000000,36,36,0.600000000000,14.272820943267,31,31,0.704545454545,12.299619822821,1.973201120446,4.890409620762
SFR,V10,Z1,M2025,REF,56,81,0.700000000000,37,37,0.616666666667,10.151540881743,32,32,0.727272727273,11.072251354083,0.920710472340,4.890409620762
SFR,V10,Z1,M2025,REF,57,81,0.712500000000,38,38,0.633333333333,7.496863617742,33,33,0.750000000000,9.506852699741,2.009989082000,4.890409620762
SFR,V10,Z1,M2025,REF,58,81,0.725000000000,39,39,0.650000000000,8.877685585740,33,33,0.750000000000,9.506852699741,0.629167114001,4.890409620762
SFR,V10,Z1,M2025,REF,59,81,0.737500000000,40,40,0.666666666667,9.130678798129,33,33,0.750000000000,9.506852699741,0.376173901612,4.890409620762
SFR,V10,Z1,M2025,REF,60,81,0.750000000000,41,41,0.683333333333,9.958936706168,33,33,0.750000000000,9.506852699741,0.452084006427,4.890409620762
SFR,V10,Z1,M2025,REF,61,81,0.762500000000,42,42,0.700000000000,6.234493865598,33,33,0.750000000000,9.506852699741,3.272358834143,4.890409620762
SFR,V10,Z1,M2025,REF,62,81,0.775000000000,43,43,0.716666666667,2.662732453651,33,33,0.750000000000,9.506852699741,6.844120246090,4.890409620762
SFR,V10,Z1,M2025,REF,63,81,0.787500000000,44,44,0.733333333333,2.153140903040,33,33,0.750000000000,9.506852699741,7.353711796701,4.890409620762
SFR,V10,Z1,M2025,REF,64,81,0.800000000000,45,45,0.750000000000,21.855221001230,33,33,0.750000000000,9.506852699741,12.348368301489,4.890409620762
SFR,V10,Z1,M2025,REF,65,81,0.812500000000,46,46,0.766666666667,8.123955099490,33,33,0.750000000000,9.506852699741,1.382897600251,4.890409620762
SFR,V10,Z1,M2025,REF,66,81,0.825000000000,47,47,0.783333333333,7.290868842436,33,33,0.750000000000,9.506852699741,2.215983857305,4.890409620762
SFR,V10,Z1,M2025,REF,67,81,0.837500000000,48,48,0.800000000000,10.975009981498,33,33,0.750000000000,9.506852699741,1.468157281757,4.890409620762
SFR,V10,Z1,M2025,REF,68,81,0.850000000000,49,49,0.816666666667,18.729863180352,34,34,0.772727272727,19.136786815301,0.406923634949,4.890409620762
SFR,V10,Z1,M2025,REF,69,81,0.862500000000,50,50,0.833333333333,19.751115600517,34,34,0.772727272727,19.136786815301,0.614328785216,4.890409620762
SFR,V10,Z1,M2025,REF,70,81,0.875000000000,51,51,0.850000000000,18.061279020804,34,34,0.772727272727,19.136786815301,1.075507794497,4.890409620762
SFR,V10,Z1,M2025,REF,71,81,0.887500000000,52,52,0.866666666667,18.008989514847,35,35,0.795454545455,22.215399485242,4.206409970395,4.890409620762
SFR,V10,Z1,M2025,REF,72,81,0.900000000000,53,53,0.883333333333,28.696834085206,36,36,0.818181818182,45.846355786475,17.149521701269,4.890409620762
SFR,V10,Z1,M2025,REF,73,81,0.912500000000,53,53,0.883333333333,28.696834085206,37,37,0.840909090909,46.601962640602,17.905128555396,4.890409620762
SFR,V10,Z1,M2025,REF,74,81,0.925000000000,54,54,0.900000000000,21.216549452171,38,38,0.863636363636,41.858835346657,20.642285894486,4.890409620762
SFR,V10,Z1,M2025,REF,75,81,0.937500000000,55,55,0.916666666667,19.431646281337,39,39,0.886363636364,35.385619119234,15.953972837897,4.890409620762
SFR,V10,Z1,M2025,REF,76,81,0.950000000000,56,56,0.933333333333,17.099968832302,40,40,0.909090909091,41.359799386902,24.259830554600,4.890409620762
SFR,V10,Z1,M2025,REF,77,81,0.962500000000,57,57,0.950000000000,15.684069086103,41,41,0.931818181818,41.164035223930,25.479966137827,4.890409620762
SFR,V10,Z1,M2025,REF,78,81,0.975000000000,58,58,0.966666666667,13.403921276267,42,42,0.954545454545,40.156861528905,26.752940252638,4.890409620762
SFR,V10,Z1,M2025,REF,79,81,0.987500000000,59,59,0.983333333333,9.309132877968,43,43,0.977272727273,34.855445425113,25.546312547145,4.890409620762
SFR,V10,Z1,M2025,REF,80,81,1.000000000000,60,60,1.000000000000,7.054773464338,44,44,1.000000000000,35.820839441610,28.766065977272,4.890409620762
SFR,V10,Z2,M2025,REF,0,79,0.000000000000,0,0,0.000000000000,27.447391354473,0,0,0.000000000000,21.396564619738,6.050826734735,4.272829701873
SFR,V10,Z2,M2025,REF,1,79,0.012820512821,0,0,0.000000000000,27.447391354473,1,1,0.022222222222,22.035005700132,5.412385654342,4.272829701873
SFR,V10,Z2,M2025,REF,2,79,0.025641025641,0,0,0.000000000000,27.447391354473,2,2,0.044444444444,20.372234023077,7.075157331396,4.272829701873
SFR,V10,Z2,M2025,REF,3,79,0.038461538462,1,1,0.016666666667,6.104176381052,3,3,0.066666666667,4.800611224453,1.303565156599,4.272829701873
SFR,V10,Z2,M2025,REF,4,79,0.051282051282,1,1,0.016666666667,6.104176381052,4,4,0.088888888889,5.088306749715,1.015869631337,4.272829701873
SFR,V10,Z2,M2025,REF,5,79,0.064102564103,2,2,0.033333333333,7.257668029280,5,5,0.111111111111,6.577993257959,0.679674771320,4.272829701873
SFR,V10,Z2,M2025,REF,6,79,0.076923076923,3,3,0.050000000000,7.717222397772,5,5,0.111111111111,6.577993257959,1.139229139813,4.272829701873
SFR,V10,Z2,M2025,REF,7,79,0.089743589744,4,4,0.066666666667,5.088392840397,5,5,0.111111111111,6.577993257959,1.489600417562,4.272829701873
SFR,V10,Z2,M2025,REF,8,79,0.102564102564,5,5,0.083333333333,9.089836816578,5,5,0.111111111111,6.577993257959,2.511843558619,4.272829701873
SFR,V10,Z2,M2025,REF,9,79,0.115384615385,6,6,0.100000000000,12.503842471894,6,6,0.133333333333,12.128842916650,0.374999555244,4.272829701873
SFR,V10,Z2,M2025,REF,10,79,0.128205128205,6,6,0.100000000000,12.503842471894,7,7,0.155555555556,13.695327554001,1.191485082107,4.272829701873
SFR,V10,Z2,M2025,REF,11,79,0.141025641026,6,6,0.100000000000,12.503842471894,8,8,0.177777777778,7.868816774931,4.635025696963,4.272829701873
SFR,V10,Z2,M2025,REF,12,79,0.153846153846,7,7,0.116666666667,15.171999406206,9,9,0.200000000000,9.575090857048,5.596908549158,4.272829701873
SFR,V10,Z2,M2025,REF,13,79,0.166666666667,8,8,0.133333333333,18.201637423284,10,10,0.222222222222,26.959948528714,8.758311105430,4.272829701873
SFR,V10,Z2,M2025,REF,14,79,0.179487179487,8,8,0.133333333333,18.201637423284,11,11,0.244444444444,14.737142286260,3.464495137025,4.272829701873
SFR,V10,Z2,M2025,REF,15,79,0.192307692308,9,9,0.150000000000,7.090400977046,12,12,0.266666666667,5.628416843761,1.461984133284,4.272829701873
SFR,V10,Z2,M2025,REF,16,79,0.205128205128,9,9,0.150000000000,7.090400977046,13,13,0.288888888889,6.620416913769,0.469984063277,4.272829701873
SFR,V10,Z2,M2025,REF,17,79,0.217948717949,9,9,0.150000000000,7.090400977046,14,14,0.311111111111,20.458458192226,13.368057215181,4.272829701873
SFR,V10,Z2,M2025,REF,18,79,0.230769230769,9,9,0.150000000000,7.090400977046,15,15,0.333333333333,10.635475065863,3.545074088818,4.272829701873
SFR,V10,Z2,M2025,REF,19,79,0.243589743590,9,9,0.150000000000,7.090400977046,16,16,0.355555555556,4.760902427114,2.329498549932,4.272829701873
SFR,V10,Z2,M2025,REF,20,79,0.256410256410,9,9,0.150000000000,7.090400977046,17,17,0.377777777778,6.451376407809,0.639024569237,4.272829701873
SFR,V10,Z2,M2025,REF,21,79,0.269230769231,9,9,0.150000000000,7.090400977046,18,18,0.400000000000,18.468817231201,11.378416254155,4.272829701873
SFR,V10,Z2,M2025,REF,22,79,0.282051282051,9,9,0.150000000000,7.090400977046,19,19,0.422222222222,8.749795987713,1.659395010667,4.272829701873
SFR,V10,Z2,M2025,REF,23,79,0.294871794872,9,9,0.150000000000,7.090400977046,20,20,0.444444444444,4.525216431673,2.565184545373,4.272829701873
SFR,V10,Z2,M2025,REF,24,79,0.307692307692,9,9,0.150000000000,7.090400977046,21,21,0.466666666667,6.972990773133,0.117410203912,4.272829701873
SFR,V10,Z2,M2025,REF,25,79,0.320512820513,10,10,0.166666666667,15.315925649650,22,22,0.488888888889,19.365449726385,4.049524076735,4.272829701873
SFR,V10,Z2,M2025,REF,26,79,0.333333333333,11,11,0.183333333333,19.864482342887,22,22,0.488888888889,19.365449726385,0.499032616502,4.272829701873
SFR,V10,Z2,M2025,REF,27,79,0.346153846154,12,12,0.200000000000,25.376052344683,22,22,0.488888888889,19.365449726385,6.010602618299,4.272829701873
SFR,V10,Z2,M2025,REF,28,79,0.358974358974,13,13,0.216666666667,18.865416022571,22,22,0.488888888889,19.365449726385,0.500033703814,4.272829701873
SFR,V10,Z2,M2025,REF,29,79,0.371794871795,14,14,0.233333333333,13.426831882901,23,23,0.511111111111,13.383037849189,0.043794033712,4.272829701873
SFR,V10,Z2,M2025,REF,30,79,0.384615384615,14,14,0.233333333333,13.426831882901,24,24,0.533333333333,8.824092976015,4.602738906887,4.272829701873
SFR,V10,Z2,M2025,REF,31,79,0.397435897436,14,14,0.233333333333,13.426831882901,25,25,0.555555555556,9.588728876371,3.838103006530,4.272829701873
SFR,V10,Z2,M2025,REF,32,79,0.410256410256,15,15,0.250000000000,19.921966701777,26,26,0.577777777778,18.874145681559,1.047821020218,4.272829701873
SFR,V10,Z2,M2025,REF,33,79,0.423076923077,16,16,0.266666666667,17.505453148093,26,26,0.577777777778,18.874145681559,1.368692533466,4.272829701873
SFR,V10,Z2,M2025,REF,34,79,0.435897435897,17,17,0.283333333333,21.256713670566,26,26,0.577777777778,18.874145681559,2.382567989007,4.272829701873
SFR,V10,Z2,M2025,REF,35,79,0.448717948718,18,18,0.300000000000,17.140365111539,26,26,0.577777777778,18.874145681559,1.733780570020,4.272829701873
SFR,V10,Z2,M2025,REF,36,79,0.461538461538,19,19,0.316666666667,23.273312703667,26,26,0.577777777778,18.874145681559,4.399167022108,4.272829701873
SFR,V10,Z2,M2025,REF,37,79,0.474358974359,20,20,0.333333333333,20.042312180220,26,26,0.577777777778,18.874145681559,1.168166498661,4.272829701873
SFR,V10,Z2,M2025,REF,38,79,0.487179487179,21,21,0.350000000000,15.181246930422,27,27,0.600000000000,10.332733527112,4.848513403310,4.272829701873
SFR,V10,Z2,M2025,REF,39,79,0.500000000000,22,22,0.366666666667,21.948910366429,28,28,0.622222222222,17.388043440811,4.560866925618,4.272829701873
SFR,V10,Z2,M2025,REF,40,79,0.512820512821,23,23,0.383333333333,16.990350651854,28,28,0.622222222222,17.388043440811,0.397692788957,4.272829701873
SFR,V10,Z2,M2025,REF,41,79,0.525641025641,24,24,0.400000000000,13.136850996573,29,29,0.644444444444,13.049108555990,0.087742440584,4.272829701873
SFR,V10,Z2,M2025,REF,42,79,0.538461538462,25,25,0.416666666667,25.402761559992,30,30,0.666666666667,17.848142563505,7.554618996486,4.272829701873
SFR,V10,Z2,M2025,REF,43,79,0.551282051282,26,26,0.433333333333,17.884583064766,30,30,0.666666666667,17.848142563505,0.036440501261,4.272829701873
SFR,V10,Z2,M2025,REF,44,79,0.564102564103,27,27,0.450000000000,15.812707181010,31,31,0.688888888889,11.414951788700,4.397755392310,4.272829701873
SFR,V10,Z2,M2025,REF,45,79,0.576923076923,28,28,0.466666666667,16.584392472260,32,32,0.711111111111,11.374122950353,5.210269521907,4.272829701873
SFR,V10,Z2,M2025,REF,46,79,0.589743589744,29,29,0.483333333333,24.083574632173,33,33,0.733333333333,19.867104059079,4.216470573095,4.272829701873
SFR,V10,Z2,M2025,REF,47,79,0.602564102564,30,30,0.500000000000,21.558652344305,33,33,0.733333333333,19.867104059079,1.691548285226,4.272829701873
SFR,V10,Z2,M2025,REF,48,79,0.615384615385,31,31,0.516666666667,15.901996317359,33,33,0.733333333333,19.867104059079,3.965107741720,4.272829701873
SFR,V10,Z2,M2025,REF,49,79,0.628205128205,32,32,0.533333333333,22.099005446027,33,33,0.733333333333,19.867104059079,2.231901386948,4.272829701873
SFR,V10,Z2,M2025,REF,50,79,0.641025641026,33,33,0.550000000000,20.518662009335,33,33,0.733333333333,19.867104059079,0.651557950256,4.272829701873
SFR,V10,Z2,M2025,REF,51,79,0.653846153846,34,34,0.566666666667,23.768366875636,33,33,0.733333333333,19.867104059079,3.901262816558,4.272829701873
SFR,V10,Z2,M2025,REF,52,79,0.666666666667,35,35,0.583333333333,17.994766100830,33,33,0.733333333333,19.867104059079,1.872337958249,4.272829701873
SFR,V10,Z2,M2025,REF,53,79,0.679487179487,36,36,0.600000000000,14.272820943267,34,34,0.755555555556,14.618835621926,0.346014678659,4.272829701873
SFR,V10,Z2,M2025,REF,54,79,0.692307692308,36,36,0.600000000000,14.272820943267,35,35,0.777777777778,14.435793714767,0.162972771499,4.272829701873
SFR,V10,Z2,M2025,REF,55,79,0.705128205128,37,37,0.616666666667,10.151540881743,36,36,0.800000000000,12.656798429138,2.505257547395,4.272829701873
SFR,V10,Z2,M2025,REF,56,79,0.717948717949,38,38,0.633333333333,7.496863617742,37,37,0.822222222222,7.555699574925,0.058835957184,4.272829701873
SFR,V10,Z2,M2025,REF,57,79,0.730769230769,39,39,0.650000000000,8.877685585740,37,37,0.822222222222,7.555699574925,1.321986010815,4.272829701873
SFR,V10,Z2,M2025,REF,58,79,0.743589743590,40,40,0.666666666667,9.130678798129,37,37,0.822222222222,7.555699574925,1.574979223204,4.272829701873
SFR,V10,Z2,M2025,REF,59,79,0.756410256410,41,41,0.683333333333,9.958936706168,37,37,0.822222222222,7.555699574925,2.403237131243,4.272829701873
SFR,V10,Z2,M2025,REF,60,79,0.769230769231,42,42,0.700000000000,6.234493865598,38,38,0.844444444444,6.584569681553,0.350075815955,4.272829701873
SFR,V10,Z2,M2025,REF,61,79,0.782051282051,43,43,0.716666666667,2.662732453651,38,38,0.844444444444,6.584569681553,3.921837227902,4.272829701873
SFR,V10,Z2,M2025,REF,62,79,0.794871794872,44,44,0.733333333333,2.153140903040,38,38,0.844444444444,6.584569681553,4.431428778513,4.272829701873
SFR,V10,Z2,M2025,REF,63,79,0.807692307692,45,45,0.750000000000,21.855221001230,38,38,0.844444444444,6.584569681553,15.270651319677,4.272829701873
SFR,V10,Z2,M2025,REF,64,79,0.820512820513,46,46,0.766666666667,8.123955099490,38,38,0.844444444444,6.584569681553,1.539385417937,4.272829701873
SFR,V10,Z2,M2025,REF,65,79,0.833333333333,47,47,0.783333333333,7.290868842436,38,38,0.844444444444,6.584569681553,0.706299160883,4.272829701873
SFR,V10,Z2,M2025,REF,66,79,0.846153846154,48,48,0.800000000000,10.975009981498,39,39,0.866666666667,13.192693229896,2.217683248397,4.272829701873
SFR,V10,Z2,M2025,REF,67,79,0.858974358974,49,49,0.816666666667,18.729863180352,39,39,0.866666666667,13.192693229896,5.537169950456,4.272829701873
SFR,V10,Z2,M2025,REF,68,79,0.871794871795,50,50,0.833333333333,19.751115600517,39,39,0.866666666667,13.192693229896,6.558422370621,4.272829701873
SFR,V10,Z2,M2025,REF,69,79,0.884615384615,51,51,0.850000000000,18.061279020804,39,39,0.866666666667,13.192693229896,4.868585790908,4.272829701873
SFR,V10,Z2,M2025,REF,70,79,0.897435897436,52,52,0.866666666667,18.008989514847,39,39,0.866666666667,13.192693229896,4.816296284951,4.272829701873
SFR,V10,Z2,M2025,REF,71,79,0.910256410256,53,53,0.883333333333,28.696834085206,40,40,0.888888888889,27.289590230614,1.407243854592,4.272829701873
SFR,V10,Z2,M2025,REF,72,79,0.923076923077,54,54,0.900000000000,21.216549452171,40,40,0.888888888889,27.289590230614,6.073040778443,4.272829701873
SFR,V10,Z2,M2025,REF,73,79,0.935897435897,55,55,0.916666666667,19.431646281337,40,40,0.888888888889,27.289590230614,7.857943949277,4.272829701873
SFR,V10,Z2,M2025,REF,74,79,0.948717948718,56,56,0.933333333333,17.099968832302,41,41,0.911111111111,29.525191178651,12.425222346349,4.272829701873
SFR,V10,Z2,M2025,REF,75,79,0.961538461538,57,57,0.950000000000,15.684069086103,42,42,0.933333333333,31.191845560598,15.507776474494,4.272829701873
SFR,V10,Z2,M2025,REF,76,79,0.974358974359,58,58,0.966666666667,13.403921276267,43,43,0.955555555556,31.786440434549,18.382519158282,4.272829701873
SFR,V10,Z2,M2025,REF,77,79,0.987179487179,59,59,0.983333333333,9.309132877968,44,44,0.977777777778,29.825823754585,20.516690876617,4.272829701873
SFR,V10,Z2,M2025,REF,78,79,1.000000000000,60,60,1.000000000000,7.054773464338,45,45,1.000000000000,38.345246354133,31.290472889796,4.272829701873
Q_value,V10,Z1,M2025,REF,0,50,0.000000000000,0,0,0.000000000000,3.447937054269,1,0,0.000000000000,6.061774162596,2.613837108327,14.456970989951
Q_value,V10,Z1,M2025,REF,1,50,0.020408163265,0,0,0.000000000000,3.447937054269,2,1,0.071428571429,0.897275734863,2.550661319406,14.456970989951
Q_value,V10,Z1,M2025,REF,2,50,0.040816326531,0,0,0.000000000000,3.447937054269,9,2,0.142857142857,4.626791864417,1.178854810147,14.456970989951
Q_value,V10,Z1,M2025,REF,3,50,0.061224489796,5,1,0.021739130435,7.455585348620,13,3,0.214285714286,6.643362611374,0.812222737246,14.456970989951
Q_value,V10,Z1,M2025,REF,4,50,0.081632653061,6,2,0.043478260870,16.992255148086,34,4,0.285714285714,10.903932270404,6.088322877682,14.456970989951
Q_value,V10,Z1,M2025,REF,5,50,0.102040816327,7,3,0.065217391304,19.801359836563,35,5,0.357142857143,21.034340574104,1.232980737542,14.456970989951
Q_value,V10,Z1,M2025,REF,6,50,0.122448979592,8,4,0.086956521739,27.015376883889,35,5,0.357142857143,21.034340574104,5.981036309784,14.456970989951
Q_value,V10,Z1,M2025,REF,7,50,0.142857142857,10,5,0.108695652174,21.603104881885,35,5,0.357142857143,21.034340574104,0.568764307781,14.456970989951
Q_value,V10,Z1,M2025,REF,8,50,0.163265306122,11,6,0.130434782609,86.322322079012,36,6,0.428571428571,30.451157411425,55.871164667587,14.456970989951
Q_value,V10,Z1,M2025,REF,9,50,0.183673469388,12,7,0.152173913043,81.656393483963,36,6,0.428571428571,30.451157411425,51.205236072538,14.456970989951
Q_value,V10,Z1,M2025,REF,10,50,0.204081632653,13,8,0.173913043478,23.709688313149,36,6,0.428571428571,30.451157411425,6.741469098275,14.456970989951
Q_value,V10,Z1,M2025,REF,11,50,0.224489795918,14,9,0.195652173913,21.957404367272,36,6,0.428571428571,30.451157411425,8.493753044153,14.456970989951
Q_value,V10,Z1,M2025,REF,12,50,0.244897959184,15,10,0.217391304348,38.689814008544,37,7,0.500000000000,40.901381057293,2.211567048749,14.456970989951
Q_value,V10,Z1,M2025,REF,13,50,0.265306122449,16,11,0.239130434783,62.103287577067,37,7,0.500000000000,40.901381057293,21.201906519774,14.456970989951
Q_value,V10,Z1,M2025,REF,14,50,0.285714285714,17,12,0.260869565217,61.210006703417,38,8,0.571428571429,37.220042384064,23.989964319353,14.456970989951
Q_value,V10,Z1,M2025,REF,15,50,0.306122448980,18,13,0.282608695652,16.842821272505,39,9,0.642857142857,28.080436952086,11.237615679581,14.456970989951
Q_value,V10,Z1,M2025,REF,16,50,0.326530612245,19,14,0.304347826087,27.901129670225,39,9,0.642857142857,28.080436952086,0.179307281861,14.456970989951
Q_value,V10,Z1,M2025,REF,17,50,0.346938775510,20,15,0.326086956522,25.587494683788,39,9,0.642857142857,28.080436952086,2.492942268299,14.456970989951
Q_value,V10,Z1,M2025,REF,18,50,0.367346938776,21,16,0.347826086957,39.623076202212,40,10,0.714285714286,35.296082661026,4.326993541185,14.456970989951
Q_value,V10,Z1,M2025,REF,19,50,0.387755102041,21,16,0.347826086957,39.623076202212,41,11,0.785714285714,36.092736570910,3.530339631302,14.456970989951
Q_value,V10,Z1,M2025,REF,20,50,0.408163265306,22,17,0.369565217391,40.501518096056,42,12,0.857142857143,38.709360974216,1.792157121840,14.456970989951
Q_value,V10,Z1,M2025,REF,21,50,0.428571428571,23,18,0.391304347826,15.409386217032,43,13,0.928571428571,16.739487435867,1.330101218836,14.456970989951
Q_value,V10,Z1,M2025,REF,22,50,0.448979591837,24,19,0.413043478261,11.716405323250,43,13,0.928571428571,16.739487435867,5.023082112617,14.456970989951
Q_value,V10,Z1,M2025,REF,23,50,0.469387755102,25,20,0.434782608696,22.384333347115,43,13,0.928571428571,16.739487435867,5.644845911247,14.456970989951
Q_value,V10,Z1,M2025,REF,24,50,0.489795918367,26,21,0.456521739130,76.246871403190,43,13,0.928571428571,16.739487435867,59.507383967322,14.456970989951
Q_value,V10,Z1,M2025,REF,25,50,0.510204081633,27,22,0.478260869565,15.199337384337,43,13,0.928571428571,16.739487435867,1.540150051530,14.456970989951
Q_value,V10,Z1,M2025,REF,26,50,0.530612244898,28,23,0.500000000000,10.450255706531,43,13,0.928571428571,16.739487435867,6.289231729337,14.456970989951
Q_value,V10,Z1,M2025,REF,27,50,0.551020408163,29,24,0.521739130435,13.055540223775,43,13,0.928571428571,16.739487435867,3.683947212092,14.456970989951
Q_value,V10,Z1,M2025,REF,28,50,0.571428571429,30,25,0.543478260870,22.366099472383,43,13,0.928571428571,16.739487435867,5.626612036516,14.456970989951
Q_value,V10,Z1,M2025,REF,29,50,0.591836734694,31,26,0.565217391304,64.001370286205,43,13,0.928571428571,16.739487435867,47.261882850337,14.456970989951
Q_value,V10,Z1,M2025,REF,30,50,0.612244897959,32,27,0.586956521739,12.571413187197,43,13,0.928571428571,16.739487435867,4.168074248670,14.456970989951
Q_value,V10,Z1,M2025,REF,31,50,0.632653061224,33,28,0.608695652174,33.074799423666,43,13,0.928571428571,16.739487435867,16.335311987799,14.456970989951
Q_value,V10,Z1,M2025,REF,32,50,0.653061224490,34,29,0.630434782609,11.225533668025,43,13,0.928571428571,16.739487435867,5.513953767842,14.456970989951
Q_value,V10,Z1,M2025,REF,33,50,0.673469387755,35,30,0.652173913043,36.122972598668,43,13,0.928571428571,16.739487435867,19.383485162801,14.456970989951
Q_value,V10,Z1,M2025,REF,34,50,0.693877551020,36,31,0.673913043478,8.189830460835,43,13,0.928571428571,16.739487435867,8.549656975033,14.456970989951
Q_value,V10,Z1,M2025,REF,35,50,0.714285714286,37,32,0.695652173913,5.691883230628,43,13,0.928571428571,16.739487435867,11.047604205239,14.456970989951
Q_value,V10,Z1,M2025,REF,36,50,0.734693877551,38,33,0.717391304348,4.602789261382,43,13,0.928571428571,16.739487435867,12.136698174486,14.456970989951
Q_value,V10,Z1,M2025,REF,37,50,0.755102040816,41,34,0.739130434783,6.973969744279,43,13,0.928571428571,16.739487435867,9.765517691589,14.456970989951
Q_value,V10,Z1,M2025,REF,38,50,0.775510204082,42,35,0.760869565217,7.415338660177,43,13,0.928571428571,16.739487435867,9.324148775691,14.456970989951
Q_value,V10,Z1,M2025,REF,39,50,0.795918367347,48,36,0.782608695652,4.740277864160,43,13,0.928571428571,16.739487435867,11.999209571708,14.456970989951
Q_value,V10,Z1,M2025,REF,40,50,0.816326530612,49,37,0.804347826087,31.237802591124,44,14,1.000000000000,27.869284306801,3.368518284324,14.456970989951
Q_value,V10,Z1,M2025,REF,41,50,0.836734693878,50,38,0.826086956522,26.584541568414,44,14,1.000000000000,27.869284306801,1.284742738387,14.456970989951
Q_value,V10,Z1,M2025,REF,42,50,0.857142857143,51,39,0.847826086957,73.129958978402,44,14,1.000000000000,27.869284306801,45.260674671601,14.456970989951
Q_value,V10,Z1,M2025,REF,43,50,0.877551020408,52,40,0.869565217391,46.303070960336,44,14,1.000000000000,27.869284306801,18.433786653535,14.456970989951
Q_value,V10,Z1,M2025,REF,44,50,0.897959183673,53,41,0.891304347826,91.021082411492,44,14,1.000000000000,27.869284306801,63.151798104692,14.456970989951
Q_value,V10,Z1,M2025,REF,45,50,0.918367346939,54,42,0.913043478261,36.067643376145,44,14,1.000000000000,27.869284306801,8.198359069345,14.456970989951
Q_value,V10,Z1,M2025,REF,46,50,0.938775510204,55,43,0.934782608696,78.697299626535,44,14,1.000000000000,27.869284306801,50.828015319734,14.456970989951
Q_value,V10,Z1,M2025,REF,47,50,0.959183673469,56,44,0.956521739130,70.737945322118,44,14,1.000000000000,27.869284306801,42.868661015317,14.456970989951
Q_value,V10,Z1,M2025,REF,48,50,0.979591836735,57,45,0.978260869565,15.617397533671,44,14,1.000000000000,27.869284306801,12.251886773130,14.456970989951
Q_value,V10,Z1,M2025,REF,49,50,1.000000000000,58,46,1.000000000000,9.099171592416,44,14,1.000000000000,27.869284306801,18.770112714385,14.456970989951
Q_value,V10,Z2,M2025,REF,0,61,0.000000000000,0,0,0.000000000000,3.447937054269,7,0,0.000000000000,4.312302174843,0.864365120573,14.193153652399
Q_value,V10,Z2,M2025,REF,1,61,0.016666666667,5,1,0.021739130435,7.455585348620,8,1,0.047619047619,6.115641678334,1.339943670286,14.193153652399
Q_value,V10,Z2,M2025,REF,2,61,0.033333333333,5,1,0.021739130435,7.455585348620,10,2,0.095238095238,12.943558683790,5.487973335170,14.193153652399
Q_value,V10,Z2,M2025,REF,3,61,0.050000000000,5,1,0.021739130435,7.455585348620,11,3,0.142857142857,12.650751815786,5.195166467166,14.193153652399
Q_value,V10,Z2,M2025,REF,4,61,0.066666666667,5,1,0.021739130435,7.455585348620,14,4,0.190476190476,11.549887449918,4.094302101297,14.193153652399
Q_value,V10,Z2,M2025,REF,5,61,0.083333333333,5,1,0.021739130435,7.455585348620,18,5,0.238095238095,5.371590902738,2.083994445882,14.193153652399
Q_value,V10,Z2,M2025,REF,6,61,0.100000000000,5,1,0.021739130435,7.455585348620,21,6,0.285714285714,6.469047605831,0.986537742789,14.193153652399
Q_value,V10,Z2,M2025,REF,7,61,0.116666666667,5,1,0.021739130435,7.455585348620,22,7,0.333333333333,9.413638155169,1.958052806549,14.193153652399
Q_value,V10,Z2,M2025,REF,8,61,0.133333333333,5,1,0.021739130435,7.455585348620,23,8,0.380952380952,9.177668173225,1.722082824605,14.193153652399
Q_value,V10,Z2,M2025,REF,9,61,0.150000000000,5,1,0.021739130435,7.455585348620,25,9,0.428571428571,7.555489195556,0.099903846936,14.193153652399
Q_value,V10,Z2,M2025,REF,10,61,0.166666666667,5,1,0.021739130435,7.455585348620,26,10,0.476190476190,10.915619770398,3.460034421778,14.193153652399
Q_value,V10,Z2,M2025,REF,11,61,0.183333333333,5,1,0.021739130435,7.455585348620,27,11,0.523809523810,12.984505429558,5.528920080937,14.193153652399
Q_value,V10,Z2,M2025,REF,12,61,0.200000000000,5,1,0.021739130435,7.455585348620,28,12,0.571428571429,9.824513038202,2.368927689582,14.193153652399
Q_value,V10,Z2,M2025,REF,13,61,0.216666666667,5,1,0.021739130435,7.455585348620,29,13,0.619047619048,5.217124929661,2.238460418959,14.193153652399
Q_value,V10,Z2,M2025,REF,14,61,0.233333333333,6,2,0.043478260870,16.992255148086,30,14,0.666666666667,14.486736315485,2.505518832601,14.193153652399
Q_value,V10,Z2,M2025,REF,15,61,0.250000000000,6,2,0.043478260870,16.992255148086,34,15,0.714285714286,11.550456362472,5.441798785614,14.193153652399
Q_value,V10,Z2,M2025,REF,16,61,0.266666666667,6,2,0.043478260870,16.992255148086,40,16,0.761904761905,18.368399669213,1.376144521128,14.193153652399
Q_value,V10,Z2,M2025,REF,17,61,0.283333333333,7,3,0.065217391304,19.801359836563,41,17,0.809523809524,15.797718602306,4.003641234257,14.193153652399
Q_value,V10,Z2,M2025,REF,18,61,0.300000000000,8,4,0.086956521739,27.015376883889,42,18,0.857142857143,24.113299319398,2.902077564491,14.193153652399
Q_value,V10,Z2,M2025,REF,19,61,0.316666666667,10,5,0.108695652174,21.603104881885,42,18,0.857142857143,24.113299319398,2.510194437513,14.193153652399
Q_value,V10,Z2,M2025,REF,20,61,0.333333333333,11,6,0.130434782609,86.322322079012,42,18,0.857142857143,24.113299319398,62.209022759614,14.193153652399
Q_value,V10,Z2,M2025,REF,21,61,0.350000000000,12,7,0.152173913043,81.656393483963,42,18,0.857142857143,24.113299319398,57.543094164565,14.193153652399
Q_value,V10,Z2,M2025,REF,22,61,0.366666666667,13,8,0.173913043478,23.709688313149,42,18,0.857142857143,24.113299319398,0.403611006248,14.193153652399
Q_value,V10,Z2,M2025,REF,23,61,0.383333333333,14,9,0.195652173913,21.957404367272,42,18,0.857142857143,24.113299319398,2.155894952126,14.193153652399
Q_value,V10,Z2,M2025,REF,24,61,0.400000000000,15,10,0.217391304348,38.689814008544,42,18,0.857142857143,24.113299319398,14.576514689146,14.193153652399
Q_value,V10,Z2,M2025,REF,25,61,0.416666666667,16,11,0.239130434783,62.103287577067,42,18,0.857142857143,24.113299319398,37.989988257669,14.193153652399
Q_value,V10,Z2,M2025,REF,26,61,0.433333333333,17,12,0.260869565217,61.210006703417,42,18,0.857142857143,24.113299319398,37.096707384019,14.193153652399
Q_value,V10,Z2,M2025,REF,27,61,0.450000000000,18,13,0.282608695652,16.842821272505,42,18,0.857142857143,24.113299319398,7.270478046893,14.193153652399
Q_value,V10,Z2,M2025,REF,28,61,0.466666666667,19,14,0.304347826087,27.901129670225,42,18,0.857142857143,24.113299319398,3.787830350827,14.193153652399
Q_value,V10,Z2,M2025,REF,29,61,0.483333333333,20,15,0.326086956522,25.587494683788,42,18,0.857142857143,24.113299319398,1.474195364390,14.193153652399
Q_value,V10,Z2,M2025,REF,30,61,0.500000000000,21,16,0.347826086957,39.623076202212,42,18,0.857142857143,24.113299319398,15.509776882814,14.193153652399
Q_value,V10,Z2,M2025,REF,31,61,0.516666666667,22,17,0.369565217391,40.501518096056,42,18,0.857142857143,24.113299319398,16.388218776658,14.193153652399
Q_value,V10,Z2,M2025,REF,32,61,0.533333333333,23,18,0.391304347826,15.409386217032,43,19,0.904761904762,20.951888018132,5.542501801100,14.193153652399
Q_value,V10,Z2,M2025,REF,33,61,0.550000000000,24,19,0.413043478261,11.716405323250,43,19,0.904761904762,20.951888018132,9.235482694882,14.193153652399
Q_value,V10,Z2,M2025,REF,34,61,0.566666666667,25,20,0.434782608696,22.384333347115,43,19,0.904761904762,20.951888018132,1.432445328983,14.193153652399
Q_value,V10,Z2,M2025,REF,35,61,0.583333333333,26,21,0.456521739130,76.246871403190,43,19,0.904761904762,20.951888018132,55.294983385058,14.193153652399
Q_value,V10,Z2,M2025,REF,36,61,0.600000000000,27,22,0.478260869565,15.199337384337,43,19,0.904761904762,20.951888018132,5.752550633795,14.193153652399
Q_value,V10,Z2,M2025,REF,37,61,0.616666666667,28,23,0.500000000000,10.450255706531,43,19,0.904761904762,20.951888018132,10.501632311601,14.193153652399
Q_value,V10,Z2,M2025,REF,38,61,0.633333333333,29,24,0.521739130435,13.055540223775,43,19,0.904761904762,20.951888018132,7.896347794357,14.193153652399
Q_value,V10,Z2,M2025,REF,39,61,0.650000000000,30,25,0.543478260870,22.366099472383,43,19,0.904761904762,20.951888018132,1.414211454251,14.193153652399
Q_value,V10,Z2,M2025,REF,40,61,0.666666666667,31,26,0.565217391304,64.001370286205,43,19,0.904761904762,20.951888018132,43.049482268073,14.193153652399
Q_value,V10,Z2,M2025,REF,41,61,0.683333333333,32,27,0.586956521739,12.571413187197,43,19,0.904761904762,20.951888018132,8.380474830935,14.193153652399
Q_value,V10,Z2,M2025,REF,42,61,0.700000000000,33,28,0.608695652174,33.074799423666,43,19,0.904761904762,20.951888018132,12.122911405534,14.193153652399
Q_value,V10,Z2,M2025,REF,43,61,0.716666666667,34,29,0.630434782609,11.225533668025,43,19,0.904761904762,20.951888018132,9.726354350107,14.193153652399
Q_value,V10,Z2,M2025,REF,44,61,0.733333333333,35,30,0.652173913043,36.122972598668,43,19,0.904761904762,20.951888018132,15.171084580536,14.193153652399
Q_value,V10,Z2,M2025,REF,45,61,0.750000000000,36,31,0.673913043478,8.189830460835,44,20,0.952380952381,11.221214125969,3.031383665135,14.193153652399
Q_value,V10,Z2,M2025,REF,46,61,0.766666666667,37,32,0.695652173913,5.691883230628,44,20,0.952380952381,11.221214125969,5.529330895341,14.193153652399
Q_value,V10,Z2,M2025,REF,47,61,0.783333333333,38,33,0.717391304348,4.602789261382,44,20,0.952380952381,11.221214125969,6.618424864588,14.193153652399
Q_value,V10,Z2,M2025,REF,48,61,0.800000000000,41,34,0.739130434783,6.973969744279,44,20,0.952380952381,11.221214125969,4.247244381691,14.193153652399
Q_value,V10,Z2,M2025,REF,49,61,0.816666666667,42,35,0.760869565217,7.415338660177,44,20,0.952380952381,11.221214125969,3.805875465793,14.193153652399
Q_value,V10,Z2,M2025,REF,50,61,0.833333333333,48,36,0.782608695652,4.740277864160,44,20,0.952380952381,11.221214125969,6.480936261809,14.193153652399
Q_value,V10,Z2,M2025,REF,51,61,0.850000000000,49,37,0.804347826087,31.237802591124,45,21,1.000000000000,15.290278667020,15.947523924105,14.193153652399
Q_value,V10,Z2,M2025,REF,52,61,0.866666666667,50,38,0.826086956522,26.584541568414,45,21,1.000000000000,15.290278667020,11.294262901394,14.193153652399
Q_value,V10,Z2,M2025,REF,53,61,0.883333333333,51,39,0.847826086957,73.129958978402,45,21,1.000000000000,15.290278667020,57.839680311382,14.193153652399
Q_value,V10,Z2,M2025,REF,54,61,0.900000000000,52,40,0.869565217391,46.303070960336,45,21,1.000000000000,15.290278667020,31.012792293316,14.193153652399
Q_value,V10,Z2,M2025,REF,55,61,0.916666666667,53,41,0.891304347826,91.021082411492,45,21,1.000000000000,15.290278667020,75.730803744473,14.193153652399
Q_value,V10,Z2,M2025,REF,56,61,0.933333333333,54,42,0.913043478261,36.067643376145,45,21,1.000000000000,15.290278667020,20.777364709126,14.193153652399
Q_value,V10,Z2,M2025,REF,57,61,0.950000000000,55,43,0.934782608696,78.697299626535,45,21,1.000000000000,15.290278667020,63.407020959515,14.193153652399
Q_value,V10,Z2,M2025,REF,58,61,0.966666666667,56,44,0.956521739130,70.737945322118,45,21,1.000000000000,15.290278667020,55.447666655098,14.193153652399
Q_value,V10,Z2,M2025,REF,59,61,0.983333333333,57,45,0.978260869565,15.617397533671,45,21,1.000000000000,15.290278667020,0.327118866651,14.193153652399
Q_value,V10,Z2,M2025,REF,60,61,1.000000000000,58,46,1.000000000000,9.099171592416,45,21,1.000000000000,15.290278667020,6.191107074604,14.193153652399
SFR,V11,Z1,M2025,REF,0,83,0.000000000000,0,0,0.000000000000,27.447391354473,0,0,0.000000000000,6.995678895814,20.451712458659,3.747712289781
SFR,V11,Z1,M2025,REF,1,83,0.012195121951,1,1,0.016666666667,6.104176381052,0,0,0.000000000000,6.995678895814,0.891502514762,3.747712289781
SFR,V11,Z1,M2025,REF,2,83,0.024390243902,2,2,0.033333333333,7.257668029280,0,0,0.000000000000,6.995678895814,0.261989133465,3.747712289781
SFR,V11,Z1,M2025,REF,3,83,0.036585365854,3,3,0.050000000000,7.717222397772,0,0,0.000000000000,6.995678895814,0.721543501958,3.747712289781
SFR,V11,Z1,M2025,REF,4,83,0.048780487805,4,4,0.066666666667,5.088392840397,0,0,0.000000000000,6.995678895814,1.907286055417,3.747712289781
SFR,V11,Z1,M2025,REF,5,83,0.060975609756,5,5,0.083333333333,9.089836816578,0,0,0.000000000000,6.995678895814,2.094157920763,3.747712289781
SFR,V11,Z1,M2025,REF,6,83,0.073170731707,6,6,0.100000000000,12.503842471894,1,1,0.019607843137,16.269173797608,3.765331325714,3.747712289781
SFR,V11,Z1,M2025,REF,7,83,0.085365853659,7,7,0.116666666667,15.171999406206,1,1,0.019607843137,16.269173797608,1.097174391402,3.747712289781
SFR,V11,Z1,M2025,REF,8,83,0.097560975610,8,8,0.133333333333,18.201637423284,1,1,0.019607843137,16.269173797608,1.932463625676,3.747712289781
SFR,V11,Z1,M2025,REF,9,83,0.109756097561,9,9,0.150000000000,7.090400977046,2,2,0.039215686275,10.205028738857,3.114627761812,3.747712289781
SFR,V11,Z1,M2025,REF,10,83,0.121951219512,10,10,0.166666666667,15.315925649650,3,3,0.058823529412,12.860663670721,2.455261978929,3.747712289781
SFR,V11,Z1,M2025,REF,11,83,0.134146341463,10,10,0.166666666667,15.315925649650,4,4,0.078431372549,15.489394916211,0.173469266561,3.747712289781
SFR,V11,Z1,M2025,REF,12,83,0.146341463415,11,11,0.183333333333,19.864482342887,5,5,0.098039215686,17.646660028547,2.217822314340,3.747712289781
SFR,V11,Z1,M2025,REF,13,83,0.158536585366,12,12,0.200000000000,25.376052344683,5,5,0.098039215686,17.646660028547,7.729392316136,3.747712289781
SFR,V11,Z1,M2025,REF,14,83,0.170731707317,13,13,0.216666666667,18.865416022571,5,5,0.098039215686,17.646660028547,1.218755994024,3.747712289781
SFR,V11,Z1,M2025,REF,15,83,0.182926829268,14,14,0.233333333333,13.426831882901,6,6,0.117647058824,13.986270910067,0.559439027165,3.747712289781
SFR,V11,Z1,M2025,REF,16,83,0.195121951220,14,14,0.233333333333,13.426831882901,7,7,0.137254901961,15.041247634801,1.614415751900,3.747712289781
SFR,V11,Z1,M2025,REF,17,83,0.207317073171,14,14,0.233333333333,13.426831882901,8,8,0.156862745098,15.630959382928,2.204127500027,3.747712289781
SFR,V11,Z1,M2025,REF,18,83,0.219512195122,14,14,0.233333333333,13.426831882901,9,9,0.176470588235,13.992265840999,0.565433958098,3.747712289781
SFR,V11,Z1,M2025,REF,19,83,0.231707317073,15,15,0.250000000000,19.921966701777,10,10,0.196078431373,18.093331009463,1.828635692314,3.747712289781
SFR,V11,Z1,M2025,REF,20,83,0.243902439024,16,16,0.266666666667,17.505453148093,10,10,0.196078431373,18.093331009463,0.587877861369,3.747712289781
SFR,V11,Z1,M2025,REF,21,83,0.256097560976,17,17,0.283333333333,21.256713670566,10,10,0.196078431373,18.093331009463,3.163382661103,3.747712289781
SFR,V11,Z1,M2025,REF,22,83,0.268292682927,18,18,0.300000000000,17.140365111539,10,10,0.196078431373,18.093331009463,0.952965897924,3.747712289781
SFR,V11,Z1,M2025,REF,23,83,0.280487804878,19,19,0.316666666667,23.273312703667,10,10,0.196078431373,18.093331009463,5.179981694204,3.747712289781
SFR,V11,Z1,M2025,REF,24,83,0.292682926829,20,20,0.333333333333,20.042312180220,10,10,0.196078431373,18.093331009463,1.948981170758,3.747712289781
SFR,V11,Z1,M2025,REF,25,83,0.304878048780,21,21,0.350000000000,15.181246930422,11,11,0.215686274510,13.145522212084,2.035724718339,3.747712289781
SFR,V11,Z1,M2025,REF,26,83,0.317073170732,22,22,0.366666666667,21.948910366429,12,12,0.235294117647,25.923920721100,3.975010354671,3.747712289781
SFR,V11,Z1,M2025,REF,27,83,0.329268292683,22,22,0.366666666667,21.948910366429,13,13,0.254901960784,28.076981986853,6.128071620424,3.747712289781
SFR,V11,Z1,M2025,REF,28,83,0.341463414634,23,23,0.383333333333,16.990350651854,14,14,0.274509803922,15.366943712656,1.623406939198,3.747712289781
SFR,V11,Z1,M2025,REF,29,83,0.353658536585,24,24,0.400000000000,13.136850996573,14,14,0.274509803922,15.366943712656,2.230092716083,3.747712289781
SFR,V11,Z1,M2025,REF,30,83,0.365853658537,25,25,0.416666666667,25.402761559992,15,15,0.294117647059,31.488387250691,6.085625690700,3.747712289781
SFR,V11,Z1,M2025,REF,31,83,0.378048780488,25,25,0.416666666667,25.402761559992,16,16,0.313725490196,30.388974032838,4.986212472846,3.747712289781
SFR,V11,Z1,M2025,REF,32,83,0.390243902439,26,26,0.433333333333,17.884583064766,17,17,0.333333333333,16.131477492136,1.753105572630,3.747712289781
SFR,V11,Z1,M2025,REF,33,83,0.402439024390,27,27,0.450000000000,15.812707181010,17,17,0.333333333333,16.131477492136,0.318770311126,3.747712289781
SFR,V11,Z1,M2025,REF,34,83,0.414634146341,28,28,0.466666666667,16.584392472260,17,17,0.333333333333,16.131477492136,0.452914980125,3.747712289781
SFR,V11,Z1,M2025,REF,35,83,0.426829268293,29,29,0.483333333333,24.083574632173,18,18,0.352941176471,24.820217909771,0.736643277597,3.747712289781
SFR,V11,Z1,M2025,REF,36,83,0.439024390244,29,29,0.483333333333,24.083574632173,19,19,0.372549019608,24.141312726315,0.057738094142,3.747712289781
SFR,V11,Z1,M2025,REF,37,83,0.451219512195,30,30,0.500000000000,21.558652344305,20,20,0.392156862745,20.493512214961,1.065140129343,3.747712289781
SFR,V11,Z1,M2025,REF,38,83,0.463414634146,30,30,0.500000000000,21.558652344305,21,21,0.411764705882,25.844523790608,4.285871446304,3.747712289781
SFR,V11,Z1,M2025,REF,39,83,0.475609756098,31,31,0.516666666667,15.901996317359,22,22,0.431372549020,11.971172154878,3.930824162480,3.747712289781
SFR,V11,Z1,M2025,REF,40,83,0.487804878049,32,32,0.533333333333,22.099005446027,23,23,0.450980392157,23.434991408604,1.335985962577,3.747712289781
SFR,V11,Z1,M2025,REF,41,83,0.500000000000,33,33,0.550000000000,20.518662009335,24,24,0.470588235294,23.551680600948,3.033018591613,3.747712289781
SFR,V11,Z1,M2025,REF,42,83,0.512195121951,34,34,0.566666666667,23.768366875636,25,25,0.490196078431,28.775370147025,5.007003271389,3.747712289781
SFR,V11,Z1,M2025,REF,43,83,0.524390243902,34,34,0.566666666667,23.768366875636,26,26,0.509803921569,25.522635782463,1.754268906827,3.747712289781
SFR,V11,Z1,M2025,REF,44,83,0.536585365854,35,35,0.583333333333,17.994766100830,27,27,0.529411764706,19.995867578802,2.001101477972,3.747712289781
SFR,V11,Z1,M2025,REF,45,83,0.548780487805,35,35,0.583333333333,17.994766100830,28,28,0.549019607843,19.831802833501,1.837036732671,3.747712289781
SFR,V11,Z1,M2025,REF,46,83,0.560975609756,36,36,0.600000000000,14.272820943267,29,29,0.568627450980,13.176132109635,1.096688833632,3.747712289781
SFR,V11,Z1,M2025,REF,47,83,0.573170731707,36,36,0.600000000000,14.272820943267,30,30,0.588235294118,15.574098904415,1.301277961148,3.747712289781
SFR,V11,Z1,M2025,REF,48,83,0.585365853659,36,36,0.600000000000,14.272820943267,31,31,0.607843137255,13.551532983850,0.721287959417,3.747712289781
SFR,V11,Z1,M2025,REF,49,83,0.597560975610,36,36,0.600000000000,14.272820943267,32,32,0.627450980392,14.482956816565,0.210135873298,3.747712289781
SFR,V11,Z1,M2025,REF,50,83,0.609756097561,36,36,0.600000000000,14.272820943267,33,33,0.647058823529,14.678383858583,0.405562915316,3.747712289781
SFR,V11,Z1,M2025,REF,51,83,0.621951219512,37,37,0.616666666667,10.151540881743,34,34,0.666666666667,11.412290515084,1.260749633341,3.747712289781
SFR,V11,Z1,M2025,REF,52,83,0.634146341463,38,38,0.633333333333,7.496863617742,34,34,0.666666666667,11.412290515084,3.915426897343,3.747712289781
SFR,V11,Z1,M2025,REF,53,83,0.646341463415,39,39,0.650000000000,8.877685585740,34,34,0.666666666667,11.412290515084,2.534604929344,3.747712289781
SFR,V11,Z1,M2025,REF,54,83,0.658536585366,40,40,0.666666666667,9.130678798129,34,34,0.666666666667,11.412290515084,2.281611716956,3.747712289781
SFR,V11,Z1,M2025,REF,55,83,0.670731707317,41,41,0.683333333333,9.958936706168,34,34,0.666666666667,11.412290515084,1.453353808916,3.747712289781
SFR,V11,Z1,M2025,REF,56,83,0.682926829268,42,42,0.700000000000,6.234493865598,34,34,0.666666666667,11.412290515084,5.177796649486,3.747712289781
SFR,V11,Z1,M2025,REF,57,83,0.695121951220,43,43,0.716666666667,2.662732453651,34,34,0.666666666667,11.412290515084,8.749558061433,3.747712289781
SFR,V11,Z1,M2025,REF,58,83,0.707317073171,44,44,0.733333333333,2.153140903040,35,35,0.686274509804,11.418180365377,9.265039462337,3.747712289781
SFR,V11,Z1,M2025,REF,59,83,0.719512195122,45,45,0.750000000000,21.855221001230,36,36,0.705882352941,13.481351453690,8.373869547540,3.747712289781
SFR,V11,Z1,M2025,REF,60,83,0.731707317073,46,46,0.766666666667,8.123955099490,37,37,0.725490196078,12.538979769559,4.415024670069,3.747712289781
SFR,V11,Z1,M2025,REF,61,83,0.743902439024,47,47,0.783333333333,7.290868842436,37,37,0.725490196078,12.538979769559,5.248110927123,3.747712289781
SFR,V11,Z1,M2025,REF,62,83,0.756097560976,48,48,0.800000000000,10.975009981498,37,37,0.725490196078,12.538979769559,1.563969788061,3.747712289781
SFR,V11,Z1,M2025,REF,63,83,0.768292682927,49,49,0.816666666667,18.729863180352,38,38,0.745098039216,17.053178100644,1.676685079708,3.747712289781
SFR,V11,Z1,M2025,REF,64,83,0.780487804878,50,50,0.833333333333,19.751115600517,38,38,0.745098039216,17.053178100644,2.697937499873,3.747712289781
SFR,V11,Z1,M2025,REF,65,83,0.792682926829,51,51,0.850000000000,18.061279020804,38,38,0.745098039216,17.053178100644,1.008100920159,3.747712289781
SFR,V11,Z1,M2025,REF,66,83,0.804878048780,52,52,0.866666666667,18.008989514847,38,38,0.745098039216,17.053178100644,0.955811414203,3.747712289781
SFR,V11,Z1,M2025,REF,67,83,0.817073170732,53,53,0.883333333333,28.696834085206,39,39,0.764705882353,40.046464569433,11.349630484227,3.747712289781
SFR,V11,Z1,M2025,REF,68,83,0.829268292683,53,53,0.883333333333,28.696834085206,40,40,0.784313725490,34.847702909432,6.150868824226,3.747712289781
SFR,V11,Z1,M2025,REF,69,83,0.841463414634,53,53,0.883333333333,28.696834085206,41,41,0.803921568627,36.929986038784,8.233151953578,3.747712289781
SFR,V11,Z1,M2025,REF,70,83,0.853658536585,53,53,0.883333333333,28.696834085206,42,42,0.823529411765,39.821979008974,11.125144923768,3.747712289781
SFR,V11,Z1,M2025,REF,71,83,0.865853658537,53,53,0.883333333333,28.696834085206,43,43,0.843137254902,31.606760155545,2.909926070339,3.747712289781
SFR,V11,Z1,M2025,REF,72,83,0.878048780488,53,53,0.883333333333,28.696834085206,44,44,0.862745098039,39.178657675494,10.481823590288,3.747712289781
SFR,V11,Z1,M2025,REF,73,83,0.890243902439,53,53,0.883333333333,28.696834085206,45,45,0.882352941176,30.165953136883,1.469119051677,3.747712289781
SFR,V11,Z1,M2025,REF,74,83,0.902439024390,53,53,0.883333333333,28.696834085206,46,46,0.901960784314,33.253770966625,4.556936881419,3.747712289781
SFR,V11,Z1,M2025,REF,75,83,0.914634146341,53,53,0.883333333333,28.696834085206,47,47,0.921568627451,39.577227204667,10.880393119461,3.747712289781
SFR,V11,Z1,M2025,REF,76,83,0.926829268293,54,54,0.900000000000,21.216549452171,48,48,0.941176470588,22.347436397694,1.130886945523,3.747712289781
SFR,V11,Z1,M2025,REF,77,83,0.939024390244,55,55,0.916666666667,19.431646281337,49,49,0.960784313725,19.844622510620,0.412976229283,3.747712289781
SFR,V11,Z1,M2025,REF,78,83,0.951219512195,56,56,0.933333333333,17.099968832302,49,49,0.960784313725,19.844622510620,2.744653678318,3.747712289781
SFR,V11,Z1,M2025,REF,79,83,0.963414634146,57,57,0.950000000000,15.684069086103,49,49,0.960784313725,19.844622510620,4.160553424517,3.747712289781
SFR,V11,Z1,M2025,REF,80,83,0.975609756098,58,58,0.966666666667,13.403921276267,49,49,0.960784313725,19.844622510620,6.440701234353,3.747712289781
SFR,V11,Z1,M2025,REF,81,83,0.987804878049,59,59,0.983333333333,9.309132877968,50,50,0.980392156863,29.928774693258,20.619641815290,3.747712289781
SFR,V11,Z1,M2025,REF,82,83,1.000000000000,60,60,1.000000000000,7.054773464338,51,51,1.000000000000,27.864581537634,20.809808073296,3.747712289781
SFR,V11,Z2,M2025,REF,0,75,0.000000000000,0,0,0.000000000000,27.447391354473,0,0,0.000000000000,7.688660808350,19.758730546123,3.615360698847
SFR,V11,Z2,M2025,REF,1,75,0.013513513514,1,1,0.016666666667,6.104176381052,0,0,0.000000000000,7.688660808350,1.584484427298,3.615360698847
SFR,V11,Z2,M2025,REF,2,75,0.027027027027,2,2,0.033333333333,7.257668029280,0,0,0.000000000000,7.688660808350,0.430992779071,3.615360698847
SFR,V11,Z2,M2025,REF,3,75,0.040540540541,3,3,0.050000000000,7.717222397772,0,0,0.000000000000,7.688660808350,0.028561589422,3.615360698847
SFR,V11,Z2,M2025,REF,4,75,0.054054054054,4,4,0.066666666667,5.088392840397,1,1,0.019607843137,4.055916317115,1.032476523282,3.615360698847
SFR,V11,Z2,M2025,REF,5,75,0.067567567568,5,5,0.083333333333,9.089836816578,2,2,0.039215686275,9.907260233159,0.817423416581,3.615360698847
SFR,V11,Z2,M2025,REF,6,75,0.081081081081,5,5,0.083333333333,9.089836816578,3,3,0.058823529412,8.439737957509,0.650098859069,3.615360698847
SFR,V11,Z2,M2025,REF,7,75,0.094594594595,6,6,0.100000000000,12.503842471894,4,4,0.078431372549,14.730059414914,2.226216943020,3.615360698847
SFR,V11,Z2,M2025,REF,8,75,0.108108108108,7,7,0.116666666667,15.171999406206,5,5,0.098039215686,16.700623759738,1.528624353532,3.615360698847
SFR,V11,Z2,M2025,REF,9,75,0.121621621622,7,7,0.116666666667,15.171999406206,6,6,0.117647058824,12.761999112250,2.410000293956,3.615360698847
SFR,V11,Z2,M2025,REF,10,75,0.135135135135,8,8,0.133333333333,18.201637423284,7,7,0.137254901961,24.139457675418,5.937820252134,3.615360698847
SFR,V11,Z2,M2025,REF,11,75,0.148648648649,9,9,0.150000000000,7.090400977046,8,8,0.156862745098,10.562799267239,3.472398290193,3.615360698847
SFR,V11,Z2,M2025,REF,12,75,0.162162162162,10,10,0.166666666667,15.315925649650,9,9,0.176470588235,14.546789778386,0.769135871264,3.615360698847
SFR,V11,Z2,M2025,REF,13,75,0.175675675676,11,11,0.183333333333,19.864482342887,10,10,0.196078431373,17.589296452607,2.275185890280,3.615360698847
SFR,V11,Z2,M2025,REF,14,75,0.189189189189,12,12,0.200000000000,25.376052344683,11,11,0.215686274510,22.098035230653,3.278017114031,3.615360698847
SFR,V11,Z2,M2025,REF,15,75,0.202702702703,13,13,0.216666666667,18.865416022571,12,12,0.235294117647,13.120389949945,5.745026072626,3.615360698847
SFR,V11,Z2,M2025,REF,16,75,0.216216216216,13,13,0.216666666667,18.865416022571,13,13,0.254901960784,21.146327414541,2.280911391970,3.615360698847
SFR,V11,Z2,M2025,REF,17,75,0.229729729730,13,13,0.216666666667,18.865416022571,14,14,0.274509803922,18.504006678303,0.361409344268,3.615360698847
SFR,V11,Z2,M2025,REF,18,75,0.243243243243,13,13,0.216666666667,18.865416022571,15,15,0.294117647059,20.882687526482,2.017271503911,3.615360698847
SFR,V11,Z2,M2025,REF,19,75,0.256756756757,14,14,0.233333333333,13.426831882901,16,16,0.313725490196,12.537873926403,0.888957956498,3.615360698847
SFR,V11,Z2,M2025,REF,20,75,0.270270270270,15,15,0.250000000000,19.921966701777,17,17,0.333333333333,19.500541024413,0.421425677363,3.615360698847
SFR,V11,Z2,M2025,REF,21,75,0.283783783784,16,16,0.266666666667,17.505453148093,17,17,0.333333333333,19.500541024413,1.995087876320,3.615360698847
SFR,V11,Z2,M2025,REF,22,75,0.297297297297,17,17,0.283333333333,21.256713670566,18,18,0.352941176471,24.137578517222,2.880864846656,3.615360698847
SFR,V11,Z2,M2025,REF,23,75,0.310810810811,18,18,0.300000000000,17.140365111539,19,19,0.372549019608,12.037989028514,5.102376083025,3.615360698847
SFR,V11,Z2,M2025,REF,24,75,0.324324324324,18,18,0.300000000000,17.140365111539,20,20,0.392156862745,15.644168034981,1.496197076558,3.615360698847
SFR,V11,Z2,M2025,REF,25,75,0.337837837838,18,18,0.300000000000,17.140365111539,21,21,0.411764705882,17.034402367552,0.105962743987,3.615360698847
SFR,V11,Z2,M2025,REF,26,75,0.351351351351,19,19,0.316666666667,23.273312703667,22,22,0.431372549020,20.776332540032,2.496980163634,3.615360698847
SFR,V11,Z2,M2025,REF,27,75,0.364864864865,20,20,0.333333333333,20.042312180220,22,22,0.431372549020,20.776332540032,0.734020359812,3.615360698847
SFR,V11,Z2,M2025,REF,28,75,0.378378378378,21,21,0.350000000000,15.181246930422,23,23,0.450980392157,13.101216374384,2.080030556038,3.615360698847
SFR,V11,Z2,M2025,REF,29,75,0.391891891892,22,22,0.366666666667,21.948910366429,24,24,0.470588235294,19.336902657087,2.612007709342,3.615360698847
SFR,V11,Z2,M2025,REF,30,75,0.405405405405,22,22,0.366666666667,21.948910366429,25,25,0.490196078431,19.918816976484,2.030093389945,3.615360698847
SFR,V11,Z2,M2025,REF,31,75,0.418918918919,23,23,0.383333333333,16.990350651854,26,26,0.509803921569,17.391009715209,0.400659063355,3.615360698847
SFR,V11,Z2,M2025,REF,32,75,0.432432432432,24,24,0.400000000000,13.136850996573,27,27,0.529411764706,16.318677884089,3.181826887516,3.615360698847
SFR,V11,Z2,M2025,REF,33,75,0.445945945946,25,25,0.416666666667,25.402761559992,28,28,0.549019607843,25.064803772720,0.337957787272,3.615360698847
SFR,V11,Z2,M2025,REF,34,75,0.459459459459,25,25,0.416666666667,25.402761559992,29,29,0.568627450980,32.008098902678,6.605337342686,3.615360698847
SFR,V11,Z2,M2025,REF,35,75,0.472972972973,26,26,0.433333333333,17.884583064766,30,30,0.588235294118,16.539430653274,1.345152411492,3.615360698847
SFR,V11,Z2,M2025,REF,36,75,0.486486486486,27,27,0.450000000000,15.812707181010,30,30,0.588235294118,16.539430653274,0.726723472264,3.615360698847
SFR,V11,Z2,M2025,REF,37,75,0.500000000000,28,28,0.466666666667,16.584392472260,30,30,0.588235294118,16.539430653274,0.044961818987,3.615360698847
SFR,V11,Z2,M2025,REF,38,75,0.513513513514,29,29,0.483333333333,24.083574632173,31,31,0.607843137255,24.934912219595,0.851337587421,3.615360698847
SFR,V11,Z2,M2025,REF,39,75,0.527027027027,30,30,0.500000000000,21.558652344305,32,32,0.627450980392,17.771047171801,3.787605172504,3.615360698847
SFR,V11,Z2,M2025,REF,40,75,0.540540540541,31,31,0.516666666667,15.901996317359,33,33,0.647058823529,15.424366032006,0.477630285353,3.615360698847
SFR,V11,Z2,M2025,REF,41,75,0.554054054054,31,31,0.516666666667,15.901996317359,34,34,0.666666666667,17.766433497598,1.864437180239,3.615360698847
SFR,V11,Z2,M2025,REF,42,75,0.567567567568,31,31,0.516666666667,15.901996317359,35,35,0.686274509804,12.305512461151,3.596483856208,3.615360698847
SFR,V11,Z2,M2025,REF,43,75,0.581081081081,31,31,0.516666666667,15.901996317359,36,36,0.705882352941,15.490124590268,0.411871727091,3.615360698847
SFR,V11,Z2,M2025,REF,44,75,0.594594594595,32,32,0.533333333333,22.099005446027,37,37,0.725490196078,19.028159109362,3.070846336665,3.615360698847
SFR,V11,Z2,M2025,REF,45,75,0.608108108108,33,33,0.550000000000,20.518662009335,37,37,0.725490196078,19.028159109362,1.490502899973,3.615360698847
SFR,V11,Z2,M2025,REF,46,75,0.621621621622,34,34,0.566666666667,23.768366875636,37,37,0.725490196078,19.028159109362,4.740207766274,3.615360698847
SFR,V11,Z2,M2025,REF,47,75,0.635135135135,35,35,0.583333333333,17.994766100830,37,37,0.725490196078,19.028159109362,1.033393008532,3.615360698847
SFR,V11,Z2,M2025,REF,48,75,0.648648648649,36,36,0.600000000000,14.272820943267,38,38,0.745098039216,12.331294459801,1.941526483466,3.615360698847
SFR,V11,Z2,M2025,REF,49,75,0.662162162162,37,37,0.616666666667,10.151540881743,38,38,0.745098039216,12.331294459801,2.179753578058,3.615360698847
SFR,V11,Z2,M2025,REF,50,75,0.675675675676,38,38,0.633333333333,7.496863617742,39,39,0.764705882353,7.230828988849,0.266034628893,3.615360698847
SFR,V11,Z2,M2025,REF,51,75,0.689189189189,39,39,0.650000000000,8.877685585740,39,39,0.764705882353,7.230828988849,1.646856596891,3.615360698847
SFR,V11,Z2,M2025,REF,52,75,0.702702702703,40,40,0.666666666667,9.130678798129,39,39,0.764705882353,7.230828988849,1.899849809280,3.615360698847
SFR,V11,Z2,M2025,REF,53,75,0.716216216216,41,41,0.683333333333,9.958936706168,39,39,0.764705882353,7.230828988849,2.728107717319,3.615360698847
SFR,V11,Z2,M2025,REF,54,75,0.729729729730,42,42,0.700000000000,6.234493865598,39,39,0.764705882353,7.230828988849,0.996335123250,3.615360698847
SFR,V11,Z2,M2025,REF,55,75,0.743243243243,43,43,0.716666666667,2.662732453651,39,39,0.764705882353,7.230828988849,4.568096535197,3.615360698847
SFR,V11,Z2,M2025,REF,56,75,0.756756756757,44,44,0.733333333333,2.153140903040,39,39,0.764705882353,7.230828988849,5.077688085809,3.615360698847
SFR,V11,Z2,M2025,REF,57,75,0.770270270270,45,45,0.750000000000,21.855221001230,39,39,0.764705882353,7.230828988849,14.624392012381,3.615360698847
SFR,V11,Z2,M2025,REF,58,75,0.783783783784,46,46,0.766666666667,8.123955099490,39,39,0.764705882353,7.230828988849,0.893126110642,3.615360698847
SFR,V11,Z2,M2025,REF,59,75,0.797297297297,47,47,0.783333333333,7.290868842436,39,39,0.764705882353,7.230828988849,0.060039853587,3.615360698847
SFR,V11,Z2,M2025,REF,60,75,0.810810810811,48,48,0.800000000000,10.975009981498,40,40,0.784313725490,12.168231849983,1.193221868484,3.615360698847
SFR,V11,Z2,M2025,REF,61,75,0.824324324324,49,49,0.816666666667,18.729863180352,41,41,0.803921568627,18.289329994552,0.440533185800,3.615360698847
SFR,V11,Z2,M2025,REF,62,75,0.837837837838,50,50,0.833333333333,19.751115600517,41,41,0.803921568627,18.289329994552,1.461785605965,3.615360698847
SFR,V11,Z2,M2025,REF,63,75,0.851351351351,51,51,0.850000000000,18.061279020804,41,41,0.803921568627,18.289329994552,0.228050973748,3.615360698847
SFR,V11,Z2,M2025,REF,64,75,0.864864864865,52,52,0.866666666667,18.008989514847,41,41,0.803921568627,18.289329994552,0.280340479705,3.615360698847
SFR,V11,Z2,M2025,REF,65,75,0.878378378378,53,53,0.883333333333,28.696834085206,42,42,0.823529411765,29.055896994569,0.359062909363,3.615360698847
SFR,V11,Z2,M2025,REF,66,75,0.891891891892,53,53,0.883333333333,28.696834085206,43,43,0.843137254902,22.476911453632,6.219922631573,3.615360698847
SFR,V11,Z2,M2025,REF,67,75,0.905405405405,53,53,0.883333333333,28.696834085206,44,44,0.862745098039,29.242466728907,0.545632643701,3.615360698847
SFR,V11,Z2,M2025,REF,68,75,0.918918918919,54,54,0.900000000000,21.216549452171,45,45,0.882352941176,25.798209901068,4.581660448897,3.615360698847
SFR,V11,Z2,M2025,REF,69,75,0.932432432432,55,55,0.916666666667,19.431646281337,46,46,0.901960784314,30.004597447824,10.572951166486,3.615360698847
SFR,V11,Z2,M2025,REF,70,75,0.945945945946,56,56,0.933333333333,17.099968832302,47,47,0.921568627451,33.525290659800,16.425321827498,3.615360698847
SFR,V11,Z2,M2025,REF,71,75,0.959459459459,57,57,0.950000000000,15.684069086103,48,48,0.941176470588,31.554524948569,15.870455862465,3.615360698847
SFR,V11,Z2,M2025,REF,72,75,0.972972972973,58,58,0.966666666667,13.403921276267,49,49,0.960784313725,33.964382236616,20.560460960349,3.615360698847
SFR,V11,Z2,M2025,REF,73,75,0.986486486486,59,59,0.983333333333,9.309132877968,50,50,0.980392156863,27.805482595308,18.496349717341,3.615360698847
SFR,V11,Z2,M2025,REF,74,75,1.000000000000,60,60,1.000000000000,7.054773464338,51,51,1.000000000000,30.673544556683,23.618771092345,3.615360698847
Q_value,V11,Z1,M2025,REF,0,69,0.000000000000,0,0,0.000000000000,3.447937054269,2,0,0.000000000000,9.419773236895,5.971836182626,9.587331897455
Q_value,V11,Z1,M2025,REF,1,69,0.014705882353,5,1,0.021739130435,7.455585348620,2,0,0.000000000000,9.419773236895,1.964187888275,9.587331897455
Q_value,V11,Z1,M2025,REF,2,69,0.029411764706,6,2,0.043478260870,16.992255148086,3,1,0.020408163265,23.708769885305,6.716514737219,9.587331897455
Q_value,V11,Z1,M2025,REF,3,69,0.044117647059,7,3,0.065217391304,19.801359836563,3,1,0.020408163265,23.708769885305,3.907410048742,9.587331897455
Q_value,V11,Z1,M2025,REF,4,69,0.058823529412,8,4,0.086956521739,27.015376883889,3,1,0.020408163265,23.708769885305,3.306606998584,9.587331897455
Q_value,V11,Z1,M2025,REF,5,69,0.073529411765,10,5,0.108695652174,21.603104881885,3,1,0.020408163265,23.708769885305,2.105665003420,9.587331897455
Q_value,V11,Z1,M2025,REF,6,69,0.088235294118,11,6,0.130434782609,86.322322079012,4,2,0.040816326531,34.838250355905,51.484071723107,9.587331897455
Q_value,V11,Z1,M2025,REF,7,69,0.102941176471,12,7,0.152173913043,81.656393483963,4,2,0.040816326531,34.838250355905,46.818143128058,9.587331897455
Q_value,V11,Z1,M2025,REF,8,69,0.117647058824,13,8,0.173913043478,23.709688313149,4,2,0.040816326531,34.838250355905,11.128562042756,9.587331897455
Q_value,V11,Z1,M2025,REF,9,69,0.132352941176,14,9,0.195652173913,21.957404367272,4,2,0.040816326531,34.838250355905,12.880845988633,9.587331897455
Q_value,V11,Z1,M2025,REF,10,69,0.147058823529,15,10,0.217391304348,38.689814008544,4,2,0.040816326531,34.838250355905,3.851563652639,9.587331897455
Q_value,V11,Z1,M2025,REF,11,69,0.161764705882,16,11,0.239130434783,62.103287577067,4,2,0.040816326531,34.838250355905,27.265037221162,9.587331897455
Q_value,V11,Z1,M2025,REF,12,69,0.176470588235,17,12,0.260869565217,61.210006703417,4,2,0.040816326531,34.838250355905,26.371756347511,9.587331897455
Q_value,V11,Z1,M2025,REF,13,69,0.191176470588,18,13,0.282608695652,16.842821272505,5,3,0.061224489796,18.800401747786,1.957580475280,9.587331897455
Q_value,V11,Z1,M2025,REF,14,69,0.205882352941,18,13,0.282608695652,16.842821272505,6,4,0.081632653061,20.678846339738,3.836025067233,9.587331897455
Q_value,V11,Z1,M2025,REF,15,69,0.220588235294,18,13,0.282608695652,16.842821272505,7,5,0.102040816327,15.256967371444,1.585853901061,9.587331897455
Q_value,V11,Z1,M2025,REF,16,69,0.235294117647,18,13,0.282608695652,16.842821272505,8,6,0.122448979592,16.324683580253,0.518137692252,9.587331897455
Q_value,V11,Z1,M2025,REF,17,69,0.250000000000,18,13,0.282608695652,16.842821272505,9,7,0.142857142857,15.730437533400,1.112383739105,9.587331897455
Q_value,V11,Z1,M2025,REF,18,69,0.264705882353,18,13,0.282608695652,16.842821272505,10,8,0.163265306122,20.317480794624,3.474659522118,9.587331897455
Q_value,V11,Z1,M2025,REF,19,69,0.279411764706,18,13,0.282608695652,16.842821272505,11,9,0.183673469388,12.936594866563,3.906226405943,9.587331897455
Q_value,V11,Z1,M2025,REF,20,69,0.294117647059,19,14,0.304347826087,27.901129670225,12,10,0.204081632653,28.230741077591,0.329611407366,9.587331897455
Q_value,V11,Z1,M2025,REF,21,69,0.308823529412,20,15,0.326086956522,25.587494683788,12,10,0.204081632653,28.230741077591,2.643246393803,9.587331897455
Q_value,V11,Z1,M2025,REF,22,69,0.323529411765,21,16,0.347826086957,39.623076202212,12,10,0.204081632653,28.230741077591,11.392335124621,9.587331897455
Q_value,V11,Z1,M2025,REF,23,69,0.338235294118,22,17,0.369565217391,40.501518096056,13,11,0.224489795918,24.522662358312,15.978855737744,9.587331897455
Q_value,V11,Z1,M2025,REF,24,69,0.352941176471,23,18,0.391304347826,15.409386217032,14,12,0.244897959184,12.507660866878,2.901725350154,9.587331897455
Q_value,V11,Z1,M2025,REF,25,69,0.367647058824,23,18,0.391304347826,15.409386217032,15,13,0.265306122449,16.122986900780,0.713600683748,9.587331897455
Q_value,V11,Z1,M2025,REF,26,69,0.382352941176,23,18,0.391304347826,15.409386217032,16,14,0.285714285714,27.393228906849,11.983842689817,9.587331897455
Q_value,V11,Z1,M2025,REF,27,69,0.397058823529,24,19,0.413043478261,11.716405323250,17,15,0.306122448980,11.364054988972,0.352350334278,9.587331897455
Q_value,V11,Z1,M2025,REF,28,69,0.411764705882,25,20,0.434782608696,22.384333347115,18,16,0.326530612245,24.637148334537,2.252814987422,9.587331897455
Q_value,V11,Z1,M2025,REF,29,69,0.426470588235,25,20,0.434782608696,22.384333347115,19,17,0.346938775510,16.229912707586,6.154420639529,9.587331897455
Q_value,V11,Z1,M2025,REF,30,69,0.441176470588,25,20,0.434782608696,22.384333347115,20,18,0.367346938776,23.474042931735,1.089709584620,9.587331897455
Q_value,V11,Z1,M2025,REF,31,69,0.455882352941,26,21,0.456521739130,76.246871403190,21,19,0.387755102041,37.942800650554,38.304070752635,9.587331897455
Q_value,V11,Z1,M2025,REF,32,69,0.470588235294,27,22,0.478260869565,15.199337384337,22,20,0.408163265306,11.565276142732,3.634061241606,9.587331897455
Q_value,V11,Z1,M2025,REF,33,69,0.485294117647,28,23,0.500000000000,10.450255706531,22,20,0.408163265306,11.565276142732,1.115020436201,9.587331897455
Q_value,V11,Z1,M2025,REF,34,69,0.500000000000,29,24,0.521739130435,13.055540223775,22,20,0.408163265306,11.565276142732,1.490264081044,9.587331897455
Q_value,V11,Z1,M2025,REF,35,69,0.514705882353,30,25,0.543478260870,22.366099472383,23,21,0.428571428571,22.162317290242,0.203782182141,9.587331897455
Q_value,V11,Z1,M2025,REF,36,69,0.529411764706,30,25,0.543478260870,22.366099472383,24,22,0.448979591837,17.245143415278,5.120956057105,9.587331897455
Q_value,V11,Z1,M2025,REF,37,69,0.544117647059,31,26,0.565217391304,64.001370286205,25,23,0.469387755102,25.191238005175,38.810132281030,9.587331897455
Q_value,V11,Z1,M2025,REF,38,69,0.558823529412,32,27,0.586956521739,12.571413187197,26,24,0.489795918367,26.008197299987,13.436784112790,9.587331897455
Q_value,V11,Z1,M2025,REF,39,69,0.573529411765,33,28,0.608695652174,33.074799423666,27,25,0.510204081633,32.280283515315,0.794515908351,9.587331897455
Q_value,V11,Z1,M2025,REF,40,69,0.588235294118,34,29,0.630434782609,11.225533668025,28,26,0.530612244898,23.434774255239,12.209240587214,9.587331897455
Q_value,V11,Z1,M2025,REF,41,69,0.602941176471,35,30,0.652173913043,36.122972598668,28,26,0.530612244898,23.434774255239,12.688198343429,9.587331897455
Q_value,V11,Z1,M2025,REF,42,69,0.617647058824,36,31,0.673913043478,8.189830460835,29,27,0.551020408163,10.188212853577,1.998382392742,9.587331897455
Q_value,V11,Z1,M2025,REF,43,69,0.632352941176,36,31,0.673913043478,8.189830460835,30,28,0.571428571429,8.859157605012,0.669327144177,9.587331897455
Q_value,V11,Z1,M2025,REF,44,69,0.647058823529,36,31,0.673913043478,8.189830460835,31,29,0.591836734694,10.060156219061,1.870325758226,9.587331897455
Q_value,V11,Z1,M2025,REF,45,69,0.661764705882,36,31,0.673913043478,8.189830460835,32,30,0.612244897959,10.051451590050,1.861621129215,9.587331897455
Q_value,V11,Z1,M2025,REF,46,69,0.676470588235,36,31,0.673913043478,8.189830460835,33,31,0.632653061224,12.921678698300,4.731848237466,9.587331897455
Q_value,V11,Z1,M2025,REF,47,69,0.691176470588,37,32,0.695652173913,5.691883230628,34,32,0.653061224490,5.659236958922,0.032646271707,9.587331897455
Q_value,V11,Z1,M2025,REF,48,69,0.705882352941,38,33,0.717391304348,4.602789261382,34,32,0.653061224490,5.659236958922,1.056447697540,9.587331897455
Q_value,V11,Z1,M2025,REF,49,69,0.720588235294,41,34,0.739130434783,6.973969744279,35,33,0.673469387755,8.635402968200,1.661433223922,9.587331897455
Q_value,V11,Z1,M2025,REF,50,69,0.735294117647,42,35,0.760869565217,7.415338660177,36,34,0.693877551020,6.745238589499,0.670100070677,9.587331897455
Q_value,V11,Z1,M2025,REF,51,69,0.750000000000,48,36,0.782608695652,4.740277864160,37,35,0.714285714286,4.266963554922,0.473314309238,9.587331897455
Q_value,V11,Z1,M2025,REF,52,69,0.764705882353,49,37,0.804347826087,31.237802591124,38,36,0.734693877551,42.426225011391,11.188422420267,9.587331897455
Q_value,V11,Z1,M2025,REF,53,69,0.779411764706,50,38,0.826086956522,26.584541568414,38,36,0.734693877551,42.426225011391,15.841683442977,9.587331897455
Q_value,V11,Z1,M2025,REF,54,69,0.794117647059,51,39,0.847826086957,73.129958978402,39,37,0.755102040816,71.431218693490,1.698740284912,9.587331897455
Q_value,V11,Z1,M2025,REF,55,69,0.808823529412,52,40,0.869565217391,46.303070960336,39,37,0.755102040816,71.431218693490,25.128147733154,9.587331897455
Q_value,V11,Z1,M2025,REF,56,69,0.823529411765,53,41,0.891304347826,91.021082411492,40,38,0.775510204082,105.807823690783,14.786741279291,9.587331897455
Q_value,V11,Z1,M2025,REF,57,69,0.838235294118,54,42,0.913043478261,36.067643376145,41,39,0.795918367347,45.808776608375,9.741133232230,9.587331897455
Q_value,V11,Z1,M2025,REF,58,69,0.852941176471,54,42,0.913043478261,36.067643376145,42,40,0.816326530612,36.377384288936,0.309740912790,9.587331897455
Q_value,V11,Z1,M2025,REF,59,69,0.867647058824,54,42,0.913043478261,36.067643376145,43,41,0.836734693878,48.941006293575,12.873362917429,9.587331897455
Q_value,V11,Z1,M2025,REF,60,69,0.882352941176,54,42,0.913043478261,36.067643376145,44,42,0.857142857143,41.146999540633,5.079356164487,9.587331897455
Q_value,V11,Z1,M2025,REF,61,69,0.897058823529,54,42,0.913043478261,36.067643376145,45,43,0.877551020408,44.476481362324,8.408837986178,9.587331897455
Q_value,V11,Z1,M2025,REF,62,69,0.911764705882,54,42,0.913043478261,36.067643376145,46,44,0.897959183673,34.897881152092,1.169762224053,9.587331897455
Q_value,V11,Z1,M2025,REF,63,69,0.926470588235,55,43,0.934782608696,78.697299626535,47,45,0.918367346939,73.980537815057,4.716761811477,9.587331897455
Q_value,V11,Z1,M2025,REF,64,69,0.941176470588,56,44,0.956521739130,70.737945322118,47,45,0.918367346939,73.980537815057,3.242592492940,9.587331897455
Q_value,V11,Z1,M2025,REF,65,69,0.955882352941,57,45,0.978260869565,15.617397533671,48,46,0.938775510204,37.574754362201,21.957356828530,9.587331897455
Q_value,V11,Z1,M2025,REF,66,69,0.970588235294,57,45,0.978260869565,15.617397533671,49,47,0.959183673469,41.263089512317,25.645691978647,9.587331897455
Q_value,V11,Z1,M2025,REF,67,69,0.985294117647,57,45,0.978260869565,15.617397533671,50,48,0.979591836735,39.043855316016,23.426457782345,9.587331897455
Q_value,V11,Z1,M2025,REF,68,69,1.000000000000,58,46,1.000000000000,9.099171592416,51,49,1.000000000000,66.622230107839,57.523058515423,9.587331897455
Q_value,V11,Z2,M2025,REF,0,69,0.000000000000,0,0,0.000000000000,3.447937054269,4,0,0.000000000000,27.181748016029,23.733810961760,12.100483769872
Q_value,V11,Z2,M2025,REF,1,69,0.014705882353,0,0,0.000000000000,3.447937054269,5,1,0.023809523810,3.520157158166,0.072220103897,12.100483769872
Q_value,V11,Z2,M2025,REF,2,69,0.029411764706,5,1,0.021739130435,7.455585348620,7,2,0.047619047619,11.393758861727,3.938173513107,12.100483769872
Q_value,V11,Z2,M2025,REF,3,69,0.044117647059,5,1,0.021739130435,7.455585348620,8,3,0.071428571429,6.267621182944,1.187964165676,12.100483769872
Q_value,V11,Z2,M2025,REF,4,69,0.058823529412,5,1,0.021739130435,7.455585348620,9,4,0.095238095238,3.800721709487,3.654863639133,12.100483769872
Q_value,V11,Z2,M2025,REF,5,69,0.073529411765,6,2,0.043478260870,16.992255148086,10,5,0.119047619048,16.261288166701,0.730966981385,12.100483769872
Q_value,V11,Z2,M2025,REF,6,69,0.088235294118,7,3,0.065217391304,19.801359836563,11,6,0.142857142857,20.322904039542,0.521544202979,12.100483769872
Q_value,V11,Z2,M2025,REF,7,69,0.102941176471,8,4,0.086956521739,27.015376883889,11,6,0.142857142857,20.322904039542,6.692472844347,12.100483769872
Q_value,V11,Z2,M2025,REF,8,69,0.117647058824,10,5,0.108695652174,21.603104881885,11,6,0.142857142857,20.322904039542,1.280200842343,12.100483769872
Q_value,V11,Z2,M2025,REF,9,69,0.132352941176,11,6,0.130434782609,86.322322079012,11,6,0.142857142857,20.322904039542,65.999418039470,12.100483769872
Q_value,V11,Z2,M2025,REF,10,69,0.147058823529,12,7,0.152173913043,81.656393483963,11,6,0.142857142857,20.322904039542,61.333489444421,12.100483769872
Q_value,V11,Z2,M2025,REF,11,69,0.161764705882,13,8,0.173913043478,23.709688313149,11,6,0.142857142857,20.322904039542,3.386784273608,12.100483769872
Q_value,V11,Z2,M2025,REF,12,69,0.176470588235,14,9,0.195652173913,21.957404367272,11,6,0.142857142857,20.322904039542,1.634500327730,12.100483769872
Q_value,V11,Z2,M2025,REF,13,69,0.191176470588,15,10,0.217391304348,38.689814008544,11,6,0.142857142857,20.322904039542,18.366909969002,12.100483769872
Q_value,V11,Z2,M2025,REF,14,69,0.205882352941,16,11,0.239130434783,62.103287577067,11,6,0.142857142857,20.322904039542,41.780383537525,12.100483769872
Q_value,V11,Z2,M2025,REF,15,69,0.220588235294,17,12,0.260869565217,61.210006703417,11,6,0.142857142857,20.322904039542,40.887102663875,12.100483769872
Q_value,V11,Z2,M2025,REF,16,69,0.235294117647,18,13,0.282608695652,16.842821272505,11,6,0.142857142857,20.322904039542,3.480082767037,12.100483769872
Q_value,V11,Z2,M2025,REF,17,69,0.250000000000,19,14,0.304347826087,27.901129670225,11,6,0.142857142857,20.322904039542,7.578225630683,12.100483769872
Q_value,V11,Z2,M2025,REF,18,69,0.264705882353,20,15,0.326086956522,25.587494683788,11,6,0.142857142857,20.322904039542,5.264590644246,12.100483769872
Q_value,V11,Z2,M2025,REF,19,69,0.279411764706,21,16,0.347826086957,39.623076202212,11,6,0.142857142857,20.322904039542,19.300172162670,12.100483769872
Q_value,V11,Z2,M2025,REF,20,69,0.294117647059,22,17,0.369565217391,40.501518096056,11,6,0.142857142857,20.322904039542,20.178614056514,12.100483769872
Q_value,V11,Z2,M2025,REF,21,69,0.308823529412,23,18,0.391304347826,15.409386217032,12,7,0.166666666667,5.656752791262,9.752633425770,12.100483769872
Q_value,V11,Z2,M2025,REF,22,69,0.323529411765,24,19,0.413043478261,11.716405323250,13,8,0.190476190476,10.617484125191,1.098921198059,12.100483769872
Q_value,V11,Z2,M2025,REF,23,69,0.338235294118,24,19,0.413043478261,11.716405323250,14,9,0.214285714286,10.275555389016,1.440849934234,12.100483769872
Q_value,V11,Z2,M2025,REF,24,69,0.352941176471,24,19,0.413043478261,11.716405323250,15,10,0.238095238095,12.194653460945,0.478248137695,12.100483769872
Q_value,V11,Z2,M2025,REF,25,69,0.367647058824,24,19,0.413043478261,11.716405323250,17,11,0.261904761905,14.116578867297,2.400173544047,12.100483769872
Q_value,V11,Z2,M2025,REF,26,69,0.382352941176,25,20,0.434782608696,22.384333347115,18,12,0.285714285714,18.208184521357,4.176148825758,12.100483769872
Q_value,V11,Z2,M2025,REF,27,69,0.397058823529,26,21,0.456521739130,76.246871403190,18,12,0.285714285714,18.208184521357,58.038686881833,12.100483769872
Q_value,V11,Z2,M2025,REF,28,69,0.411764705882,27,22,0.478260869565,15.199337384337,18,12,0.285714285714,18.208184521357,3.008847137019,12.100483769872
Q_value,V11,Z2,M2025,REF,29,69,0.426470588235,28,23,0.500000000000,10.450255706531,19,13,0.309523809524,7.169222344968,3.281033361563,12.100483769872
Q_value,V11,Z2,M2025,REF,30,69,0.441176470588,28,23,0.500000000000,10.450255706531,20,14,0.333333333333,7.097464600525,3.352791106006,12.100483769872
Q_value,V11,Z2,M2025,REF,31,69,0.455882352941,29,24,0.521739130435,13.055540223775,21,15,0.357142857143,10.135918925956,2.919621297819,12.100483769872
Q_value,V11,Z2,M2025,REF,32,69,0.470588235294,30,25,0.543478260870,22.366099472383,22,16,0.380952380952,21.321955015473,1.044144456910,12.100483769872
Q_value,V11,Z2,M2025,REF,33,69,0.485294117647,31,26,0.565217391304,64.001370286205,22,16,0.380952380952,21.321955015473,42.679415270731,12.100483769872
Q_value,V11,Z2,M2025,REF,34,69,0.500000000000,32,27,0.586956521739,12.571413187197,23,17,0.404761904762,4.417102765985,8.154310421212,12.100483769872
Q_value,V11,Z2,M2025,REF,35,69,0.514705882353,32,27,0.586956521739,12.571413187197,24,18,0.428571428571,13.705676002288,1.134262815091,12.100483769872
Q_value,V11,Z2,M2025,REF,36,69,0.529411764706,32,27,0.586956521739,12.571413187197,25,19,0.452380952381,11.685182500440,0.886230686757,12.100483769872
Q_value,V11,Z2,M2025,REF,37,69,0.544117647059,32,27,0.586956521739,12.571413187197,26,20,0.476190476190,10.100903719629,2.470509467569,12.100483769872
Q_value,V11,Z2,M2025,REF,38,69,0.558823529412,32,27,0.586956521739,12.571413187197,27,21,0.500000000000,3.628016829465,8.943396357733,12.100483769872
Q_value,V11,Z2,M2025,REF,39,69,0.573529411765,32,27,0.586956521739,12.571413187197,28,22,0.523809523810,15.310972560762,2.739559373565,12.100483769872
Q_value,V11,Z2,M2025,REF,40,69,0.588235294118,33,28,0.608695652174,33.074799423666,29,23,0.547619047619,15.984024733259,17.090774690407,12.100483769872
Q_value,V11,Z2,M2025,REF,41,69,0.602941176471,34,29,0.630434782609,11.225533668025,30,24,0.571428571429,5.394706114715,5.830827553310,12.100483769872
Q_value,V11,Z2,M2025,REF,42,69,0.617647058824,34,29,0.630434782609,11.225533668025,31,25,0.595238095238,13.491328782932,2.265795114906,12.100483769872
Q_value,V11,Z2,M2025,REF,43,69,0.632352941176,35,30,0.652173913043,36.122972598668,32,26,0.619047619048,13.063079412982,23.059893185686,12.100483769872
Q_value,V11,Z2,M2025,REF,44,69,0.647058823529,36,31,0.673913043478,8.189830460835,33,27,0.642857142857,7.923482449583,0.266348011251,12.100483769872
Q_value,V11,Z2,M2025,REF,45,69,0.661764705882,36,31,0.673913043478,8.189830460835,34,28,0.666666666667,8.470856746161,0.281026285326,12.100483769872
Q_value,V11,Z2,M2025,REF,46,69,0.676470588235,37,32,0.695652173913,5.691883230628,35,29,0.690476190476,4.986065276841,0.705817953788,12.100483769872
Q_value,V11,Z2,M2025,REF,47,69,0.691176470588,38,33,0.717391304348,4.602789261382,35,29,0.690476190476,4.986065276841,0.383276015459,12.100483769872
Q_value,V11,Z2,M2025,REF,48,69,0.705882352941,41,34,0.739130434783,6.973969744279,35,29,0.690476190476,4.986065276841,1.987904467438,12.100483769872
Q_value,V11,Z2,M2025,REF,49,69,0.720588235294,42,35,0.760869565217,7.415338660177,36,30,0.714285714286,10.816484179390,3.401145519213,12.100483769872
Q_value,V11,Z2,M2025,REF,50,69,0.735294117647,48,36,0.782608695652,4.740277864160,40,31,0.738095238095,3.258251259488,1.482026604672,12.100483769872
Q_value,V11,Z2,M2025,REF,51,69,0.750000000000,48,36,0.782608695652,4.740277864160,41,32,0.761904761905,15.138302307863,10.398024443703,12.100483769872
Q_value,V11,Z2,M2025,REF,52,69,0.764705882353,49,37,0.804347826087,31.237802591124,42,33,0.785714285714,30.069387094205,1.168415496919,12.100483769872
Q_value,V11,Z2,M2025,REF,53,69,0.779411764706,50,38,0.826086956522,26.584541568414,42,33,0.785714285714,30.069387094205,3.484845525791,12.100483769872
Q_value,V11,Z2,M2025,REF,54,69,0.794117647059,51,39,0.847826086957,73.129958978402,42,33,0.785714285714,30.069387094205,43.060571884197,12.100483769872
Q_value,V11,Z2,M2025,REF,55,69,0.808823529412,52,40,0.869565217391,46.303070960336,42,33,0.785714285714,30.069387094205,16.233683866131,12.100483769872
Q_value,V11,Z2,M2025,REF,56,69,0.823529411765,53,41,0.891304347826,91.021082411492,42,33,0.785714285714,30.069387094205,60.951695317288,12.100483769872
Q_value,V11,Z2,M2025,REF,57,69,0.838235294118,54,42,0.913043478261,36.067643376145,42,33,0.785714285714,30.069387094205,5.998256281941,12.100483769872
Q_value,V11,Z2,M2025,REF,58,69,0.852941176471,55,43,0.934782608696,78.697299626535,42,33,0.785714285714,30.069387094205,48.627912532330,12.100483769872
Q_value,V11,Z2,M2025,REF,59,69,0.867647058824,56,44,0.956521739130,70.737945322118,42,33,0.785714285714,30.069387094205,40.668558227913,12.100483769872
Q_value,V11,Z2,M2025,REF,60,69,0.882352941176,57,45,0.978260869565,15.617397533671,43,34,0.809523809524,14.452603226305,1.164794307366,12.100483769872
Q_value,V11,Z2,M2025,REF,61,69,0.897058823529,57,45,0.978260869565,15.617397533671,44,35,0.833333333333,17.565323418148,1.947925884477,12.100483769872
Q_value,V11,Z2,M2025,REF,62,69,0.911764705882,57,45,0.978260869565,15.617397533671,45,36,0.857142857143,17.665765864974,2.048368331304,12.100483769872
Q_value,V11,Z2,M2025,REF,63,69,0.926470588235,57,45,0.978260869565,15.617397533671,46,37,0.880952380952,22.337078656528,6.719681122857,12.100483769872
Q_value,V11,Z2,M2025,REF,64,69,0.941176470588,57,45,0.978260869565,15.617397533671,47,38,0.904761904762,29.727431505564,14.110033971893,12.100483769872
Q_value,V11,Z2,M2025,REF,65,69,0.955882352941,57,45,0.978260869565,15.617397533671,48,39,0.928571428571,17.678393446157,2.060995912486,12.100483769872
Q_value,V11,Z2,M2025,REF,66,69,0.970588235294,57,45,0.978260869565,15.617397533671,49,40,0.952380952381,26.604043454751,10.986645921080,12.100483769872
Q_value,V11,Z2,M2025,REF,67,69,0.985294117647,57,45,0.978260869565,15.617397533671,50,41,0.976190476190,13.776260432281,1.841137101390,12.100483769872
Q_value,V11,Z2,M2025,REF,68,69,1.000000000000,58,46,1.000000000000,9.099171592416,51,42,1.000000000000,26.803895712258,17.704724119842,12.100483769872
SFR,V12,Z1,M2025,REF,0,71,0.000000000000,0,0,0.000000000000,27.447391354473,0,0,0.000000000000,4.355083860211,23.092307494263,3.167095322233
SFR,V12,Z1,M2025,REF,1,71,0.014285714286,1,1,0.016666666667,6.104176381052,1,1,0.022727272727,3.901289140969,2.202887240083,3.167095322233
SFR,V12,Z1,M2025,REF,2,71,0.028571428571,2,2,0.033333333333,7.257668029280,2,2,0.045454545455,3.139857124009,4.117810905271,3.167095322233
SFR,V12,Z1,M2025,REF,3,71,0.042857142857,3,3,0.050000000000,7.717222397772,3,3,0.068181818182,2.752507013747,4.964715384026,3.167095322233
SFR,V12,Z1,M2025,REF,4,71,0.057142857143,4,4,0.066666666667,5.088392840397,4,4,0.090909090909,2.492303728252,2.596089112145,3.167095322233
SFR,V12,Z1,M2025,REF,5,71,0.071428571429,4,4,0.066666666667,5.088392840397,5,5,0.113636363636,4.522780793954,0.565612046443,3.167095322233
SFR,V12,Z1,M2025,REF,6,71,0.085714285714,5,5,0.083333333333,9.089836816578,6,6,0.136363636364,12.308648383032,3.218811566454,3.167095322233
SFR,V12,Z1,M2025,REF,7,71,0.100000000000,5,5,0.083333333333,9.089836816578,7,7,0.159090909091,9.012133829649,0.077702986929,3.167095322233
SFR,V12,Z1,M2025,REF,8,71,0.114285714286,5,5,0.083333333333,9.089836816578,8,8,0.181818181818,7.722226533033,1.367610283545,3.167095322233
SFR,V12,Z1,M2025,REF,9,71,0.128571428571,6,6,0.100000000000,12.503842471894,9,9,0.204545454545,12.848028339269,0.344185867375,3.167095322233
SFR,V12,Z1,M2025,REF,10,71,0.142857142857,6,6,0.100000000000,12.503842471894,10,10,0.227272727273,15.467429868541,2.963587396647,3.167095322233
SFR,V12,Z1,M2025,REF,11,71,0.157142857143,6,6,0.100000000000,12.503842471894,11,11,0.250000000000,11.966887125890,0.536955346004,3.167095322233
SFR,V12,Z1,M2025,REF,12,71,0.171428571429,6,6,0.100000000000,12.503842471894,12,12,0.272727272727,12.411173867805,0.092668604089,3.167095322233
SFR,V12,Z1,M2025,REF,13,71,0.185714285714,6,6,0.100000000000,12.503842471894,13,13,0.295454545455,13.246258525207,0.742416053313,3.167095322233
SFR,V12,Z1,M2025,REF,14,71,0.200000000000,7,7,0.116666666667,15.171999406206,14,14,0.318181818182,14.337176894477,0.834822511729,3.167095322233
SFR,V12,Z1,M2025,REF,15,71,0.214285714286,8,8,0.133333333333,18.201637423284,15,15,0.340909090909,14.834746612912,3.366890810373,3.167095322233
SFR,V12,Z1,M2025,REF,16,71,0.228571428571,9,9,0.150000000000,7.090400977046,16,16,0.363636363636,11.480628774802,4.390227797757,3.167095322233
SFR,V12,Z1,M2025,REF,17,71,0.242857142857,10,10,0.166666666667,15.315925649650,17,17,0.386363636364,9.924174123969,5.391751525681,3.167095322233
SFR,V12,Z1,M2025,REF,18,71,0.257142857143,11,11,0.183333333333,19.864482342887,18,18,0.409090909091,26.975527128598,7.111044785711,3.167095322233
SFR,V12,Z1,M2025,REF,19,71,0.271428571429,12,12,0.200000000000,25.376052344683,18,18,0.409090909091,26.975527128598,1.599474783914,3.167095322233
SFR,V12,Z1,M2025,REF,20,71,0.285714285714,13,13,0.216666666667,18.865416022571,19,19,0.431818181818,19.349535664856,0.484119642285,3.167095322233
SFR,V12,Z1,M2025,REF,21,71,0.300000000000,14,14,0.233333333333,13.426831882901,19,19,0.431818181818,19.349535664856,5.922703781955,3.167095322233
SFR,V12,Z1,M2025,REF,22,71,0.314285714286,15,15,0.250000000000,19.921966701777,19,19,0.431818181818,19.349535664856,0.572431036920,3.167095322233
SFR,V12,Z1,M2025,REF,23,71,0.328571428571,16,16,0.266666666667,17.505453148093,19,19,0.431818181818,19.349535664856,1.844082516763,3.167095322233
SFR,V12,Z1,M2025,REF,24,71,0.342857142857,17,17,0.283333333333,21.256713670566,19,19,0.431818181818,19.349535664856,1.907178005710,3.167095322233
SFR,V12,Z1,M2025,REF,25,71,0.357142857143,18,18,0.300000000000,17.140365111539,19,19,0.431818181818,19.349535664856,2.209170553318,3.167095322233
SFR,V12,Z1,M2025,REF,26,71,0.371428571429,19,19,0.316666666667,23.273312703667,20,20,0.454545454545,22.870084859401,0.403227844266,3.167095322233
SFR,V12,Z1,M2025,REF,27,71,0.385714285714,20,20,0.333333333333,20.042312180220,20,20,0.454545454545,22.870084859401,2.827772679181,3.167095322233
SFR,V12,Z1,M2025,REF,28,71,0.400000000000,21,21,0.350000000000,15.181246930422,21,21,0.477272727273,8.377015168460,6.804231761962,3.167095322233
SFR,V12,Z1,M2025,REF,29,71,0.414285714286,21,21,0.350000000000,15.181246930422,22,22,0.500000000000,15.326703626360,0.145456695938,3.167095322233
SFR,V12,Z1,M2025,REF,30,71,0.428571428571,22,22,0.366666666667,21.948910366429,23,23,0.522727272727,16.586346655547,5.362563710883,3.167095322233
SFR,V12,Z1,M2025,REF,31,71,0.442857142857,23,23,0.383333333333,16.990350651854,23,23,0.522727272727,16.586346655547,0.404003996308,3.167095322233
SFR,V12,Z1,M2025,REF,32,71,0.457142857143,24,24,0.400000000000,13.136850996573,24,24,0.545454545455,14.404959299446,1.268108302873,3.167095322233
SFR,V12,Z1,M2025,REF,33,71,0.471428571429,24,24,0.400000000000,13.136850996573,25,25,0.568181818182,13.976957593167,0.840106596594,3.167095322233
SFR,V12,Z1,M2025,REF,34,71,0.485714285714,25,25,0.416666666667,25.402761559992,26,26,0.590909090909,17.606142392264,7.796619167728,3.167095322233
SFR,V12,Z1,M2025,REF,35,71,0.500000000000,26,26,0.433333333333,17.884583064766,26,26,0.590909090909,17.606142392264,0.278440672503,3.167095322233
SFR,V12,Z1,M2025,REF,36,71,0.514285714286,27,27,0.450000000000,15.812707181010,26,26,0.590909090909,17.606142392264,1.793435211253,3.167095322233
SFR,V12,Z1,M2025,REF,37,71,0.528571428571,28,28,0.466666666667,16.584392472260,27,27,0.613636363636,18.837534634992,2.253142162731,3.167095322233
SFR,V12,Z1,M2025,REF,38,71,0.542857142857,29,29,0.483333333333,24.083574632173,28,28,0.636363636364,23.362902942265,0.720671689908,3.167095322233
SFR,V12,Z1,M2025,REF,39,71,0.557142857143,30,30,0.500000000000,21.558652344305,28,28,0.636363636364,23.362902942265,1.804250597961,3.167095322233
SFR,V12,Z1,M2025,REF,40,71,0.571428571429,31,31,0.516666666667,15.901996317359,29,29,0.659090909091,16.524480066294,0.622483748935,3.167095322233
SFR,V12,Z1,M2025,REF,41,71,0.585714285714,32,32,0.533333333333,22.099005446027,30,30,0.681818181818,21.159107986802,0.939897459225,3.167095322233
SFR,V12,Z1,M2025,REF,42,71,0.600000000000,33,33,0.550000000000,20.518662009335,30,30,0.681818181818,21.159107986802,0.640445977468,3.167095322233
SFR,V12,Z1,M2025,REF,43,71,0.614285714286,34,34,0.566666666667,23.768366875636,30,30,0.681818181818,21.159107986802,2.609258888834,3.167095322233
SFR,V12,Z1,M2025,REF,44,71,0.628571428571,35,35,0.583333333333,17.994766100830,30,30,0.681818181818,21.159107986802,3.164341885972,3.167095322233
SFR,V12,Z1,M2025,REF,45,71,0.642857142857,36,36,0.600000000000,14.272820943267,31,31,0.704545454545,13.620508943462,0.652311999805,3.167095322233
SFR,V12,Z1,M2025,REF,46,71,0.657142857143,36,36,0.600000000000,14.272820943267,32,32,0.727272727273,16.533540511932,2.260719568665,3.167095322233
SFR,V12,Z1,M2025,REF,47,71,0.671428571429,37,37,0.616666666667,10.151540881743,33,33,0.750000000000,10.149788703076,0.001752178667,3.167095322233
SFR,V12,Z1,M2025,REF,48,71,0.685714285714,38,38,0.633333333333,7.496863617742,33,33,0.750000000000,10.149788703076,2.652925085335,3.167095322233
SFR,V12,Z1,M2025,REF,49,71,0.700000000000,39,39,0.650000000000,8.877685585740,33,33,0.750000000000,10.149788703076,1.272103117337,3.167095322233
SFR,V12,Z1,M2025,REF,50,71,0.714285714286,40,40,0.666666666667,9.130678798129,33,33,0.750000000000,10.149788703076,1.019109904948,3.167095322233
SFR,V12,Z1,M2025,REF,51,71,0.728571428571,41,41,0.683333333333,9.958936706168,33,33,0.750000000000,10.149788703076,0.190851996908,3.167095322233
SFR,V12,Z1,M2025,REF,52,71,0.742857142857,42,42,0.700000000000,6.234493865598,34,34,0.772727272727,7.017968806788,0.783474941190,3.167095322233
SFR,V12,Z1,M2025,REF,53,71,0.757142857143,43,43,0.716666666667,2.662732453651,35,35,0.795454545455,5.430803789209,2.768071335558,3.167095322233
SFR,V12,Z1,M2025,REF,54,71,0.771428571429,44,44,0.733333333333,2.153140903040,35,35,0.795454545455,5.430803789209,3.277662886169,3.167095322233
SFR,V12,Z1,M2025,REF,55,71,0.785714285714,45,45,0.750000000000,21.855221001230,36,36,0.818181818182,9.432678801134,12.422542200095,3.167095322233
SFR,V12,Z1,M2025,REF,56,71,0.800000000000,46,46,0.766666666667,8.123955099490,36,36,0.818181818182,9.432678801134,1.308723701644,3.167095322233
SFR,V12,Z1,M2025,REF,57,71,0.814285714286,47,47,0.783333333333,7.290868842436,36,36,0.818181818182,9.432678801134,2.141809958699,3.167095322233
SFR,V12,Z1,M2025,REF,58,71,0.828571428571,48,48,0.800000000000,10.975009981498,36,36,0.818181818182,9.432678801134,1.542331180364,3.167095322233
SFR,V12,Z1,M2025,REF,59,71,0.842857142857,49,49,0.816666666667,18.729863180352,37,37,0.840909090909,16.040741869372,2.689121310979,3.167095322233
SFR,V12,Z1,M2025,REF,60,71,0.857142857143,50,50,0.833333333333,19.751115600517,37,37,0.840909090909,16.040741869372,3.710373731144,3.167095322233
SFR,V12,Z1,M2025,REF,61,71,0.871428571429,51,51,0.850000000000,18.061279020804,37,37,0.840909090909,16.040741869372,2.020537151431,3.167095322233
SFR,V12,Z1,M2025,REF,62,71,0.885714285714,52,52,0.866666666667,18.008989514847,38,38,0.863636363636,15.283161218247,2.725828296600,3.167095322233
SFR,V12,Z1,M2025,REF,63,71,0.900000000000,53,53,0.883333333333,28.696834085206,39,39,0.886363636364,23.000449161098,5.696384924108,3.167095322233
SFR,V12,Z1,M2025,REF,64,71,0.914285714286,54,54,0.900000000000,21.216549452171,40,40,0.909090909091,22.944287942875,1.727738490704,3.167095322233
SFR,V12,Z1,M2025,REF,65,71,0.928571428571,55,55,0.916666666667,19.431646281337,41,41,0.931818181818,16.678201540291,2.753444741046,3.167095322233
SFR,V12,Z1,M2025,REF,66,71,0.942857142857,56,56,0.933333333333,17.099968832302,41,41,0.931818181818,16.678201540291,0.421767292010,3.167095322233
SFR,V12,Z1,M2025,REF,67,71,0.957142857143,57,57,0.950000000000,15.684069086103,41,41,0.931818181818,16.678201540291,0.994132454188,3.167095322233
SFR,V12,Z1,M2025,REF,68,71,0.971428571429,58,58,0.966666666667,13.403921276267,42,42,0.954545454545,25.684789930659,12.280868654392,3.167095322233
SFR,V12,Z1,M2025,REF,69,71,0.985714285714,59,59,0.983333333333,9.309132877968,43,43,0.977272727273,23.901779477896,14.592646599928,3.167095322233
SFR,V12,Z1,M2025,REF,70,71,1.000000000000,60,60,1.000000000000,7.054773464338,44,44,1.000000000000,26.815590551722,19.760817087385,3.167095322233
SFR,V12,Z2,M2025,REF,0,73,0.000000000000,0,0,0.000000000000,27.447391354473,0,0,0.000000000000,8.469197448574,18.978193905899,3.240038561825
SFR,V12,Z2,M2025,REF,1,73,0.013888888889,1,1,0.016666666667,6.104176381052,1,1,0.026315789474,4.186298961117,1.917877419935,3.240038561825
SFR,V12,Z2,M2025,REF,2,73,0.027777777778,1,1,0.016666666667,6.104176381052,2,2,0.052631578947,4.131681577343,1.972494803710,3.240038561825
SFR,V12,Z2,M2025,REF,3,73,0.041666666667,1,1,0.016666666667,6.104176381052,3,3,0.078947368421,3.407032168265,2.697144212788,3.240038561825
SFR,V12,Z2,M2025,REF,4,73,0.055555555556,1,1,0.016666666667,6.104176381052,4,4,0.105263157895,4.393303038798,1.710873342254,3.240038561825
SFR,V12,Z2,M2025,REF,5,73,0.069444444444,1,1,0.016666666667,6.104176381052,5,5,0.131578947368,5.508764439380,0.595411941672,3.240038561825
SFR,V12,Z2,M2025,REF,6,73,0.083333333333,2,2,0.033333333333,7.257668029280,6,6,0.157894736842,11.748352269725,4.490684240445,3.240038561825
SFR,V12,Z2,M2025,REF,7,73,0.097222222222,3,3,0.050000000000,7.717222397772,7,7,0.184210526316,7.509396202866,0.207826194906,3.240038561825
SFR,V12,Z2,M2025,REF,8,73,0.111111111111,4,4,0.066666666667,5.088392840397,8,8,0.210526315789,4.574324971237,0.514067869160,3.240038561825
SFR,V12,Z2,M2025,REF,9,73,0.125000000000,5,5,0.083333333333,9.089836816578,9,9,0.236842105263,11.879655974641,2.789819158063,3.240038561825
SFR,V12,Z2,M2025,REF,10,73,0.138888888889,5,5,0.083333333333,9.089836816578,10,10,0.263157894737,11.052500894978,1.962664078401,3.240038561825
SFR,V12,Z2,M2025,REF,11,73,0.152777777778,5,5,0.083333333333,9.089836816578,11,11,0.289473684211,11.166399384081,2.076562567503,3.240038561825
SFR,V12,Z2,M2025,REF,12,73,0.166666666667,5,5,0.083333333333,9.089836816578,12,12,0.315789473684,9.201635891485,0.111799074907,3.240038561825
SFR,V12,Z2,M2025,REF,13,73,0.180555555556,5,5,0.083333333333,9.089836816578,13,13,0.342105263158,9.476774634415,0.386937817837,3.240038561825
SFR,V12,Z2,M2025,REF,14,73,0.194444444444,6,6,0.100000000000,12.503842471894,14,14,0.368421052632,10.821095239954,1.682747231940,3.240038561825
SFR,V12,Z2,M2025,REF,15,73,0.208333333333,7,7,0.116666666667,15.171999406206,15,15,0.394736842105,13.677396410375,1.494602995831,3.240038561825
SFR,V12,Z2,M2025,REF,16,73,0.222222222222,8,8,0.133333333333,18.201637423284,15,15,0.394736842105,13.677396410375,4.524241012909,3.240038561825
SFR,V12,Z2,M2025,REF,17,73,0.236111111111,9,9,0.150000000000,7.090400977046,16,16,0.421052631579,10.090391544253,2.999990567207,3.240038561825
SFR,V12,Z2,M2025,REF,18,73,0.250000000000,9,9,0.150000000000,7.090400977046,17,17,0.447368421053,9.765100885095,2.674699908050,3.240038561825
SFR,V12,Z2,M2025,REF,19,73,0.263888888889,10,10,0.166666666667,15.315925649650,18,18,0.473684210526,13.877716166797,1.438209482853,3.240038561825
SFR,V12,Z2,M2025,REF,20,73,0.277777777778,10,10,0.166666666667,15.315925649650,19,19,0.500000000000,11.422488903898,3.893436745752,3.240038561825
SFR,V12,Z2,M2025,REF,21,73,0.291666666667,11,11,0.183333333333,19.864482342887,20,20,0.526315789474,16.166007358524,3.698474984362,3.240038561825
SFR,V12,Z2,M2025,REF,22,73,0.305555555556,12,12,0.200000000000,25.376052344683,20,20,0.526315789474,16.166007358524,9.210044986159,3.240038561825
SFR,V12,Z2,M2025,REF,23,73,0.319444444444,13,13,0.216666666667,18.865416022571,20,20,0.526315789474,16.166007358524,2.699408664047,3.240038561825
SFR,V12,Z2,M2025,REF,24,73,0.333333333333,14,14,0.233333333333,13.426831882901,21,21,0.552631578947,12.975705896132,0.451125986769,3.240038561825
SFR,V12,Z2,M2025,REF,25,73,0.347222222222,15,15,0.250000000000,19.921966701777,22,22,0.578947368421,17.081314191042,2.840652510734,3.240038561825
SFR,V12,Z2,M2025,REF,26,73,0.361111111111,16,16,0.266666666667,17.505453148093,22,22,0.578947368421,17.081314191042,0.424138957051,3.240038561825
SFR,V12,Z2,M2025,REF,27,73,0.375000000000,17,17,0.283333333333,21.256713670566,22,22,0.578947368421,17.081314191042,4.175399479524,3.240038561825
SFR,V12,Z2,M2025,REF,28,73,0.388888888889,18,18,0.300000000000,17.140365111539,22,22,0.578947368421,17.081314191042,0.059050920497,3.240038561825
SFR,V12,Z2,M2025,REF,29,73,0.402777777778,19,19,0.316666666667,23.273312703667,22,22,0.578947368421,17.081314191042,6.191998512624,3.240038561825
SFR,V12,Z2,M2025,REF,30,73,0.416666666667,20,20,0.333333333333,20.042312180220,23,23,0.605263157895,16.868594660207,3.173717520014,3.240038561825
SFR,V12,Z2,M2025,REF,31,73,0.430555555556,21,21,0.350000000000,15.181246930422,24,24,0.631578947368,14.951726046013,0.229520884409,3.240038561825
SFR,V12,Z2,M2025,REF,32,73,0.444444444444,21,21,0.350000000000,15.181246930422,25,25,0.657894736842,15.970650046849,0.789403116427,3.240038561825
SFR,V12,Z2,M2025,REF,33,73,0.458333333333,22,22,0.366666666667,21.948910366429,26,26,0.684210526316,18.127167994793,3.821742371636,3.240038561825
SFR,V12,Z2,M2025,REF,34,73,0.472222222222,23,23,0.383333333333,16.990350651854,26,26,0.684210526316,18.127167994793,1.136817342938,3.240038561825
SFR,V12,Z2,M2025,REF,35,73,0.486111111111,24,24,0.400000000000,13.136850996573,27,27,0.710526315789,12.807337483798,0.329513512775,3.240038561825
SFR,V12,Z2,M2025,REF,36,73,0.500000000000,25,25,0.416666666667,25.402761559992,28,28,0.736842105263,17.656879922151,7.745881637841,3.240038561825
SFR,V12,Z2,M2025,REF,37,73,0.513888888889,26,26,0.433333333333,17.884583064766,28,28,0.736842105263,17.656879922151,0.227703142615,3.240038561825
SFR,V12,Z2,M2025,REF,38,73,0.527777777778,27,27,0.450000000000,15.812707181010,28,28,0.736842105263,17.656879922151,1.844172741141,3.240038561825
SFR,V12,Z2,M2025,REF,39,73,0.541666666667,28,28,0.466666666667,16.584392472260,28,28,0.736842105263,17.656879922151,1.072487449890,3.240038561825
SFR,V12,Z2,M2025,REF,40,73,0.555555555556,29,29,0.483333333333,24.083574632173,28,28,0.736842105263,17.656879922151,6.426694710022,3.240038561825
SFR,V12,Z2,M2025,REF,41,73,0.569444444444,30,30,0.500000000000,21.558652344305,28,28,0.736842105263,17.656879922151,3.901772422154,3.240038561825
SFR,V12,Z2,M2025,REF,42,73,0.583333333333,31,31,0.516666666667,15.901996317359,28,28,0.736842105263,17.656879922151,1.754883604792,3.240038561825
SFR,V12,Z2,M2025,REF,43,73,0.597222222222,32,32,0.533333333333,22.099005446027,28,28,0.736842105263,17.656879922151,4.442125523876,3.240038561825
SFR,V12,Z2,M2025,REF,44,73,0.611111111111,33,33,0.550000000000,20.518662009335,28,28,0.736842105263,17.656879922151,2.861782087184,3.240038561825
SFR,V12,Z2,M2025,REF,45,73,0.625000000000,34,34,0.566666666667,23.768366875636,28,28,0.736842105263,17.656879922151,6.111486953485,3.240038561825
SFR,V12,Z2,M2025,REF,46,73,0.638888888889,35,35,0.583333333333,17.994766100830,28,28,0.736842105263,17.656879922151,0.337886178679,3.240038561825
SFR,V12,Z2,M2025,REF,47,73,0.652777777778,36,36,0.600000000000,14.272820943267,29,29,0.763157894737,14.777696337447,0.504875394180,3.240038561825
SFR,V12,Z2,M2025,REF,48,73,0.666666666667,36,36,0.600000000000,14.272820943267,30,30,0.789473684211,13.683672933927,0.589148009340,3.240038561825
SFR,V12,Z2,M2025,REF,49,73,0.680555555556,37,37,0.616666666667,10.151540881743,31,31,0.815789473684,10.767978442989,0.616437561246,3.240038561825
SFR,V12,Z2,M2025,REF,50,73,0.694444444444,38,38,0.633333333333,7.496863617742,31,31,0.815789473684,10.767978442989,3.271114825247,3.240038561825
SFR,V12,Z2,M2025,REF,51,73,0.708333333333,39,39,0.650000000000,8.877685585740,31,31,0.815789473684,10.767978442989,1.890292857249,3.240038561825
SFR,V12,Z2,M2025,REF,52,73,0.722222222222,40,40,0.666666666667,9.130678798129,31,31,0.815789473684,10.767978442989,1.637299644860,3.240038561825
SFR,V12,Z2,M2025,REF,53,73,0.736111111111,41,41,0.683333333333,9.958936706168,31,31,0.815789473684,10.767978442989,0.809041736821,3.240038561825
SFR,V12,Z2,M2025,REF,54,73,0.750000000000,42,42,0.700000000000,6.234493865598,31,31,0.815789473684,10.767978442989,4.533484577391,3.240038561825
SFR,V12,Z2,M2025,REF,55,73,0.763888888889,43,43,0.716666666667,2.662732453651,31,31,0.815789473684,10.767978442989,8.105245989338,3.240038561825
SFR,V12,Z2,M2025,REF,56,73,0.777777777778,44,44,0.733333333333,2.153140903040,31,31,0.815789473684,10.767978442989,8.614837539949,3.240038561825
SFR,V12,Z2,M2025,REF,57,73,0.791666666667,45,45,0.750000000000,21.855221001230,31,31,0.815789473684,10.767978442989,11.087242558241,3.240038561825
SFR,V12,Z2,M2025,REF,58,73,0.805555555556,46,46,0.766666666667,8.123955099490,31,31,0.815789473684,10.767978442989,2.644023343499,3.240038561825
SFR,V12,Z2,M2025,REF,59,73,0.819444444444,47,47,0.783333333333,7.290868842436,31,31,0.815789473684,10.767978442989,3.477109600553,3.240038561825
SFR,V12,Z2,M2025,REF,60,73,0.833333333333,48,48,0.800000000000,10.975009981498,31,31,0.815789473684,10.767978442989,0.207031538509,3.240038561825
SFR,V12,Z2,M2025,REF,61,73,0.847222222222,49,49,0.816666666667,18.729863180352,32,32,0.842105263158,16.011331813467,2.718531366884,3.240038561825
SFR,V12,Z2,M2025,REF,62,73,0.861111111111,50,50,0.833333333333,19.751115600517,33,33,0.868421052632,16.676383878898,3.074731721619,3.240038561825
SFR,V12,Z2,M2025,REF,63,73,0.875000000000,51,51,0.850000000000,18.061279020804,33,33,0.868421052632,16.676383878898,1.384895141906,3.240038561825
SFR,V12,Z2,M2025,REF,64,73,0.888888888889,52,52,0.866666666667,18.008989514847,34,34,0.894736842105,16.117999049656,1.890990465191,3.240038561825
SFR,V12,Z2,M2025,REF,65,73,0.902777777778,53,53,0.883333333333,28.696834085206,35,35,0.921052631579,27.140862503509,1.555971581697,3.240038561825
SFR,V12,Z2,M2025,REF,66,73,0.916666666667,54,54,0.900000000000,21.216549452171,36,36,0.947368421053,15.349581973028,5.866967479143,3.240038561825
SFR,V12,Z2,M2025,REF,67,73,0.930555555556,55,55,0.916666666667,19.431646281337,36,36,0.947368421053,15.349581973028,4.082064308309,3.240038561825
SFR,V12,Z2,M2025,REF,68,73,0.944444444444,56,56,0.933333333333,17.099968832302,36,36,0.947368421053,15.349581973028,1.750386859273,3.240038561825
SFR,V12,Z2,M2025,REF,69,73,0.958333333333,57,57,0.950000000000,15.684069086103,36,36,0.947368421053,15.349581973028,0.334487113075,3.240038561825
SFR,V12,Z2,M2025,REF,70,73,0.972222222222,58,58,0.966666666667,13.403921276267,36,36,0.947368421053,15.349581973028,1.945660696762,3.240038561825
SFR,V12,Z2,M2025,REF,71,73,0.986111111111,59,59,0.983333333333,9.309132877968,37,37,0.973684210526,23.918901070216,14.609768192248,3.240038561825
SFR,V12,Z2,M2025,REF,72,73,1.000000000000,60,60,1.000000000000,7.054773464338,38,38,1.000000000000,21.297777601360,14.243004137022,3.240038561825
Q_value,V12,Z1,M2025,REF,0,56,0.000000000000,0,0,0.000000000000,3.447937054269,6,0,0.000000000000,11.566603078539,8.118666024270,14.103688124677
Q_value,V12,Z1,M2025,REF,1,56,0.018181818182,0,0,0.000000000000,3.447937054269,7,1,0.045454545455,5.363665183220,1.915728128951,14.103688124677
Q_value,V12,Z1,M2025,REF,2,56,0.036363636364,5,1,0.021739130435,7.455585348620,9,2,0.090909090909,8.003066404631,0.547481056011,14.103688124677
Q_value,V12,Z1,M2025,REF,3,56,0.054545454545,6,2,0.043478260870,16.992255148086,10,3,0.136363636364,18.484054232942,1.491799084856,14.103688124677
Q_value,V12,Z1,M2025,REF,4,56,0.072727272727,7,3,0.065217391304,19.801359836563,10,3,0.136363636364,18.484054232942,1.317305603621,14.103688124677
Q_value,V12,Z1,M2025,REF,5,56,0.090909090909,8,4,0.086956521739,27.015376883889,10,3,0.136363636364,18.484054232942,8.531322650947,14.103688124677
Q_value,V12,Z1,M2025,REF,6,56,0.109090909091,10,5,0.108695652174,21.603104881885,10,3,0.136363636364,18.484054232942,3.119050648943,14.103688124677
Q_value,V12,Z1,M2025,REF,7,56,0.127272727273,11,6,0.130434782609,86.322322079012,10,3,0.136363636364,18.484054232942,67.838267846070,14.103688124677
Q_value,V12,Z1,M2025,REF,8,56,0.145454545455,12,7,0.152173913043,81.656393483963,10,3,0.136363636364,18.484054232942,63.172339251021,14.103688124677
Q_value,V12,Z1,M2025,REF,9,56,0.163636363636,13,8,0.173913043478,23.709688313149,10,3,0.136363636364,18.484054232942,5.225634080207,14.103688124677
Q_value,V12,Z1,M2025,REF,10,56,0.181818181818,14,9,0.195652173913,21.957404367272,10,3,0.136363636364,18.484054232942,3.473350134330,14.103688124677
Q_value,V12,Z1,M2025,REF,11,56,0.200000000000,15,10,0.217391304348,38.689814008544,10,3,0.136363636364,18.484054232942,20.205759775602,14.103688124677
Q_value,V12,Z1,M2025,REF,12,56,0.218181818182,16,11,0.239130434783,62.103287577067,10,3,0.136363636364,18.484054232942,43.619233344125,14.103688124677
Q_value,V12,Z1,M2025,REF,13,56,0.236363636364,17,12,0.260869565217,61.210006703417,10,3,0.136363636364,18.484054232942,42.725952470475,14.103688124677
Q_value,V12,Z1,M2025,REF,14,56,0.254545454545,18,13,0.282608695652,16.842821272505,10,3,0.136363636364,18.484054232942,1.641232960437,14.103688124677
Q_value,V12,Z1,M2025,REF,15,56,0.272727272727,19,14,0.304347826087,27.901129670225,10,3,0.136363636364,18.484054232942,9.417075437283,14.103688124677
Q_value,V12,Z1,M2025,REF,16,56,0.290909090909,20,15,0.326086956522,25.587494683788,10,3,0.136363636364,18.484054232942,7.103440450846,14.103688124677
Q_value,V12,Z1,M2025,REF,17,56,0.309090909091,21,16,0.347826086957,39.623076202212,10,3,0.136363636364,18.484054232942,21.139021969270,14.103688124677
Q_value,V12,Z1,M2025,REF,18,56,0.327272727273,22,17,0.369565217391,40.501518096056,10,3,0.136363636364,18.484054232942,22.017463863114,14.103688124677
Q_value,V12,Z1,M2025,REF,19,56,0.345454545455,23,18,0.391304347826,15.409386217032,10,3,0.136363636364,18.484054232942,3.074668015910,14.103688124677
Q_value,V12,Z1,M2025,REF,20,56,0.363636363636,24,19,0.413043478261,11.716405323250,10,3,0.136363636364,18.484054232942,6.767648909692,14.103688124677
Q_value,V12,Z1,M2025,REF,21,56,0.381818181818,25,20,0.434782608696,22.384333347115,10,3,0.136363636364,18.484054232942,3.900279114173,14.103688124677
Q_value,V12,Z1,M2025,REF,22,56,0.400000000000,26,21,0.456521739130,76.246871403190,10,3,0.136363636364,18.484054232942,57.762817170248,14.103688124677
Q_value,V12,Z1,M2025,REF,23,56,0.418181818182,27,22,0.478260869565,15.199337384337,10,3,0.136363636364,18.484054232942,3.284716848605,14.103688124677
Q_value,V12,Z1,M2025,REF,24,56,0.436363636364,28,23,0.500000000000,10.450255706531,11,4,0.181818181818,10.636053523744,0.185797817213,14.103688124677
Q_value,V12,Z1,M2025,REF,25,56,0.454545454545,28,23,0.500000000000,10.450255706531,13,5,0.227272727273,10.717151659366,0.266895952835,14.103688124677
Q_value,V12,Z1,M2025,REF,26,56,0.472727272727,28,23,0.500000000000,10.450255706531,14,6,0.272727272727,8.635120817234,1.815134889297,14.103688124677
Q_value,V12,Z1,M2025,REF,27,56,0.490909090909,28,23,0.500000000000,10.450255706531,15,7,0.318181818182,8.845664885432,1.604590821099,14.103688124677
Q_value,V12,Z1,M2025,REF,28,56,0.509090909091,29,24,0.521739130435,13.055540223775,16,8,0.363636363636,12.114259281073,0.941280942702,14.103688124677
Q_value,V12,Z1,M2025,REF,29,56,0.527272727273,30,25,0.543478260870,22.366099472383,18,9,0.409090909091,15.061763180537,7.304336291846,14.103688124677
Q_value,V12,Z1,M2025,REF,30,56,0.545454545455,31,26,0.565217391304,64.001370286205,18,9,0.409090909091,15.061763180537,48.939607105668,14.103688124677
Q_value,V12,Z1,M2025,REF,31,56,0.563636363636,32,27,0.586956521739,12.571413187197,19,10,0.454545454545,14.766661108023,2.195247920825,14.103688124677
Q_value,V12,Z1,M2025,REF,32,56,0.581818181818,33,28,0.608695652174,33.074799423666,20,11,0.500000000000,14.866722803348,18.208076620318,14.103688124677
Q_value,V12,Z1,M2025,REF,33,56,0.600000000000,34,29,0.630434782609,11.225533668025,20,11,0.500000000000,14.866722803348,3.641189135323,14.103688124677
Q_value,V12,Z1,M2025,REF,34,56,0.618181818182,35,30,0.652173913043,36.122972598668,22,12,0.545454545455,16.493086108352,19.629886490317,14.103688124677
Q_value,V12,Z1,M2025,REF,35,56,0.636363636364,36,31,0.673913043478,8.189830460835,26,13,0.590909090909,5.655007310633,2.534823150202,14.103688124677
Q_value,V12,Z1,M2025,REF,36,56,0.654545454545,37,32,0.695652173913,5.691883230628,26,13,0.590909090909,5.655007310633,0.036875919996,14.103688124677
Q_value,V12,Z1,M2025,REF,37,56,0.672727272727,38,33,0.717391304348,4.602789261382,26,13,0.590909090909,5.655007310633,1.052218049251,14.103688124677
Q_value,V12,Z1,M2025,REF,38,56,0.690909090909,41,34,0.739130434783,6.973969744279,36,14,0.636363636364,6.936547742281,0.037422001998,14.103688124677
Q_value,V12,Z1,M2025,REF,39,56,0.709090909091,42,35,0.760869565217,7.415338660177,36,14,0.636363636364,6.936547742281,0.478790917896,14.103688124677
Q_value,V12,Z1,M2025,REF,40,56,0.727272727273,48,36,0.782608695652,4.740277864160,36,14,0.636363636364,6.936547742281,2.196269878121,14.103688124677
Q_value,V12,Z1,M2025,REF,41,56,0.745454545455,49,37,0.804347826087,31.237802591124,37,15,0.681818181818,26.429647762019,4.808154829105,14.103688124677
Q_value,V12,Z1,M2025,REF,42,56,0.763636363636,50,38,0.826086956522,26.584541568414,37,15,0.681818181818,26.429647762019,0.154893806395,14.103688124677
Q_value,V12,Z1,M2025,REF,43,56,0.781818181818,51,39,0.847826086957,73.129958978402,37,15,0.681818181818,26.429647762019,46.700311216383,14.103688124677
Q_value,V12,Z1,M2025,REF,44,56,0.800000000000,52,40,0.869565217391,46.303070960336,37,15,0.681818181818,26.429647762019,19.873423198317,14.103688124677
Q_value,V12,Z1,M2025,REF,45,56,0.818181818182,53,41,0.891304347826,91.021082411492,37,15,0.681818181818,26.429647762019,64.591434649474,14.103688124677
Q_value,V12,Z1,M2025,REF,46,56,0.836363636364,54,42,0.913043478261,36.067643376145,37,15,0.681818181818,26.429647762019,9.637995614126,14.103688124677
Q_value,V12,Z1,M2025,REF,47,56,0.854545454545,55,43,0.934782608696,78.697299626535,37,15,0.681818181818,26.429647762019,52.267651864516,14.103688124677
Q_value,V12,Z1,M2025,REF,48,56,0.872727272727,56,44,0.956521739130,70.737945322118,37,15,0.681818181818,26.429647762019,44.308297560099,14.103688124677
Q_value,V12,Z1,M2025,REF,49,56,0.890909090909,57,45,0.978260869565,15.617397533671,38,16,0.727272727273,9.937330558731,5.680066974940,14.103688124677
Q_value,V12,Z1,M2025,REF,50,56,0.909090909091,57,45,0.978260869565,15.617397533671,39,17,0.772727272727,24.430123902997,8.812726369326,14.103688124677
Q_value,V12,Z1,M2025,REF,51,56,0.927272727273,57,45,0.978260869565,15.617397533671,40,18,0.818181818182,16.956316760576,1.338919226905,14.103688124677
Q_value,V12,Z1,M2025,REF,52,56,0.945454545455,57,45,0.978260869565,15.617397533671,41,19,0.863636363636,13.690961074966,1.926436458705,14.103688124677
Q_value,V12,Z1,M2025,REF,53,56,0.963636363636,57,45,0.978260869565,15.617397533671,42,20,0.909090909091,19.946183524088,4.328785990418,14.103688124677
Q_value,V12,Z1,M2025,REF,54,56,0.981818181818,57,45,0.978260869565,15.617397533671,43,21,0.954545454545,16.172564562731,0.555167029060,14.103688124677
Q_value,V12,Z1,M2025,REF,55,56,1.000000000000,58,46,1.000000000000,9.099171592416,44,22,1.000000000000,15.442743042633,6.343571450217,14.103688124677
Q_value,V12,Z2,M2025,REF,0,70,0.000000000000,0,0,0.000000000000,3.447937054269,6,0,0.000000000000,11.369574709777,7.921637655508,12.981469671045
Q_value,V12,Z2,M2025,REF,1,70,0.014492753623,5,1,0.021739130435,7.455585348620,7,1,0.035714285714,8.004834302723,0.549248954103,12.981469671045
Q_value,V12,Z2,M2025,REF,2,70,0.028985507246,5,1,0.021739130435,7.455585348620,9,2,0.071428571429,5.486338815489,1.969246533132,12.981469671045
Q_value,V12,Z2,M2025,REF,3,70,0.043478260870,5,1,0.021739130435,7.455585348620,10,3,0.107142857143,12.889678298443,5.434092949822,12.981469671045
Q_value,V12,Z2,M2025,REF,4,70,0.057971014493,5,1,0.021739130435,7.455585348620,11,4,0.142857142857,6.740842489642,0.714742858979,12.981469671045
Q_value,V12,Z2,M2025,REF,5,70,0.072463768116,5,1,0.021739130435,7.455585348620,13,5,0.178571428571,7.095199663783,0.360385684837,12.981469671045
Q_value,V12,Z2,M2025,REF,6,70,0.086956521739,5,1,0.021739130435,7.455585348620,14,6,0.214285714286,9.423618020089,1.968032671469,12.981469671045
Q_value,V12,Z2,M2025,REF,7,70,0.101449275362,5,1,0.021739130435,7.455585348620,15,7,0.250000000000,8.331102203693,0.875516855073,12.981469671045
Q_value,V12,Z2,M2025,REF,8,70,0.115942028986,5,1,0.021739130435,7.455585348620,16,8,0.285714285714,5.263276223769,2.192309124851,12.981469671045
Q_value,V12,Z2,M2025,REF,9,70,0.130434782609,5,1,0.021739130435,7.455585348620,18,9,0.321428571429,9.182977750163,1.727392401542,12.981469671045
Q_value,V12,Z2,M2025,REF,10,70,0.144927536232,5,1,0.021739130435,7.455585348620,19,10,0.357142857143,3.976073162204,3.479512186417,12.981469671045
Q_value,V12,Z2,M2025,REF,11,70,0.159420289855,5,1,0.021739130435,7.455585348620,20,11,0.392857142857,10.624761062425,3.169175713805,12.981469671045
Q_value,V12,Z2,M2025,REF,12,70,0.173913043478,5,1,0.021739130435,7.455585348620,21,12,0.428571428571,4.518227448051,2.937357900570,12.981469671045
Q_value,V12,Z2,M2025,REF,13,70,0.188405797101,5,1,0.021739130435,7.455585348620,22,13,0.464285714286,7.654299001342,0.198713652722,12.981469671045
Q_value,V12,Z2,M2025,REF,14,70,0.202898550725,5,1,0.021739130435,7.455585348620,23,14,0.500000000000,5.916615592754,1.538969755867,12.981469671045
Q_value,V12,Z2,M2025,REF,15,70,0.217391304348,5,1,0.021739130435,7.455585348620,24,15,0.535714285714,7.656393027359,0.200807678739,12.981469671045
Q_value,V12,Z2,M2025,REF,16,70,0.231884057971,5,1,0.021739130435,7.455585348620,26,16,0.571428571429,13.598759940834,6.143174592213,12.981469671045
Q_value,V12,Z2,M2025,REF,17,70,0.246376811594,5,1,0.021739130435,7.455585348620,27,17,0.607142857143,7.425040425516,0.030544923104,12.981469671045
Q_value,V12,Z2,M2025,REF,18,70,0.260869565217,5,1,0.021739130435,7.455585348620,28,18,0.642857142857,4.246707573010,3.208877775610,12.981469671045
Q_value,V12,Z2,M2025,REF,19,70,0.275362318841,5,1,0.021739130435,7.455585348620,29,19,0.678571428571,11.262509515416,3.806924166796,12.981469671045
Q_value,V12,Z2,M2025,REF,20,70,0.289855072464,5,1,0.021739130435,7.455585348620,30,20,0.714285714286,13.890033486308,6.434448137688,12.981469671045
Q_value,V12,Z2,M2025,REF,21,70,0.304347826087,5,1,0.021739130435,7.455585348620,31,21,0.750000000000,4.654696775473,2.800888573147,12.981469671045
Q_value,V12,Z2,M2025,REF,22,70,0.318840579710,5,1,0.021739130435,7.455585348620,32,22,0.785714285714,6.914694179479,0.540891169141,12.981469671045
Q_value,V12,Z2,M2025,REF,23,70,0.333333333333,5,1,0.021739130435,7.455585348620,33,23,0.821428571429,13.287657198179,5.832071849559,12.981469671045
Q_value,V12,Z2,M2025,REF,24,70,0.347826086957,5,1,0.021739130435,7.455585348620,34,24,0.857142857143,8.139800948649,0.684215600028,12.981469671045
Q_value,V12,Z2,M2025,REF,25,70,0.362318840580,6,2,0.043478260870,16.992255148086,35,25,0.892857142857,17.908452783056,0.916197634970,12.981469671045
Q_value,V12,Z2,M2025,REF,26,70,0.376811594203,7,3,0.065217391304,19.801359836563,35,25,0.892857142857,17.908452783056,1.892907053507,12.981469671045
Q_value,V12,Z2,M2025,REF,27,70,0.391304347826,8,4,0.086956521739,27.015376883889,35,25,0.892857142857,17.908452783056,9.106924100833,12.981469671045
Q_value,V12,Z2,M2025,REF,28,70,0.405797101449,10,5,0.108695652174,21.603104881885,35,25,0.892857142857,17.908452783056,3.694652098829,12.981469671045
Q_value,V12,Z2,M2025,REF,29,70,0.420289855072,11,6,0.130434782609,86.322322079012,35,25,0.892857142857,17.908452783056,68.413869295956,12.981469671045
Q_value,V12,Z2,M2025,REF,30,70,0.434782608696,12,7,0.152173913043,81.656393483963,35,25,0.892857142857,17.908452783056,63.747940700907,12.981469671045
Q_value,V12,Z2,M2025,REF,31,70,0.449275362319,13,8,0.173913043478,23.709688313149,35,25,0.892857142857,17.908452783056,5.801235530093,12.981469671045
Q_value,V12,Z2,M2025,REF,32,70,0.463768115942,14,9,0.195652173913,21.957404367272,35,25,0.892857142857,17.908452783056,4.048951584216,12.981469671045
Q_value,V12,Z2,M2025,REF,33,70,0.478260869565,15,10,0.217391304348,38.689814008544,35,25,0.892857142857,17.908452783056,20.781361225488,12.981469671045
Q_value,V12,Z2,M2025,REF,34,70,0.492753623188,16,11,0.239130434783,62.103287577067,35,25,0.892857142857,17.908452783056,44.194834794011,12.981469671045
Q_value,V12,Z2,M2025,REF,35,70,0.507246376812,17,12,0.260869565217,61.210006703417,35,25,0.892857142857,17.908452783056,43.301553920361,12.981469671045
Q_value,V12,Z2,M2025,REF,36,70,0.521739130435,18,13,0.282608695652,16.842821272505,35,25,0.892857142857,17.908452783056,1.065631510551,12.981469671045
Q_value,V12,Z2,M2025,REF,37,70,0.536231884058,19,14,0.304347826087,27.901129670225,35,25,0.892857142857,17.908452783056,9.992676887169,12.981469671045
Q_value,V12,Z2,M2025,REF,38,70,0.550724637681,20,15,0.326086956522,25.587494683788,35,25,0.892857142857,17.908452783056,7.679041900732,12.981469671045
Q_value,V12,Z2,M2025,REF,39,70,0.565217391304,21,16,0.347826086957,39.623076202212,35,25,0.892857142857,17.908452783056,21.714623419156,12.981469671045
Q_value,V12,Z2,M2025,REF,40,70,0.579710144928,22,17,0.369565217391,40.501518096056,35,25,0.892857142857,17.908452783056,22.593065313000,12.981469671045
Q_value,V12,Z2,M2025,REF,41,70,0.594202898551,23,18,0.391304347826,15.409386217032,35,25,0.892857142857,17.908452783056,2.499066566024,12.981469671045
Q_value,V12,Z2,M2025,REF,42,70,0.608695652174,24,19,0.413043478261,11.716405323250,35,25,0.892857142857,17.908452783056,6.192047459806,12.981469671045
Q_value,V12,Z2,M2025,REF,43,70,0.623188405797,25,20,0.434782608696,22.384333347115,35,25,0.892857142857,17.908452783056,4.475880564059,12.981469671045
Q_value,V12,Z2,M2025,REF,44,70,0.637681159420,26,21,0.456521739130,76.246871403190,35,25,0.892857142857,17.908452783056,58.338418620134,12.981469671045
Q_value,V12,Z2,M2025,REF,45,70,0.652173913043,27,22,0.478260869565,15.199337384337,35,25,0.892857142857,17.908452783056,2.709115398719,12.981469671045
Q_value,V12,Z2,M2025,REF,46,70,0.666666666667,28,23,0.500000000000,10.450255706531,35,25,0.892857142857,17.908452783056,7.458197076525,12.981469671045
Q_value,V12,Z2,M2025,REF,47,70,0.681159420290,29,24,0.521739130435,13.055540223775,35,25,0.892857142857,17.908452783056,4.852912559281,12.981469671045
Q_value,V12,Z2,M2025,REF,48,70,0.695652173913,30,25,0.543478260870,22.366099472383,35,25,0.892857142857,17.908452783056,4.457646689327,12.981469671045
Q_value,V12,Z2,M2025,REF,49,70,0.710144927536,31,26,0.565217391304,64.001370286205,35,25,0.892857142857,17.908452783056,46.092917503149,12.981469671045
Q_value,V12,Z2,M2025,REF,50,70,0.724637681159,32,27,0.586956521739,12.571413187197,35,25,0.892857142857,17.908452783056,5.337039595859,12.981469671045
Q_value,V12,Z2,M2025,REF,51,70,0.739130434783,33,28,0.608695652174,33.074799423666,35,25,0.892857142857,17.908452783056,15.166346640610,12.981469671045
Q_value,V12,Z2,M2025,REF,52,70,0.753623188406,34,29,0.630434782609,11.225533668025,35,25,0.892857142857,17.908452783056,6.682919115031,12.981469671045
Q_value,V12,Z2,M2025,REF,53,70,0.768115942029,35,30,0.652173913043,36.122972598668,35,25,0.892857142857,17.908452783056,18.214519815612,12.981469671045
Q_value,V12,Z2,M2025,REF,54,70,0.782608695652,36,31,0.673913043478,8.189830460835,36,26,0.928571428571,6.414499365232,1.775331095602,12.981469671045
Q_value,V12,Z2,M2025,REF,55,70,0.797101449275,37,32,0.695652173913,5.691883230628,36,26,0.928571428571,6.414499365232,0.722616134604,12.981469671045
Q_value,V12,Z2,M2025,REF,56,70,0.811594202899,38,33,0.717391304348,4.602789261382,36,26,0.928571428571,6.414499365232,1.811710103851,12.981469671045
Q_value,V12,Z2,M2025,REF,57,70,0.826086956522,41,34,0.739130434783,6.973969744279,36,26,0.928571428571,6.414499365232,0.559470379046,12.981469671045
Q_value,V12,Z2,M2025,REF,58,70,0.840579710145,42,35,0.760869565217,7.415338660177,36,26,0.928571428571,6.414499365232,1.000839294944,12.981469671045
Q_value,V12,Z2,M2025,REF,59,70,0.855072463768,48,36,0.782608695652,4.740277864160,36,26,0.928571428571,6.414499365232,1.674221501073,12.981469671045
Q_value,V12,Z2,M2025,REF,60,70,0.869565217391,49,37,0.804347826087,31.237802591124,37,27,0.964285714286,16.925575271768,14.312227319356,12.981469671045
Q_value,V12,Z2,M2025,REF,61,70,0.884057971014,50,38,0.826086956522,26.584541568414,37,27,0.964285714286,16.925575271768,9.658966296646,12.981469671045
Q_value,V12,Z2,M2025,REF,62,70,0.898550724638,51,39,0.847826086957,73.129958978402,37,27,0.964285714286,16.925575271768,56.204383706633,12.981469671045
Q_value,V12,Z2,M2025,REF,63,70,0.913043478261,52,40,0.869565217391,46.303070960336,37,27,0.964285714286,16.925575271768,29.377495688568,12.981469671045
Q_value,V12,Z2,M2025,REF,64,70,0.927536231884,53,41,0.891304347826,91.021082411492,37,27,0.964285714286,16.925575271768,74.095507139724,12.981469671045
Q_value,V12,Z2,M2025,REF,65,70,0.942028985507,54,42,0.913043478261,36.067643376145,37,27,0.964285714286,16.925575271768,19.142068104377,12.981469671045
Q_value,V12,Z2,M2025,REF,66,70,0.956521739130,55,43,0.934782608696,78.697299626535,37,27,0.964285714286,16.925575271768,61.771724354766,12.981469671045
Q_value,V12,Z2,M2025,REF,67,70,0.971014492754,56,44,0.956521739130,70.737945322118,37,27,0.964285714286,16.925575271768,53.812370050350,12.981469671045
Q_value,V12,Z2,M2025,REF,68,70,0.985507246377,57,45,0.978260869565,15.617397533671,38,28,1.000000000000,15.679420495548,0.062022961877,12.981469671045
Q_value,V12,Z2,M2025,REF,69,70,1.000000000000,58,46,1.000000000000,9.099171592416,38,28,1.000000000000,15.679420495548,6.580248903132,12.981469671045
SFR,V13,Z1,M2025,REF,0,76,0.000000000000,0,0,0.000000000000,27.447391354473,0,0,0.000000000000,9.297551747950,18.149839606524,3.277005298988
SFR,V13,Z1,M2025,REF,1,76,0.013333333333,1,1,0.016666666667,6.104176381052,1,1,0.024390243902,4.571984790341,1.532191590711,3.277005298988
SFR,V13,Z1,M2025,REF,2,76,0.026666666667,2,2,0.033333333333,7.257668029280,2,2,0.048780487805,6.303665908769,0.954002120511,3.277005298988
SFR,V13,Z1,M2025,REF,3,76,0.040000000000,3,3,0.050000000000,7.717222397772,3,3,0.073170731707,8.429523560306,0.712301162533,3.277005298988
SFR,V13,Z1,M2025,REF,4,76,0.053333333333,4,4,0.066666666667,5.088392840397,4,4,0.097560975610,6.899320946448,1.810928106050,3.277005298988
SFR,V13,Z1,M2025,REF,5,76,0.066666666667,5,5,0.083333333333,9.089836816578,4,4,0.097560975610,6.899320946448,2.190515870130,3.277005298988
SFR,V13,Z1,M2025,REF,6,76,0.080000000000,6,6,0.100000000000,12.503842471894,5,5,0.121951219512,11.360982875866,1.142859596028,3.277005298988
SFR,V13,Z1,M2025,REF,7,76,0.093333333333,7,7,0.116666666667,15.171999406206,6,6,0.146341463415,17.292586271761,2.120586865555,3.277005298988
SFR,V13,Z1,M2025,REF,8,76,0.106666666667,8,8,0.133333333333,18.201637423284,6,6,0.146341463415,17.292586271761,0.909051151523,3.277005298988
SFR,V13,Z1,M2025,REF,9,76,0.120000000000,9,9,0.150000000000,7.090400977046,7,7,0.170731707317,10.777731244537,3.687330267491,3.277005298988
SFR,V13,Z1,M2025,REF,10,76,0.133333333333,10,10,0.166666666667,15.315925649650,8,8,0.195121951220,17.996997257279,2.681071607628,3.277005298988
SFR,V13,Z1,M2025,REF,11,76,0.146666666667,11,11,0.183333333333,19.864482342887,8,8,0.195121951220,17.996997257279,1.867485085608,3.277005298988
SFR,V13,Z1,M2025,REF,12,76,0.160000000000,12,12,0.200000000000,25.376052344683,9,9,0.219512195122,23.570695753737,1.805356590947,3.277005298988
SFR,V13,Z1,M2025,REF,13,76,0.173333333333,12,12,0.200000000000,25.376052344683,10,10,0.243902439024,27.010769670736,1.634717326053,3.277005298988
SFR,V13,Z1,M2025,REF,14,76,0.186666666667,12,12,0.200000000000,25.376052344683,11,11,0.268292682927,24.290869422597,1.085182922086,3.277005298988
SFR,V13,Z1,M2025,REF,15,76,0.200000000000,12,12,0.200000000000,25.376052344683,12,12,0.292682926829,26.843110197754,1.467057853070,3.277005298988
SFR,V13,Z1,M2025,REF,16,76,0.213333333333,12,12,0.200000000000,25.376052344683,13,13,0.317073170732,32.311070561462,6.935018216778,3.277005298988
SFR,V13,Z1,M2025,REF,17,76,0.226666666667,12,12,0.200000000000,25.376052344683,14,14,0.341463414634,33.438552517330,8.062500172647,3.277005298988
SFR,V13,Z1,M2025,REF,18,76,0.240000000000,12,12,0.200000000000,25.376052344683,15,15,0.365853658537,27.308258255226,1.932205910542,3.277005298988
SFR,V13,Z1,M2025,REF,19,76,0.253333333333,12,12,0.200000000000,25.376052344683,16,16,0.390243902439,24.046435486829,1.329616857855,3.277005298988
SFR,V13,Z1,M2025,REF,20,76,0.266666666667,12,12,0.200000000000,25.376052344683,17,17,0.414634146341,35.961215895736,10.585163551052,3.277005298988
SFR,V13,Z1,M2025,REF,21,76,0.280000000000,12,12,0.200000000000,25.376052344683,18,18,0.439024390244,32.761397814239,7.385345469556,3.277005298988
SFR,V13,Z1,M2025,REF,22,76,0.293333333333,12,12,0.200000000000,25.376052344683,19,19,0.463414634146,26.333246497256,0.957194152572,3.277005298988
SFR,V13,Z1,M2025,REF,23,76,0.306666666667,13,13,0.216666666667,18.865416022571,20,20,0.487804878049,20.651071930227,1.785655907656,3.277005298988
SFR,V13,Z1,M2025,REF,24,76,0.320000000000,14,14,0.233333333333,13.426831882901,20,20,0.487804878049,20.651071930227,7.224240047326,3.277005298988
SFR,V13,Z1,M2025,REF,25,76,0.333333333333,15,15,0.250000000000,19.921966701777,20,20,0.487804878049,20.651071930227,0.729105228451,3.277005298988
SFR,V13,Z1,M2025,REF,26,76,0.346666666667,16,16,0.266666666667,17.505453148093,20,20,0.487804878049,20.651071930227,3.145618782134,3.277005298988
SFR,V13,Z1,M2025,REF,27,76,0.360000000000,17,17,0.283333333333,21.256713670566,20,20,0.487804878049,20.651071930227,0.605641740339,3.277005298988
SFR,V13,Z1,M2025,REF,28,76,0.373333333333,18,18,0.300000000000,17.140365111539,20,20,0.487804878049,20.651071930227,3.510706818688,3.277005298988
SFR,V13,Z1,M2025,REF,29,76,0.386666666667,19,19,0.316666666667,23.273312703667,20,20,0.487804878049,20.651071930227,2.622240773440,3.277005298988
SFR,V13,Z1,M2025,REF,30,76,0.400000000000,20,20,0.333333333333,20.042312180220,20,20,0.487804878049,20.651071930227,0.608759750007,3.277005298988
SFR,V13,Z1,M2025,REF,31,76,0.413333333333,21,21,0.350000000000,15.181246930422,20,20,0.487804878049,20.651071930227,5.469824999805,3.277005298988
SFR,V13,Z1,M2025,REF,32,76,0.426666666667,22,22,0.366666666667,21.948910366429,20,20,0.487804878049,20.651071930227,1.297838436202,3.277005298988
SFR,V13,Z1,M2025,REF,33,76,0.440000000000,23,23,0.383333333333,16.990350651854,20,20,0.487804878049,20.651071930227,3.660721278373,3.277005298988
SFR,V13,Z1,M2025,REF,34,76,0.453333333333,24,24,0.400000000000,13.136850996573,20,20,0.487804878049,20.651071930227,7.514220933654,3.277005298988
SFR,V13,Z1,M2025,REF,35,76,0.466666666667,25,25,0.416666666667,25.402761559992,21,21,0.512195121951,25.141358664119,0.261402895873,3.277005298988
SFR,V13,Z1,M2025,REF,36,76,0.480000000000,25,25,0.416666666667,25.402761559992,22,22,0.536585365854,33.802561742996,8.399800183005,3.277005298988
SFR,V13,Z1,M2025,REF,37,76,0.493333333333,25,25,0.416666666667,25.402761559992,23,23,0.560975609756,27.665922525858,2.263160965867,3.277005298988
SFR,V13,Z1,M2025,REF,38,76,0.506666666667,26,26,0.433333333333,17.884583064766,24,24,0.585365853659,18.513729543411,0.629146478644,3.277005298988
SFR,V13,Z1,M2025,REF,39,76,0.520000000000,27,27,0.450000000000,15.812707181010,24,24,0.585365853659,18.513729543411,2.701022362400,3.277005298988
SFR,V13,Z1,M2025,REF,40,76,0.533333333333,28,28,0.466666666667,16.584392472260,25,25,0.609756097561,19.383723843838,2.799331371578,3.277005298988
SFR,V13,Z1,M2025,REF,41,76,0.546666666667,29,29,0.483333333333,24.083574632173,26,26,0.634146341463,20.574089079693,3.509485552480,3.277005298988
SFR,V13,Z1,M2025,REF,42,76,0.560000000000,30,30,0.500000000000,21.558652344305,26,26,0.634146341463,20.574089079693,0.984563264611,3.277005298988
SFR,V13,Z1,M2025,REF,43,76,0.573333333333,31,31,0.516666666667,15.901996317359,26,26,0.634146341463,20.574089079693,4.672092762334,3.277005298988
SFR,V13,Z1,M2025,REF,44,76,0.586666666667,32,32,0.533333333333,22.099005446027,26,26,0.634146341463,20.574089079693,1.524916366334,3.277005298988
SFR,V13,Z1,M2025,REF,45,76,0.600000000000,33,33,0.550000000000,20.518662009335,26,26,0.634146341463,20.574089079693,0.055427070359,3.277005298988
SFR,V13,Z1,M2025,REF,46,76,0.613333333333,34,34,0.566666666667,23.768366875636,26,26,0.634146341463,20.574089079693,3.194277795943,3.277005298988
SFR,V13,Z1,M2025,REF,47,76,0.626666666667,35,35,0.583333333333,17.994766100830,27,27,0.658536585366,19.131686674096,1.136920573266,3.277005298988
SFR,V13,Z1,M2025,REF,48,76,0.640000000000,36,36,0.600000000000,14.272820943267,28,28,0.682926829268,18.334536267741,4.061715324474,3.277005298988
SFR,V13,Z1,M2025,REF,49,76,0.653333333333,37,37,0.616666666667,10.151540881743,29,29,0.707317073171,10.220744070401,0.069203188658,3.277005298988
SFR,V13,Z1,M2025,REF,50,76,0.666666666667,38,38,0.633333333333,7.496863617742,30,30,0.731707317073,7.673210487936,0.176346870194,3.277005298988
SFR,V13,Z1,M2025,REF,51,76,0.680000000000,39,39,0.650000000000,8.877685585740,31,31,0.756097560976,7.769831118020,1.107854467719,3.277005298988
SFR,V13,Z1,M2025,REF,52,76,0.693333333333,40,40,0.666666666667,9.130678798129,31,31,0.756097560976,7.769831118020,1.360847680108,3.277005298988
SFR,V13,Z1,M2025,REF,53,76,0.706666666667,41,41,0.683333333333,9.958936706168,31,31,0.756097560976,7.769831118020,2.189105588148,3.277005298988
SFR,V13,Z1,M2025,REF,54,76,0.720000000000,42,42,0.700000000000,6.234493865598,32,32,0.780487804878,5.597862856892,0.636631008707,3.277005298988
SFR,V13,Z1,M2025,REF,55,76,0.733333333333,43,43,0.716666666667,2.662732453651,32,32,0.780487804878,5.597862856892,2.935130403240,3.277005298988
SFR,V13,Z1,M2025,REF,56,76,0.746666666667,44,44,0.733333333333,2.153140903040,32,32,0.780487804878,5.597862856892,3.444721953852,3.277005298988
SFR,V13,Z1,M2025,REF,57,76,0.760000000000,45,45,0.750000000000,21.855221001230,33,33,0.804878048780,7.573109061001,14.282111940228,3.277005298988
SFR,V13,Z1,M2025,REF,58,76,0.773333333333,46,46,0.766666666667,8.123955099490,33,33,0.804878048780,7.573109061001,0.550846038489,3.277005298988
SFR,V13,Z1,M2025,REF,59,76,0.786666666667,47,47,0.783333333333,7.290868842436,33,33,0.804878048780,7.573109061001,0.282240218566,3.277005298988
SFR,V13,Z1,M2025,REF,60,76,0.800000000000,48,48,0.800000000000,10.975009981498,34,34,0.829268292683,13.143048195386,2.168038213888,3.277005298988
SFR,V13,Z1,M2025,REF,61,76,0.813333333333,49,49,0.816666666667,18.729863180352,35,35,0.853658536585,23.052504096297,4.322640915945,3.277005298988
SFR,V13,Z1,M2025,REF,62,76,0.826666666667,50,50,0.833333333333,19.751115600517,36,36,0.878048780488,21.087562910317,1.336447309800,3.277005298988
SFR,V13,Z1,M2025,REF,63,76,0.840000000000,51,51,0.850000000000,18.061279020804,36,36,0.878048780488,21.087562910317,3.026283889513,3.277005298988
SFR,V13,Z1,M2025,REF,64,76,0.853333333333,52,52,0.866666666667,18.008989514847,36,36,0.878048780488,21.087562910317,3.078573395470,3.277005298988
SFR,V13,Z1,M2025,REF,65,76,0.866666666667,53,53,0.883333333333,28.696834085206,37,37,0.902439024390,25.406991934210,3.289842150996,3.277005298988
SFR,V13,Z1,M2025,REF,66,76,0.880000000000,53,53,0.883333333333,28.696834085206,38,38,0.926829268293,26.830636966833,1.866197118373,3.277005298988
SFR,V13,Z1,M2025,REF,67,76,0.893333333333,53,53,0.883333333333,28.696834085206,39,39,0.951219512195,30.419365557963,1.722531472757,3.277005298988
SFR,V13,Z1,M2025,REF,68,76,0.906666666667,53,53,0.883333333333,28.696834085206,40,40,0.975609756098,27.114099446135,1.582734639071,3.277005298988
SFR,V13,Z1,M2025,REF,69,76,0.920000000000,54,54,0.900000000000,21.216549452171,41,41,1.000000000000,21.017135381762,0.199414070409,3.277005298988
SFR,V13,Z1,M2025,REF,70,76,0.933333333333,55,55,0.916666666667,19.431646281337,41,41,1.000000000000,21.017135381762,1.585489100425,3.277005298988
SFR,V13,Z1,M2025,REF,71,76,0.946666666667,56,56,0.933333333333,17.099968832302,41,41,1.000000000000,21.017135381762,3.917166549460,3.277005298988
SFR,V13,Z1,M2025,REF,72,76,0.960000000000,57,57,0.950000000000,15.684069086103,41,41,1.000000000000,21.017135381762,5.333066295659,3.277005298988
SFR,V13,Z1,M2025,REF,73,76,0.973333333333,58,58,0.966666666667,13.403921276267,41,41,1.000000000000,21.017135381762,7.613214105495,3.277005298988
SFR,V13,Z1,M2025,REF,74,76,0.986666666667,59,59,0.983333333333,9.309132877968,41,41,1.000000000000,21.017135381762,11.708002503795,3.277005298988
SFR,V13,Z1,M2025,REF,75,76,1.000000000000,60,60,1.000000000000,7.054773464338,41,41,1.000000000000,21.017135381762,13.962361917425,3.277005298988
SFR,V13,Z2,M2025,REF,0,80,0.000000000000,0,0,0.000000000000,27.447391354473,0,0,0.000000000000,6.341952032119,21.105439322354,2.774156941408
SFR,V13,Z2,M2025,REF,1,80,0.012658227848,1,1,0.016666666667,6.104176381052,0,0,0.000000000000,6.341952032119,0.237775651067,2.774156941408
SFR,V13,Z2,M2025,REF,2,80,0.025316455696,2,2,0.033333333333,7.257668029280,0,0,0.000000000000,6.341952032119,0.915715997160,2.774156941408
SFR,V13,Z2,M2025,REF,3,80,0.037974683544,3,3,0.050000000000,7.717222397772,0,0,0.000000000000,6.341952032119,1.375270365653,2.774156941408
SFR,V13,Z2,M2025,REF,4,80,0.050632911392,4,4,0.066666666667,5.088392840397,1,1,0.023255813953,3.952295795509,1.136097044888,2.774156941408
SFR,V13,Z2,M2025,REF,5,80,0.063291139241,4,4,0.066666666667,5.088392840397,2,2,0.046511627907,3.960289106025,1.128103734372,2.774156941408
SFR,V13,Z2,M2025,REF,6,80,0.075949367089,4,4,0.066666666667,5.088392840397,3,3,0.069767441860,4.498827905208,0.589564935189,2.774156941408
SFR,V13,Z2,M2025,REF,7,80,0.088607594937,4,4,0.066666666667,5.088392840397,4,4,0.093023255814,6.553088880738,1.464696040341,2.774156941408
SFR,V13,Z2,M2025,REF,8,80,0.101265822785,5,5,0.083333333333,9.089836816578,5,5,0.116279069767,8.339698947911,0.750137868666,2.774156941408
SFR,V13,Z2,M2025,REF,9,80,0.113924050633,6,6,0.100000000000,12.503842471894,5,5,0.116279069767,8.339698947911,4.164143523983,2.774156941408
SFR,V13,Z2,M2025,REF,10,80,0.126582278481,7,7,0.116666666667,15.171999406206,5,5,0.116279069767,8.339698947911,6.832300458295,2.774156941408
SFR,V13,Z2,M2025,REF,11,80,0.139240506329,8,8,0.133333333333,18.201637423284,5,5,0.116279069767,8.339698947911,9.861938475373,2.774156941408
SFR,V13,Z2,M2025,REF,12,80,0.151898734177,9,9,0.150000000000,7.090400977046,6,6,0.139534883721,6.761128225608,0.329272751438,2.774156941408
SFR,V13,Z2,M2025,REF,13,80,0.164556962025,10,10,0.166666666667,15.315925649650,7,7,0.162790697674,19.063197787286,3.747272137636,2.774156941408
SFR,V13,Z2,M2025,REF,14,80,0.177215189873,11,11,0.183333333333,19.864482342887,7,7,0.162790697674,19.063197787286,0.801284555600,2.774156941408
SFR,V13,Z2,M2025,REF,15,80,0.189873417722,12,12,0.200000000000,25.376052344683,7,7,0.162790697674,19.063197787286,6.312854557397,2.774156941408
SFR,V13,Z2,M2025,REF,16,80,0.202531645570,13,13,0.216666666667,18.865416022571,7,7,0.162790697674,19.063197787286,0.197781764715,2.774156941408
SFR,V13,Z2,M2025,REF,17,80,0.215189873418,14,14,0.233333333333,13.426831882901,7,7,0.162790697674,19.063197787286,5.636365904385,2.774156941408
SFR,V13,Z2,M2025,REF,18,80,0.227848101266,15,15,0.250000000000,19.921966701777,7,7,0.162790697674,19.063197787286,0.858768914490,2.774156941408
SFR,V13,Z2,M2025,REF,19,80,0.240506329114,16,16,0.266666666667,17.505453148093,7,7,0.162790697674,19.063197787286,1.557744639193,2.774156941408
SFR,V13,Z2,M2025,REF,20,80,0.253164556962,17,17,0.283333333333,21.256713670566,7,7,0.162790697674,19.063197787286,2.193515883280,2.774156941408
SFR,V13,Z2,M2025,REF,21,80,0.265822784810,18,18,0.300000000000,17.140365111539,7,7,0.162790697674,19.063197787286,1.922832675747,2.774156941408
SFR,V13,Z2,M2025,REF,22,80,0.278481012658,19,19,0.316666666667,23.273312703667,8,8,0.186046511628,22.044293391264,1.229019312402,2.774156941408
SFR,V13,Z2,M2025,REF,23,80,0.291139240506,20,20,0.333333333333,20.042312180220,8,8,0.186046511628,22.044293391264,2.001981211044,2.774156941408
SFR,V13,Z2,M2025,REF,24,80,0.303797468354,21,21,0.350000000000,15.181246930422,9,9,0.209302325581,15.992291138000,0.811044207577,2.774156941408
SFR,V13,Z2,M2025,REF,25,80,0.316455696203,22,22,0.366666666667,21.948910366429,10,10,0.232558139535,22.548722250018,0.599811883589,2.774156941408
SFR,V13,Z2,M2025,REF,26,80,0.329113924051,22,22,0.366666666667,21.948910366429,11,11,0.255813953488,22.194272415137,0.245362048707,2.774156941408
SFR,V13,Z2,M2025,REF,27,80,0.341772151899,22,22,0.366666666667,21.948910366429,12,12,0.279069767442,23.403790400149,1.454880033720,2.774156941408
SFR,V13,Z2,M2025,REF,28,80,0.354430379747,23,23,0.383333333333,16.990350651854,13,13,0.302325581395,19.835853636842,2.845502984988,2.774156941408
SFR,V13,Z2,M2025,REF,29,80,0.367088607595,24,24,0.400000000000,13.136850996573,14,14,0.325581395349,21.136529347757,7.999678351184,2.774156941408
SFR,V13,Z2,M2025,REF,30,80,0.379746835443,25,25,0.416666666667,25.402761559992,15,15,0.348837209302,25.772850934756,0.370089374764,2.774156941408
SFR,V13,Z2,M2025,REF,31,80,0.392405063291,25,25,0.416666666667,25.402761559992,16,16,0.372093023256,30.962227478710,5.559465918718,2.774156941408
SFR,V13,Z2,M2025,REF,32,80,0.405063291139,25,25,0.416666666667,25.402761559992,17,17,0.395348837209,27.226921465798,1.824159905807,2.774156941408
SFR,V13,Z2,M2025,REF,33,80,0.417721518987,25,25,0.416666666667,25.402761559992,18,18,0.418604651163,22.031516001926,3.371245558066,2.774156941408
SFR,V13,Z2,M2025,REF,34,80,0.430379746835,25,25,0.416666666667,25.402761559992,19,19,0.441860465116,29.850308765463,4.447547205471,2.774156941408
SFR,V13,Z2,M2025,REF,35,80,0.443037974684,25,25,0.416666666667,25.402761559992,20,20,0.465116279070,29.540337972840,4.137576412849,2.774156941408
SFR,V13,Z2,M2025,REF,36,80,0.455696202532,25,25,0.416666666667,25.402761559992,21,21,0.488372093023,31.100485453302,5.697723893310,2.774156941408
SFR,V13,Z2,M2025,REF,37,80,0.468354430380,25,25,0.416666666667,25.402761559992,22,22,0.511627906977,22.953021258248,2.449740301743,2.774156941408
SFR,V13,Z2,M2025,REF,38,80,0.481012658228,25,25,0.416666666667,25.402761559992,23,23,0.534883720930,25.470870273900,0.068108713908,2.774156941408
SFR,V13,Z2,M2025,REF,39,80,0.493670886076,25,25,0.416666666667,25.402761559992,24,24,0.558139534884,27.063402244166,1.660640684174,2.774156941408
SFR,V13,Z2,M2025,REF,40,80,0.506329113924,26,26,0.433333333333,17.884583064766,25,25,0.581395348837,19.698680731147,1.814097666381,2.774156941408
SFR,V13,Z2,M2025,REF,41,80,0.518987341772,27,27,0.450000000000,15.812707181010,25,25,0.581395348837,19.698680731147,3.885973550137,2.774156941408
SFR,V13,Z2,M2025,REF,42,80,0.531645569620,28,28,0.466666666667,16.584392472260,25,25,0.581395348837,19.698680731147,3.114288258887,2.774156941408
SFR,V13,Z2,M2025,REF,43,80,0.544303797468,29,29,0.483333333333,24.083574632173,26,26,0.604651162791,25.593201629894,1.509626997721,2.774156941408
SFR,V13,Z2,M2025,REF,44,80,0.556962025316,29,29,0.483333333333,24.083574632173,27,27,0.627906976744,25.861924815057,1.778350182884,2.774156941408
SFR,V13,Z2,M2025,REF,45,80,0.569620253165,29,29,0.483333333333,24.083574632173,28,28,0.651162790698,28.977799671185,4.894225039011,2.774156941408
SFR,V13,Z2,M2025,REF,46,80,0.582278481013,30,30,0.500000000000,21.558652344305,29,29,0.674418604651,23.514369776688,1.955717432384,2.774156941408
SFR,V13,Z2,M2025,REF,47,80,0.594936708861,31,31,0.516666666667,15.901996317359,30,30,0.697674418605,19.169640296451,3.267643979092,2.774156941408
SFR,V13,Z2,M2025,REF,48,80,0.607594936709,32,32,0.533333333333,22.099005446027,30,30,0.697674418605,19.169640296451,2.929365149576,2.774156941408
SFR,V13,Z2,M2025,REF,49,80,0.620253164557,33,33,0.550000000000,20.518662009335,30,30,0.697674418605,19.169640296451,1.349021712884,2.774156941408
SFR,V13,Z2,M2025,REF,50,80,0.632911392405,34,34,0.566666666667,23.768366875636,30,30,0.697674418605,19.169640296451,4.598726579186,2.774156941408
SFR,V13,Z2,M2025,REF,51,80,0.645569620253,35,35,0.583333333333,17.994766100830,30,30,0.697674418605,19.169640296451,1.174874195621,2.774156941408
SFR,V13,Z2,M2025,REF,52,80,0.658227848101,36,36,0.600000000000,14.272820943267,31,31,0.720930232558,15.799191745915,1.526370802648,2.774156941408
SFR,V13,Z2,M2025,REF,53,80,0.670886075949,37,37,0.616666666667,10.151540881743,32,32,0.744186046512,7.323686879908,2.827854001835,2.774156941408
SFR,V13,Z2,M2025,REF,54,80,0.683544303797,38,38,0.633333333333,7.496863617742,32,32,0.744186046512,7.323686879908,0.173176737833,2.774156941408
SFR,V13,Z2,M2025,REF,55,80,0.696202531646,39,39,0.650000000000,8.877685585740,32,32,0.744186046512,7.323686879908,1.553998705832,2.774156941408
SFR,V13,Z2,M2025,REF,56,80,0.708860759494,40,40,0.666666666667,9.130678798129,32,32,0.744186046512,7.323686879908,1.806991918220,2.774156941408
SFR,V13,Z2,M2025,REF,57,80,0.721518987342,41,41,0.683333333333,9.958936706168,32,32,0.744186046512,7.323686879908,2.635249826260,2.774156941408
SFR,V13,Z2,M2025,REF,58,80,0.734177215190,42,42,0.700000000000,6.234493865598,33,33,0.767441860465,5.635647529925,0.598846335673,2.774156941408
SFR,V13,Z2,M2025,REF,59,80,0.746835443038,43,43,0.716666666667,2.662732453651,34,34,0.790697674419,3.930839278011,1.268106824359,2.774156941408
SFR,V13,Z2,M2025,REF,60,80,0.759493670886,44,44,0.733333333333,2.153140903040,34,34,0.790697674419,3.930839278011,1.777698374971,2.774156941408
SFR,V13,Z2,M2025,REF,61,80,0.772151898734,45,45,0.750000000000,21.855221001230,35,35,0.813953488372,8.129521913169,13.725699088061,2.774156941408
SFR,V13,Z2,M2025,REF,62,80,0.784810126582,46,46,0.766666666667,8.123955099490,35,35,0.813953488372,8.129521913169,0.005566813678,2.774156941408
SFR,V13,Z2,M2025,REF,63,80,0.797468354430,47,47,0.783333333333,7.290868842436,35,35,0.813953488372,8.129521913169,0.838653070733,2.774156941408
SFR,V13,Z2,M2025,REF,64,80,0.810126582278,48,48,0.800000000000,10.975009981498,35,35,0.813953488372,8.129521913169,2.845488068330,2.774156941408
SFR,V13,Z2,M2025,REF,65,80,0.822784810127,49,49,0.816666666667,18.729863180352,36,36,0.837209302326,18.126550702577,0.603312477775,2.774156941408
SFR,V13,Z2,M2025,REF,66,80,0.835443037975,50,50,0.833333333333,19.751115600517,36,36,0.837209302326,18.126550702577,1.624564897940,2.774156941408
SFR,V13,Z2,M2025,REF,67,80,0.848101265823,51,51,0.850000000000,18.061279020804,36,36,0.837209302326,18.126550702577,0.065271681773,2.774156941408
SFR,V13,Z2,M2025,REF,68,80,0.860759493671,52,52,0.866666666667,18.008989514847,36,36,0.837209302326,18.126550702577,0.117561187730,2.774156941408
SFR,V13,Z2,M2025,REF,69,80,0.873417721519,53,53,0.883333333333,28.696834085206,37,37,0.860465116279,24.273620201061,4.423213884145,2.774156941408
SFR,V13,Z2,M2025,REF,70,80,0.886075949367,53,53,0.883333333333,28.696834085206,38,38,0.883720930233,29.002482813222,0.305648728016,2.774156941408
SFR,V13,Z2,M2025,REF,71,80,0.898734177215,53,53,0.883333333333,28.696834085206,39,39,0.906976744186,28.180077389957,0.516756695249,2.774156941408
SFR,V13,Z2,M2025,REF,72,80,0.911392405063,54,54,0.900000000000,21.216549452171,40,40,0.930232558140,20.637212867251,0.579336584920,2.774156941408
SFR,V13,Z2,M2025,REF,73,80,0.924050632911,54,54,0.900000000000,21.216549452171,41,41,0.953488372093,23.489120066030,2.272570613859,2.774156941408
SFR,V13,Z2,M2025,REF,74,80,0.936708860759,55,55,0.916666666667,19.431646281337,42,42,0.976744186047,28.974498492554,9.542852211216,2.774156941408
SFR,V13,Z2,M2025,REF,75,80,0.949367088608,56,56,0.933333333333,17.099968832302,43,43,1.000000000000,15.117189534780,1.982779297522,2.774156941408
SFR,V13,Z2,M2025,REF,76,80,0.962025316456,57,57,0.950000000000,15.684069086103,43,43,1.000000000000,15.117189534780,0.566879551324,2.774156941408
SFR,V13,Z2,M2025,REF,77,80,0.974683544304,58,58,0.966666666667,13.403921276267,43,43,1.000000000000,15.117189534780,1.713268258513,2.774156941408
SFR,V13,Z2,M2025,REF,78,80,0.987341772152,59,59,0.983333333333,9.309132877968,43,43,1.000000000000,15.117189534780,5.808056656812,2.774156941408
SFR,V13,Z2,M2025,REF,79,80,1.000000000000,60,60,1.000000000000,7.054773464338,43,43,1.000000000000,15.117189534780,8.062416070442,2.774156941408
Q_value,V13,Z1,M2025,REF,0,54,0.000000000000,0,0,0.000000000000,3.447937054269,4,0,0.000000000000,7.445177139940,3.997240085671,10.821948417301
Q_value,V13,Z1,M2025,REF,1,54,0.018867924528,5,1,0.021739130435,7.455585348620,4,0,0.000000000000,7.445177139940,0.010408208681,10.821948417301
Q_value,V13,Z1,M2025,REF,2,54,0.037735849057,6,2,0.043478260870,16.992255148086,4,0,0.000000000000,7.445177139940,9.547078008146,10.821948417301
Q_value,V13,Z1,M2025,REF,3,54,0.056603773585,7,3,0.065217391304,19.801359836563,5,1,0.030303030303,31.867873240269,12.066513403707,10.821948417301
Q_value,V13,Z1,M2025,REF,4,54,0.075471698113,8,4,0.086956521739,27.015376883889,6,2,0.060606060606,31.892318508774,4.876941624885,10.821948417301
Q_value,V13,Z1,M2025,REF,5,54,0.094339622642,8,4,0.086956521739,27.015376883889,7,3,0.090909090909,26.770511794908,0.244865088981,10.821948417301
Q_value,V13,Z1,M2025,REF,6,54,0.113207547170,10,5,0.108695652174,21.603104881885,8,4,0.121212121212,35.084233899133,13.481129017247,10.821948417301
Q_value,V13,Z1,M2025,REF,7,54,0.132075471698,11,6,0.130434782609,86.322322079012,9,5,0.151515151515,139.746327327138,53.424005248126,10.821948417301
Q_value,V13,Z1,M2025,REF,8,54,0.150943396226,12,7,0.152173913043,81.656393483963,10,6,0.181818181818,71.641880527149,10.014512956814,10.821948417301
Q_value,V13,Z1,M2025,REF,9,54,0.169811320755,13,8,0.173913043478,23.709688313149,11,7,0.212121212121,29.618858964181,5.909170651032,10.821948417301
Q_value,V13,Z1,M2025,REF,10,54,0.188679245283,14,9,0.195652173913,21.957404367272,11,7,0.212121212121,29.618858964181,7.661454596909,10.821948417301
Q_value,V13,Z1,M2025,REF,11,54,0.207547169811,15,10,0.217391304348,38.689814008544,12,8,0.242424242424,38.192699322493,0.497114686051,10.821948417301
Q_value,V13,Z1,M2025,REF,12,54,0.226415094340,16,11,0.239130434783,62.103287577067,12,8,0.242424242424,38.192699322493,23.910588254574,10.821948417301
Q_value,V13,Z1,M2025,REF,13,54,0.245283018868,17,12,0.260869565217,61.210006703417,12,8,0.242424242424,38.192699322493,23.017307380923,10.821948417301
Q_value,V13,Z1,M2025,REF,14,54,0.264150943396,18,13,0.282608695652,16.842821272505,13,9,0.272727272727,18.577019085627,1.734197813122,10.821948417301
Q_value,V13,Z1,M2025,REF,15,54,0.283018867925,19,14,0.304347826087,27.901129670225,14,10,0.303030303030,30.666095125761,2.764965455536,10.821948417301
Q_value,V13,Z1,M2025,REF,16,54,0.301886792453,20,15,0.326086956522,25.587494683788,14,10,0.303030303030,30.666095125761,5.078600441974,10.821948417301
Q_value,V13,Z1,M2025,REF,17,54,0.320754716981,21,16,0.347826086957,39.623076202212,14,10,0.303030303030,30.666095125761,8.956981076451,10.821948417301
Q_value,V13,Z1,M2025,REF,18,54,0.339622641509,22,17,0.369565217391,40.501518096056,14,10,0.303030303030,30.666095125761,9.835422970294,10.821948417301
Q_value,V13,Z1,M2025,REF,19,54,0.358490566038,23,18,0.391304347826,15.409386217032,15,11,0.333333333333,28.028391290702,12.619005073670,10.821948417301
Q_value,V13,Z1,M2025,REF,20,54,0.377358490566,24,19,0.413043478261,11.716405323250,15,11,0.333333333333,28.028391290702,16.311985967451,10.821948417301
Q_value,V13,Z1,M2025,REF,21,54,0.396226415094,25,20,0.434782608696,22.384333347115,15,11,0.333333333333,28.028391290702,5.644057943587,10.821948417301
Q_value,V13,Z1,M2025,REF,22,54,0.415094339623,26,21,0.456521739130,76.246871403190,16,12,0.363636363636,53.421574867303,22.825296535887,10.821948417301
Q_value,V13,Z1,M2025,REF,23,54,0.433962264151,27,22,0.478260869565,15.199337384337,17,13,0.393939393939,16.901854701916,1.702517317578,10.821948417301
Q_value,V13,Z1,M2025,REF,24,54,0.452830188679,28,23,0.500000000000,10.450255706531,18,14,0.424242424242,16.586920761855,6.136665055324,10.821948417301
Q_value,V13,Z1,M2025,REF,25,54,0.471698113208,29,24,0.521739130435,13.055540223775,18,14,0.424242424242,16.586920761855,3.531380538080,10.821948417301
Q_value,V13,Z1,M2025,REF,26,54,0.490566037736,30,25,0.543478260870,22.366099472383,18,14,0.424242424242,16.586920761855,5.779178710528,10.821948417301
Q_value,V13,Z1,M2025,REF,27,54,0.509433962264,31,26,0.565217391304,64.001370286205,19,15,0.454545454545,36.317328236192,27.684042050012,10.821948417301
Q_value,V13,Z1,M2025,REF,28,54,0.528301886792,32,27,0.586956521739,12.571413187197,20,16,0.484848484848,22.142825506210,9.571412319013,10.821948417301
Q_value,V13,Z1,M2025,REF,29,54,0.547169811321,33,28,0.608695652174,33.074799423666,20,16,0.484848484848,22.142825506210,10.931973917456,10.821948417301
Q_value,V13,Z1,M2025,REF,30,54,0.566037735849,34,29,0.630434782609,11.225533668025,21,17,0.515151515152,12.548362611482,1.322828943457,10.821948417301
Q_value,V13,Z1,M2025,REF,31,54,0.584905660377,35,30,0.652173913043,36.122972598668,22,18,0.545454545455,15.078269830397,21.044702768272,10.821948417301
Q_value,V13,Z1,M2025,REF,32,54,0.603773584906,36,31,0.673913043478,8.189830460835,23,19,0.575757575758,10.494684083191,2.304853622357,10.821948417301
Q_value,V13,Z1,M2025,REF,33,54,0.622641509434,36,31,0.673913043478,8.189830460835,24,20,0.606060606061,9.796447928090,1.606617467256,10.821948417301
Q_value,V13,Z1,M2025,REF,34,54,0.641509433962,36,31,0.673913043478,8.189830460835,25,21,0.636363636364,7.304558734291,0.885271726544,10.821948417301
Q_value,V13,Z1,M2025,REF,35,54,0.660377358491,36,31,0.673913043478,8.189830460835,26,22,0.666666666667,11.376001159790,3.186170698955,10.821948417301
Q_value,V13,Z1,M2025,REF,36,54,0.679245283019,36,31,0.673913043478,8.189830460835,27,23,0.696969696970,11.617930624019,3.428100163185,10.821948417301
Q_value,V13,Z1,M2025,REF,37,54,0.698113207547,37,32,0.695652173913,5.691883230628,32,24,0.727272727273,4.811832029429,0.880051201199,10.821948417301
Q_value,V13,Z1,M2025,REF,38,54,0.716981132075,38,33,0.717391304348,4.602789261382,32,24,0.727272727273,4.811832029429,0.209042768047,10.821948417301
Q_value,V13,Z1,M2025,REF,39,54,0.735849056604,41,34,0.739130434783,6.973969744279,33,25,0.757575757576,8.055162263837,1.081192519558,10.821948417301
Q_value,V13,Z1,M2025,REF,40,54,0.754716981132,42,35,0.760869565217,7.415338660177,33,25,0.757575757576,8.055162263837,0.639823603660,10.821948417301
Q_value,V13,Z1,M2025,REF,41,54,0.773584905660,48,36,0.782608695652,4.740277864160,33,25,0.757575757576,8.055162263837,3.314884399677,10.821948417301
Q_value,V13,Z1,M2025,REF,42,54,0.792452830189,49,37,0.804347826087,31.237802591124,34,26,0.787878787879,16.201748063731,15.036054527393,10.821948417301
Q_value,V13,Z1,M2025,REF,43,54,0.811320754717,50,38,0.826086956522,26.584541568414,35,27,0.818181818182,18.487058182204,8.097483386210,10.821948417301
Q_value,V13,Z1,M2025,REF,44,54,0.830188679245,51,39,0.847826086957,73.129958978402,36,28,0.848484848485,39.526575122698,33.603383855703,10.821948417301
Q_value,V13,Z1,M2025,REF,45,54,0.849056603774,52,40,0.869565217391,46.303070960336,36,28,0.848484848485,39.526575122698,6.776495837638,10.821948417301
Q_value,V13,Z1,M2025,REF,46,54,0.867924528302,53,41,0.891304347826,91.021082411492,36,28,0.848484848485,39.526575122698,51.494507288794,10.821948417301
Q_value,V13,Z1,M2025,REF,47,54,0.886792452830,54,42,0.913043478261,36.067643376145,36,28,0.848484848485,39.526575122698,3.458931746553,10.821948417301
Q_value,V13,Z1,M2025,REF,48,54,0.905660377358,55,43,0.934782608696,78.697299626535,36,28,0.848484848485,39.526575122698,39.170724503836,10.821948417301
Q_value,V13,Z1,M2025,REF,49,54,0.924528301887,56,44,0.956521739130,70.737945322118,37,29,0.878787878788,31.488981157315,39.248964164803,10.821948417301
Q_value,V13,Z1,M2025,REF,50,54,0.943396226415,57,45,0.978260869565,15.617397533671,38,30,0.909090909091,17.863383643593,2.245986109923,10.821948417301
Q_value,V13,Z1,M2025,REF,51,54,0.962264150943,57,45,0.978260869565,15.617397533671,39,31,0.939393939394,23.114756070627,7.497358536956,10.821948417301
Q_value,V13,Z1,M2025,REF,52,54,0.981132075472,57,45,0.978260869565,15.617397533671,40,32,0.969696969697,19.534102756589,3.916705222918,10.821948417301
Q_value,V13,Z1,M2025,REF,53,54,1.000000000000,58,46,1.000000000000,9.099171592416,41,33,1.000000000000,23.268238666043,14.169067073627,10.821948417301
Q_value,V13,Z2,M2025,REF,0,53,0.000000000000,0,0,0.000000000000,3.447937054269,5,0,0.000000000000,5.513412293524,2.065475239254,10.255003440810
Q_value,V13,Z2,M2025,REF,1,53,0.019230769231,5,1,0.021739130435,7.455585348620,7,1,0.032258064516,9.693239712323,2.237654363703,10.255003440810
Q_value,V13,Z2,M2025,REF,2,53,0.038461538462,5,1,0.021739130435,7.455585348620,8,2,0.064516129032,6.256788522049,1.198796826571,10.255003440810
Q_value,V13,Z2,M2025,REF,3,53,0.057692307692,6,2,0.043478260870,16.992255148086,9,3,0.096774193548,13.174839785608,3.817415362477,10.255003440810
Q_value,V13,Z2,M2025,REF,4,53,0.076923076923,7,3,0.065217391304,19.801359836563,9,3,0.096774193548,13.174839785608,6.626520050954,10.255003440810
Q_value,V13,Z2,M2025,REF,5,53,0.096153846154,8,4,0.086956521739,27.015376883889,9,3,0.096774193548,13.174839785608,13.840537098280,10.255003440810
Q_value,V13,Z2,M2025,REF,6,53,0.115384615385,10,5,0.108695652174,21.603104881885,9,3,0.096774193548,13.174839785608,8.428265096277,10.255003440810
Q_value,V13,Z2,M2025,REF,7,53,0.134615384615,11,6,0.130434782609,86.322322079012,10,4,0.129032258065,50.662477513496,35.659844565515,10.255003440810
Q_value,V13,Z2,M2025,REF,8,53,0.153846153846,12,7,0.152173913043,81.656393483963,10,4,0.129032258065,50.662477513496,30.993915970467,10.255003440810
Q_value,V13,Z2,M2025,REF,9,53,0.173076923077,13,8,0.173913043478,23.709688313149,10,4,0.129032258065,50.662477513496,26.952789200347,10.255003440810
Q_value,V13,Z2,M2025,REF,10,53,0.192307692308,14,9,0.195652173913,21.957404367272,10,4,0.129032258065,50.662477513496,28.705073146225,10.255003440810
Q_value,V13,Z2,M2025,REF,11,53,0.211538461538,15,10,0.217391304348,38.689814008544,10,4,0.129032258065,50.662477513496,11.972663504952,10.255003440810
Q_value,V13,Z2,M2025,REF,12,53,0.230769230769,16,11,0.239130434783,62.103287577067,10,4,0.129032258065,50.662477513496,11.440810063571,10.255003440810
Q_value,V13,Z2,M2025,REF,13,53,0.250000000000,17,12,0.260869565217,61.210006703417,10,4,0.129032258065,50.662477513496,10.547529189920,10.255003440810
Q_value,V13,Z2,M2025,REF,14,53,0.269230769231,18,13,0.282608695652,16.842821272505,11,5,0.161290322581,15.306518121318,1.536303151187,10.255003440810
Q_value,V13,Z2,M2025,REF,15,53,0.288461538462,19,14,0.304347826087,27.901129670225,12,6,0.193548387097,29.580096800307,1.678967130082,10.255003440810
Q_value,V13,Z2,M2025,REF,16,53,0.307692307692,20,15,0.326086956522,25.587494683788,12,6,0.193548387097,29.580096800307,3.992602116519,10.255003440810
Q_value,V13,Z2,M2025,REF,17,53,0.326923076923,21,16,0.347826086957,39.623076202212,12,6,0.193548387097,29.580096800307,10.042979401905,10.255003440810
Q_value,V13,Z2,M2025,REF,18,53,0.346153846154,22,17,0.369565217391,40.501518096056,12,6,0.193548387097,29.580096800307,10.921421295749,10.255003440810
Q_value,V13,Z2,M2025,REF,19,53,0.365384615385,23,18,0.391304347826,15.409386217032,13,7,0.225806451613,9.004721537287,6.404664679745,10.255003440810
Q_value,V13,Z2,M2025,REF,20,53,0.384615384615,24,19,0.413043478261,11.716405323250,13,7,0.225806451613,9.004721537287,2.711683785963,10.255003440810
Q_value,V13,Z2,M2025,REF,21,53,0.403846153846,25,20,0.434782608696,22.384333347115,14,8,0.258064516129,17.831921310325,4.552412036790,10.255003440810
Q_value,V13,Z2,M2025,REF,22,53,0.423076923077,26,21,0.456521739130,76.246871403190,14,8,0.258064516129,17.831921310325,58.414950092865,10.255003440810
Q_value,V13,Z2,M2025,REF,23,53,0.442307692308,27,22,0.478260869565,15.199337384337,14,8,0.258064516129,17.831921310325,2.632583925988,10.255003440810
Q_value,V13,Z2,M2025,REF,24,53,0.461538461538,28,23,0.500000000000,10.450255706531,14,8,0.258064516129,17.831921310325,7.381665603794,10.255003440810
Q_value,V13,Z2,M2025,REF,25,53,0.480769230769,29,24,0.521739130435,13.055540223775,14,8,0.258064516129,17.831921310325,4.776381086550,10.255003440810
Q_value,V13,Z2,M2025,REF,26,53,0.500000000000,30,25,0.543478260870,22.366099472383,15,9,0.290322580645,26.489526579426,4.123427107043,10.255003440810
Q_value,V13,Z2,M2025,REF,27,53,0.519230769231,31,26,0.565217391304,64.001370286205,16,10,0.322580645161,36.641239632092,27.360130654113,10.255003440810
Q_value,V13,Z2,M2025,REF,28,53,0.538461538462,32,27,0.586956521739,12.571413187197,17,11,0.354838709677,4.531792842930,8.039620344267,10.255003440810
Q_value,V13,Z2,M2025,REF,29,53,0.557692307692,33,28,0.608695652174,33.074799423666,18,12,0.387096774194,29.800792832146,3.274006591520,10.255003440810
Q_value,V13,Z2,M2025,REF,30,53,0.576923076923,34,29,0.630434782609,11.225533668025,18,12,0.387096774194,29.800792832146,18.575259164121,10.255003440810
Q_value,V13,Z2,M2025,REF,31,53,0.596153846154,35,30,0.652173913043,36.122972598668,19,13,0.419354838710,37.119877662666,0.996905063997,10.255003440810
Q_value,V13,Z2,M2025,REF,32,53,0.615384615385,36,31,0.673913043478,8.189830460835,20,14,0.451612903226,14.608536407041,6.418705946206,10.255003440810
Q_value,V13,Z2,M2025,REF,33,53,0.634615384615,36,31,0.673913043478,8.189830460835,21,15,0.483870967742,6.018604087197,2.171226373637,10.255003440810
Q_value,V13,Z2,M2025,REF,34,53,0.653846153846,36,31,0.673913043478,8.189830460835,22,16,0.516129032258,13.076042210348,4.886211749513,10.255003440810
Q_value,V13,Z2,M2025,REF,35,53,0.673076923077,37,32,0.695652173913,5.691883230628,23,17,0.548387096774,5.983579282755,0.291696052126,10.255003440810
Q_value,V13,Z2,M2025,REF,36,53,0.692307692308,38,33,0.717391304348,4.602789261382,24,18,0.580645161290,5.329399404396,0.726610143015,10.255003440810
Q_value,V13,Z2,M2025,REF,37,53,0.711538461538,41,34,0.739130434783,6.973969744279,25,19,0.612903225806,9.056024571251,2.082054826972,10.255003440810
Q_value,V13,Z2,M2025,REF,38,53,0.730769230769,42,35,0.760869565217,7.415338660177,26,20,0.645161290323,6.980486731078,0.434851929099,10.255003440810
Q_value,V13,Z2,M2025,REF,39,53,0.750000000000,48,36,0.782608695652,4.740277864160,27,21,0.677419354839,5.819908725262,1.079630861102,10.255003440810
Q_value,V13,Z2,M2025,REF,40,53,0.769230769231,49,37,0.804347826087,31.237802591124,29,22,0.709677419355,9.727864106257,21.509938484867,10.255003440810
Q_value,V13,Z2,M2025,REF,41,53,0.788461538462,50,38,0.826086956522,26.584541568414,35,23,0.741935483871,11.008699846130,15.575841722284,10.255003440810
Q_value,V13,Z2,M2025,REF,42,53,0.807692307692,51,39,0.847826086957,73.129958978402,36,24,0.774193548387,52.407855646699,20.722103331703,10.255003440810
Q_value,V13,Z2,M2025,REF,43,53,0.826923076923,52,40,0.869565217391,46.303070960336,36,24,0.774193548387,52.407855646699,6.104784686363,10.255003440810
Q_value,V13,Z2,M2025,REF,44,53,0.846153846154,53,41,0.891304347826,91.021082411492,37,25,0.806451612903,57.721725983893,33.299356427599,10.255003440810
Q_value,V13,Z2,M2025,REF,45,53,0.865384615385,54,42,0.913043478261,36.067643376145,37,25,0.806451612903,57.721725983893,21.654082607748,10.255003440810
Q_value,V13,Z2,M2025,REF,46,53,0.884615384615,55,43,0.934782608696,78.697299626535,38,26,0.838709677419,71.286793549319,7.410506077216,10.255003440810
Q_value,V13,Z2,M2025,REF,47,53,0.903846153846,56,44,0.956521739130,70.737945322118,38,26,0.838709677419,71.286793549319,0.548848227201,10.255003440810
Q_value,V13,Z2,M2025,REF,48,53,0.923076923077,57,45,0.978260869565,15.617397533671,39,27,0.870967741935,33.349877717837,17.732480184166,10.255003440810
Q_value,V13,Z2,M2025,REF,49,53,0.942307692308,57,45,0.978260869565,15.617397533671,40,28,0.903225806452,20.100468626638,4.483071092967,10.255003440810
Q_value,V13,Z2,M2025,REF,50,53,0.961538461538,57,45,0.978260869565,15.617397533671,41,29,0.935483870968,16.335301711660,0.717904177990,10.255003440810
Q_value,V13,Z2,M2025,REF,51,53,0.980769230769,58,46,1.000000000000,9.099171592416,42,30,0.967741935484,7.616055430826,1.483116161590,10.255003440810
Q_value,V13,Z2,M2025,REF,52,53,1.000000000000,58,46,1.000000000000,9.099171592416,43,31,1.000000000000,6.820263203578,2.278908388838,10.255003440810
